Transaction_ID,Date,Time,Outlet,Category,Product_Name,Quantity_Sold,Unit_Price_RM,Total_Revenue_RM,Payment_Method
TXN-1058,1/2/2026,8:01,Putrajaya,Milk-based,Cappuccino,2,11,22,Cash
TXN-1036,1/2/2026,8:06,Putrajaya,Espresso-based,Americano,1,9,9,Cash
TXN-1032,1/2/2026,8:09,Putrajaya,Ice Blended,Ice Blended Chocolate Chip,1,14,14,QR
TXN-1129,1/2/2026,8:09,Puncak Alam,Ice Blended,Ice Blended Chocolate Chip,1,14,14,Cash
TXN-1120,1/2/2026,8:20,Puncak Alam,Espresso-based,Americano,2,9,18,QR
TXN-1126,1/2/2026,8:23,Puncak Alam,Espresso-based,Espresso,1,7,7,Cash
TXN-1037,1/2/2026,8:25,Putrajaya,Ice Blended,Ice Blended Chocolate Chip,1,14,14,QR
TXN-1002,1/2/2026,8:28,Putrajaya,Milk-based,Latte,1,11,11,QR
TXN-1005,1/2/2026,8:29,Putrajaya,Milk-based,Mocha,1,12,12,QR
TXN-1063,1/2/2026,8:29,Putrajaya,Milk-based,Caramel Macchiato,1,13,13,QR
TXN-1075,1/2/2026,8:38,Puncak Alam,Milk-based,Mocha,1,12,12,QR
TXN-1101,1/2/2026,8:45,Puncak Alam,Espresso-based,Espresso,1,7,7,Cash
TXN-1078,1/2/2026,8:51,Puncak Alam,Espresso-based,Americano,2,9,18,QR
TXN-1045,1/2/2026,8:52,Putrajaya,Espresso-based,Americano,1,9,9,QR
TXN-1079,1/2/2026,9:04,Puncak Alam,Espresso-based,Americano,1,9,9,QR
TXN-1026,1/2/2026,9:30,Putrajaya,Milk-based,Latte,1,11,11,QR
TXN-1009,1/2/2026,9:33,Putrajaya,Espresso-based,Americano,1,9,9,QR
TXN-1077,1/2/2026,9:36,Puncak Alam,Milk-based,Mocha,1,12,12,QR
TXN-1064,1/2/2026,9:37,Putrajaya,Milk-based,Caramel Macchiato,1,13,13,QR
TXN-1059,1/2/2026,9:51,Putrajaya,Espresso-based,Americano,1,9,9,QR
TXN-1011,1/2/2026,10:03,Putrajaya,Milk-based,Caramel Macchiato,1,13,13,QR
TXN-1035,1/2/2026,10:06,Putrajaya,Milk-based,Caramel Macchiato,1,13,13,Cash
TXN-1092,1/2/2026,10:18,Puncak Alam,Milk-based,Mocha,2,12,24,QR
TXN-1132,1/2/2026,10:28,Puncak Alam,Espresso-based,Espresso,1,7,7,QR
TXN-1111,1/2/2026,10:33,Puncak Alam,Milk-based,Caramel Macchiato,1,13,13,QR
TXN-1020,1/2/2026,10:36,Putrajaya,Milk-based,Caramel Macchiato,1,13,13,Cash
TXN-1073,1/2/2026,11:04,Puncak Alam,Milk-based,Caramel Macchiato,3,13,39,QR
TXN-1117,1/2/2026,11:04,Puncak Alam,Milk-based,Caramel Macchiato,1,13,13,Cash
TXN-1028,1/2/2026,11:09,Putrajaya,Milk-based,Cappuccino,1,11,11,Cash
TXN-1013,1/2/2026,11:14,Putrajaya,Espresso-based,Americano,1,9,9,QR
TXN-1001,1/2/2026,11:30,Putrajaya,Milk-based,Caramel Macchiato,1,13,13,Cash
TXN-1010,1/2/2026,11:31,Putrajaya,Espresso-based,Americano,1,9,9,QR
TXN-1076,1/2/2026,11:38,Puncak Alam,Espresso-based,Americano,1,9,9,Cash
TXN-1047,1/2/2026,11:47,Putrajaya,Milk-based,Mocha,1,12,12,QR
TXN-1107,1/2/2026,11:52,Puncak Alam,Ice Blended,Ice Blended Chocolate Chip,2,14,28,QR
TXN-1090,1/2/2026,11:53,Puncak Alam,Ice Blended,Ice Blended Chocolate Chip,1,14,14,QR
TXN-1006,1/2/2026,11:55,Putrajaya,Espresso-based,Americano,1,9,9,QR
TXN-1083,1/2/2026,12:04,Puncak Alam,Espresso-based,Americano,1,9,9,Cash
TXN-1015,1/2/2026,12:14,Putrajaya,Espresso-based,Americano,2,9,18,QR
TXN-1033,1/2/2026,12:15,Putrajaya,Milk-based,Latte,1,11,11,QR
TXN-1099,1/2/2026,12:15,Puncak Alam,Milk-based,Caramel Macchiato,1,13,13,QR
TXN-1071,1/2/2026,12:20,Puncak Alam,Espresso-based,Espresso,1,7,7,Cash
TXN-1031,1/2/2026,12:23,Putrajaya,Ice Blended,Ice Blended Chocolate Chip,1,14,14,Cash
TXN-1095,1/2/2026,12:33,Puncak Alam,Espresso-based,Americano,1,9,9,Cash
TXN-1052,1/2/2026,12:35,Putrajaya,Milk-based,Caramel Macchiato,1,13,13,QR
TXN-1051,1/2/2026,12:45,Putrajaya,Milk-based,Latte,1,11,11,QR
TXN-1024,1/2/2026,13:13,Putrajaya,Ice Blended,Ice Blended Chocolate Chip,1,14,14,QR
TXN-1093,1/2/2026,13:13,Puncak Alam,Milk-based,Cappuccino,1,11,11,QR
TXN-1056,1/2/2026,13:20,Putrajaya,Milk-based,Mocha,1,12,12,QR
TXN-1128,1/2/2026,13:24,Puncak Alam,Milk-based,Caramel Macchiato,1,13,13,QR
TXN-1050,1/2/2026,13:43,Putrajaya,Milk-based,Caramel Macchiato,3,13,39,Cash
TXN-1012,1/2/2026,13:52,Putrajaya,Ice Blended,Ice Blended Chocolate Chip,1,14,14,QR
TXN-1044,1/2/2026,13:52,Putrajaya,Espresso-based,Espresso,1,7,7,QR
TXN-1096,1/2/2026,13:55,Puncak Alam,Espresso-based,Espresso,3,7,21,QR
TXN-1080,1/2/2026,14:12,Puncak Alam,Espresso-based,Americano,1,9,9,Cash
TXN-1125,1/2/2026,14:13,Puncak Alam,Milk-based,Mocha,3,12,36,QR
TXN-1041,1/2/2026,14:14,Putrajaya,Milk-based,Caramel Macchiato,1,13,13,Cash
TXN-1121,1/2/2026,14:14,Puncak Alam,Espresso-based,Espresso,1,7,7,QR
TXN-1018,1/2/2026,14:21,Putrajaya,Ice Blended,Ice Blended Chocolate Chip,1,14,14,QR
TXN-1082,1/2/2026,14:30,Puncak Alam,Espresso-based,Espresso,3,7,21,QR
TXN-1017,1/2/2026,14:39,Putrajaya,Milk-based,Latte,2,11,22,QR
TXN-1109,1/2/2026,14:41,Puncak Alam,Espresso-based,Espresso,2,7,14,QR
TXN-1057,1/2/2026,14:47,Putrajaya,Milk-based,Mocha,1,12,12,Cash
TXN-1110,1/2/2026,14:54,Puncak Alam,Espresso-based,Americano,1,9,9,QR
TXN-1108,1/2/2026,14:55,Puncak Alam,Milk-based,Cappuccino,1,11,11,QR
TXN-1087,1/2/2026,14:59,Puncak Alam,Espresso-based,Americano,1,9,9,QR
TXN-1038,1/2/2026,15:07,Putrajaya,Ice Blended,Ice Blended Chocolate Chip,1,14,14,QR
TXN-1048,1/2/2026,15:23,Putrajaya,Milk-based,Mocha,3,12,36,Cash
TXN-1042,1/2/2026,15:25,Putrajaya,Ice Blended,Ice Blended Chocolate Chip,1,14,14,Cash
TXN-1103,1/2/2026,15:25,Puncak Alam,Ice Blended,Ice Blended Chocolate Chip,1,14,14,QR
TXN-1091,1/2/2026,15:33,Puncak Alam,Milk-based,Mocha,1,12,12,Cash
TXN-1119,1/2/2026,15:33,Puncak Alam,Espresso-based,Americano,1,9,9,QR
TXN-1049,1/2/2026,15:43,Putrajaya,Espresso-based,Espresso,2,7,14,QR
TXN-1039,1/2/2026,15:44,Putrajaya,Espresso-based,Espresso,2,7,14,Cash
TXN-1131,1/2/2026,15:54,Puncak Alam,Milk-based,Cappuccino,2,11,22,QR
TXN-1008,1/2/2026,15:57,Putrajaya,Milk-based,Mocha,2,12,24,QR
TXN-1030,1/2/2026,16:02,Putrajaya,Espresso-based,Americano,1,9,9,QR
TXN-1100,1/2/2026,16:05,Puncak Alam,Milk-based,Cappuccino,2,11,22,QR
TXN-1034,1/2/2026,16:10,Putrajaya,Milk-based,Caramel Macchiato,1,13,13,Cash
TXN-1084,1/2/2026,16:12,Puncak Alam,Milk-based,Cappuccino,1,11,11,Cash
TXN-1061,1/2/2026,16:15,Putrajaya,Milk-based,Cappuccino,2,11,22,QR
TXN-1102,1/2/2026,16:15,Puncak Alam,Espresso-based,Espresso,2,7,14,QR
TXN-1053,1/2/2026,16:17,Putrajaya,Espresso-based,Americano,1,9,9,QR
TXN-1074,1/2/2026,16:24,Puncak Alam,Milk-based,Caramel Macchiato,1,13,13,QR
TXN-1065,1/2/2026,16:25,Puncak Alam,Milk-based,Caramel Macchiato,2,13,26,QR
TXN-1062,1/2/2026,16:34,Putrajaya,Espresso-based,Americano,1,9,9,QR
TXN-1112,1/2/2026,16:51,Puncak Alam,Milk-based,Latte,2,11,22,QR
TXN-1086,1/2/2026,16:53,Puncak Alam,Espresso-based,Americano,1,9,9,Cash
TXN-1000,1/2/2026,16:56,Putrajaya,Milk-based,Mocha,1,12,12,QR
TXN-1069,1/2/2026,17:12,Puncak Alam,Espresso-based,Espresso,1,7,7,QR
TXN-1040,1/2/2026,17:14,Putrajaya,Ice Blended,Ice Blended Chocolate Chip,1,14,14,QR
TXN-1023,1/2/2026,17:18,Putrajaya,Espresso-based,Espresso,1,7,7,QR
TXN-1116,1/2/2026,17:29,Puncak Alam,Milk-based,Mocha,1,12,12,Cash
TXN-1046,1/2/2026,17:30,Putrajaya,Ice Blended,Ice Blended Chocolate Chip,1,14,14,QR
TXN-1007,1/2/2026,17:33,Putrajaya,Milk-based,Caramel Macchiato,1,13,13,QR
TXN-1003,1/2/2026,17:38,Putrajaya,Milk-based,Mocha,2,12,24,QR
TXN-1021,1/2/2026,17:45,Putrajaya,Ice Blended,Ice Blended Chocolate Chip,1,14,14,Cash
TXN-1016,1/2/2026,17:46,Putrajaya,Milk-based,Latte,1,11,11,QR
TXN-1106,1/2/2026,17:47,Puncak Alam,Espresso-based,Americano,1,9,9,Cash
TXN-1094,1/2/2026,17:53,Puncak Alam,Milk-based,Mocha,1,12,12,QR
TXN-1054,1/2/2026,18:18,Putrajaya,Ice Blended,Ice Blended Chocolate Chip,1,14,14,QR
TXN-1127,1/2/2026,18:40,Puncak Alam,Espresso-based,Americano,2,9,18,QR
TXN-1088,1/2/2026,18:41,Puncak Alam,Milk-based,Mocha,1,12,12,QR
TXN-1019,1/2/2026,18:47,Putrajaya,Ice Blended,Ice Blended Chocolate Chip,3,14,42,QR
TXN-1043,1/2/2026,18:48,Putrajaya,Milk-based,Cappuccino,1,11,11,Cash
TXN-1124,1/2/2026,18:53,Puncak Alam,Milk-based,Latte,1,11,11,QR
TXN-1081,1/2/2026,18:54,Puncak Alam,Milk-based,Mocha,2,12,24,QR
TXN-1014,1/2/2026,19:01,Putrajaya,Espresso-based,Espresso,1,7,7,QR
TXN-1097,1/2/2026,19:06,Puncak Alam,Espresso-based,Espresso,1,7,7,Cash
TXN-1105,1/2/2026,19:18,Puncak Alam,Milk-based,Cappuccino,1,11,11,QR
TXN-1115,1/2/2026,19:46,Puncak Alam,Milk-based,Cappuccino,1,11,11,QR
TXN-1133,1/2/2026,19:47,Puncak Alam,Espresso-based,Americano,1,9,9,QR
TXN-1114,1/2/2026,19:57,Puncak Alam,Espresso-based,Espresso,2,7,14,QR
TXN-1068,1/2/2026,20:04,Puncak Alam,Espresso-based,Espresso,1,7,7,Cash
TXN-1098,1/2/2026,20:05,Puncak Alam,Espresso-based,Americano,1,9,9,Cash
TXN-1072,1/2/2026,20:07,Puncak Alam,Espresso-based,Espresso,1,7,7,QR
TXN-1004,1/2/2026,20:08,Putrajaya,Milk-based,Caramel Macchiato,2,13,26,QR
TXN-1067,1/2/2026,20:14,Puncak Alam,Ice Blended,Ice Blended Chocolate Chip,2,14,28,QR
TXN-1055,1/2/2026,20:15,Putrajaya,Milk-based,Mocha,1,12,12,Cash
TXN-1130,1/2/2026,20:25,Puncak Alam,Espresso-based,Americano,1,9,9,QR
TXN-1027,1/2/2026,20:40,Putrajaya,Milk-based,Cappuccino,1,11,11,QR
TXN-1089,1/2/2026,20:40,Puncak Alam,Milk-based,Mocha,1,12,12,QR
TXN-1066,1/2/2026,20:43,Puncak Alam,Milk-based,Cappuccino,2,11,22,QR
TXN-1113,1/2/2026,20:45,Puncak Alam,Milk-based,Caramel Macchiato,1,13,13,QR
TXN-1104,1/2/2026,20:47,Puncak Alam,Espresso-based,Espresso,1,7,7,Cash
TXN-1029,1/2/2026,20:50,Putrajaya,Milk-based,Mocha,1,12,12,QR
TXN-1060,1/2/2026,20:59,Putrajaya,Espresso-based,Americano,2,9,18,Cash
TXN-1022,1/2/2026,21:21,Putrajaya,Milk-based,Mocha,2,12,24,QR
TXN-1085,1/2/2026,21:45,Puncak Alam,Milk-based,Latte,3,11,33,Cash
TXN-1122,1/2/2026,21:46,Puncak Alam,Milk-based,Cappuccino,1,11,11,QR
TXN-1070,1/2/2026,21:54,Puncak Alam,Milk-based,Mocha,2,12,24,QR
TXN-1118,1/2/2026,21:57,Puncak Alam,Espresso-based,Americano,2,9,18,Cash
TXN-1123,1/2/2026,21:58,Puncak Alam,Milk-based,Latte,2,11,22,QR
TXN-1025,1/2/2026,21:59,Putrajaya,Milk-based,Latte,1,11,11,Cash
TXN-1174,2/2/2026,8:19,Putrajaya,Espresso-based,Americano,1,9,9,QR
TXN-1203,2/2/2026,8:25,Puncak Alam,Milk-based,Cappuccino,1,11,11,Cash
TXN-1144,2/2/2026,8:52,Putrajaya,Espresso-based,Americano,1,9,9,Cash
TXN-1167,2/2/2026,9:01,Putrajaya,Milk-based,Latte,2,11,22,Cash
TXN-1154,2/2/2026,9:16,Putrajaya,Milk-based,Caramel Macchiato,1,13,13,QR
TXN-1186,2/2/2026,9:19,Puncak Alam,Espresso-based,Espresso,1,7,7,Cash
TXN-1139,2/2/2026,9:29,Putrajaya,Espresso-based,Americano,1,9,9,QR
TXN-1188,2/2/2026,9:41,Puncak Alam,Espresso-based,Espresso,1,7,7,Cash
TXN-1197,2/2/2026,9:52,Puncak Alam,Milk-based,Mocha,1,12,12,QR
TXN-1140,2/2/2026,10:01,Putrajaya,Milk-based,Caramel Macchiato,2,13,26,QR
TXN-1138,2/2/2026,10:20,Putrajaya,Milk-based,Mocha,2,12,24,Cash
TXN-1202,2/2/2026,10:20,Puncak Alam,Milk-based,Caramel Macchiato,1,13,13,QR
TXN-1155,2/2/2026,10:31,Putrajaya,Milk-based,Caramel Macchiato,1,13,13,QR
TXN-1180,2/2/2026,10:44,Puncak Alam,Milk-based,Cappuccino,2,11,22,Cash
TXN-1161,2/2/2026,10:56,Putrajaya,Milk-based,Caramel Macchiato,1,13,13,QR
TXN-1193,2/2/2026,11:19,Puncak Alam,Milk-based,Latte,1,11,11,QR
TXN-1152,2/2/2026,11:25,Putrajaya,Milk-based,Mocha,1,12,12,QR
TXN-1189,2/2/2026,11:36,Puncak Alam,Milk-based,Latte,1,11,11,Cash
TXN-1165,2/2/2026,11:52,Putrajaya,Milk-based,Latte,1,11,11,QR
TXN-1181,2/2/2026,11:57,Puncak Alam,Ice Blended,Ice Blended Chocolate Chip,1,14,14,Cash
TXN-1177,2/2/2026,11:59,Puncak Alam,Milk-based,Latte,1,11,11,QR
TXN-1141,2/2/2026,12:04,Putrajaya,Milk-based,Cappuccino,1,11,11,QR
TXN-1176,2/2/2026,12:32,Puncak Alam,Milk-based,Latte,1,11,11,QR
TXN-1182,2/2/2026,12:38,Puncak Alam,Milk-based,Mocha,1,12,12,QR
TXN-1192,2/2/2026,13:03,Puncak Alam,Milk-based,Caramel Macchiato,3,13,39,Cash
TXN-1199,2/2/2026,13:11,Puncak Alam,Ice Blended,Ice Blended Chocolate Chip,2,14,28,QR
TXN-1158,2/2/2026,13:31,Putrajaya,Milk-based,Cappuccino,1,11,11,QR
TXN-1136,2/2/2026,13:32,Putrajaya,Milk-based,Latte,2,11,22,QR
TXN-1196,2/2/2026,13:46,Puncak Alam,Milk-based,Latte,1,11,11,Cash
TXN-1191,2/2/2026,13:50,Puncak Alam,Milk-based,Latte,1,11,11,QR
TXN-1150,2/2/2026,13:54,Putrajaya,Milk-based,Cappuccino,1,11,11,Cash
TXN-1179,2/2/2026,13:59,Puncak Alam,Milk-based,Latte,1,11,11,QR
TXN-1187,2/2/2026,14:11,Puncak Alam,Milk-based,Mocha,2,12,24,QR
TXN-1168,2/2/2026,14:40,Putrajaya,Espresso-based,Americano,1,9,9,Cash
TXN-1142,2/2/2026,14:50,Putrajaya,Milk-based,Latte,1,11,11,QR
TXN-1159,2/2/2026,14:55,Putrajaya,Milk-based,Latte,1,11,11,QR
TXN-1198,2/2/2026,15:02,Puncak Alam,Milk-based,Cappuccino,1,11,11,QR
TXN-1153,2/2/2026,15:13,Putrajaya,Espresso-based,Americano,1,9,9,QR
TXN-1164,2/2/2026,15:16,Putrajaya,Milk-based,Mocha,2,12,24,Cash
TXN-1171,2/2/2026,15:24,Putrajaya,Milk-based,Caramel Macchiato,1,13,13,Cash
TXN-1183,2/2/2026,16:01,Puncak Alam,Espresso-based,Americano,1,9,9,QR
TXN-1151,2/2/2026,16:14,Putrajaya,Milk-based,Cappuccino,3,11,33,QR
TXN-1185,2/2/2026,16:16,Puncak Alam,Ice Blended,Ice Blended Chocolate Chip,2,14,28,QR
TXN-1175,2/2/2026,16:18,Putrajaya,Milk-based,Mocha,1,12,12,QR
TXN-1166,2/2/2026,16:39,Putrajaya,Milk-based,Caramel Macchiato,1,13,13,Cash
TXN-1134,2/2/2026,16:49,Putrajaya,Ice Blended,Ice Blended Chocolate Chip,1,14,14,QR
TXN-1149,2/2/2026,16:51,Putrajaya,Ice Blended,Ice Blended Chocolate Chip,2,14,28,Cash
TXN-1204,2/2/2026,16:55,Puncak Alam,Milk-based,Mocha,2,12,24,Cash
TXN-1162,2/2/2026,17:04,Putrajaya,Milk-based,Cappuccino,1,11,11,Cash
TXN-1205,2/2/2026,17:20,Puncak Alam,Ice Blended,Ice Blended Chocolate Chip,3,14,42,QR
TXN-1173,2/2/2026,17:25,Putrajaya,Espresso-based,Espresso,1,7,7,Cash
TXN-1157,2/2/2026,17:34,Putrajaya,Milk-based,Mocha,1,12,12,QR
TXN-1147,2/2/2026,17:40,Putrajaya,Espresso-based,Americano,2,9,18,QR
TXN-1200,2/2/2026,17:41,Puncak Alam,Espresso-based,Espresso,1,7,7,Cash
TXN-1156,2/2/2026,17:43,Putrajaya,Espresso-based,Espresso,1,7,7,QR
TXN-1194,2/2/2026,18:12,Puncak Alam,Espresso-based,Espresso,1,7,7,Cash
TXN-1195,2/2/2026,18:14,Puncak Alam,Milk-based,Latte,1,11,11,Cash
TXN-1172,2/2/2026,18:36,Putrajaya,Espresso-based,Americano,1,9,9,Cash
TXN-1201,2/2/2026,18:43,Puncak Alam,Milk-based,Latte,3,11,33,QR
TXN-1145,2/2/2026,18:50,Putrajaya,Espresso-based,Americano,2,9,18,Cash
TXN-1146,2/2/2026,18:58,Putrajaya,Ice Blended,Ice Blended Chocolate Chip,1,14,14,QR
TXN-1137,2/2/2026,19:11,Putrajaya,Espresso-based,Americano,1,9,9,Cash
TXN-1169,2/2/2026,19:15,Putrajaya,Milk-based,Cappuccino,2,11,22,QR
TXN-1135,2/2/2026,19:31,Putrajaya,Milk-based,Mocha,2,12,24,QR
TXN-1143,2/2/2026,19:57,Putrajaya,Ice Blended,Ice Blended Chocolate Chip,1,14,14,QR
TXN-1170,2/2/2026,20:22,Putrajaya,Milk-based,Mocha,2,12,24,QR
TXN-1160,2/2/2026,20:46,Putrajaya,Milk-based,Caramel Macchiato,1,13,13,QR
TXN-1148,2/2/2026,20:57,Putrajaya,Milk-based,Caramel Macchiato,2,13,26,QR
TXN-1178,2/2/2026,21:09,Puncak Alam,Milk-based,Latte,2,11,22,QR
TXN-1163,2/2/2026,21:13,Putrajaya,Milk-based,Cappuccino,1,11,11,QR
TXN-1184,2/2/2026,21:20,Puncak Alam,Milk-based,Cappuccino,1,11,11,Cash
TXN-1190,2/2/2026,21:24,Puncak Alam,Milk-based,Caramel Macchiato,3,13,39,QR
TXN-1312,3/2/2026,8:37,Puncak Alam,Milk-based,Mocha,1,12,12,QR
TXN-1220,3/2/2026,8:53,Putrajaya,Milk-based,Caramel Macchiato,2,13,26,QR
TXN-1293,3/2/2026,8:55,Puncak Alam,Espresso-based,Espresso,3,7,21,QR
TXN-1216,3/2/2026,9:02,Putrajaya,Espresso-based,Americano,1,9,9,Cash
TXN-1292,3/2/2026,9:07,Puncak Alam,Milk-based,Caramel Macchiato,1,13,13,QR
TXN-1228,3/2/2026,9:09,Putrajaya,Ice Blended,Ice Blended Chocolate Chip,1,14,14,QR
TXN-1225,3/2/2026,9:15,Putrajaya,Milk-based,Latte,1,11,11,QR
TXN-1274,3/2/2026,9:20,Puncak Alam,Milk-based,Cappuccino,3,11,33,QR
TXN-1250,3/2/2026,9:25,Putrajaya,Espresso-based,Espresso,2,7,14,QR
TXN-1233,3/2/2026,9:26,Putrajaya,Milk-based,Caramel Macchiato,2,13,26,QR
TXN-1305,3/2/2026,9:26,Puncak Alam,Espresso-based,Espresso,1,7,7,Cash
TXN-1244,3/2/2026,9:37,Putrajaya,Milk-based,Latte,1,11,11,Cash
TXN-1242,3/2/2026,9:39,Putrajaya,Milk-based,Latte,1,11,11,QR
TXN-1252,3/2/2026,9:41,Putrajaya,Milk-based,Caramel Macchiato,1,13,13,Cash
TXN-1213,3/2/2026,9:55,Putrajaya,Milk-based,Cappuccino,4,11,44,QR
TXN-1248,3/2/2026,9:58,Putrajaya,Espresso-based,Americano,1,9,9,QR
TXN-1256,3/2/2026,10:00,Putrajaya,Milk-based,Mocha,1,12,12,QR
TXN-1280,3/2/2026,10:00,Puncak Alam,Espresso-based,Espresso,2,7,14,QR
TXN-1301,3/2/2026,10:13,Puncak Alam,Espresso-based,Americano,1,9,9,QR
TXN-1235,3/2/2026,10:29,Putrajaya,Ice Blended,Ice Blended Chocolate Chip,1,14,14,Cash
TXN-1258,3/2/2026,10:32,Putrajaya,Espresso-based,Americano,3,9,27,QR
TXN-1309,3/2/2026,10:33,Puncak Alam,Espresso-based,Espresso,3,7,21,QR
TXN-1270,3/2/2026,11:10,Puncak Alam,Milk-based,Mocha,1,12,12,QR
TXN-1308,3/2/2026,11:19,Puncak Alam,Espresso-based,Espresso,1,7,7,QR
TXN-1264,3/2/2026,11:36,Putrajaya,Milk-based,Cappuccino,1,11,11,Cash
TXN-1279,3/2/2026,11:40,Puncak Alam,Espresso-based,Americano,1,9,9,Cash
TXN-1278,3/2/2026,11:42,Puncak Alam,Ice Blended,Ice Blended Chocolate Chip,1,14,14,QR
TXN-1218,3/2/2026,11:52,Putrajaya,Espresso-based,Americano,2,9,18,QR
TXN-1303,3/2/2026,12:05,Puncak Alam,Ice Blended,Ice Blended Chocolate Chip,2,14,28,QR
TXN-1286,3/2/2026,12:06,Puncak Alam,Milk-based,Mocha,1,12,12,QR
TXN-1257,3/2/2026,12:36,Putrajaya,Espresso-based,Americano,1,9,9,Cash
TXN-1210,3/2/2026,12:37,Putrajaya,Milk-based,Latte,2,11,22,Cash
TXN-1283,3/2/2026,12:37,Puncak Alam,Milk-based,Latte,2,11,22,Cash
TXN-1249,3/2/2026,12:40,Putrajaya,Milk-based,Cappuccino,1,11,11,QR
TXN-1229,3/2/2026,12:48,Putrajaya,Milk-based,Cappuccino,1,11,11,QR
TXN-1245,3/2/2026,13:04,Putrajaya,Milk-based,Cappuccino,2,11,22,QR
TXN-1282,3/2/2026,13:12,Puncak Alam,Milk-based,Cappuccino,1,11,11,QR
TXN-1247,3/2/2026,13:14,Putrajaya,Ice Blended,Ice Blended Chocolate Chip,1,14,14,QR
TXN-1261,3/2/2026,13:19,Putrajaya,Ice Blended,Ice Blended Chocolate Chip,2,14,28,Cash
TXN-1239,3/2/2026,13:24,Putrajaya,Espresso-based,Americano,1,9,9,QR
TXN-1260,3/2/2026,13:32,Putrajaya,Espresso-based,Americano,1,9,9,Cash
TXN-1240,3/2/2026,13:58,Putrajaya,Ice Blended,Ice Blended Chocolate Chip,1,14,14,QR
TXN-1294,3/2/2026,14:13,Puncak Alam,Milk-based,Latte,1,11,11,QR
TXN-1211,3/2/2026,14:16,Putrajaya,Espresso-based,Espresso,1,7,7,QR
TXN-1236,3/2/2026,14:29,Putrajaya,Ice Blended,Ice Blended Chocolate Chip,1,14,14,QR
TXN-1234,3/2/2026,14:35,Putrajaya,Espresso-based,Americano,1,9,9,QR
TXN-1209,3/2/2026,14:45,Putrajaya,Milk-based,Cappuccino,1,11,11,QR
TXN-1296,3/2/2026,14:45,Puncak Alam,Espresso-based,Espresso,1,7,7,QR
TXN-1243,3/2/2026,14:50,Putrajaya,Ice Blended,Ice Blended Chocolate Chip,2,14,28,QR
TXN-1262,3/2/2026,14:54,Putrajaya,Ice Blended,Ice Blended Chocolate Chip,1,14,14,QR
TXN-1310,3/2/2026,15:02,Puncak Alam,Ice Blended,Ice Blended Chocolate Chip,1,14,14,Cash
TXN-1288,3/2/2026,15:14,Puncak Alam,Ice Blended,Ice Blended Chocolate Chip,1,14,14,QR
TXN-1238,3/2/2026,15:33,Putrajaya,Milk-based,Mocha,2,12,24,Cash
TXN-1246,3/2/2026,15:41,Putrajaya,Espresso-based,Americano,2,9,18,Cash
TXN-1263,3/2/2026,15:47,Putrajaya,Ice Blended,Ice Blended Chocolate Chip,2,14,28,QR
TXN-1267,3/2/2026,15:50,Putrajaya,Milk-based,Latte,1,11,11,QR
TXN-1237,3/2/2026,15:54,Putrajaya,Espresso-based,Espresso,1,7,7,QR
TXN-1253,3/2/2026,16:15,Putrajaya,Milk-based,Cappuccino,1,11,11,QR
TXN-1307,3/2/2026,16:26,Puncak Alam,Milk-based,Cappuccino,1,11,11,QR
TXN-1222,3/2/2026,16:47,Putrajaya,Milk-based,Mocha,1,12,12,QR
TXN-1219,3/2/2026,16:49,Putrajaya,Milk-based,Mocha,1,12,12,QR
TXN-1271,3/2/2026,16:49,Puncak Alam,Milk-based,Latte,2,11,22,Cash
TXN-1287,3/2/2026,17:08,Puncak Alam,Milk-based,Latte,1,11,11,QR
TXN-1227,3/2/2026,17:16,Putrajaya,Milk-based,Mocha,3,12,36,QR
TXN-1206,3/2/2026,17:17,Putrajaya,Ice Blended,Ice Blended Chocolate Chip,1,14,14,QR
TXN-1223,3/2/2026,17:34,Putrajaya,Ice Blended,Ice Blended Chocolate Chip,1,14,14,QR
TXN-1291,3/2/2026,17:37,Puncak Alam,Espresso-based,Espresso,1,7,7,QR
TXN-1230,3/2/2026,17:48,Putrajaya,Milk-based,Mocha,3,12,36,QR
TXN-1231,3/2/2026,17:49,Putrajaya,Espresso-based,Americano,1,9,9,QR
TXN-1276,3/2/2026,17:51,Puncak Alam,Ice Blended,Ice Blended Chocolate Chip,1,14,14,QR
TXN-1304,3/2/2026,17:57,Puncak Alam,Milk-based,Latte,1,11,11,Cash
TXN-1232,3/2/2026,18:05,Putrajaya,Ice Blended,Ice Blended Chocolate Chip,1,14,14,QR
TXN-1268,3/2/2026,18:07,Putrajaya,Milk-based,Latte,4,11,44,Cash
TXN-1255,3/2/2026,18:15,Putrajaya,Milk-based,Latte,1,11,11,Cash
TXN-1221,3/2/2026,18:20,Putrajaya,Milk-based,Latte,1,11,11,Cash
TXN-1290,3/2/2026,18:33,Puncak Alam,Milk-based,Mocha,1,12,12,QR
TXN-1275,3/2/2026,18:36,Puncak Alam,Milk-based,Mocha,2,12,24,Cash
TXN-1300,3/2/2026,18:41,Puncak Alam,Espresso-based,Espresso,1,7,7,QR
TXN-1266,3/2/2026,18:48,Putrajaya,Milk-based,Mocha,1,12,12,QR
TXN-1289,3/2/2026,19:01,Puncak Alam,Milk-based,Cappuccino,1,11,11,Cash
TXN-1254,3/2/2026,19:09,Putrajaya,Milk-based,Caramel Macchiato,2,13,26,QR
TXN-1297,3/2/2026,19:10,Puncak Alam,Milk-based,Caramel Macchiato,2,13,26,QR
TXN-1259,3/2/2026,19:19,Putrajaya,Milk-based,Caramel Macchiato,1,13,13,QR
TXN-1295,3/2/2026,19:21,Puncak Alam,Milk-based,Latte,1,11,11,QR
TXN-1226,3/2/2026,19:23,Putrajaya,Milk-based,Mocha,1,12,12,QR
TXN-1214,3/2/2026,19:28,Putrajaya,Milk-based,Mocha,1,12,12,QR
TXN-1208,3/2/2026,19:31,Putrajaya,Ice Blended,Ice Blended Chocolate Chip,1,14,14,QR
TXN-1311,3/2/2026,19:43,Puncak Alam,Ice Blended,Ice Blended Chocolate Chip,4,14,56,QR
TXN-1269,3/2/2026,19:49,Puncak Alam,Espresso-based,Espresso,1,7,7,QR
TXN-1281,3/2/2026,19:50,Puncak Alam,Espresso-based,Americano,1,9,9,QR
TXN-1285,3/2/2026,20:00,Puncak Alam,Ice Blended,Ice Blended Chocolate Chip,1,14,14,QR
TXN-1224,3/2/2026,20:05,Putrajaya,Espresso-based,Americano,1,9,9,QR
TXN-1207,3/2/2026,20:15,Putrajaya,Espresso-based,Espresso,1,7,7,QR
TXN-1273,3/2/2026,20:15,Puncak Alam,Milk-based,Cappuccino,1,11,11,QR
TXN-1284,3/2/2026,20:17,Puncak Alam,Ice Blended,Ice Blended Chocolate Chip,2,14,28,QR
TXN-1215,3/2/2026,20:18,Putrajaya,Milk-based,Caramel Macchiato,1,13,13,QR
TXN-1277,3/2/2026,20:18,Puncak Alam,Espresso-based,Americano,1,9,9,Cash
TXN-1299,3/2/2026,20:21,Puncak Alam,Espresso-based,Espresso,2,7,14,QR
TXN-1265,3/2/2026,20:31,Putrajaya,Milk-based,Cappuccino,1,11,11,QR
TXN-1302,3/2/2026,20:33,Puncak Alam,Milk-based,Cappuccino,1,11,11,Cash
TXN-1272,3/2/2026,20:55,Puncak Alam,Espresso-based,Americano,1,9,9,QR
TXN-1298,3/2/2026,21:02,Puncak Alam,Milk-based,Latte,1,11,11,QR
TXN-1306,3/2/2026,21:09,Puncak Alam,Milk-based,Latte,1,11,11,QR
TXN-1241,3/2/2026,21:11,Putrajaya,Espresso-based,Americano,1,9,9,QR
TXN-1217,3/2/2026,21:21,Putrajaya,Milk-based,Latte,1,11,11,Cash
TXN-1212,3/2/2026,21:30,Putrajaya,Espresso-based,Americano,1,9,9,QR
TXN-1251,3/2/2026,21:48,Putrajaya,Milk-based,Mocha,3,12,36,QR
TXN-1400,4/2/2026,8:07,Puncak Alam,Espresso-based,Espresso,2,7,14,Cash
TXN-1436,4/2/2026,8:10,Puncak Alam,Milk-based,Caramel Macchiato,2,13,26,QR
TXN-1382,4/2/2026,8:11,Putrajaya,Milk-based,Latte,2,11,22,Cash
TXN-1439,4/2/2026,8:20,Puncak Alam,Espresso-based,Espresso,1,7,7,QR
TXN-1440,4/2/2026,8:30,Puncak Alam,Milk-based,Mocha,1,12,12,QR
TXN-1432,4/2/2026,8:57,Puncak Alam,Milk-based,Latte,1,11,11,QR
TXN-1346,4/2/2026,8:58,Putrajaya,Espresso-based,Espresso,1,7,7,QR
TXN-1410,4/2/2026,8:59,Puncak Alam,Milk-based,Latte,3,11,33,QR
TXN-1399,4/2/2026,9:19,Puncak Alam,Ice Blended,Ice Blended Chocolate Chip,1,14,14,Cash
TXN-1385,4/2/2026,9:25,Putrajaya,Milk-based,Caramel Macchiato,3,13,39,QR
TXN-1330,4/2/2026,9:29,Putrajaya,Ice Blended,Ice Blended Chocolate Chip,1,14,14,QR
TXN-1418,4/2/2026,9:29,Puncak Alam,Espresso-based,Americano,1,9,9,Cash
TXN-1406,4/2/2026,9:30,Puncak Alam,Espresso-based,Americano,1,9,9,Cash
TXN-1360,4/2/2026,10:06,Putrajaya,Milk-based,Cappuccino,3,11,33,Cash
TXN-1383,4/2/2026,10:06,Putrajaya,Espresso-based,Espresso,1,7,7,Cash
TXN-1364,4/2/2026,10:12,Putrajaya,Milk-based,Mocha,1,12,12,QR
TXN-1314,4/2/2026,10:21,Putrajaya,Milk-based,Latte,1,11,11,QR
TXN-1373,4/2/2026,10:23,Putrajaya,Ice Blended,Ice Blended Chocolate Chip,2,14,28,QR
TXN-1430,4/2/2026,10:29,Puncak Alam,Espresso-based,Espresso,1,7,7,QR
TXN-1386,4/2/2026,10:31,Putrajaya,Ice Blended,Ice Blended Chocolate Chip,1,14,14,QR
TXN-1428,4/2/2026,10:35,Puncak Alam,Milk-based,Cappuccino,3,11,33,Cash
TXN-1370,4/2/2026,10:44,Putrajaya,Milk-based,Latte,3,11,33,Cash
TXN-1334,4/2/2026,10:47,Putrajaya,Espresso-based,Espresso,2,7,14,QR
TXN-1427,4/2/2026,10:53,Puncak Alam,Ice Blended,Ice Blended Chocolate Chip,1,14,14,QR
TXN-1317,4/2/2026,10:58,Putrajaya,Milk-based,Latte,1,11,11,QR
TXN-1416,4/2/2026,11:02,Puncak Alam,Milk-based,Cappuccino,1,11,11,QR
TXN-1435,4/2/2026,11:05,Puncak Alam,Espresso-based,Americano,1,9,9,Cash
TXN-1424,4/2/2026,11:16,Puncak Alam,Ice Blended,Ice Blended Chocolate Chip,1,14,14,QR
TXN-1374,4/2/2026,11:28,Putrajaya,Ice Blended,Ice Blended Chocolate Chip,1,14,14,QR
TXN-1438,4/2/2026,11:32,Puncak Alam,Ice Blended,Ice Blended Chocolate Chip,1,14,14,QR
TXN-1361,4/2/2026,12:07,Putrajaya,Ice Blended,Ice Blended Chocolate Chip,1,14,14,Cash
TXN-1340,4/2/2026,12:17,Putrajaya,Espresso-based,Americano,2,9,18,Cash
TXN-1412,4/2/2026,12:17,Puncak Alam,Milk-based,Latte,1,11,11,QR
TXN-1419,4/2/2026,12:23,Puncak Alam,Milk-based,Caramel Macchiato,1,13,13,QR
TXN-1353,4/2/2026,12:25,Putrajaya,Espresso-based,Americano,1,9,9,QR
TXN-1420,4/2/2026,12:26,Puncak Alam,Ice Blended,Ice Blended Chocolate Chip,2,14,28,QR
TXN-1362,4/2/2026,12:31,Putrajaya,Milk-based,Latte,2,11,22,QR
TXN-1328,4/2/2026,12:33,Putrajaya,Milk-based,Cappuccino,2,11,22,QR
TXN-1405,4/2/2026,12:34,Puncak Alam,Espresso-based,Espresso,1,7,7,QR
TXN-1409,4/2/2026,13:08,Puncak Alam,Espresso-based,Espresso,4,7,28,QR
TXN-1371,4/2/2026,13:11,Putrajaya,Ice Blended,Ice Blended Chocolate Chip,1,14,14,QR
TXN-1421,4/2/2026,13:14,Puncak Alam,Espresso-based,Americano,1,9,9,QR
TXN-1434,4/2/2026,13:19,Puncak Alam,Milk-based,Cappuccino,1,11,11,QR
TXN-1426,4/2/2026,13:25,Puncak Alam,Milk-based,Caramel Macchiato,1,13,13,QR
TXN-1316,4/2/2026,13:43,Putrajaya,Milk-based,Latte,3,11,33,QR
TXN-1377,4/2/2026,13:46,Putrajaya,Espresso-based,Espresso,1,7,7,QR
TXN-1422,4/2/2026,13:51,Puncak Alam,Espresso-based,Espresso,1,7,7,Cash
TXN-1313,4/2/2026,13:58,Putrajaya,Milk-based,Caramel Macchiato,3,13,39,QR
TXN-1413,4/2/2026,14:09,Puncak Alam,Milk-based,Mocha,1,12,12,QR
TXN-1325,4/2/2026,14:21,Putrajaya,Espresso-based,Espresso,1,7,7,Cash
TXN-1345,4/2/2026,14:27,Putrajaya,Milk-based,Caramel Macchiato,1,13,13,QR
TXN-1323,4/2/2026,14:28,Putrajaya,Milk-based,Latte,2,11,22,QR
TXN-1344,4/2/2026,14:37,Putrajaya,Milk-based,Caramel Macchiato,1,13,13,QR
TXN-1396,4/2/2026,14:40,Puncak Alam,Milk-based,Cappuccino,1,11,11,Cash
TXN-1342,4/2/2026,14:50,Putrajaya,Milk-based,Latte,1,11,11,QR
TXN-1329,4/2/2026,14:57,Putrajaya,Milk-based,Mocha,1,12,12,QR
TXN-1315,4/2/2026,15:04,Putrajaya,Milk-based,Cappuccino,1,11,11,Cash
TXN-1378,4/2/2026,15:16,Putrajaya,Espresso-based,Americano,1,9,9,QR
TXN-1402,4/2/2026,15:17,Puncak Alam,Milk-based,Mocha,1,12,12,Cash
TXN-1379,4/2/2026,15:19,Putrajaya,Milk-based,Mocha,1,12,12,QR
TXN-1359,4/2/2026,15:28,Putrajaya,Milk-based,Cappuccino,1,11,11,Cash
TXN-1354,4/2/2026,15:30,Putrajaya,Milk-based,Caramel Macchiato,1,13,13,QR
TXN-1332,4/2/2026,15:35,Putrajaya,Espresso-based,Espresso,3,7,21,QR
TXN-1319,4/2/2026,15:40,Putrajaya,Espresso-based,Espresso,1,7,7,QR
TXN-1343,4/2/2026,15:47,Putrajaya,Espresso-based,Americano,1,9,9,Cash
TXN-1388,4/2/2026,15:57,Putrajaya,Milk-based,Caramel Macchiato,2,13,26,QR
TXN-1391,4/2/2026,16:05,Putrajaya,Espresso-based,Americano,1,9,9,QR
TXN-1372,4/2/2026,16:09,Putrajaya,Espresso-based,Americano,1,9,9,Cash
TXN-1367,4/2/2026,16:13,Putrajaya,Milk-based,Caramel Macchiato,1,13,13,QR
TXN-1387,4/2/2026,16:13,Putrajaya,Milk-based,Mocha,1,12,12,QR
TXN-1423,4/2/2026,16:14,Puncak Alam,Milk-based,Caramel Macchiato,2,13,26,QR
TXN-1327,4/2/2026,16:18,Putrajaya,Ice Blended,Ice Blended Chocolate Chip,1,14,14,QR
TXN-1376,4/2/2026,16:20,Putrajaya,Milk-based,Cappuccino,1,11,11,Cash
TXN-1431,4/2/2026,16:25,Puncak Alam,Milk-based,Latte,2,11,22,QR
TXN-1394,4/2/2026,16:29,Puncak Alam,Espresso-based,Espresso,1,7,7,QR
TXN-1324,4/2/2026,16:30,Putrajaya,Espresso-based,Espresso,1,7,7,Cash
TXN-1336,4/2/2026,16:33,Putrajaya,Ice Blended,Ice Blended Chocolate Chip,1,14,14,QR
TXN-1380,4/2/2026,16:42,Putrajaya,Milk-based,Latte,2,11,22,QR
TXN-1392,4/2/2026,16:43,Puncak Alam,Milk-based,Cappuccino,2,11,22,QR
TXN-1414,4/2/2026,16:44,Puncak Alam,Milk-based,Latte,1,11,11,QR
TXN-1350,4/2/2026,16:47,Putrajaya,Milk-based,Mocha,2,12,24,Cash
TXN-1384,4/2/2026,16:55,Putrajaya,Milk-based,Latte,1,11,11,QR
TXN-1365,4/2/2026,17:08,Putrajaya,Milk-based,Latte,2,11,22,Cash
TXN-1356,4/2/2026,17:16,Putrajaya,Milk-based,Caramel Macchiato,1,13,13,QR
TXN-1357,4/2/2026,17:27,Putrajaya,Espresso-based,Espresso,2,7,14,QR
TXN-1375,4/2/2026,17:40,Putrajaya,Milk-based,Latte,1,11,11,Cash
TXN-1417,4/2/2026,18:06,Puncak Alam,Milk-based,Latte,1,11,11,Cash
TXN-1395,4/2/2026,18:23,Puncak Alam,Milk-based,Mocha,1,12,12,QR
TXN-1366,4/2/2026,18:28,Putrajaya,Milk-based,Cappuccino,2,11,22,QR
TXN-1341,4/2/2026,18:31,Putrajaya,Milk-based,Cappuccino,2,11,22,QR
TXN-1433,4/2/2026,18:34,Puncak Alam,Espresso-based,Espresso,1,7,7,QR
TXN-1355,4/2/2026,18:56,Putrajaya,Ice Blended,Ice Blended Chocolate Chip,1,14,14,QR
TXN-1349,4/2/2026,18:59,Putrajaya,Milk-based,Latte,1,11,11,Cash
TXN-1393,4/2/2026,19:14,Puncak Alam,Espresso-based,Americano,3,9,27,QR
TXN-1351,4/2/2026,19:22,Putrajaya,Espresso-based,Americano,1,9,9,QR
TXN-1368,4/2/2026,19:22,Putrajaya,Milk-based,Cappuccino,2,11,22,Cash
TXN-1381,4/2/2026,19:22,Putrajaya,Milk-based,Cappuccino,1,11,11,QR
TXN-1318,4/2/2026,19:23,Putrajaya,Milk-based,Latte,1,11,11,Cash
TXN-1335,4/2/2026,19:28,Putrajaya,Milk-based,Latte,2,11,22,QR
TXN-1322,4/2/2026,19:30,Putrajaya,Milk-based,Cappuccino,1,11,11,Cash
TXN-1339,4/2/2026,19:31,Putrajaya,Milk-based,Mocha,1,12,12,QR
TXN-1363,4/2/2026,19:37,Putrajaya,Espresso-based,Americano,2,9,18,Cash
TXN-1415,4/2/2026,19:44,Puncak Alam,Espresso-based,Espresso,2,7,14,QR
TXN-1369,4/2/2026,19:49,Putrajaya,Ice Blended,Ice Blended Chocolate Chip,1,14,14,QR
TXN-1358,4/2/2026,20:04,Putrajaya,Milk-based,Caramel Macchiato,1,13,13,QR
TXN-1407,4/2/2026,20:07,Puncak Alam,Espresso-based,Americano,2,9,18,QR
TXN-1397,4/2/2026,20:15,Puncak Alam,Milk-based,Latte,2,11,22,Cash
TXN-1425,4/2/2026,20:20,Puncak Alam,Ice Blended,Ice Blended Chocolate Chip,1,14,14,Cash
TXN-1331,4/2/2026,20:31,Putrajaya,Espresso-based,Espresso,1,7,7,Cash
TXN-1437,4/2/2026,20:32,Puncak Alam,Milk-based,Cappuccino,1,11,11,QR
TXN-1326,4/2/2026,20:35,Putrajaya,Ice Blended,Ice Blended Chocolate Chip,1,14,14,QR
TXN-1401,4/2/2026,20:36,Puncak Alam,Espresso-based,Espresso,1,7,7,Cash
TXN-1338,4/2/2026,20:40,Putrajaya,Milk-based,Caramel Macchiato,1,13,13,QR
TXN-1429,4/2/2026,20:40,Puncak Alam,Milk-based,Mocha,1,12,12,QR
TXN-1347,4/2/2026,20:43,Putrajaya,Milk-based,Latte,1,11,11,Cash
TXN-1411,4/2/2026,20:48,Puncak Alam,Milk-based,Caramel Macchiato,1,13,13,Cash
TXN-1403,4/2/2026,20:59,Puncak Alam,Espresso-based,Espresso,1,7,7,QR
TXN-1352,4/2/2026,21:01,Putrajaya,Milk-based,Latte,2,11,22,QR
TXN-1321,4/2/2026,21:03,Putrajaya,Milk-based,Latte,2,11,22,QR
TXN-1337,4/2/2026,21:04,Putrajaya,Espresso-based,Americano,2,9,18,QR
TXN-1389,4/2/2026,21:05,Putrajaya,Milk-based,Latte,1,11,11,QR
TXN-1348,4/2/2026,21:12,Putrajaya,Espresso-based,Espresso,2,7,14,Cash
TXN-1320,4/2/2026,21:16,Putrajaya,Milk-based,Caramel Macchiato,1,13,13,QR
TXN-1408,4/2/2026,21:28,Puncak Alam,Milk-based,Mocha,1,12,12,QR
TXN-1404,4/2/2026,21:32,Puncak Alam,Milk-based,Latte,2,11,22,Cash
TXN-1390,4/2/2026,21:33,Putrajaya,Espresso-based,Americano,1,9,9,QR
TXN-1398,4/2/2026,21:42,Puncak Alam,Milk-based,Latte,2,11,22,QR
TXN-1333,4/2/2026,21:58,Putrajaya,Milk-based,Caramel Macchiato,2,13,26,Cash
TXN-1525,5/2/2026,8:02,Puncak Alam,Milk-based,Latte,3,11,33,QR
TXN-1542,5/2/2026,8:04,Puncak Alam,Milk-based,Mocha,3,12,36,QR
TXN-1490,5/2/2026,8:05,Putrajaya,Espresso-based,Americano,1,9,9,QR
TXN-1535,5/2/2026,8:05,Puncak Alam,Ice Blended,Ice Blended Chocolate Chip,1,14,14,QR
TXN-1459,5/2/2026,8:40,Putrajaya,Espresso-based,Americano,2,9,18,QR
TXN-1505,5/2/2026,8:44,Putrajaya,Milk-based,Cappuccino,3,11,33,Cash
TXN-1518,5/2/2026,8:52,Puncak Alam,Milk-based,Caramel Macchiato,3,13,39,Cash
TXN-1557,5/2/2026,9:05,Puncak Alam,Espresso-based,Americano,1,9,9,QR
TXN-1531,5/2/2026,9:07,Puncak Alam,Espresso-based,Espresso,3,7,21,QR
TXN-1460,5/2/2026,9:12,Putrajaya,Espresso-based,Americano,1,9,9,QR
TXN-1509,5/2/2026,9:13,Puncak Alam,Milk-based,Cappuccino,2,11,22,Cash
TXN-1533,5/2/2026,9:26,Puncak Alam,Milk-based,Mocha,1,12,12,QR
TXN-1536,5/2/2026,9:29,Puncak Alam,Ice Blended,Ice Blended Chocolate Chip,2,14,28,Cash
TXN-1554,5/2/2026,9:29,Puncak Alam,Espresso-based,Americano,1,9,9,Cash
TXN-1489,5/2/2026,9:32,Putrajaya,Milk-based,Mocha,1,12,12,QR
TXN-1465,5/2/2026,9:33,Putrajaya,Espresso-based,Americano,1,9,9,QR
TXN-1487,5/2/2026,9:35,Putrajaya,Espresso-based,Espresso,1,7,7,QR
TXN-1527,5/2/2026,9:41,Puncak Alam,Milk-based,Cappuccino,1,11,11,QR
TXN-1481,5/2/2026,9:55,Putrajaya,Milk-based,Mocha,1,12,12,QR
TXN-1445,5/2/2026,9:57,Putrajaya,Milk-based,Mocha,3,12,36,QR
TXN-1470,5/2/2026,10:03,Putrajaya,Milk-based,Caramel Macchiato,1,13,13,QR
TXN-1523,5/2/2026,10:05,Puncak Alam,Milk-based,Mocha,2,12,24,QR
TXN-1472,5/2/2026,10:12,Putrajaya,Ice Blended,Ice Blended Chocolate Chip,2,14,28,QR
TXN-1442,5/2/2026,10:18,Putrajaya,Ice Blended,Ice Blended Chocolate Chip,1,14,14,QR
TXN-1547,5/2/2026,10:32,Puncak Alam,Espresso-based,Americano,1,9,9,QR
TXN-1486,5/2/2026,10:44,Putrajaya,Ice Blended,Ice Blended Chocolate Chip,2,14,28,QR
TXN-1488,5/2/2026,10:44,Putrajaya,Milk-based,Cappuccino,1,11,11,Cash
TXN-1537,5/2/2026,10:46,Puncak Alam,Milk-based,Cappuccino,1,11,11,Cash
TXN-1530,5/2/2026,10:47,Puncak Alam,Milk-based,Latte,1,11,11,Cash
TXN-1469,5/2/2026,10:55,Putrajaya,Milk-based,Caramel Macchiato,1,13,13,Cash
TXN-1499,5/2/2026,11:01,Putrajaya,Milk-based,Mocha,1,12,12,QR
TXN-1513,5/2/2026,11:21,Puncak Alam,Milk-based,Caramel Macchiato,1,13,13,QR
TXN-1480,5/2/2026,11:27,Putrajaya,Milk-based,Mocha,1,12,12,QR
TXN-1484,5/2/2026,11:32,Putrajaya,Espresso-based,Americano,1,9,9,QR
TXN-1532,5/2/2026,11:45,Puncak Alam,Espresso-based,Americano,1,9,9,QR
TXN-1457,5/2/2026,11:51,Putrajaya,Espresso-based,Americano,1,9,9,QR
TXN-1540,5/2/2026,12:02,Puncak Alam,Milk-based,Caramel Macchiato,1,13,13,QR
TXN-1546,5/2/2026,12:13,Puncak Alam,Espresso-based,Americano,2,9,18,Cash
TXN-1556,5/2/2026,12:36,Puncak Alam,Espresso-based,Espresso,1,7,7,QR
TXN-1504,5/2/2026,12:52,Putrajaya,Milk-based,Latte,1,11,11,Cash
TXN-1453,5/2/2026,12:53,Putrajaya,Ice Blended,Ice Blended Chocolate Chip,2,14,28,QR
TXN-1491,5/2/2026,12:58,Putrajaya,Espresso-based,Americano,1,9,9,QR
TXN-1502,5/2/2026,13:00,Putrajaya,Espresso-based,Espresso,1,7,7,Cash
TXN-1524,5/2/2026,13:08,Puncak Alam,Milk-based,Mocha,2,12,24,QR
TXN-1452,5/2/2026,13:15,Putrajaya,Milk-based,Mocha,1,12,12,QR
TXN-1466,5/2/2026,13:16,Putrajaya,Milk-based,Caramel Macchiato,2,13,26,QR
TXN-1478,5/2/2026,13:21,Putrajaya,Milk-based,Mocha,2,12,24,Cash
TXN-1543,5/2/2026,13:25,Puncak Alam,Milk-based,Cappuccino,1,11,11,QR
TXN-1514,5/2/2026,13:27,Puncak Alam,Milk-based,Mocha,1,12,12,Cash
TXN-1516,5/2/2026,13:27,Puncak Alam,Milk-based,Caramel Macchiato,3,13,39,QR
TXN-1495,5/2/2026,13:34,Putrajaya,Milk-based,Caramel Macchiato,1,13,13,QR
TXN-1526,5/2/2026,13:37,Puncak Alam,Ice Blended,Ice Blended Chocolate Chip,1,14,14,QR
TXN-1515,5/2/2026,13:39,Puncak Alam,Milk-based,Caramel Macchiato,2,13,26,Cash
TXN-1461,5/2/2026,13:49,Putrajaya,Milk-based,Latte,3,11,33,Cash
TXN-1451,5/2/2026,13:57,Putrajaya,Espresso-based,Americano,3,9,27,QR
TXN-1510,5/2/2026,14:14,Puncak Alam,Milk-based,Caramel Macchiato,3,13,39,Cash
TXN-1455,5/2/2026,14:37,Putrajaya,Milk-based,Latte,1,11,11,QR
TXN-1477,5/2/2026,14:48,Putrajaya,Milk-based,Mocha,3,12,36,QR
TXN-1529,5/2/2026,14:52,Puncak Alam,Milk-based,Mocha,1,12,12,QR
TXN-1447,5/2/2026,15:01,Putrajaya,Milk-based,Caramel Macchiato,2,13,26,Cash
TXN-1474,5/2/2026,15:15,Putrajaya,Milk-based,Mocha,1,12,12,QR
TXN-1534,5/2/2026,15:17,Puncak Alam,Espresso-based,Espresso,1,7,7,Cash
TXN-1545,5/2/2026,15:24,Puncak Alam,Milk-based,Caramel Macchiato,2,13,26,Cash
TXN-1482,5/2/2026,15:34,Putrajaya,Milk-based,Mocha,1,12,12,QR
TXN-1496,5/2/2026,15:58,Putrajaya,Milk-based,Caramel Macchiato,1,13,13,QR
TXN-1471,5/2/2026,16:00,Putrajaya,Milk-based,Latte,1,11,11,QR
TXN-1492,5/2/2026,16:07,Putrajaya,Espresso-based,Espresso,2,7,14,Cash
TXN-1494,5/2/2026,16:08,Putrajaya,Milk-based,Cappuccino,1,11,11,QR
TXN-1538,5/2/2026,16:11,Puncak Alam,Milk-based,Mocha,1,12,12,Cash
TXN-1507,5/2/2026,16:21,Puncak Alam,Espresso-based,Espresso,2,7,14,Cash
TXN-1520,5/2/2026,16:25,Puncak Alam,Espresso-based,Americano,2,9,18,QR
TXN-1550,5/2/2026,16:27,Puncak Alam,Milk-based,Cappuccino,2,11,22,QR
TXN-1517,5/2/2026,16:31,Puncak Alam,Espresso-based,Espresso,1,7,7,QR
TXN-1551,5/2/2026,16:32,Puncak Alam,Milk-based,Cappuccino,1,11,11,QR
TXN-1476,5/2/2026,16:34,Putrajaya,Milk-based,Mocha,1,12,12,Cash
TXN-1468,5/2/2026,16:36,Putrajaya,Espresso-based,Espresso,2,7,14,Cash
TXN-1519,5/2/2026,16:59,Puncak Alam,Milk-based,Cappuccino,1,11,11,QR
TXN-1552,5/2/2026,17:00,Puncak Alam,Espresso-based,Espresso,2,7,14,Cash
TXN-1485,5/2/2026,17:17,Putrajaya,Espresso-based,Espresso,1,7,7,QR
TXN-1497,5/2/2026,17:25,Putrajaya,Milk-based,Cappuccino,2,11,22,QR
TXN-1464,5/2/2026,17:37,Putrajaya,Espresso-based,Americano,3,9,27,Cash
TXN-1549,5/2/2026,17:40,Puncak Alam,Milk-based,Cappuccino,1,11,11,Cash
TXN-1446,5/2/2026,18:02,Putrajaya,Milk-based,Caramel Macchiato,1,13,13,QR
TXN-1508,5/2/2026,18:06,Puncak Alam,Milk-based,Mocha,1,12,12,QR
TXN-1548,5/2/2026,18:42,Puncak Alam,Espresso-based,Espresso,1,7,7,QR
TXN-1493,5/2/2026,18:50,Putrajaya,Ice Blended,Ice Blended Chocolate Chip,1,14,14,Cash
TXN-1512,5/2/2026,18:54,Puncak Alam,Milk-based,Mocha,1,12,12,QR
TXN-1454,5/2/2026,18:58,Putrajaya,Milk-based,Cappuccino,1,11,11,Cash
TXN-1506,5/2/2026,19:26,Putrajaya,Espresso-based,Americano,1,9,9,Cash
TXN-1475,5/2/2026,19:33,Putrajaya,Milk-based,Caramel Macchiato,2,13,26,Cash
TXN-1521,5/2/2026,19:33,Puncak Alam,Milk-based,Cappuccino,1,11,11,QR
TXN-1503,5/2/2026,19:40,Putrajaya,Espresso-based,Espresso,1,7,7,QR
TXN-1498,5/2/2026,19:43,Putrajaya,Milk-based,Cappuccino,1,11,11,QR
TXN-1456,5/2/2026,19:55,Putrajaya,Milk-based,Mocha,1,12,12,QR
TXN-1500,5/2/2026,19:55,Putrajaya,Espresso-based,Espresso,4,7,28,QR
TXN-1473,5/2/2026,20:00,Putrajaya,Espresso-based,Americano,1,9,9,Cash
TXN-1501,5/2/2026,20:04,Putrajaya,Ice Blended,Ice Blended Chocolate Chip,2,14,28,QR
TXN-1462,5/2/2026,20:05,Putrajaya,Milk-based,Latte,1,11,11,QR
TXN-1544,5/2/2026,20:13,Puncak Alam,Milk-based,Latte,1,11,11,Cash
TXN-1449,5/2/2026,20:22,Putrajaya,Milk-based,Caramel Macchiato,1,13,13,QR
TXN-1541,5/2/2026,20:28,Puncak Alam,Milk-based,Cappuccino,1,11,11,Cash
TXN-1511,5/2/2026,20:30,Puncak Alam,Espresso-based,Americano,2,9,18,QR
TXN-1448,5/2/2026,20:31,Putrajaya,Milk-based,Cappuccino,1,11,11,Cash
TXN-1555,5/2/2026,20:36,Puncak Alam,Milk-based,Cappuccino,1,11,11,QR
TXN-1479,5/2/2026,20:40,Putrajaya,Milk-based,Cappuccino,1,11,11,Cash
TXN-1444,5/2/2026,20:43,Putrajaya,Espresso-based,Americano,1,9,9,QR
TXN-1522,5/2/2026,20:46,Puncak Alam,Espresso-based,Espresso,1,7,7,QR
TXN-1463,5/2/2026,20:48,Putrajaya,Espresso-based,Espresso,1,7,7,QR
TXN-1441,5/2/2026,20:51,Putrajaya,Espresso-based,Americano,1,9,9,QR
TXN-1458,5/2/2026,20:51,Putrajaya,Espresso-based,Americano,2,9,18,QR
TXN-1553,5/2/2026,20:57,Puncak Alam,Milk-based,Cappuccino,1,11,11,QR
TXN-1450,5/2/2026,21:21,Putrajaya,Milk-based,Latte,1,11,11,Cash
TXN-1528,5/2/2026,21:27,Puncak Alam,Milk-based,Caramel Macchiato,1,13,13,QR
TXN-1443,5/2/2026,21:28,Putrajaya,Milk-based,Latte,1,11,11,QR
TXN-1467,5/2/2026,21:28,Putrajaya,Ice Blended,Ice Blended Chocolate Chip,2,14,28,Cash
TXN-1483,5/2/2026,21:36,Putrajaya,Milk-based,Mocha,1,12,12,Cash
TXN-1539,5/2/2026,21:36,Puncak Alam,Milk-based,Mocha,1,12,12,QR
TXN-1617,6/2/2026,8:00,Puncak Alam,Ice Blended,Ice Blended Chocolate Chip,1,14,14,QR
TXN-1564,6/2/2026,8:03,Putrajaya,Milk-based,Mocha,1,12,12,QR
TXN-1621,6/2/2026,8:09,Puncak Alam,Milk-based,Cappuccino,1,11,11,Cash
TXN-1580,6/2/2026,8:10,Putrajaya,Ice Blended,Ice Blended Chocolate Chip,1,14,14,QR
TXN-1619,6/2/2026,8:25,Puncak Alam,Espresso-based,Espresso,2,7,14,QR
TXN-1650,6/2/2026,8:31,Puncak Alam,Espresso-based,Americano,1,9,9,QR
TXN-1643,6/2/2026,8:38,Puncak Alam,Milk-based,Caramel Macchiato,1,13,13,QR
TXN-1596,6/2/2026,8:39,Puncak Alam,Milk-based,Latte,1,11,11,Cash
TXN-1582,6/2/2026,8:42,Putrajaya,Espresso-based,Americano,1,9,9,Cash
TXN-1659,6/2/2026,8:42,Puncak Alam,Milk-based,Caramel Macchiato,1,13,13,QR
TXN-1585,6/2/2026,8:43,Putrajaya,Milk-based,Cappuccino,1,11,11,QR
TXN-1656,6/2/2026,8:46,Puncak Alam,Milk-based,Cappuccino,1,11,11,QR
TXN-1586,6/2/2026,8:58,Putrajaya,Milk-based,Caramel Macchiato,4,13,52,Cash
TXN-1587,6/2/2026,9:01,Putrajaya,Espresso-based,Americano,1,9,9,QR
TXN-1647,6/2/2026,9:09,Puncak Alam,Milk-based,Latte,1,11,11,Cash
TXN-1594,6/2/2026,9:38,Puncak Alam,Espresso-based,Espresso,2,7,14,QR
TXN-1581,6/2/2026,9:40,Putrajaya,Milk-based,Latte,1,11,11,QR
TXN-1616,6/2/2026,9:47,Puncak Alam,Milk-based,Cappuccino,4,11,44,QR
TXN-1652,6/2/2026,9:55,Puncak Alam,Espresso-based,Americano,1,9,9,Cash
TXN-1562,6/2/2026,9:56,Putrajaya,Milk-based,Latte,2,11,22,QR
TXN-1645,6/2/2026,10:03,Puncak Alam,Milk-based,Cappuccino,1,11,11,QR
TXN-1573,6/2/2026,10:10,Putrajaya,Milk-based,Mocha,2,12,24,QR
TXN-1624,6/2/2026,10:22,Puncak Alam,Espresso-based,Espresso,2,7,14,QR
TXN-1598,6/2/2026,10:24,Puncak Alam,Espresso-based,Americano,1,9,9,Cash
TXN-1559,6/2/2026,10:28,Putrajaya,Milk-based,Latte,2,11,22,QR
TXN-1618,6/2/2026,10:39,Puncak Alam,Milk-based,Latte,1,11,11,QR
TXN-1577,6/2/2026,10:43,Putrajaya,Espresso-based,Americano,1,9,9,QR
TXN-1605,6/2/2026,10:55,Puncak Alam,Milk-based,Mocha,1,12,12,QR
TXN-1603,6/2/2026,11:10,Puncak Alam,Ice Blended,Ice Blended Chocolate Chip,1,14,14,QR
TXN-1595,6/2/2026,11:56,Puncak Alam,Milk-based,Mocha,1,12,12,QR
TXN-1639,6/2/2026,12:06,Puncak Alam,Milk-based,Cappuccino,1,11,11,QR
TXN-1576,6/2/2026,12:15,Putrajaya,Milk-based,Cappuccino,1,11,11,QR
TXN-1609,6/2/2026,12:21,Puncak Alam,Espresso-based,Espresso,1,7,7,QR
TXN-1623,6/2/2026,12:21,Puncak Alam,Milk-based,Caramel Macchiato,1,13,13,QR
TXN-1612,6/2/2026,12:22,Puncak Alam,Milk-based,Caramel Macchiato,2,13,26,QR
TXN-1636,6/2/2026,12:27,Puncak Alam,Milk-based,Mocha,2,12,24,QR
TXN-1642,6/2/2026,12:40,Puncak Alam,Milk-based,Latte,1,11,11,QR
TXN-1627,6/2/2026,12:41,Puncak Alam,Ice Blended,Ice Blended Chocolate Chip,2,14,28,Cash
TXN-1653,6/2/2026,13:08,Puncak Alam,Milk-based,Caramel Macchiato,4,13,52,QR
TXN-1567,6/2/2026,13:10,Putrajaya,Milk-based,Caramel Macchiato,1,13,13,Cash
TXN-1610,6/2/2026,13:10,Puncak Alam,Ice Blended,Ice Blended Chocolate Chip,1,14,14,QR
TXN-1626,6/2/2026,13:23,Puncak Alam,Milk-based,Mocha,1,12,12,QR
TXN-1568,6/2/2026,13:28,Putrajaya,Ice Blended,Ice Blended Chocolate Chip,1,14,14,Cash
TXN-1561,6/2/2026,13:43,Putrajaya,Ice Blended,Ice Blended Chocolate Chip,3,14,42,Cash
TXN-1569,6/2/2026,14:30,Putrajaya,Milk-based,Latte,1,11,11,QR
TXN-1649,6/2/2026,14:48,Puncak Alam,Milk-based,Cappuccino,1,11,11,QR
TXN-1589,6/2/2026,14:49,Puncak Alam,Ice Blended,Ice Blended Chocolate Chip,3,14,42,QR
TXN-1620,6/2/2026,15:11,Puncak Alam,Ice Blended,Ice Blended Chocolate Chip,2,14,28,QR
TXN-1654,6/2/2026,15:11,Puncak Alam,Espresso-based,Americano,2,9,18,QR
TXN-1614,6/2/2026,15:13,Puncak Alam,Espresso-based,Espresso,1,7,7,QR
TXN-1583,6/2/2026,15:19,Putrajaya,Ice Blended,Ice Blended Chocolate Chip,2,14,28,QR
TXN-1584,6/2/2026,15:32,Putrajaya,Milk-based,Cappuccino,2,11,22,QR
TXN-1590,6/2/2026,15:39,Puncak Alam,Espresso-based,Americano,2,9,18,Cash
TXN-1571,6/2/2026,15:47,Putrajaya,Milk-based,Latte,1,11,11,QR
TXN-1631,6/2/2026,16:11,Puncak Alam,Milk-based,Latte,1,11,11,QR
TXN-1599,6/2/2026,16:37,Puncak Alam,Ice Blended,Ice Blended Chocolate Chip,1,14,14,QR
TXN-1641,6/2/2026,16:39,Puncak Alam,Ice Blended,Ice Blended Chocolate Chip,1,14,14,Cash
TXN-1606,6/2/2026,16:48,Puncak Alam,Milk-based,Latte,1,11,11,QR
TXN-1658,6/2/2026,16:48,Puncak Alam,Espresso-based,Americano,1,9,9,QR
TXN-1579,6/2/2026,16:53,Putrajaya,Milk-based,Mocha,1,12,12,QR
TXN-1578,6/2/2026,16:54,Putrajaya,Milk-based,Latte,1,11,11,QR
TXN-1600,6/2/2026,16:55,Puncak Alam,Espresso-based,Americano,1,9,9,Cash
TXN-1625,6/2/2026,17:21,Puncak Alam,Ice Blended,Ice Blended Chocolate Chip,2,14,28,Cash
TXN-1635,6/2/2026,17:21,Puncak Alam,Ice Blended,Ice Blended Chocolate Chip,3,14,42,QR
TXN-1591,6/2/2026,17:27,Puncak Alam,Milk-based,Latte,2,11,22,QR
TXN-1628,6/2/2026,17:29,Puncak Alam,Milk-based,Latte,4,11,44,Cash
TXN-1651,6/2/2026,17:29,Puncak Alam,Espresso-based,Americano,1,9,9,QR
TXN-1634,6/2/2026,17:31,Puncak Alam,Milk-based,Latte,1,11,11,Cash
TXN-1611,6/2/2026,17:34,Puncak Alam,Milk-based,Cappuccino,1,11,11,QR
TXN-1657,6/2/2026,17:36,Puncak Alam,Milk-based,Mocha,1,12,12,QR
TXN-1662,6/2/2026,17:37,Puncak Alam,Milk-based,Cappuccino,1,11,11,Cash
TXN-1572,6/2/2026,17:43,Putrajaya,Espresso-based,Americano,1,9,9,QR
TXN-1648,6/2/2026,17:44,Puncak Alam,Espresso-based,Americano,3,9,27,Cash
TXN-1638,6/2/2026,17:46,Puncak Alam,Milk-based,Latte,1,11,11,QR
TXN-1661,6/2/2026,17:46,Puncak Alam,Espresso-based,Espresso,1,7,7,QR
TXN-1615,6/2/2026,17:57,Puncak Alam,Ice Blended,Ice Blended Chocolate Chip,1,14,14,Cash
TXN-1607,6/2/2026,18:03,Puncak Alam,Espresso-based,Espresso,1,7,7,Cash
TXN-1602,6/2/2026,18:09,Puncak Alam,Espresso-based,Americano,2,9,18,QR
TXN-1558,6/2/2026,18:14,Putrajaya,Milk-based,Latte,3,11,33,QR
TXN-1566,6/2/2026,18:18,Putrajaya,Milk-based,Caramel Macchiato,2,13,26,Cash
TXN-1630,6/2/2026,18:22,Puncak Alam,Milk-based,Mocha,1,12,12,QR
TXN-1593,6/2/2026,18:33,Puncak Alam,Milk-based,Cappuccino,2,11,22,QR
TXN-1570,6/2/2026,18:46,Putrajaya,Milk-based,Latte,1,11,11,Cash
TXN-1604,6/2/2026,18:50,Puncak Alam,Milk-based,Cappuccino,1,11,11,QR
TXN-1637,6/2/2026,19:02,Puncak Alam,Milk-based,Caramel Macchiato,2,13,26,QR
TXN-1622,6/2/2026,19:14,Puncak Alam,Milk-based,Caramel Macchiato,1,13,13,Cash
TXN-1640,6/2/2026,19:31,Puncak Alam,Ice Blended,Ice Blended Chocolate Chip,2,14,28,QR
TXN-1646,6/2/2026,19:34,Puncak Alam,Milk-based,Latte,1,11,11,Cash
TXN-1632,6/2/2026,19:46,Puncak Alam,Espresso-based,Espresso,1,7,7,QR
TXN-1588,6/2/2026,19:57,Putrajaya,Milk-based,Caramel Macchiato,3,13,39,QR
TXN-1592,6/2/2026,20:03,Puncak Alam,Milk-based,Caramel Macchiato,3,13,39,QR
TXN-1563,6/2/2026,20:07,Putrajaya,Milk-based,Latte,1,11,11,QR
TXN-1560,6/2/2026,20:12,Putrajaya,Milk-based,Caramel Macchiato,2,13,26,QR
TXN-1655,6/2/2026,20:19,Puncak Alam,Milk-based,Mocha,1,12,12,Cash
TXN-1629,6/2/2026,20:42,Puncak Alam,Milk-based,Cappuccino,1,11,11,QR
TXN-1565,6/2/2026,20:51,Putrajaya,Milk-based,Mocha,1,12,12,QR
TXN-1633,6/2/2026,20:53,Puncak Alam,Milk-based,Caramel Macchiato,1,13,13,Cash
TXN-1613,6/2/2026,20:58,Puncak Alam,Milk-based,Latte,1,11,11,QR
TXN-1597,6/2/2026,21:10,Puncak Alam,Espresso-based,Americano,1,9,9,Cash
TXN-1644,6/2/2026,21:12,Puncak Alam,Milk-based,Cappuccino,1,11,11,QR
TXN-1608,6/2/2026,21:28,Puncak Alam,Espresso-based,Espresso,2,7,14,QR
TXN-1574,6/2/2026,21:33,Putrajaya,Milk-based,Cappuccino,2,11,22,QR
TXN-1660,6/2/2026,21:36,Puncak Alam,Milk-based,Latte,1,11,11,QR
TXN-1601,6/2/2026,21:46,Puncak Alam,Milk-based,Latte,1,11,11,QR
TXN-1575,6/2/2026,21:53,Putrajaya,Ice Blended,Ice Blended Chocolate Chip,1,14,14,QR
TXN-1764,7/2/2026,8:04,Puncak Alam,Milk-based,Mocha,1,12,12,Cash
TXN-1695,7/2/2026,8:05,Putrajaya,Milk-based,Latte,1,11,11,Cash
TXN-1708,7/2/2026,8:07,Putrajaya,Milk-based,Latte,2,11,22,Cash
TXN-1674,7/2/2026,8:09,Putrajaya,Milk-based,Mocha,1,12,12,Cash
TXN-1749,7/2/2026,8:29,Puncak Alam,Milk-based,Latte,1,11,11,QR
TXN-1813,7/2/2026,8:29,Puncak Alam,Milk-based,Mocha,1,12,12,QR
TXN-1771,7/2/2026,8:45,Puncak Alam,Milk-based,Latte,1,11,11,Cash
TXN-1689,7/2/2026,8:50,Putrajaya,Milk-based,Mocha,2,12,24,Cash
TXN-1805,7/2/2026,8:58,Puncak Alam,Ice Blended,Ice Blended Chocolate Chip,2,14,28,Cash
TXN-1705,7/2/2026,9:01,Putrajaya,Espresso-based,Espresso,1,7,7,QR
TXN-1768,7/2/2026,9:18,Puncak Alam,Espresso-based,Americano,1,9,9,QR
TXN-1796,7/2/2026,9:25,Puncak Alam,Milk-based,Caramel Macchiato,1,13,13,QR
TXN-1728,7/2/2026,9:26,Putrajaya,Milk-based,Latte,3,11,33,Cash
TXN-1715,7/2/2026,9:31,Putrajaya,Espresso-based,Americano,1,9,9,Cash
TXN-1675,7/2/2026,9:32,Putrajaya,Milk-based,Cappuccino,1,11,11,QR
TXN-1786,7/2/2026,9:45,Puncak Alam,Espresso-based,Espresso,1,7,7,QR
TXN-1740,7/2/2026,9:47,Putrajaya,Milk-based,Cappuccino,1,11,11,Cash
TXN-1704,7/2/2026,9:49,Putrajaya,Ice Blended,Ice Blended Chocolate Chip,1,14,14,Cash
TXN-1726,7/2/2026,9:57,Putrajaya,Milk-based,Latte,3,11,33,Cash
TXN-1760,7/2/2026,9:59,Puncak Alam,Milk-based,Mocha,1,12,12,Cash
TXN-1765,7/2/2026,10:10,Puncak Alam,Milk-based,Cappuccino,2,11,22,Cash
TXN-1691,7/2/2026,10:23,Putrajaya,Espresso-based,Americano,1,9,9,QR
TXN-1669,7/2/2026,10:24,Putrajaya,Ice Blended,Ice Blended Chocolate Chip,2,14,28,QR
TXN-1701,7/2/2026,10:29,Putrajaya,Milk-based,Latte,1,11,11,QR
TXN-1798,7/2/2026,10:31,Puncak Alam,Milk-based,Cappuccino,2,11,22,Cash
TXN-1744,7/2/2026,10:37,Puncak Alam,Milk-based,Caramel Macchiato,1,13,13,Cash
TXN-1810,7/2/2026,10:38,Puncak Alam,Ice Blended,Ice Blended Chocolate Chip,1,14,14,QR
TXN-1770,7/2/2026,10:42,Puncak Alam,Espresso-based,Americano,3,9,27,QR
TXN-1802,7/2/2026,10:44,Puncak Alam,Espresso-based,Espresso,1,7,7,QR
TXN-1746,7/2/2026,10:50,Puncak Alam,Ice Blended,Ice Blended Chocolate Chip,1,14,14,QR
TXN-1762,7/2/2026,10:56,Puncak Alam,Milk-based,Caramel Macchiato,2,13,26,Cash
TXN-1712,7/2/2026,10:59,Putrajaya,Milk-based,Mocha,2,12,24,QR
TXN-1665,7/2/2026,11:11,Putrajaya,Ice Blended,Ice Blended Chocolate Chip,1,14,14,QR
TXN-1714,7/2/2026,11:22,Putrajaya,Espresso-based,Americano,1,9,9,QR
TXN-1690,7/2/2026,11:32,Putrajaya,Espresso-based,Americano,1,9,9,QR
TXN-1757,7/2/2026,11:35,Puncak Alam,Milk-based,Latte,2,11,22,QR
TXN-1697,7/2/2026,11:36,Putrajaya,Espresso-based,Espresso,2,7,14,QR
TXN-1718,7/2/2026,11:36,Putrajaya,Milk-based,Caramel Macchiato,1,13,13,QR
TXN-1799,7/2/2026,11:36,Puncak Alam,Ice Blended,Ice Blended Chocolate Chip,3,14,42,Cash
TXN-1794,7/2/2026,11:39,Puncak Alam,Ice Blended,Ice Blended Chocolate Chip,1,14,14,Cash
TXN-1696,7/2/2026,11:46,Putrajaya,Milk-based,Caramel Macchiato,1,13,13,QR
TXN-1680,7/2/2026,11:54,Putrajaya,Espresso-based,Espresso,2,7,14,QR
TXN-1769,7/2/2026,11:55,Puncak Alam,Milk-based,Cappuccino,1,11,11,QR
TXN-1778,7/2/2026,11:57,Puncak Alam,Espresso-based,Espresso,1,7,7,QR
TXN-1720,7/2/2026,11:58,Putrajaya,Milk-based,Caramel Macchiato,3,13,39,QR
TXN-1693,7/2/2026,11:59,Putrajaya,Milk-based,Latte,1,11,11,QR
TXN-1774,7/2/2026,12:07,Puncak Alam,Milk-based,Cappuccino,1,11,11,QR
TXN-1785,7/2/2026,12:13,Puncak Alam,Milk-based,Cappuccino,1,11,11,Cash
TXN-1756,7/2/2026,12:23,Puncak Alam,Milk-based,Mocha,1,12,12,Cash
TXN-1793,7/2/2026,12:24,Puncak Alam,Milk-based,Cappuccino,3,11,33,Cash
TXN-1792,7/2/2026,12:25,Puncak Alam,Milk-based,Caramel Macchiato,1,13,13,QR
TXN-1818,7/2/2026,12:26,Puncak Alam,Espresso-based,Espresso,1,7,7,QR
TXN-1725,7/2/2026,12:45,Putrajaya,Milk-based,Latte,3,11,33,Cash
TXN-1787,7/2/2026,12:46,Puncak Alam,Espresso-based,Espresso,3,7,21,QR
TXN-1736,7/2/2026,12:49,Putrajaya,Milk-based,Latte,1,11,11,Cash
TXN-1800,7/2/2026,12:55,Puncak Alam,Milk-based,Caramel Macchiato,1,13,13,Cash
TXN-1684,7/2/2026,12:58,Putrajaya,Milk-based,Mocha,1,12,12,Cash
TXN-1747,7/2/2026,13:00,Puncak Alam,Ice Blended,Ice Blended Chocolate Chip,1,14,14,Cash
TXN-1663,7/2/2026,13:04,Putrajaya,Milk-based,Caramel Macchiato,1,13,13,Cash
TXN-1803,7/2/2026,13:17,Puncak Alam,Espresso-based,Americano,1,9,9,Cash
TXN-1727,7/2/2026,13:21,Putrajaya,Milk-based,Latte,2,11,22,Cash
TXN-1673,7/2/2026,13:22,Putrajaya,Milk-based,Mocha,2,12,24,QR
TXN-1753,7/2/2026,13:33,Puncak Alam,Milk-based,Caramel Macchiato,1,13,13,QR
TXN-1676,7/2/2026,13:54,Putrajaya,Espresso-based,Americano,1,9,9,QR
TXN-1694,7/2/2026,13:54,Putrajaya,Milk-based,Mocha,3,12,36,QR
TXN-1666,7/2/2026,14:02,Putrajaya,Espresso-based,Americano,2,9,18,QR
TXN-1801,7/2/2026,14:02,Puncak Alam,Milk-based,Cappuccino,1,11,11,Cash
TXN-1702,7/2/2026,14:03,Putrajaya,Ice Blended,Ice Blended Chocolate Chip,2,14,28,Cash
TXN-1773,7/2/2026,14:13,Puncak Alam,Milk-based,Mocha,1,12,12,Cash
TXN-1814,7/2/2026,14:16,Puncak Alam,Milk-based,Latte,1,11,11,QR
TXN-1806,7/2/2026,14:23,Puncak Alam,Espresso-based,Espresso,2,7,14,Cash
TXN-1742,7/2/2026,14:24,Puncak Alam,Espresso-based,Americano,1,9,9,Cash
TXN-1743,7/2/2026,14:36,Puncak Alam,Milk-based,Latte,1,11,11,Cash
TXN-1717,7/2/2026,14:37,Putrajaya,Milk-based,Caramel Macchiato,1,13,13,QR
TXN-1783,7/2/2026,14:37,Puncak Alam,Espresso-based,Americano,1,9,9,Cash
TXN-1722,7/2/2026,14:49,Putrajaya,Milk-based,Cappuccino,1,11,11,QR
TXN-1724,7/2/2026,14:49,Putrajaya,Milk-based,Cappuccino,1,11,11,QR
TXN-1795,7/2/2026,14:49,Puncak Alam,Ice Blended,Ice Blended Chocolate Chip,1,14,14,QR
TXN-1688,7/2/2026,14:54,Putrajaya,Milk-based,Cappuccino,1,11,11,QR
TXN-1698,7/2/2026,14:57,Putrajaya,Milk-based,Caramel Macchiato,1,13,13,QR
TXN-1751,7/2/2026,14:58,Puncak Alam,Milk-based,Cappuccino,1,11,11,QR
TXN-1667,7/2/2026,15:15,Putrajaya,Milk-based,Latte,3,11,33,QR
TXN-1758,7/2/2026,15:21,Puncak Alam,Milk-based,Latte,2,11,22,QR
TXN-1734,7/2/2026,15:22,Putrajaya,Espresso-based,Espresso,1,7,7,QR
TXN-1738,7/2/2026,15:23,Putrajaya,Milk-based,Mocha,1,12,12,QR
TXN-1748,7/2/2026,15:41,Puncak Alam,Espresso-based,Espresso,2,7,14,QR
TXN-1683,7/2/2026,15:47,Putrajaya,Milk-based,Mocha,3,12,36,QR
TXN-1788,7/2/2026,15:48,Puncak Alam,Milk-based,Latte,2,11,22,QR
TXN-1716,7/2/2026,16:07,Putrajaya,Milk-based,Latte,1,11,11,Cash
TXN-1759,7/2/2026,16:08,Puncak Alam,Espresso-based,Americano,1,9,9,Cash
TXN-1699,7/2/2026,16:19,Putrajaya,Milk-based,Latte,1,11,11,Cash
TXN-1719,7/2/2026,16:22,Putrajaya,Milk-based,Mocha,2,12,24,QR
TXN-1710,7/2/2026,16:33,Putrajaya,Milk-based,Mocha,1,12,12,QR
TXN-1767,7/2/2026,16:46,Puncak Alam,Espresso-based,Americano,1,9,9,QR
TXN-1723,7/2/2026,16:55,Putrajaya,Milk-based,Cappuccino,2,11,22,QR
TXN-1776,7/2/2026,16:55,Puncak Alam,Ice Blended,Ice Blended Chocolate Chip,1,14,14,QR
TXN-1779,7/2/2026,16:58,Puncak Alam,Ice Blended,Ice Blended Chocolate Chip,1,14,14,QR
TXN-1670,7/2/2026,17:09,Putrajaya,Milk-based,Cappuccino,3,11,33,QR
TXN-1754,7/2/2026,17:09,Puncak Alam,Espresso-based,Americano,1,9,9,Cash
TXN-1731,7/2/2026,17:12,Putrajaya,Espresso-based,Americano,2,9,18,QR
TXN-1703,7/2/2026,17:13,Putrajaya,Espresso-based,Americano,2,9,18,QR
TXN-1737,7/2/2026,17:18,Putrajaya,Milk-based,Latte,2,11,22,QR
TXN-1686,7/2/2026,17:30,Putrajaya,Milk-based,Mocha,1,12,12,QR
TXN-1755,7/2/2026,17:33,Puncak Alam,Milk-based,Latte,1,11,11,Cash
TXN-1692,7/2/2026,17:39,Putrajaya,Milk-based,Mocha,1,12,12,QR
TXN-1681,7/2/2026,17:51,Putrajaya,Milk-based,Latte,3,11,33,QR
TXN-1789,7/2/2026,17:51,Puncak Alam,Milk-based,Latte,3,11,33,QR
TXN-1812,7/2/2026,17:52,Puncak Alam,Espresso-based,Espresso,1,7,7,Cash
TXN-1713,7/2/2026,18:11,Putrajaya,Ice Blended,Ice Blended Chocolate Chip,1,14,14,Cash
TXN-1797,7/2/2026,18:12,Puncak Alam,Milk-based,Mocha,1,12,12,QR
TXN-1780,7/2/2026,18:13,Puncak Alam,Espresso-based,Espresso,1,7,7,Cash
TXN-1735,7/2/2026,18:18,Putrajaya,Milk-based,Caramel Macchiato,1,13,13,QR
TXN-1775,7/2/2026,18:18,Puncak Alam,Milk-based,Latte,1,11,11,QR
TXN-1766,7/2/2026,18:26,Puncak Alam,Milk-based,Latte,1,11,11,QR
TXN-1781,7/2/2026,18:26,Puncak Alam,Milk-based,Cappuccino,1,11,11,QR
TXN-1709,7/2/2026,18:31,Putrajaya,Espresso-based,Espresso,2,7,14,QR
TXN-1819,7/2/2026,18:33,Puncak Alam,Milk-based,Cappuccino,2,11,22,Cash
TXN-1700,7/2/2026,18:45,Putrajaya,Milk-based,Cappuccino,1,11,11,Cash
TXN-1679,7/2/2026,18:47,Putrajaya,Milk-based,Latte,4,11,44,QR
TXN-1685,7/2/2026,18:59,Putrajaya,Milk-based,Caramel Macchiato,1,13,13,Cash
TXN-1761,7/2/2026,19:03,Puncak Alam,Milk-based,Latte,1,11,11,QR
TXN-1809,7/2/2026,19:09,Puncak Alam,Milk-based,Cappuccino,2,11,22,QR
TXN-1711,7/2/2026,19:13,Putrajaya,Espresso-based,Americano,2,9,18,QR
TXN-1672,7/2/2026,19:15,Putrajaya,Espresso-based,Espresso,1,7,7,QR
TXN-1733,7/2/2026,19:20,Putrajaya,Milk-based,Latte,1,11,11,Cash
TXN-1790,7/2/2026,19:22,Puncak Alam,Espresso-based,Americano,2,9,18,QR
TXN-1678,7/2/2026,19:25,Putrajaya,Espresso-based,Americano,1,9,9,QR
TXN-1782,7/2/2026,19:35,Puncak Alam,Espresso-based,Espresso,1,7,7,QR
TXN-1777,7/2/2026,19:39,Puncak Alam,Milk-based,Mocha,1,12,12,QR
TXN-1721,7/2/2026,19:40,Putrajaya,Milk-based,Mocha,2,12,24,Cash
TXN-1807,7/2/2026,19:59,Puncak Alam,Milk-based,Cappuccino,1,11,11,QR
TXN-1784,7/2/2026,20:17,Puncak Alam,Milk-based,Caramel Macchiato,3,13,39,QR
TXN-1682,7/2/2026,20:19,Putrajaya,Milk-based,Caramel Macchiato,2,13,26,QR
TXN-1752,7/2/2026,20:23,Puncak Alam,Milk-based,Cappuccino,2,11,22,QR
TXN-1791,7/2/2026,20:30,Puncak Alam,Milk-based,Mocha,1,12,12,QR
TXN-1811,7/2/2026,20:37,Puncak Alam,Milk-based,Latte,4,11,44,QR
TXN-1730,7/2/2026,20:40,Putrajaya,Espresso-based,Espresso,1,7,7,Cash
TXN-1664,7/2/2026,20:41,Putrajaya,Espresso-based,Americano,1,9,9,QR
TXN-1677,7/2/2026,20:41,Putrajaya,Espresso-based,Americano,1,9,9,QR
TXN-1729,7/2/2026,20:43,Putrajaya,Milk-based,Cappuccino,2,11,22,QR
TXN-1745,7/2/2026,20:44,Puncak Alam,Milk-based,Cappuccino,2,11,22,Cash
TXN-1804,7/2/2026,20:44,Puncak Alam,Ice Blended,Ice Blended Chocolate Chip,1,14,14,QR
TXN-1739,7/2/2026,20:59,Putrajaya,Espresso-based,Americano,4,9,36,Cash
TXN-1763,7/2/2026,21:03,Puncak Alam,Milk-based,Latte,1,11,11,Cash
TXN-1808,7/2/2026,21:06,Puncak Alam,Espresso-based,Americano,1,9,9,QR
TXN-1732,7/2/2026,21:07,Putrajaya,Milk-based,Caramel Macchiato,1,13,13,QR
TXN-1750,7/2/2026,21:07,Puncak Alam,Milk-based,Latte,1,11,11,QR
TXN-1816,7/2/2026,21:07,Puncak Alam,Milk-based,Mocha,1,12,12,QR
TXN-1741,7/2/2026,21:12,Putrajaya,Espresso-based,Espresso,1,7,7,Cash
TXN-1687,7/2/2026,21:13,Putrajaya,Milk-based,Cappuccino,1,11,11,QR
TXN-1707,7/2/2026,21:15,Putrajaya,Milk-based,Mocha,1,12,12,QR
TXN-1817,7/2/2026,21:17,Puncak Alam,Espresso-based,Espresso,2,7,14,Cash
TXN-1668,7/2/2026,21:19,Putrajaya,Milk-based,Mocha,1,12,12,QR
TXN-1772,7/2/2026,21:22,Puncak Alam,Espresso-based,Americano,1,9,9,Cash
TXN-1706,7/2/2026,21:25,Putrajaya,Milk-based,Cappuccino,2,11,22,QR
TXN-1671,7/2/2026,21:31,Putrajaya,Milk-based,Mocha,1,12,12,QR
TXN-1815,7/2/2026,21:36,Puncak Alam,Milk-based,Caramel Macchiato,2,13,26,QR
TXN-1912,8/2/2026,8:04,Puncak Alam,Milk-based,Mocha,2,12,24,QR
TXN-1831,8/2/2026,8:16,Putrajaya,Espresso-based,Americano,1,9,9,QR
TXN-1888,8/2/2026,8:18,Puncak Alam,Milk-based,Caramel Macchiato,1,13,13,QR
TXN-1836,8/2/2026,8:24,Putrajaya,Milk-based,Cappuccino,1,11,11,QR
TXN-1901,8/2/2026,8:24,Puncak Alam,Milk-based,Latte,1,11,11,Cash
TXN-1880,8/2/2026,8:34,Puncak Alam,Milk-based,Caramel Macchiato,1,13,13,Cash
TXN-1905,8/2/2026,8:56,Puncak Alam,Espresso-based,Americano,1,9,9,QR
TXN-1891,8/2/2026,9:01,Puncak Alam,Espresso-based,Americano,1,9,9,Cash
TXN-1897,8/2/2026,9:01,Puncak Alam,Milk-based,Cappuccino,2,11,22,QR
TXN-1857,8/2/2026,9:04,Putrajaya,Milk-based,Latte,1,11,11,QR
TXN-1926,8/2/2026,9:04,Puncak Alam,Milk-based,Caramel Macchiato,1,13,13,QR
TXN-1914,8/2/2026,9:16,Puncak Alam,Espresso-based,Espresso,1,7,7,QR
TXN-1841,8/2/2026,9:28,Putrajaya,Milk-based,Cappuccino,1,11,11,Cash
TXN-1830,8/2/2026,9:29,Putrajaya,Ice Blended,Ice Blended Chocolate Chip,1,14,14,QR
TXN-1909,8/2/2026,9:43,Puncak Alam,Espresso-based,Espresso,1,7,7,QR
TXN-1863,8/2/2026,9:45,Putrajaya,Milk-based,Latte,1,11,11,QR
TXN-1918,8/2/2026,9:46,Puncak Alam,Ice Blended,Ice Blended Chocolate Chip,2,14,28,QR
TXN-1826,8/2/2026,9:54,Putrajaya,Ice Blended,Ice Blended Chocolate Chip,1,14,14,Cash
TXN-1922,8/2/2026,9:54,Puncak Alam,Espresso-based,Americano,3,9,27,QR
TXN-1870,8/2/2026,9:55,Putrajaya,Milk-based,Latte,2,11,22,QR
TXN-1882,8/2/2026,10:05,Puncak Alam,Milk-based,Latte,1,11,11,QR
TXN-1869,8/2/2026,10:13,Putrajaya,Ice Blended,Ice Blended Chocolate Chip,1,14,14,Cash
TXN-1902,8/2/2026,10:23,Puncak Alam,Milk-based,Mocha,1,12,12,QR
TXN-1903,8/2/2026,10:30,Puncak Alam,Milk-based,Mocha,4,12,48,QR
TXN-1934,8/2/2026,10:30,Puncak Alam,Espresso-based,Espresso,2,7,14,QR
TXN-1862,8/2/2026,10:52,Putrajaya,Espresso-based,Americano,1,9,9,QR
TXN-1898,8/2/2026,11:04,Puncak Alam,Ice Blended,Ice Blended Chocolate Chip,1,14,14,QR
TXN-1877,8/2/2026,11:24,Putrajaya,Espresso-based,Espresso,1,7,7,Cash
TXN-1858,8/2/2026,11:34,Putrajaya,Milk-based,Mocha,1,12,12,QR
TXN-1933,8/2/2026,11:38,Puncak Alam,Ice Blended,Ice Blended Chocolate Chip,3,14,42,QR
TXN-1854,8/2/2026,11:47,Putrajaya,Milk-based,Caramel Macchiato,1,13,13,QR
TXN-1842,8/2/2026,11:49,Putrajaya,Milk-based,Mocha,1,12,12,Cash
TXN-1873,8/2/2026,11:53,Putrajaya,Milk-based,Mocha,1,12,12,Cash
TXN-1881,8/2/2026,11:59,Puncak Alam,Milk-based,Mocha,1,12,12,QR
TXN-1889,8/2/2026,12:01,Puncak Alam,Espresso-based,Espresso,1,7,7,Cash
TXN-1839,8/2/2026,12:03,Putrajaya,Espresso-based,Americano,1,9,9,Cash
TXN-1859,8/2/2026,12:09,Putrajaya,Ice Blended,Ice Blended Chocolate Chip,1,14,14,QR
TXN-1835,8/2/2026,12:11,Putrajaya,Milk-based,Mocha,1,12,12,Cash
TXN-1887,8/2/2026,12:40,Puncak Alam,Milk-based,Latte,1,11,11,QR
TXN-1876,8/2/2026,12:51,Putrajaya,Espresso-based,Americano,1,9,9,Cash
TXN-1843,8/2/2026,13:11,Putrajaya,Milk-based,Cappuccino,3,11,33,Cash
TXN-1845,8/2/2026,13:12,Putrajaya,Ice Blended,Ice Blended Chocolate Chip,1,14,14,QR
TXN-1827,8/2/2026,13:15,Putrajaya,Espresso-based,Espresso,1,7,7,QR
TXN-1915,8/2/2026,13:27,Puncak Alam,Espresso-based,Espresso,1,7,7,QR
TXN-1924,8/2/2026,13:32,Puncak Alam,Milk-based,Caramel Macchiato,1,13,13,Cash
TXN-1878,8/2/2026,13:41,Puncak Alam,Milk-based,Latte,1,11,11,QR
TXN-1927,8/2/2026,13:51,Puncak Alam,Milk-based,Latte,1,11,11,Cash
TXN-1895,8/2/2026,13:56,Puncak Alam,Milk-based,Cappuccino,2,11,22,QR
TXN-1899,8/2/2026,14:00,Puncak Alam,Milk-based,Latte,1,11,11,QR
TXN-1834,8/2/2026,14:32,Putrajaya,Milk-based,Cappuccino,1,11,11,QR
TXN-1823,8/2/2026,14:46,Putrajaya,Espresso-based,Americano,1,9,9,QR
TXN-1848,8/2/2026,14:51,Putrajaya,Milk-based,Cappuccino,1,11,11,QR
TXN-1919,8/2/2026,14:58,Puncak Alam,Milk-based,Mocha,2,12,24,QR
TXN-1892,8/2/2026,15:00,Puncak Alam,Espresso-based,Espresso,1,7,7,Cash
TXN-1871,8/2/2026,15:01,Putrajaya,Ice Blended,Ice Blended Chocolate Chip,3,14,42,Cash
TXN-1833,8/2/2026,15:10,Putrajaya,Milk-based,Mocha,1,12,12,QR
TXN-1916,8/2/2026,15:12,Puncak Alam,Espresso-based,Americano,1,9,9,QR
TXN-1844,8/2/2026,15:35,Putrajaya,Milk-based,Mocha,1,12,12,QR
TXN-1872,8/2/2026,15:37,Putrajaya,Milk-based,Mocha,1,12,12,QR
TXN-1921,8/2/2026,15:38,Puncak Alam,Espresso-based,Americano,1,9,9,QR
TXN-1849,8/2/2026,15:45,Putrajaya,Milk-based,Latte,1,11,11,QR
TXN-1894,8/2/2026,15:45,Puncak Alam,Milk-based,Mocha,1,12,12,QR
TXN-1904,8/2/2026,15:57,Puncak Alam,Milk-based,Caramel Macchiato,1,13,13,Cash
TXN-1890,8/2/2026,16:01,Puncak Alam,Milk-based,Caramel Macchiato,1,13,13,QR
TXN-1935,8/2/2026,16:09,Puncak Alam,Espresso-based,Espresso,1,7,7,Cash
TXN-1910,8/2/2026,16:11,Puncak Alam,Milk-based,Mocha,1,12,12,Cash
TXN-1829,8/2/2026,16:12,Putrajaya,Ice Blended,Ice Blended Chocolate Chip,2,14,28,Cash
TXN-1837,8/2/2026,16:21,Putrajaya,Milk-based,Cappuccino,1,11,11,Cash
TXN-1925,8/2/2026,16:27,Puncak Alam,Milk-based,Cappuccino,1,11,11,Cash
TXN-1853,8/2/2026,16:32,Putrajaya,Ice Blended,Ice Blended Chocolate Chip,1,14,14,QR
TXN-1896,8/2/2026,16:40,Puncak Alam,Milk-based,Latte,1,11,11,QR
TXN-1846,8/2/2026,16:43,Putrajaya,Ice Blended,Ice Blended Chocolate Chip,2,14,28,QR
TXN-1936,8/2/2026,16:44,Puncak Alam,Espresso-based,Americano,2,9,18,QR
TXN-1879,8/2/2026,16:45,Puncak Alam,Espresso-based,Americano,4,9,36,Cash
TXN-1893,8/2/2026,16:58,Puncak Alam,Espresso-based,Americano,1,9,9,QR
TXN-1820,8/2/2026,17:08,Putrajaya,Espresso-based,Espresso,2,7,14,QR
TXN-1867,8/2/2026,17:09,Putrajaya,Espresso-based,Espresso,2,7,14,QR
TXN-1864,8/2/2026,17:15,Putrajaya,Milk-based,Latte,1,11,11,QR
TXN-1865,8/2/2026,17:30,Putrajaya,Milk-based,Mocha,1,12,12,Cash
TXN-1840,8/2/2026,17:40,Putrajaya,Milk-based,Cappuccino,1,11,11,Cash
TXN-1920,8/2/2026,17:58,Puncak Alam,Milk-based,Latte,1,11,11,QR
TXN-1824,8/2/2026,18:02,Putrajaya,Milk-based,Mocha,3,12,36,Cash
TXN-1866,8/2/2026,18:11,Putrajaya,Milk-based,Cappuccino,1,11,11,Cash
TXN-1838,8/2/2026,18:29,Putrajaya,Ice Blended,Ice Blended Chocolate Chip,1,14,14,Cash
TXN-1822,8/2/2026,18:37,Putrajaya,Ice Blended,Ice Blended Chocolate Chip,1,14,14,Cash
TXN-1883,8/2/2026,18:57,Puncak Alam,Espresso-based,Espresso,1,7,7,QR
TXN-1847,8/2/2026,19:09,Putrajaya,Ice Blended,Ice Blended Chocolate Chip,1,14,14,QR
TXN-1917,8/2/2026,19:09,Puncak Alam,Milk-based,Cappuccino,1,11,11,QR
TXN-1911,8/2/2026,19:12,Puncak Alam,Ice Blended,Ice Blended Chocolate Chip,1,14,14,Cash
TXN-1860,8/2/2026,19:19,Putrajaya,Milk-based,Cappuccino,1,11,11,Cash
TXN-1913,8/2/2026,19:28,Puncak Alam,Espresso-based,Espresso,1,7,7,QR
TXN-1885,8/2/2026,19:30,Puncak Alam,Espresso-based,Espresso,2,7,14,QR
TXN-1906,8/2/2026,19:40,Puncak Alam,Ice Blended,Ice Blended Chocolate Chip,1,14,14,QR
TXN-1931,8/2/2026,19:48,Puncak Alam,Ice Blended,Ice Blended Chocolate Chip,1,14,14,QR
TXN-1832,8/2/2026,19:51,Putrajaya,Espresso-based,Americano,1,9,9,QR
TXN-1852,8/2/2026,19:56,Putrajaya,Espresso-based,Espresso,2,7,14,QR
TXN-1932,8/2/2026,19:57,Puncak Alam,Milk-based,Cappuccino,1,11,11,QR
TXN-1874,8/2/2026,20:01,Putrajaya,Milk-based,Latte,1,11,11,QR
TXN-1908,8/2/2026,20:05,Puncak Alam,Espresso-based,Espresso,1,7,7,QR
TXN-1923,8/2/2026,20:16,Puncak Alam,Milk-based,Cappuccino,1,11,11,QR
TXN-1930,8/2/2026,20:18,Puncak Alam,Espresso-based,Americano,3,9,27,Cash
TXN-1825,8/2/2026,20:31,Putrajaya,Espresso-based,Americano,1,9,9,QR
TXN-1821,8/2/2026,20:32,Putrajaya,Ice Blended,Ice Blended Chocolate Chip,1,14,14,Cash
TXN-1851,8/2/2026,20:36,Putrajaya,Milk-based,Caramel Macchiato,1,13,13,QR
TXN-1900,8/2/2026,20:38,Puncak Alam,Espresso-based,Americano,3,9,27,QR
TXN-1929,8/2/2026,20:41,Puncak Alam,Milk-based,Latte,1,11,11,QR
TXN-1886,8/2/2026,20:45,Puncak Alam,Milk-based,Latte,1,11,11,Cash
TXN-1861,8/2/2026,20:46,Putrajaya,Milk-based,Cappuccino,3,11,33,QR
TXN-1907,8/2/2026,20:55,Puncak Alam,Espresso-based,Americano,1,9,9,Cash
TXN-1868,8/2/2026,21:00,Putrajaya,Espresso-based,Americano,1,9,9,Cash
TXN-1850,8/2/2026,21:07,Putrajaya,Milk-based,Caramel Macchiato,1,13,13,QR
TXN-1928,8/2/2026,21:21,Puncak Alam,Milk-based,Cappuccino,2,11,22,QR
TXN-1875,8/2/2026,21:22,Putrajaya,Milk-based,Cappuccino,1,11,11,Cash
TXN-1884,8/2/2026,21:23,Puncak Alam,Milk-based,Caramel Macchiato,1,13,13,QR
TXN-1856,8/2/2026,21:29,Putrajaya,Milk-based,Mocha,1,12,12,QR
TXN-1855,8/2/2026,21:45,Putrajaya,Milk-based,Caramel Macchiato,2,13,26,QR
TXN-1828,8/2/2026,21:54,Putrajaya,Milk-based,Caramel Macchiato,2,13,26,QR
TXN-1949,9/2/2026,8:01,Putrajaya,Espresso-based,Americano,1,9,9,QR
TXN-1977,9/2/2026,8:08,Puncak Alam,Espresso-based,Americano,1,9,9,QR
TXN-2032,9/2/2026,8:23,Puncak Alam,Espresso-based,Espresso,2,7,14,QR
TXN-2019,9/2/2026,8:33,Puncak Alam,Ice Blended,Ice Blended Chocolate Chip,1,14,14,Cash
TXN-1943,9/2/2026,8:37,Putrajaya,Espresso-based,Espresso,1,7,7,QR
TXN-1968,9/2/2026,8:45,Putrajaya,Milk-based,Caramel Macchiato,1,13,13,QR
TXN-2013,9/2/2026,8:54,Puncak Alam,Milk-based,Caramel Macchiato,1,13,13,QR
TXN-1969,9/2/2026,8:58,Putrajaya,Milk-based,Caramel Macchiato,3,13,39,QR
TXN-1965,9/2/2026,9:04,Putrajaya,Milk-based,Caramel Macchiato,1,13,13,QR
TXN-1963,9/2/2026,9:16,Putrajaya,Espresso-based,Espresso,1,7,7,QR
TXN-2009,9/2/2026,9:20,Puncak Alam,Milk-based,Latte,2,11,22,QR
TXN-2024,9/2/2026,9:23,Puncak Alam,Milk-based,Caramel Macchiato,4,13,52,QR
TXN-1981,9/2/2026,9:29,Puncak Alam,Milk-based,Mocha,1,12,12,QR
TXN-1994,9/2/2026,9:42,Puncak Alam,Espresso-based,Espresso,1,7,7,Cash
TXN-2025,9/2/2026,9:51,Puncak Alam,Espresso-based,Americano,2,9,18,QR
TXN-1978,9/2/2026,9:59,Puncak Alam,Milk-based,Cappuccino,1,11,11,Cash
TXN-1964,9/2/2026,10:07,Putrajaya,Espresso-based,Americano,1,9,9,QR
TXN-1998,9/2/2026,10:24,Puncak Alam,Ice Blended,Ice Blended Chocolate Chip,1,14,14,QR
TXN-1956,9/2/2026,10:32,Putrajaya,Ice Blended,Ice Blended Chocolate Chip,1,14,14,QR
TXN-1995,9/2/2026,10:44,Puncak Alam,Milk-based,Cappuccino,1,11,11,QR
TXN-1979,9/2/2026,10:57,Puncak Alam,Milk-based,Latte,1,11,11,QR
TXN-1986,9/2/2026,11:05,Puncak Alam,Espresso-based,Espresso,1,7,7,QR
TXN-1939,9/2/2026,11:12,Putrajaya,Milk-based,Cappuccino,4,11,44,Cash
TXN-1959,9/2/2026,11:25,Putrajaya,Espresso-based,Espresso,2,7,14,QR
TXN-2028,9/2/2026,11:26,Puncak Alam,Milk-based,Caramel Macchiato,1,13,13,QR
TXN-1974,9/2/2026,11:40,Putrajaya,Milk-based,Caramel Macchiato,1,13,13,QR
TXN-1973,9/2/2026,11:42,Putrajaya,Espresso-based,Espresso,1,7,7,QR
TXN-1992,9/2/2026,11:42,Puncak Alam,Ice Blended,Ice Blended Chocolate Chip,1,14,14,QR
TXN-2011,9/2/2026,11:44,Puncak Alam,Milk-based,Latte,1,11,11,QR
TXN-2014,9/2/2026,11:59,Puncak Alam,Milk-based,Mocha,1,12,12,QR
TXN-1960,9/2/2026,12:22,Putrajaya,Milk-based,Cappuccino,1,11,11,QR
TXN-2003,9/2/2026,12:33,Puncak Alam,Milk-based,Mocha,3,12,36,QR
TXN-2008,9/2/2026,12:42,Puncak Alam,Milk-based,Latte,1,11,11,QR
TXN-2029,9/2/2026,12:45,Puncak Alam,Milk-based,Mocha,1,12,12,QR
TXN-2036,9/2/2026,12:47,Puncak Alam,Milk-based,Cappuccino,1,11,11,QR
TXN-2012,9/2/2026,12:49,Puncak Alam,Espresso-based,Espresso,1,7,7,Cash
TXN-1947,9/2/2026,12:59,Putrajaya,Milk-based,Latte,2,11,22,Cash
TXN-1982,9/2/2026,13:01,Puncak Alam,Milk-based,Latte,1,11,11,QR
TXN-1976,9/2/2026,13:05,Puncak Alam,Milk-based,Cappuccino,1,11,11,QR
TXN-1991,9/2/2026,13:25,Puncak Alam,Ice Blended,Ice Blended Chocolate Chip,1,14,14,Cash
TXN-2027,9/2/2026,13:34,Puncak Alam,Espresso-based,Americano,1,9,9,QR
TXN-2000,9/2/2026,13:48,Puncak Alam,Milk-based,Mocha,2,12,24,QR
TXN-2010,9/2/2026,14:01,Puncak Alam,Milk-based,Mocha,1,12,12,Cash
TXN-1989,9/2/2026,14:09,Puncak Alam,Milk-based,Latte,1,11,11,QR
TXN-2031,9/2/2026,14:11,Puncak Alam,Milk-based,Caramel Macchiato,1,13,13,QR
TXN-1951,9/2/2026,14:38,Putrajaya,Milk-based,Caramel Macchiato,3,13,39,QR
TXN-2033,9/2/2026,14:47,Puncak Alam,Milk-based,Caramel Macchiato,1,13,13,Cash
TXN-2007,9/2/2026,14:54,Puncak Alam,Espresso-based,Americano,1,9,9,Cash
TXN-1954,9/2/2026,15:03,Putrajaya,Ice Blended,Ice Blended Chocolate Chip,1,14,14,QR
TXN-1983,9/2/2026,15:03,Puncak Alam,Espresso-based,Americano,1,9,9,Cash
TXN-1948,9/2/2026,15:05,Putrajaya,Milk-based,Latte,1,11,11,Cash
TXN-1972,9/2/2026,15:15,Putrajaya,Milk-based,Cappuccino,1,11,11,QR
TXN-2022,9/2/2026,15:19,Puncak Alam,Milk-based,Caramel Macchiato,1,13,13,QR
TXN-1990,9/2/2026,15:27,Puncak Alam,Milk-based,Caramel Macchiato,1,13,13,QR
TXN-1958,9/2/2026,15:35,Putrajaya,Espresso-based,Americano,1,9,9,QR
TXN-1950,9/2/2026,15:49,Putrajaya,Milk-based,Cappuccino,1,11,11,QR
TXN-1937,9/2/2026,15:55,Putrajaya,Ice Blended,Ice Blended Chocolate Chip,1,14,14,QR
TXN-2026,9/2/2026,16:07,Puncak Alam,Milk-based,Cappuccino,1,11,11,QR
TXN-1985,9/2/2026,16:09,Puncak Alam,Milk-based,Latte,1,11,11,Cash
TXN-1961,9/2/2026,16:12,Putrajaya,Ice Blended,Ice Blended Chocolate Chip,1,14,14,Cash
TXN-1997,9/2/2026,16:15,Puncak Alam,Ice Blended,Ice Blended Chocolate Chip,2,14,28,Cash
TXN-1952,9/2/2026,16:28,Putrajaya,Espresso-based,Espresso,2,7,14,QR
TXN-2034,9/2/2026,16:36,Puncak Alam,Milk-based,Caramel Macchiato,1,13,13,QR
TXN-1988,9/2/2026,16:48,Puncak Alam,Milk-based,Cappuccino,1,11,11,QR
TXN-1938,9/2/2026,16:57,Putrajaya,Milk-based,Latte,1,11,11,Cash
TXN-2030,9/2/2026,17:01,Puncak Alam,Milk-based,Caramel Macchiato,1,13,13,Cash
TXN-1966,9/2/2026,17:34,Putrajaya,Milk-based,Mocha,1,12,12,QR
TXN-1940,9/2/2026,17:37,Putrajaya,Espresso-based,Americano,1,9,9,QR
TXN-1971,9/2/2026,17:50,Putrajaya,Milk-based,Latte,1,11,11,Cash
TXN-2021,9/2/2026,17:56,Puncak Alam,Milk-based,Cappuccino,1,11,11,QR
TXN-1962,9/2/2026,18:07,Putrajaya,Ice Blended,Ice Blended Chocolate Chip,1,14,14,Cash
TXN-1996,9/2/2026,18:10,Puncak Alam,Milk-based,Caramel Macchiato,1,13,13,QR
TXN-1942,9/2/2026,18:25,Putrajaya,Milk-based,Cappuccino,1,11,11,Cash
TXN-1970,9/2/2026,18:28,Putrajaya,Milk-based,Caramel Macchiato,2,13,26,QR
TXN-2015,9/2/2026,18:35,Puncak Alam,Milk-based,Mocha,1,12,12,Cash
TXN-1967,9/2/2026,18:40,Putrajaya,Milk-based,Caramel Macchiato,3,13,39,Cash
TXN-1987,9/2/2026,18:59,Puncak Alam,Ice Blended,Ice Blended Chocolate Chip,1,14,14,QR
TXN-2037,9/2/2026,19:07,Puncak Alam,Espresso-based,Espresso,4,7,28,Cash
TXN-1975,9/2/2026,19:09,Putrajaya,Ice Blended,Ice Blended Chocolate Chip,1,14,14,QR
TXN-2023,9/2/2026,19:20,Puncak Alam,Espresso-based,Espresso,1,7,7,QR
TXN-2035,9/2/2026,19:22,Puncak Alam,Espresso-based,Americano,2,9,18,Cash
TXN-2006,9/2/2026,19:32,Puncak Alam,Milk-based,Caramel Macchiato,2,13,26,QR
TXN-2020,9/2/2026,19:35,Puncak Alam,Ice Blended,Ice Blended Chocolate Chip,1,14,14,QR
TXN-2017,9/2/2026,19:42,Puncak Alam,Espresso-based,Americano,2,9,18,QR
TXN-2018,9/2/2026,19:50,Puncak Alam,Espresso-based,Espresso,2,7,14,QR
TXN-1945,9/2/2026,19:51,Putrajaya,Espresso-based,Americano,1,9,9,QR
TXN-2016,9/2/2026,19:56,Puncak Alam,Milk-based,Cappuccino,3,11,33,Cash
TXN-1993,9/2/2026,20:01,Puncak Alam,Ice Blended,Ice Blended Chocolate Chip,3,14,42,QR
TXN-1946,9/2/2026,20:13,Putrajaya,Milk-based,Cappuccino,1,11,11,QR
TXN-1953,9/2/2026,20:29,Putrajaya,Ice Blended,Ice Blended Chocolate Chip,3,14,42,QR
TXN-1941,9/2/2026,20:50,Putrajaya,Ice Blended,Ice Blended Chocolate Chip,1,14,14,QR
TXN-1957,9/2/2026,21:15,Putrajaya,Milk-based,Caramel Macchiato,1,13,13,Cash
TXN-1984,9/2/2026,21:16,Puncak Alam,Ice Blended,Ice Blended Chocolate Chip,1,14,14,Cash
TXN-1944,9/2/2026,21:35,Putrajaya,Ice Blended,Ice Blended Chocolate Chip,1,14,14,Cash
TXN-1999,9/2/2026,21:37,Puncak Alam,Ice Blended,Ice Blended Chocolate Chip,1,14,14,QR
TXN-2005,9/2/2026,21:37,Puncak Alam,Ice Blended,Ice Blended Chocolate Chip,1,14,14,QR
TXN-2002,9/2/2026,21:47,Puncak Alam,Ice Blended,Ice Blended Chocolate Chip,1,14,14,QR
TXN-2004,9/2/2026,21:49,Puncak Alam,Milk-based,Cappuccino,3,11,33,Cash
TXN-2001,9/2/2026,21:55,Puncak Alam,Milk-based,Latte,1,11,11,QR
TXN-1955,9/2/2026,21:57,Putrajaya,Milk-based,Cappuccino,1,11,11,QR
TXN-1980,9/2/2026,21:59,Puncak Alam,Milk-based,Mocha,2,12,24,QR
TXN-2137,10/2/2026,8:01,Puncak Alam,Ice Blended,Ice Blended Chocolate Chip,2,14,28,QR
TXN-2110,10/2/2026,8:12,Puncak Alam,Milk-based,Cappuccino,2,11,22,QR
TXN-2153,10/2/2026,8:33,Puncak Alam,Espresso-based,Espresso,2,7,14,Cash
TXN-2100,10/2/2026,8:48,Puncak Alam,Espresso-based,Americano,1,9,9,Cash
TXN-2140,10/2/2026,9:35,Puncak Alam,Ice Blended,Ice Blended Chocolate Chip,1,14,14,QR
TXN-2053,10/2/2026,9:51,Putrajaya,Ice Blended,Ice Blended Chocolate Chip,1,14,14,QR
TXN-2038,10/2/2026,9:54,Putrajaya,Milk-based,Latte,2,11,22,Cash
TXN-2135,10/2/2026,9:57,Puncak Alam,Milk-based,Cappuccino,1,11,11,Cash
TXN-2149,10/2/2026,9:59,Puncak Alam,Espresso-based,Espresso,1,7,7,QR
TXN-2088,10/2/2026,10:02,Putrajaya,Espresso-based,Americano,2,9,18,QR
TXN-2080,10/2/2026,10:08,Putrajaya,Milk-based,Cappuccino,2,11,22,QR
TXN-2079,10/2/2026,10:11,Putrajaya,Espresso-based,Espresso,3,7,21,Cash
TXN-2046,10/2/2026,10:16,Putrajaya,Espresso-based,Espresso,1,7,7,QR
TXN-2042,10/2/2026,10:39,Putrajaya,Milk-based,Caramel Macchiato,1,13,13,QR
TXN-2072,10/2/2026,10:39,Putrajaya,Espresso-based,Espresso,1,7,7,QR
TXN-2124,10/2/2026,10:45,Puncak Alam,Milk-based,Latte,1,11,11,QR
TXN-2103,10/2/2026,10:52,Puncak Alam,Ice Blended,Ice Blended Chocolate Chip,1,14,14,QR
TXN-2064,10/2/2026,10:53,Putrajaya,Espresso-based,Espresso,2,7,14,QR
TXN-2062,10/2/2026,11:07,Putrajaya,Milk-based,Mocha,2,12,24,QR
TXN-2052,10/2/2026,11:12,Putrajaya,Milk-based,Mocha,2,12,24,QR
TXN-2138,10/2/2026,11:23,Puncak Alam,Milk-based,Caramel Macchiato,1,13,13,QR
TXN-2054,10/2/2026,11:35,Putrajaya,Milk-based,Latte,2,11,22,Cash
TXN-2069,10/2/2026,11:39,Putrajaya,Milk-based,Latte,1,11,11,QR
TXN-2123,10/2/2026,11:40,Puncak Alam,Milk-based,Caramel Macchiato,1,13,13,Cash
TXN-2109,10/2/2026,11:41,Puncak Alam,Milk-based,Caramel Macchiato,1,13,13,Cash
TXN-2167,10/2/2026,11:46,Puncak Alam,Milk-based,Latte,1,11,11,QR
TXN-2107,10/2/2026,11:49,Puncak Alam,Ice Blended,Ice Blended Chocolate Chip,1,14,14,Cash
TXN-2092,10/2/2026,11:52,Puncak Alam,Espresso-based,Americano,1,9,9,QR
TXN-2060,10/2/2026,12:06,Putrajaya,Milk-based,Caramel Macchiato,1,13,13,QR
TXN-2085,10/2/2026,12:13,Putrajaya,Ice Blended,Ice Blended Chocolate Chip,1,14,14,QR
TXN-2077,10/2/2026,12:16,Putrajaya,Ice Blended,Ice Blended Chocolate Chip,1,14,14,Cash
TXN-2073,10/2/2026,12:18,Putrajaya,Espresso-based,Americano,1,9,9,Cash
TXN-2139,10/2/2026,12:19,Puncak Alam,Espresso-based,Espresso,1,7,7,QR
TXN-2078,10/2/2026,12:22,Putrajaya,Espresso-based,Espresso,1,7,7,QR
TXN-2136,10/2/2026,12:23,Puncak Alam,Milk-based,Mocha,1,12,12,Cash
TXN-2162,10/2/2026,12:44,Puncak Alam,Espresso-based,Americano,1,9,9,QR
TXN-2039,10/2/2026,12:55,Putrajaya,Milk-based,Mocha,1,12,12,QR
TXN-2129,10/2/2026,12:55,Puncak Alam,Espresso-based,Americano,2,9,18,Cash
TXN-2132,10/2/2026,12:55,Puncak Alam,Milk-based,Latte,1,11,11,QR
TXN-2090,10/2/2026,12:56,Puncak Alam,Espresso-based,Espresso,1,7,7,Cash
TXN-2119,10/2/2026,12:56,Puncak Alam,Espresso-based,Americano,2,9,18,Cash
TXN-2084,10/2/2026,12:58,Putrajaya,Milk-based,Latte,1,11,11,QR
TXN-2160,10/2/2026,13:03,Puncak Alam,Milk-based,Latte,2,11,22,QR
TXN-2166,10/2/2026,13:12,Puncak Alam,Milk-based,Cappuccino,1,11,11,Cash
TXN-2134,10/2/2026,13:15,Puncak Alam,Milk-based,Mocha,1,12,12,QR
TXN-2091,10/2/2026,13:16,Puncak Alam,Espresso-based,Espresso,1,7,7,Cash
TXN-2051,10/2/2026,13:18,Putrajaya,Milk-based,Latte,1,11,11,QR
TXN-2099,10/2/2026,13:37,Puncak Alam,Milk-based,Cappuccino,1,11,11,QR
TXN-2041,10/2/2026,13:38,Putrajaya,Milk-based,Cappuccino,1,11,11,QR
TXN-2070,10/2/2026,13:38,Putrajaya,Ice Blended,Ice Blended Chocolate Chip,2,14,28,QR
TXN-2151,10/2/2026,13:43,Puncak Alam,Milk-based,Caramel Macchiato,1,13,13,QR
TXN-2093,10/2/2026,13:45,Puncak Alam,Milk-based,Mocha,1,12,12,QR
TXN-2101,10/2/2026,13:51,Puncak Alam,Ice Blended,Ice Blended Chocolate Chip,1,14,14,QR
TXN-2075,10/2/2026,13:59,Putrajaya,Milk-based,Latte,1,11,11,QR
TXN-2158,10/2/2026,14:01,Puncak Alam,Espresso-based,Americano,1,9,9,QR
TXN-2066,10/2/2026,14:06,Putrajaya,Milk-based,Cappuccino,2,11,22,QR
TXN-2105,10/2/2026,14:07,Puncak Alam,Espresso-based,Americano,2,9,18,Cash
TXN-2104,10/2/2026,14:13,Puncak Alam,Espresso-based,Espresso,1,7,7,Cash
TXN-2102,10/2/2026,14:18,Puncak Alam,Milk-based,Latte,2,11,22,QR
TXN-2118,10/2/2026,14:20,Puncak Alam,Ice Blended,Ice Blended Chocolate Chip,1,14,14,QR
TXN-2057,10/2/2026,14:29,Putrajaya,Milk-based,Caramel Macchiato,1,13,13,QR
TXN-2068,10/2/2026,14:35,Putrajaya,Milk-based,Caramel Macchiato,3,13,39,Cash
TXN-2083,10/2/2026,14:36,Putrajaya,Milk-based,Mocha,1,12,12,QR
TXN-2074,10/2/2026,14:41,Putrajaya,Milk-based,Caramel Macchiato,2,13,26,QR
TXN-2150,10/2/2026,14:54,Puncak Alam,Espresso-based,Americano,1,9,9,QR
TXN-2148,10/2/2026,14:56,Puncak Alam,Espresso-based,Americano,1,9,9,Cash
TXN-2071,10/2/2026,15:06,Putrajaya,Milk-based,Mocha,1,12,12,Cash
TXN-2098,10/2/2026,15:10,Puncak Alam,Milk-based,Caramel Macchiato,1,13,13,QR
TXN-2128,10/2/2026,15:14,Puncak Alam,Ice Blended,Ice Blended Chocolate Chip,1,14,14,QR
TXN-2056,10/2/2026,15:26,Putrajaya,Milk-based,Mocha,1,12,12,Cash
TXN-2120,10/2/2026,15:33,Puncak Alam,Milk-based,Latte,2,11,22,QR
TXN-2111,10/2/2026,15:37,Puncak Alam,Milk-based,Cappuccino,2,11,22,Cash
TXN-2108,10/2/2026,15:53,Puncak Alam,Milk-based,Caramel Macchiato,1,13,13,QR
TXN-2065,10/2/2026,16:00,Putrajaya,Milk-based,Latte,1,11,11,QR
TXN-2146,10/2/2026,16:14,Puncak Alam,Milk-based,Caramel Macchiato,1,13,13,QR
TXN-2049,10/2/2026,16:19,Putrajaya,Milk-based,Mocha,1,12,12,QR
TXN-2095,10/2/2026,16:24,Puncak Alam,Milk-based,Mocha,1,12,12,QR
TXN-2081,10/2/2026,16:26,Putrajaya,Milk-based,Mocha,1,12,12,Cash
TXN-2116,10/2/2026,16:26,Puncak Alam,Milk-based,Caramel Macchiato,1,13,13,Cash
TXN-2055,10/2/2026,16:31,Putrajaya,Milk-based,Caramel Macchiato,1,13,13,QR
TXN-2114,10/2/2026,16:33,Puncak Alam,Milk-based,Cappuccino,4,11,44,QR
TXN-2040,10/2/2026,16:36,Putrajaya,Milk-based,Cappuccino,1,11,11,Cash
TXN-2157,10/2/2026,16:43,Puncak Alam,Milk-based,Latte,1,11,11,Cash
TXN-2144,10/2/2026,16:54,Puncak Alam,Ice Blended,Ice Blended Chocolate Chip,1,14,14,QR
TXN-2059,10/2/2026,16:55,Putrajaya,Milk-based,Caramel Macchiato,3,13,39,Cash
TXN-2086,10/2/2026,16:55,Putrajaya,Ice Blended,Ice Blended Chocolate Chip,1,14,14,QR
TXN-2082,10/2/2026,16:56,Putrajaya,Espresso-based,Espresso,1,7,7,QR
TXN-2161,10/2/2026,16:59,Puncak Alam,Milk-based,Cappuccino,1,11,11,QR
TXN-2164,10/2/2026,17:12,Puncak Alam,Milk-based,Caramel Macchiato,1,13,13,Cash
TXN-2125,10/2/2026,17:20,Puncak Alam,Milk-based,Latte,1,11,11,QR
TXN-2061,10/2/2026,17:29,Putrajaya,Milk-based,Caramel Macchiato,2,13,26,Cash
TXN-2076,10/2/2026,17:30,Putrajaya,Ice Blended,Ice Blended Chocolate Chip,1,14,14,QR
TXN-2043,10/2/2026,17:40,Putrajaya,Espresso-based,Espresso,1,7,7,Cash
TXN-2047,10/2/2026,17:54,Putrajaya,Espresso-based,Espresso,1,7,7,QR
TXN-2087,10/2/2026,18:03,Putrajaya,Milk-based,Mocha,1,12,12,Cash
TXN-2097,10/2/2026,18:10,Puncak Alam,Milk-based,Cappuccino,1,11,11,Cash
TXN-2058,10/2/2026,18:15,Putrajaya,Milk-based,Mocha,1,12,12,Cash
TXN-2089,10/2/2026,18:16,Putrajaya,Ice Blended,Ice Blended Chocolate Chip,1,14,14,QR
TXN-2117,10/2/2026,18:24,Puncak Alam,Milk-based,Caramel Macchiato,1,13,13,Cash
TXN-2126,10/2/2026,18:24,Puncak Alam,Milk-based,Caramel Macchiato,1,13,13,QR
TXN-2131,10/2/2026,18:24,Puncak Alam,Espresso-based,Espresso,1,7,7,QR
TXN-2165,10/2/2026,18:26,Puncak Alam,Ice Blended,Ice Blended Chocolate Chip,1,14,14,Cash
TXN-2045,10/2/2026,18:28,Putrajaya,Milk-based,Latte,1,11,11,QR
TXN-2141,10/2/2026,18:30,Puncak Alam,Milk-based,Cappuccino,1,11,11,Cash
TXN-2133,10/2/2026,18:33,Puncak Alam,Ice Blended,Ice Blended Chocolate Chip,3,14,42,QR
TXN-2122,10/2/2026,18:34,Puncak Alam,Espresso-based,Espresso,1,7,7,QR
TXN-2067,10/2/2026,18:44,Putrajaya,Milk-based,Latte,1,11,11,Cash
TXN-2152,10/2/2026,18:49,Puncak Alam,Milk-based,Mocha,2,12,24,Cash
TXN-2154,10/2/2026,18:53,Puncak Alam,Milk-based,Latte,1,11,11,QR
TXN-2106,10/2/2026,18:54,Puncak Alam,Espresso-based,Americano,1,9,9,QR
TXN-2147,10/2/2026,19:02,Puncak Alam,Espresso-based,Espresso,1,7,7,QR
TXN-2143,10/2/2026,19:13,Puncak Alam,Espresso-based,Espresso,1,7,7,QR
TXN-2048,10/2/2026,19:21,Putrajaya,Espresso-based,Espresso,2,7,14,Cash
TXN-2115,10/2/2026,19:25,Puncak Alam,Milk-based,Cappuccino,1,11,11,Cash
TXN-2145,10/2/2026,19:41,Puncak Alam,Milk-based,Latte,3,11,33,QR
TXN-2044,10/2/2026,19:53,Putrajaya,Milk-based,Cappuccino,2,11,22,Cash
TXN-2094,10/2/2026,20:41,Puncak Alam,Milk-based,Mocha,1,12,12,QR
TXN-2155,10/2/2026,20:49,Puncak Alam,Espresso-based,Americano,3,9,27,QR
TXN-2163,10/2/2026,20:54,Puncak Alam,Milk-based,Latte,1,11,11,QR
TXN-2121,10/2/2026,21:02,Puncak Alam,Milk-based,Caramel Macchiato,1,13,13,QR
TXN-2142,10/2/2026,21:04,Puncak Alam,Ice Blended,Ice Blended Chocolate Chip,1,14,14,QR
TXN-2156,10/2/2026,21:17,Puncak Alam,Milk-based,Caramel Macchiato,1,13,13,Cash
TXN-2159,10/2/2026,21:18,Puncak Alam,Ice Blended,Ice Blended Chocolate Chip,2,14,28,QR
TXN-2063,10/2/2026,21:23,Putrajaya,Ice Blended,Ice Blended Chocolate Chip,1,14,14,QR
TXN-2096,10/2/2026,21:25,Puncak Alam,Milk-based,Latte,1,11,11,QR
TXN-2113,10/2/2026,21:32,Puncak Alam,Milk-based,Mocha,3,12,36,QR
TXN-2050,10/2/2026,21:33,Putrajaya,Milk-based,Latte,1,11,11,Cash
TXN-2127,10/2/2026,21:39,Puncak Alam,Milk-based,Mocha,1,12,12,Cash
TXN-2112,10/2/2026,21:48,Puncak Alam,Milk-based,Latte,1,11,11,QR
TXN-2130,10/2/2026,21:52,Puncak Alam,Espresso-based,Espresso,1,7,7,QR
TXN-2202,11/2/2026,8:01,Puncak Alam,Milk-based,Caramel Macchiato,2,13,26,Cash
TXN-2223,11/2/2026,8:04,Puncak Alam,Milk-based,Latte,2,11,22,Cash
TXN-2209,11/2/2026,8:12,Puncak Alam,Espresso-based,Espresso,1,7,7,QR
TXN-2176,11/2/2026,8:17,Putrajaya,Espresso-based,Espresso,1,7,7,QR
TXN-2212,11/2/2026,8:18,Puncak Alam,Espresso-based,Americano,1,9,9,QR
TXN-2235,11/2/2026,8:30,Puncak Alam,Ice Blended,Ice Blended Chocolate Chip,2,14,28,QR
TXN-2188,11/2/2026,8:43,Putrajaya,Espresso-based,Americano,1,9,9,QR
TXN-2203,11/2/2026,8:50,Puncak Alam,Milk-based,Cappuccino,1,11,11,Cash
TXN-2252,11/2/2026,9:03,Puncak Alam,Ice Blended,Ice Blended Chocolate Chip,1,14,14,Cash
TXN-2200,11/2/2026,9:06,Puncak Alam,Espresso-based,Espresso,1,7,7,QR
TXN-2216,11/2/2026,9:24,Puncak Alam,Milk-based,Mocha,1,12,12,QR
TXN-2190,11/2/2026,9:33,Putrajaya,Milk-based,Mocha,1,12,12,Cash
TXN-2218,11/2/2026,9:56,Puncak Alam,Espresso-based,Americano,2,9,18,QR
TXN-2193,11/2/2026,10:07,Putrajaya,Ice Blended,Ice Blended Chocolate Chip,2,14,28,Cash
TXN-2227,11/2/2026,10:08,Puncak Alam,Espresso-based,Americano,1,9,9,QR
TXN-2234,11/2/2026,10:09,Puncak Alam,Milk-based,Latte,1,11,11,Cash
TXN-2213,11/2/2026,10:38,Puncak Alam,Espresso-based,Espresso,1,7,7,QR
TXN-2186,11/2/2026,10:47,Putrajaya,Ice Blended,Ice Blended Chocolate Chip,2,14,28,QR
TXN-2172,11/2/2026,10:53,Putrajaya,Espresso-based,Espresso,1,7,7,Cash
TXN-2206,11/2/2026,11:02,Puncak Alam,Espresso-based,Espresso,1,7,7,Cash
TXN-2201,11/2/2026,11:11,Puncak Alam,Milk-based,Latte,1,11,11,QR
TXN-2230,11/2/2026,11:13,Puncak Alam,Milk-based,Mocha,1,12,12,QR
TXN-2219,11/2/2026,11:16,Puncak Alam,Espresso-based,Espresso,1,7,7,Cash
TXN-2204,11/2/2026,11:42,Puncak Alam,Espresso-based,Americano,4,9,36,QR
TXN-2240,11/2/2026,11:44,Puncak Alam,Espresso-based,Americano,1,9,9,Cash
TXN-2236,11/2/2026,12:18,Puncak Alam,Milk-based,Cappuccino,1,11,11,QR
TXN-2226,11/2/2026,12:48,Puncak Alam,Milk-based,Mocha,1,12,12,Cash
TXN-2182,11/2/2026,12:51,Putrajaya,Milk-based,Cappuccino,2,11,22,Cash
TXN-2239,11/2/2026,12:55,Puncak Alam,Milk-based,Mocha,2,12,24,QR
TXN-2217,11/2/2026,13:15,Puncak Alam,Milk-based,Latte,3,11,33,QR
TXN-2184,11/2/2026,13:18,Putrajaya,Ice Blended,Ice Blended Chocolate Chip,3,14,42,QR
TXN-2170,11/2/2026,13:26,Putrajaya,Espresso-based,Espresso,1,7,7,QR
TXN-2241,11/2/2026,13:45,Puncak Alam,Milk-based,Mocha,1,12,12,Cash
TXN-2177,11/2/2026,13:49,Putrajaya,Milk-based,Mocha,1,12,12,QR
TXN-2249,11/2/2026,14:03,Puncak Alam,Milk-based,Mocha,1,12,12,Cash
TXN-2198,11/2/2026,14:04,Puncak Alam,Milk-based,Caramel Macchiato,1,13,13,QR
TXN-2233,11/2/2026,14:22,Puncak Alam,Milk-based,Latte,1,11,11,QR
TXN-2232,11/2/2026,14:30,Puncak Alam,Milk-based,Latte,3,11,33,QR
TXN-2169,11/2/2026,14:31,Putrajaya,Milk-based,Caramel Macchiato,2,13,26,QR
TXN-2185,11/2/2026,14:43,Putrajaya,Milk-based,Latte,3,11,33,QR
TXN-2196,11/2/2026,15:06,Putrajaya,Ice Blended,Ice Blended Chocolate Chip,2,14,28,Cash
TXN-2245,11/2/2026,15:28,Puncak Alam,Espresso-based,Espresso,2,7,14,QR
TXN-2194,11/2/2026,15:41,Putrajaya,Milk-based,Cappuccino,1,11,11,QR
TXN-2179,11/2/2026,15:45,Putrajaya,Espresso-based,Americano,2,9,18,QR
TXN-2210,11/2/2026,15:48,Puncak Alam,Espresso-based,Americano,1,9,9,QR
TXN-2228,11/2/2026,15:50,Puncak Alam,Ice Blended,Ice Blended Chocolate Chip,1,14,14,QR
TXN-2242,11/2/2026,16:02,Puncak Alam,Milk-based,Latte,1,11,11,QR
TXN-2222,11/2/2026,16:14,Puncak Alam,Milk-based,Caramel Macchiato,1,13,13,Cash
TXN-2224,11/2/2026,16:15,Puncak Alam,Espresso-based,Americano,1,9,9,QR
TXN-2189,11/2/2026,16:44,Putrajaya,Milk-based,Latte,2,11,22,QR
TXN-2231,11/2/2026,16:44,Puncak Alam,Milk-based,Caramel Macchiato,3,13,39,Cash
TXN-2178,11/2/2026,16:58,Putrajaya,Milk-based,Mocha,1,12,12,QR
TXN-2207,11/2/2026,17:13,Puncak Alam,Milk-based,Latte,1,11,11,QR
TXN-2174,11/2/2026,17:31,Putrajaya,Espresso-based,Espresso,1,7,7,Cash
TXN-2243,11/2/2026,17:35,Puncak Alam,Espresso-based,Espresso,1,7,7,Cash
TXN-2205,11/2/2026,17:45,Puncak Alam,Espresso-based,Americano,1,9,9,QR
TXN-2211,11/2/2026,17:53,Puncak Alam,Milk-based,Mocha,1,12,12,QR
TXN-2237,11/2/2026,17:54,Puncak Alam,Espresso-based,Americano,2,9,18,QR
TXN-2195,11/2/2026,18:08,Putrajaya,Espresso-based,Espresso,1,7,7,Cash
TXN-2208,11/2/2026,18:11,Puncak Alam,Milk-based,Caramel Macchiato,1,13,13,QR
TXN-2221,11/2/2026,18:20,Puncak Alam,Milk-based,Latte,1,11,11,Cash
TXN-2171,11/2/2026,18:24,Putrajaya,Milk-based,Caramel Macchiato,3,13,39,QR
TXN-2191,11/2/2026,18:35,Putrajaya,Milk-based,Caramel Macchiato,2,13,26,QR
TXN-2248,11/2/2026,18:37,Puncak Alam,Milk-based,Cappuccino,1,11,11,QR
TXN-2183,11/2/2026,18:39,Putrajaya,Espresso-based,Espresso,1,7,7,QR
TXN-2192,11/2/2026,18:49,Putrajaya,Milk-based,Caramel Macchiato,1,13,13,QR
TXN-2244,11/2/2026,18:59,Puncak Alam,Milk-based,Latte,1,11,11,QR
TXN-2225,11/2/2026,19:03,Puncak Alam,Espresso-based,Espresso,1,7,7,QR
TXN-2229,11/2/2026,19:23,Puncak Alam,Milk-based,Caramel Macchiato,1,13,13,QR
TXN-2247,11/2/2026,19:28,Puncak Alam,Milk-based,Cappuccino,1,11,11,QR
TXN-2220,11/2/2026,19:36,Puncak Alam,Milk-based,Caramel Macchiato,1,13,13,QR
TXN-2175,11/2/2026,19:41,Putrajaya,Milk-based,Mocha,1,12,12,QR
TXN-2180,11/2/2026,19:53,Putrajaya,Milk-based,Cappuccino,4,11,44,QR
TXN-2246,11/2/2026,20:06,Puncak Alam,Milk-based,Mocha,1,12,12,QR
TXN-2181,11/2/2026,20:25,Putrajaya,Milk-based,Mocha,1,12,12,Cash
TXN-2187,11/2/2026,20:30,Putrajaya,Ice Blended,Ice Blended Chocolate Chip,1,14,14,QR
TXN-2250,11/2/2026,20:56,Puncak Alam,Milk-based,Mocha,1,12,12,QR
TXN-2214,11/2/2026,21:08,Puncak Alam,Espresso-based,Espresso,2,7,14,Cash
TXN-2215,11/2/2026,21:08,Puncak Alam,Ice Blended,Ice Blended Chocolate Chip,3,14,42,QR
TXN-2199,11/2/2026,21:11,Puncak Alam,Ice Blended,Ice Blended Chocolate Chip,2,14,28,QR
TXN-2168,11/2/2026,21:19,Putrajaya,Espresso-based,Americano,2,9,18,QR
TXN-2251,11/2/2026,21:23,Puncak Alam,Milk-based,Mocha,1,12,12,QR
TXN-2197,11/2/2026,21:28,Putrajaya,Milk-based,Latte,1,11,11,QR
TXN-2173,11/2/2026,21:42,Putrajaya,Milk-based,Cappuccino,1,11,11,QR
TXN-2238,11/2/2026,21:54,Puncak Alam,Milk-based,Cappuccino,1,11,11,QR
TXN-2317,12/2/2026,8:06,Puncak Alam,Milk-based,Cappuccino,1,11,11,QR
TXN-2320,12/2/2026,8:07,Puncak Alam,Milk-based,Caramel Macchiato,1,13,13,QR
TXN-2298,12/2/2026,8:12,Puncak Alam,Espresso-based,Americano,1,9,9,QR
TXN-2318,12/2/2026,8:28,Puncak Alam,Milk-based,Latte,2,11,22,QR
TXN-2256,12/2/2026,8:30,Putrajaya,Milk-based,Mocha,1,12,12,Cash
TXN-2321,12/2/2026,8:36,Puncak Alam,Espresso-based,Americano,2,9,18,QR
TXN-2277,12/2/2026,8:56,Putrajaya,Milk-based,Mocha,2,12,24,QR
TXN-2316,12/2/2026,9:06,Puncak Alam,Milk-based,Latte,1,11,11,Cash
TXN-2268,12/2/2026,9:12,Putrajaya,Ice Blended,Ice Blended Chocolate Chip,1,14,14,QR
TXN-2306,12/2/2026,9:22,Puncak Alam,Espresso-based,Espresso,1,7,7,QR
TXN-2261,12/2/2026,9:23,Putrajaya,Milk-based,Mocha,1,12,12,QR
TXN-2265,12/2/2026,9:24,Putrajaya,Milk-based,Cappuccino,1,11,11,Cash
TXN-2295,12/2/2026,9:30,Putrajaya,Milk-based,Caramel Macchiato,2,13,26,QR
TXN-2253,12/2/2026,9:48,Putrajaya,Espresso-based,Americano,1,9,9,QR
TXN-2315,12/2/2026,9:58,Puncak Alam,Ice Blended,Ice Blended Chocolate Chip,1,14,14,Cash
TXN-2255,12/2/2026,10:08,Putrajaya,Milk-based,Latte,1,11,11,QR
TXN-2257,12/2/2026,10:17,Putrajaya,Espresso-based,Americano,1,9,9,Cash
TXN-2307,12/2/2026,10:17,Puncak Alam,Milk-based,Caramel Macchiato,3,13,39,Cash
TXN-2288,12/2/2026,10:39,Putrajaya,Espresso-based,Americano,1,9,9,QR
TXN-2334,12/2/2026,10:45,Puncak Alam,Espresso-based,Espresso,1,7,7,Cash
TXN-2293,12/2/2026,10:50,Putrajaya,Espresso-based,Espresso,1,7,7,QR
TXN-2341,12/2/2026,10:51,Puncak Alam,Milk-based,Mocha,1,12,12,Cash
TXN-2338,12/2/2026,10:53,Puncak Alam,Milk-based,Mocha,3,12,36,QR
TXN-2270,12/2/2026,11:02,Putrajaya,Milk-based,Latte,1,11,11,Cash
TXN-2292,12/2/2026,11:03,Putrajaya,Milk-based,Caramel Macchiato,1,13,13,Cash
TXN-2327,12/2/2026,11:05,Puncak Alam,Milk-based,Latte,1,11,11,QR
TXN-2258,12/2/2026,11:06,Putrajaya,Ice Blended,Ice Blended Chocolate Chip,1,14,14,QR
TXN-2303,12/2/2026,11:26,Puncak Alam,Milk-based,Latte,1,11,11,Cash
TXN-2302,12/2/2026,11:36,Puncak Alam,Milk-based,Cappuccino,1,11,11,QR
TXN-2272,12/2/2026,11:38,Putrajaya,Espresso-based,Americano,3,9,27,QR
TXN-2271,12/2/2026,11:53,Putrajaya,Espresso-based,Espresso,2,7,14,Cash
TXN-2274,12/2/2026,12:11,Putrajaya,Milk-based,Latte,1,11,11,QR
TXN-2337,12/2/2026,12:11,Puncak Alam,Ice Blended,Ice Blended Chocolate Chip,1,14,14,Cash
TXN-2275,12/2/2026,12:17,Putrajaya,Milk-based,Mocha,1,12,12,QR
TXN-2335,12/2/2026,12:19,Puncak Alam,Espresso-based,Espresso,1,7,7,QR
TXN-2262,12/2/2026,12:22,Putrajaya,Espresso-based,Americano,1,9,9,Cash
TXN-2305,12/2/2026,12:23,Puncak Alam,Milk-based,Latte,1,11,11,Cash
TXN-2310,12/2/2026,12:34,Puncak Alam,Milk-based,Latte,1,11,11,QR
TXN-2311,12/2/2026,12:58,Puncak Alam,Espresso-based,Espresso,1,7,7,QR
TXN-2328,12/2/2026,13:05,Puncak Alam,Espresso-based,Americano,1,9,9,QR
TXN-2286,12/2/2026,13:23,Putrajaya,Milk-based,Caramel Macchiato,1,13,13,QR
TXN-2254,12/2/2026,13:45,Putrajaya,Espresso-based,Americano,1,9,9,Cash
TXN-2343,12/2/2026,13:45,Puncak Alam,Espresso-based,Americano,1,9,9,QR
TXN-2276,12/2/2026,13:49,Putrajaya,Milk-based,Mocha,2,12,24,QR
TXN-2322,12/2/2026,13:51,Puncak Alam,Milk-based,Latte,1,11,11,QR
TXN-2283,12/2/2026,14:08,Putrajaya,Espresso-based,Americano,1,9,9,QR
TXN-2296,12/2/2026,14:08,Puncak Alam,Espresso-based,Americano,1,9,9,QR
TXN-2331,12/2/2026,14:09,Puncak Alam,Espresso-based,Espresso,2,7,14,QR
TXN-2259,12/2/2026,14:14,Putrajaya,Ice Blended,Ice Blended Chocolate Chip,1,14,14,QR
TXN-2319,12/2/2026,14:20,Puncak Alam,Milk-based,Cappuccino,1,11,11,QR
TXN-2289,12/2/2026,14:41,Putrajaya,Espresso-based,Americano,1,9,9,QR
TXN-2263,12/2/2026,14:51,Putrajaya,Milk-based,Caramel Macchiato,2,13,26,QR
TXN-2326,12/2/2026,15:00,Puncak Alam,Milk-based,Mocha,1,12,12,Cash
TXN-2308,12/2/2026,15:04,Puncak Alam,Milk-based,Latte,1,11,11,QR
TXN-2280,12/2/2026,15:09,Putrajaya,Milk-based,Latte,1,11,11,Cash
TXN-2281,12/2/2026,15:23,Putrajaya,Milk-based,Cappuccino,2,11,22,QR
TXN-2291,12/2/2026,15:23,Putrajaya,Espresso-based,Americano,1,9,9,QR
TXN-2300,12/2/2026,15:25,Puncak Alam,Espresso-based,Espresso,1,7,7,Cash
TXN-2282,12/2/2026,16:16,Putrajaya,Espresso-based,Americano,1,9,9,Cash
TXN-2299,12/2/2026,16:26,Puncak Alam,Ice Blended,Ice Blended Chocolate Chip,2,14,28,QR
TXN-2266,12/2/2026,16:29,Putrajaya,Milk-based,Caramel Macchiato,1,13,13,Cash
TXN-2330,12/2/2026,16:51,Puncak Alam,Milk-based,Mocha,1,12,12,QR
TXN-2260,12/2/2026,16:59,Putrajaya,Milk-based,Caramel Macchiato,1,13,13,QR
TXN-2314,12/2/2026,17:10,Puncak Alam,Espresso-based,Americano,1,9,9,QR
TXN-2342,12/2/2026,17:13,Puncak Alam,Milk-based,Cappuccino,1,11,11,QR
TXN-2294,12/2/2026,17:24,Putrajaya,Milk-based,Mocha,2,12,24,QR
TXN-2297,12/2/2026,17:29,Puncak Alam,Ice Blended,Ice Blended Chocolate Chip,1,14,14,Cash
TXN-2329,12/2/2026,17:33,Puncak Alam,Milk-based,Caramel Macchiato,2,13,26,QR
TXN-2287,12/2/2026,18:08,Putrajaya,Milk-based,Latte,1,11,11,QR
TXN-2284,12/2/2026,18:15,Putrajaya,Ice Blended,Ice Blended Chocolate Chip,1,14,14,QR
TXN-2267,12/2/2026,18:20,Putrajaya,Milk-based,Cappuccino,1,11,11,QR
TXN-2325,12/2/2026,18:54,Puncak Alam,Espresso-based,Espresso,1,7,7,QR
TXN-2278,12/2/2026,19:02,Putrajaya,Espresso-based,Americano,4,9,36,QR
TXN-2269,12/2/2026,19:33,Putrajaya,Espresso-based,Americano,1,9,9,Cash
TXN-2324,12/2/2026,19:40,Puncak Alam,Milk-based,Caramel Macchiato,2,13,26,QR
TXN-2340,12/2/2026,19:41,Puncak Alam,Milk-based,Cappuccino,2,11,22,Cash
TXN-2279,12/2/2026,19:43,Putrajaya,Espresso-based,Americano,1,9,9,QR
TXN-2313,12/2/2026,19:43,Puncak Alam,Espresso-based,Americano,1,9,9,QR
TXN-2273,12/2/2026,19:52,Putrajaya,Milk-based,Latte,1,11,11,QR
TXN-2264,12/2/2026,20:05,Putrajaya,Espresso-based,Espresso,1,7,7,Cash
TXN-2332,12/2/2026,20:13,Puncak Alam,Milk-based,Caramel Macchiato,1,13,13,Cash
TXN-2339,12/2/2026,20:14,Puncak Alam,Ice Blended,Ice Blended Chocolate Chip,3,14,42,QR
TXN-2285,12/2/2026,20:23,Putrajaya,Espresso-based,Americano,1,9,9,QR
TXN-2301,12/2/2026,20:23,Puncak Alam,Milk-based,Latte,1,11,11,QR
TXN-2323,12/2/2026,20:28,Puncak Alam,Ice Blended,Ice Blended Chocolate Chip,3,14,42,Cash
TXN-2290,12/2/2026,20:44,Putrajaya,Espresso-based,Espresso,1,7,7,Cash
TXN-2336,12/2/2026,20:54,Puncak Alam,Milk-based,Mocha,1,12,12,QR
TXN-2309,12/2/2026,21:04,Puncak Alam,Milk-based,Mocha,2,12,24,Cash
TXN-2333,12/2/2026,21:08,Puncak Alam,Espresso-based,Americano,1,9,9,QR
TXN-2304,12/2/2026,21:21,Puncak Alam,Espresso-based,Espresso,2,7,14,Cash
TXN-2312,12/2/2026,21:53,Puncak Alam,Milk-based,Mocha,2,12,24,Cash
TXN-2353,13/2/2026,8:09,Putrajaya,Milk-based,Cappuccino,1,11,11,Cash
TXN-2449,13/2/2026,8:09,Puncak Alam,Milk-based,Latte,2,11,22,QR
TXN-2385,13/2/2026,8:40,Putrajaya,Milk-based,Cappuccino,1,11,11,QR
TXN-2387,13/2/2026,8:41,Putrajaya,Milk-based,Mocha,1,12,12,Cash
TXN-2386,13/2/2026,8:48,Putrajaya,Espresso-based,Espresso,1,7,7,QR
TXN-2378,13/2/2026,8:55,Putrajaya,Milk-based,Mocha,1,12,12,QR
TXN-2416,13/2/2026,8:57,Puncak Alam,Espresso-based,Espresso,1,7,7,QR
TXN-2372,13/2/2026,9:05,Putrajaya,Milk-based,Mocha,2,12,24,Cash
TXN-2413,13/2/2026,9:11,Puncak Alam,Milk-based,Mocha,1,12,12,QR
TXN-2348,13/2/2026,9:16,Putrajaya,Milk-based,Caramel Macchiato,1,13,13,QR
TXN-2405,13/2/2026,9:23,Putrajaya,Espresso-based,Espresso,1,7,7,QR
TXN-2456,13/2/2026,9:23,Puncak Alam,Milk-based,Latte,1,11,11,QR
TXN-2383,13/2/2026,9:26,Putrajaya,Milk-based,Caramel Macchiato,1,13,13,QR
TXN-2382,13/2/2026,9:32,Putrajaya,Espresso-based,Espresso,1,7,7,QR
TXN-2376,13/2/2026,9:34,Putrajaya,Milk-based,Cappuccino,2,11,22,QR
TXN-2397,13/2/2026,9:49,Putrajaya,Ice Blended,Ice Blended Chocolate Chip,1,14,14,QR
TXN-2355,13/2/2026,10:01,Putrajaya,Milk-based,Mocha,1,12,12,QR
TXN-2454,13/2/2026,10:07,Puncak Alam,Milk-based,Cappuccino,1,11,11,QR
TXN-2435,13/2/2026,10:15,Puncak Alam,Milk-based,Latte,4,11,44,QR
TXN-2356,13/2/2026,10:16,Putrajaya,Milk-based,Caramel Macchiato,1,13,13,QR
TXN-2407,13/2/2026,10:27,Putrajaya,Milk-based,Latte,1,11,11,Cash
TXN-2424,13/2/2026,10:30,Puncak Alam,Ice Blended,Ice Blended Chocolate Chip,1,14,14,QR
TXN-2455,13/2/2026,10:47,Puncak Alam,Ice Blended,Ice Blended Chocolate Chip,1,14,14,QR
TXN-2401,13/2/2026,10:59,Putrajaya,Espresso-based,Espresso,2,7,14,QR
TXN-2446,13/2/2026,11:02,Puncak Alam,Ice Blended,Ice Blended Chocolate Chip,2,14,28,Cash
TXN-2390,13/2/2026,11:19,Putrajaya,Espresso-based,Espresso,1,7,7,Cash
TXN-2429,13/2/2026,11:23,Puncak Alam,Milk-based,Cappuccino,1,11,11,Cash
TXN-2406,13/2/2026,11:24,Putrajaya,Ice Blended,Ice Blended Chocolate Chip,1,14,14,QR
TXN-2451,13/2/2026,11:26,Puncak Alam,Milk-based,Latte,2,11,22,QR
TXN-2422,13/2/2026,11:30,Puncak Alam,Ice Blended,Ice Blended Chocolate Chip,2,14,28,Cash
TXN-2457,13/2/2026,11:40,Puncak Alam,Milk-based,Cappuccino,1,11,11,QR
TXN-2410,13/2/2026,11:44,Puncak Alam,Milk-based,Mocha,3,12,36,QR
TXN-2411,13/2/2026,11:44,Puncak Alam,Milk-based,Latte,2,11,22,Cash
TXN-2373,13/2/2026,12:20,Putrajaya,Milk-based,Caramel Macchiato,1,13,13,QR
TXN-2374,13/2/2026,12:26,Putrajaya,Milk-based,Latte,1,11,11,Cash
TXN-2403,13/2/2026,12:45,Putrajaya,Milk-based,Mocha,1,12,12,QR
TXN-2364,13/2/2026,13:15,Putrajaya,Milk-based,Caramel Macchiato,2,13,26,QR
TXN-2351,13/2/2026,13:18,Putrajaya,Milk-based,Caramel Macchiato,1,13,13,QR
TXN-2399,13/2/2026,13:25,Putrajaya,Milk-based,Caramel Macchiato,4,13,52,QR
TXN-2417,13/2/2026,13:25,Puncak Alam,Milk-based,Caramel Macchiato,1,13,13,QR
TXN-2412,13/2/2026,13:40,Puncak Alam,Milk-based,Caramel Macchiato,1,13,13,Cash
TXN-2431,13/2/2026,13:46,Puncak Alam,Ice Blended,Ice Blended Chocolate Chip,1,14,14,QR
TXN-2394,13/2/2026,13:49,Putrajaya,Ice Blended,Ice Blended Chocolate Chip,1,14,14,QR
TXN-2448,13/2/2026,13:54,Puncak Alam,Milk-based,Caramel Macchiato,2,13,26,QR
TXN-2447,13/2/2026,13:57,Puncak Alam,Milk-based,Cappuccino,1,11,11,QR
TXN-2352,13/2/2026,14:08,Putrajaya,Milk-based,Cappuccino,1,11,11,QR
TXN-2400,13/2/2026,14:11,Putrajaya,Espresso-based,Espresso,1,7,7,Cash
TXN-2393,13/2/2026,14:32,Putrajaya,Milk-based,Mocha,1,12,12,QR
TXN-2430,13/2/2026,14:33,Puncak Alam,Espresso-based,Espresso,1,7,7,Cash
TXN-2380,13/2/2026,14:36,Putrajaya,Ice Blended,Ice Blended Chocolate Chip,2,14,28,QR
TXN-2362,13/2/2026,14:44,Putrajaya,Milk-based,Cappuccino,1,11,11,QR
TXN-2357,13/2/2026,14:51,Putrajaya,Ice Blended,Ice Blended Chocolate Chip,1,14,14,Cash
TXN-2349,13/2/2026,14:52,Putrajaya,Ice Blended,Ice Blended Chocolate Chip,1,14,14,QR
TXN-2440,13/2/2026,15:07,Puncak Alam,Milk-based,Caramel Macchiato,3,13,39,QR
TXN-2359,13/2/2026,15:15,Putrajaya,Milk-based,Caramel Macchiato,1,13,13,QR
TXN-2396,13/2/2026,15:22,Putrajaya,Ice Blended,Ice Blended Chocolate Chip,1,14,14,QR
TXN-2391,13/2/2026,15:24,Putrajaya,Milk-based,Cappuccino,1,11,11,QR
TXN-2439,13/2/2026,15:25,Puncak Alam,Milk-based,Cappuccino,4,11,44,QR
TXN-2421,13/2/2026,15:29,Puncak Alam,Milk-based,Latte,1,11,11,QR
TXN-2345,13/2/2026,15:48,Putrajaya,Ice Blended,Ice Blended Chocolate Chip,1,14,14,QR
TXN-2445,13/2/2026,15:59,Puncak Alam,Milk-based,Mocha,1,12,12,QR
TXN-2427,13/2/2026,16:05,Puncak Alam,Espresso-based,Espresso,1,7,7,QR
TXN-2367,13/2/2026,16:13,Putrajaya,Milk-based,Caramel Macchiato,3,13,39,QR
TXN-2436,13/2/2026,16:36,Puncak Alam,Milk-based,Caramel Macchiato,1,13,13,QR
TXN-2388,13/2/2026,16:39,Putrajaya,Milk-based,Caramel Macchiato,1,13,13,QR
TXN-2428,13/2/2026,16:40,Puncak Alam,Milk-based,Cappuccino,3,11,33,QR
TXN-2444,13/2/2026,16:45,Puncak Alam,Milk-based,Caramel Macchiato,1,13,13,QR
TXN-2363,13/2/2026,16:53,Putrajaya,Milk-based,Caramel Macchiato,1,13,13,Cash
TXN-2419,13/2/2026,17:02,Puncak Alam,Espresso-based,Espresso,1,7,7,Cash
TXN-2423,13/2/2026,17:02,Puncak Alam,Milk-based,Caramel Macchiato,1,13,13,QR
TXN-2438,13/2/2026,17:02,Puncak Alam,Milk-based,Caramel Macchiato,1,13,13,QR
TXN-2365,13/2/2026,17:05,Putrajaya,Milk-based,Cappuccino,1,11,11,QR
TXN-2404,13/2/2026,17:18,Putrajaya,Espresso-based,Americano,1,9,9,Cash
TXN-2366,13/2/2026,17:22,Putrajaya,Milk-based,Caramel Macchiato,1,13,13,Cash
TXN-2395,13/2/2026,17:22,Putrajaya,Ice Blended,Ice Blended Chocolate Chip,1,14,14,Cash
TXN-2425,13/2/2026,17:27,Puncak Alam,Espresso-based,Espresso,1,7,7,QR
TXN-2360,13/2/2026,17:46,Putrajaya,Espresso-based,Americano,1,9,9,QR
TXN-2408,13/2/2026,17:47,Putrajaya,Ice Blended,Ice Blended Chocolate Chip,1,14,14,QR
TXN-2379,13/2/2026,17:50,Putrajaya,Milk-based,Latte,1,11,11,QR
TXN-2441,13/2/2026,18:13,Puncak Alam,Milk-based,Latte,1,11,11,QR
TXN-2452,13/2/2026,18:18,Puncak Alam,Milk-based,Cappuccino,1,11,11,QR
TXN-2442,13/2/2026,18:29,Puncak Alam,Ice Blended,Ice Blended Chocolate Chip,1,14,14,QR
TXN-2371,13/2/2026,18:36,Putrajaya,Espresso-based,Espresso,1,7,7,QR
TXN-2433,13/2/2026,18:37,Puncak Alam,Espresso-based,Espresso,1,7,7,QR
TXN-2354,13/2/2026,18:46,Putrajaya,Milk-based,Latte,1,11,11,QR
TXN-2402,13/2/2026,18:53,Putrajaya,Milk-based,Cappuccino,1,11,11,Cash
TXN-2350,13/2/2026,18:58,Putrajaya,Milk-based,Latte,2,11,22,Cash
TXN-2361,13/2/2026,19:13,Putrajaya,Milk-based,Latte,1,11,11,QR
TXN-2347,13/2/2026,19:15,Putrajaya,Ice Blended,Ice Blended Chocolate Chip,2,14,28,Cash
TXN-2414,13/2/2026,19:34,Puncak Alam,Espresso-based,Espresso,1,7,7,Cash
TXN-2346,13/2/2026,19:37,Putrajaya,Ice Blended,Ice Blended Chocolate Chip,1,14,14,Cash
TXN-2381,13/2/2026,19:46,Putrajaya,Milk-based,Cappuccino,2,11,22,QR
TXN-2370,13/2/2026,19:48,Putrajaya,Espresso-based,Espresso,3,7,21,Cash
TXN-2450,13/2/2026,19:51,Puncak Alam,Milk-based,Latte,1,11,11,QR
TXN-2420,13/2/2026,19:55,Puncak Alam,Milk-based,Mocha,1,12,12,QR
TXN-2426,13/2/2026,19:55,Puncak Alam,Ice Blended,Ice Blended Chocolate Chip,1,14,14,QR
TXN-2398,13/2/2026,20:12,Putrajaya,Espresso-based,Espresso,1,7,7,QR
TXN-2418,13/2/2026,20:40,Puncak Alam,Espresso-based,Espresso,2,7,14,QR
TXN-2375,13/2/2026,20:43,Putrajaya,Espresso-based,Americano,2,9,18,QR
TXN-2415,13/2/2026,20:46,Puncak Alam,Ice Blended,Ice Blended Chocolate Chip,1,14,14,QR
TXN-2443,13/2/2026,20:49,Puncak Alam,Ice Blended,Ice Blended Chocolate Chip,1,14,14,QR
TXN-2409,13/2/2026,20:56,Puncak Alam,Ice Blended,Ice Blended Chocolate Chip,1,14,14,QR
TXN-2368,13/2/2026,20:58,Putrajaya,Ice Blended,Ice Blended Chocolate Chip,1,14,14,QR
TXN-2392,13/2/2026,20:58,Putrajaya,Ice Blended,Ice Blended Chocolate Chip,1,14,14,Cash
TXN-2432,13/2/2026,20:58,Puncak Alam,Milk-based,Mocha,1,12,12,Cash
TXN-2458,13/2/2026,21:13,Puncak Alam,Milk-based,Caramel Macchiato,1,13,13,QR
TXN-2344,13/2/2026,21:17,Putrajaya,Espresso-based,Americano,2,9,18,QR
TXN-2434,13/2/2026,21:29,Puncak Alam,Espresso-based,Espresso,2,7,14,QR
TXN-2459,13/2/2026,21:30,Puncak Alam,Espresso-based,Espresso,1,7,7,QR
TXN-2358,13/2/2026,21:39,Putrajaya,Milk-based,Latte,2,11,22,QR
TXN-2389,13/2/2026,21:39,Putrajaya,Milk-based,Cappuccino,1,11,11,QR
TXN-2384,13/2/2026,21:40,Putrajaya,Milk-based,Mocha,1,12,12,QR
TXN-2453,13/2/2026,21:44,Puncak Alam,Milk-based,Caramel Macchiato,2,13,26,QR
TXN-2437,13/2/2026,21:46,Puncak Alam,Milk-based,Latte,1,11,11,QR
TXN-2369,13/2/2026,21:51,Putrajaya,Milk-based,Mocha,1,12,12,Cash
TXN-2377,13/2/2026,21:58,Putrajaya,Milk-based,Latte,1,11,11,Cash
TXN-2520,14/2/2026,8:02,Putrajaya,Espresso-based,Americano,1,9,9,Cash
TXN-2576,14/2/2026,8:03,Puncak Alam,Ice Blended,Ice Blended Chocolate Chip,1,14,14,QR
TXN-2579,14/2/2026,8:10,Puncak Alam,Milk-based,Caramel Macchiato,1,13,13,QR
TXN-2485,14/2/2026,8:13,Putrajaya,Espresso-based,Americano,1,9,9,Cash
TXN-2524,14/2/2026,8:33,Putrajaya,Milk-based,Caramel Macchiato,2,13,26,Cash
TXN-2473,14/2/2026,8:35,Putrajaya,Milk-based,Caramel Macchiato,3,13,39,Cash
TXN-2464,14/2/2026,8:37,Putrajaya,Ice Blended,Ice Blended Chocolate Chip,1,14,14,QR
TXN-2533,14/2/2026,8:40,Putrajaya,Milk-based,Mocha,1,12,12,QR
TXN-2572,14/2/2026,8:48,Puncak Alam,Milk-based,Mocha,1,12,12,QR
TXN-2544,14/2/2026,8:58,Puncak Alam,Ice Blended,Ice Blended Chocolate Chip,1,14,14,QR
TXN-2523,14/2/2026,9:03,Putrajaya,Milk-based,Latte,1,11,11,Cash
TXN-2463,14/2/2026,9:05,Putrajaya,Espresso-based,Espresso,2,7,14,Cash
TXN-2552,14/2/2026,9:12,Puncak Alam,Milk-based,Mocha,1,12,12,QR
TXN-2571,14/2/2026,9:12,Puncak Alam,Espresso-based,Espresso,3,7,21,QR
TXN-2592,14/2/2026,9:16,Puncak Alam,Milk-based,Latte,1,11,11,QR
TXN-2516,14/2/2026,9:30,Putrajaya,Milk-based,Mocha,1,12,12,QR
TXN-2522,14/2/2026,9:34,Putrajaya,Ice Blended,Ice Blended Chocolate Chip,1,14,14,Cash
TXN-2525,14/2/2026,9:37,Putrajaya,Ice Blended,Ice Blended Chocolate Chip,1,14,14,QR
TXN-2535,14/2/2026,9:41,Putrajaya,Milk-based,Latte,1,11,11,Cash
TXN-2481,14/2/2026,9:42,Putrajaya,Milk-based,Mocha,1,12,12,QR
TXN-2587,14/2/2026,9:56,Puncak Alam,Milk-based,Latte,1,11,11,Cash
TXN-2555,14/2/2026,10:01,Puncak Alam,Milk-based,Cappuccino,1,11,11,QR
TXN-2589,14/2/2026,10:05,Puncak Alam,Espresso-based,Espresso,1,7,7,QR
TXN-2526,14/2/2026,10:08,Putrajaya,Milk-based,Caramel Macchiato,4,13,52,QR
TXN-2504,14/2/2026,10:13,Putrajaya,Espresso-based,Espresso,1,7,7,QR
TXN-2573,14/2/2026,10:13,Puncak Alam,Milk-based,Mocha,1,12,12,QR
TXN-2558,14/2/2026,10:21,Puncak Alam,Milk-based,Cappuccino,1,11,11,QR
TXN-2567,14/2/2026,10:24,Puncak Alam,Milk-based,Cappuccino,1,11,11,QR
TXN-2549,14/2/2026,10:27,Puncak Alam,Espresso-based,Americano,1,9,9,QR
TXN-2487,14/2/2026,10:33,Putrajaya,Espresso-based,Espresso,1,7,7,QR
TXN-2480,14/2/2026,10:35,Putrajaya,Espresso-based,Americano,1,9,9,QR
TXN-2511,14/2/2026,11:03,Putrajaya,Espresso-based,Espresso,3,7,21,QR
TXN-2521,14/2/2026,11:05,Putrajaya,Milk-based,Mocha,1,12,12,Cash
TXN-2538,14/2/2026,11:06,Puncak Alam,Milk-based,Caramel Macchiato,1,13,13,Cash
TXN-2499,14/2/2026,11:10,Putrajaya,Espresso-based,Espresso,1,7,7,QR
TXN-2532,14/2/2026,11:10,Putrajaya,Milk-based,Mocha,1,12,12,Cash
TXN-2586,14/2/2026,11:17,Puncak Alam,Espresso-based,Americano,1,9,9,Cash
TXN-2508,14/2/2026,11:21,Putrajaya,Milk-based,Cappuccino,1,11,11,QR
TXN-2553,14/2/2026,11:24,Puncak Alam,Espresso-based,Americano,2,9,18,Cash
TXN-2527,14/2/2026,11:28,Putrajaya,Milk-based,Cappuccino,1,11,11,Cash
TXN-2476,14/2/2026,11:30,Putrajaya,Ice Blended,Ice Blended Chocolate Chip,2,14,28,QR
TXN-2554,14/2/2026,11:52,Puncak Alam,Espresso-based,Americano,1,9,9,Cash
TXN-2471,14/2/2026,11:54,Putrajaya,Milk-based,Caramel Macchiato,1,13,13,QR
TXN-2460,14/2/2026,12:00,Putrajaya,Milk-based,Latte,2,11,22,Cash
TXN-2461,14/2/2026,12:04,Putrajaya,Espresso-based,Americano,1,9,9,QR
TXN-2528,14/2/2026,12:08,Putrajaya,Espresso-based,Americano,1,9,9,QR
TXN-2507,14/2/2026,12:11,Putrajaya,Milk-based,Cappuccino,1,11,11,QR
TXN-2506,14/2/2026,12:13,Putrajaya,Milk-based,Cappuccino,1,11,11,QR
TXN-2510,14/2/2026,12:14,Putrajaya,Milk-based,Mocha,2,12,24,QR
TXN-2498,14/2/2026,12:23,Putrajaya,Milk-based,Caramel Macchiato,1,13,13,QR
TXN-2502,14/2/2026,12:29,Putrajaya,Espresso-based,Espresso,2,7,14,Cash
TXN-2531,14/2/2026,12:48,Putrajaya,Espresso-based,Americano,1,9,9,QR
TXN-2541,14/2/2026,12:54,Puncak Alam,Ice Blended,Ice Blended Chocolate Chip,1,14,14,QR
TXN-2514,14/2/2026,12:55,Putrajaya,Milk-based,Caramel Macchiato,1,13,13,QR
TXN-2583,14/2/2026,13:09,Puncak Alam,Milk-based,Mocha,1,12,12,Cash
TXN-2472,14/2/2026,13:14,Putrajaya,Espresso-based,Americano,1,9,9,QR
TXN-2564,14/2/2026,13:14,Puncak Alam,Milk-based,Caramel Macchiato,1,13,13,Cash
TXN-2496,14/2/2026,13:18,Putrajaya,Milk-based,Latte,1,11,11,Cash
TXN-2594,14/2/2026,13:20,Puncak Alam,Ice Blended,Ice Blended Chocolate Chip,2,14,28,QR
TXN-2595,14/2/2026,13:47,Puncak Alam,Milk-based,Cappuccino,1,11,11,QR
TXN-2545,14/2/2026,13:52,Puncak Alam,Milk-based,Mocha,2,12,24,QR
TXN-2512,14/2/2026,13:58,Putrajaya,Espresso-based,Espresso,1,7,7,QR
TXN-2518,14/2/2026,14:02,Putrajaya,Espresso-based,Americano,1,9,9,QR
TXN-2569,14/2/2026,14:06,Puncak Alam,Milk-based,Mocha,1,12,12,QR
TXN-2582,14/2/2026,14:08,Puncak Alam,Milk-based,Cappuccino,1,11,11,QR
TXN-2562,14/2/2026,14:29,Puncak Alam,Milk-based,Caramel Macchiato,1,13,13,Cash
TXN-2509,14/2/2026,14:40,Putrajaya,Espresso-based,Americano,1,9,9,QR
TXN-2550,14/2/2026,14:43,Puncak Alam,Ice Blended,Ice Blended Chocolate Chip,2,14,28,QR
TXN-2546,14/2/2026,14:48,Puncak Alam,Espresso-based,Espresso,1,7,7,Cash
TXN-2478,14/2/2026,14:51,Putrajaya,Espresso-based,Americano,2,9,18,QR
TXN-2574,14/2/2026,14:56,Puncak Alam,Milk-based,Latte,2,11,22,QR
TXN-2497,14/2/2026,14:59,Putrajaya,Ice Blended,Ice Blended Chocolate Chip,1,14,14,QR
TXN-2479,14/2/2026,15:02,Putrajaya,Espresso-based,Americano,2,9,18,QR
TXN-2495,14/2/2026,15:16,Putrajaya,Espresso-based,Espresso,1,7,7,QR
TXN-2492,14/2/2026,15:26,Putrajaya,Milk-based,Cappuccino,1,11,11,QR
TXN-2588,14/2/2026,15:37,Puncak Alam,Milk-based,Mocha,1,12,12,QR
TXN-2469,14/2/2026,15:38,Putrajaya,Milk-based,Cappuccino,2,11,22,QR
TXN-2529,14/2/2026,15:41,Putrajaya,Milk-based,Latte,4,11,44,QR
TXN-2486,14/2/2026,15:43,Putrajaya,Milk-based,Cappuccino,1,11,11,QR
TXN-2570,14/2/2026,15:45,Puncak Alam,Milk-based,Cappuccino,4,11,44,Cash
TXN-2517,14/2/2026,16:00,Putrajaya,Milk-based,Caramel Macchiato,1,13,13,QR
TXN-2470,14/2/2026,16:02,Putrajaya,Milk-based,Mocha,1,12,12,Cash
TXN-2568,14/2/2026,16:03,Puncak Alam,Milk-based,Cappuccino,2,11,22,QR
TXN-2462,14/2/2026,16:14,Putrajaya,Espresso-based,Espresso,1,7,7,Cash
TXN-2489,14/2/2026,16:16,Putrajaya,Espresso-based,Americano,1,9,9,Cash
TXN-2500,14/2/2026,16:16,Putrajaya,Milk-based,Caramel Macchiato,1,13,13,QR
TXN-2581,14/2/2026,16:23,Puncak Alam,Espresso-based,Americano,1,9,9,Cash
TXN-2580,14/2/2026,16:29,Puncak Alam,Milk-based,Cappuccino,1,11,11,QR
TXN-2501,14/2/2026,16:34,Putrajaya,Milk-based,Latte,2,11,22,Cash
TXN-2519,14/2/2026,16:36,Putrajaya,Ice Blended,Ice Blended Chocolate Chip,1,14,14,QR
TXN-2561,14/2/2026,16:38,Puncak Alam,Milk-based,Mocha,1,12,12,Cash
TXN-2556,14/2/2026,16:42,Puncak Alam,Milk-based,Caramel Macchiato,1,13,13,QR
TXN-2547,14/2/2026,16:50,Puncak Alam,Espresso-based,Espresso,1,7,7,QR
TXN-2585,14/2/2026,16:55,Puncak Alam,Ice Blended,Ice Blended Chocolate Chip,1,14,14,QR
TXN-2542,14/2/2026,16:57,Puncak Alam,Milk-based,Caramel Macchiato,1,13,13,QR
TXN-2488,14/2/2026,17:13,Putrajaya,Milk-based,Latte,3,11,33,Cash
TXN-2493,14/2/2026,17:30,Putrajaya,Ice Blended,Ice Blended Chocolate Chip,1,14,14,QR
TXN-2490,14/2/2026,17:53,Putrajaya,Milk-based,Caramel Macchiato,2,13,26,Cash
TXN-2505,14/2/2026,18:17,Putrajaya,Milk-based,Latte,3,11,33,QR
TXN-2566,14/2/2026,18:22,Puncak Alam,Milk-based,Mocha,2,12,24,Cash
TXN-2515,14/2/2026,18:40,Putrajaya,Milk-based,Mocha,1,12,12,QR
TXN-2468,14/2/2026,18:45,Putrajaya,Milk-based,Mocha,2,12,24,Cash
TXN-2557,14/2/2026,18:45,Puncak Alam,Milk-based,Caramel Macchiato,1,13,13,Cash
TXN-2593,14/2/2026,18:45,Puncak Alam,Espresso-based,Espresso,1,7,7,Cash
TXN-2503,14/2/2026,18:52,Putrajaya,Milk-based,Cappuccino,1,11,11,Cash
TXN-2536,14/2/2026,18:57,Puncak Alam,Espresso-based,Espresso,1,7,7,QR
TXN-2484,14/2/2026,19:09,Putrajaya,Milk-based,Latte,1,11,11,Cash
TXN-2584,14/2/2026,19:12,Puncak Alam,Milk-based,Mocha,1,12,12,QR
TXN-2575,14/2/2026,19:16,Puncak Alam,Ice Blended,Ice Blended Chocolate Chip,3,14,42,Cash
TXN-2539,14/2/2026,19:18,Puncak Alam,Milk-based,Cappuccino,1,11,11,QR
TXN-2540,14/2/2026,19:22,Puncak Alam,Milk-based,Caramel Macchiato,1,13,13,Cash
TXN-2543,14/2/2026,19:26,Puncak Alam,Ice Blended,Ice Blended Chocolate Chip,1,14,14,QR
TXN-2590,14/2/2026,19:28,Puncak Alam,Milk-based,Latte,1,11,11,QR
TXN-2578,14/2/2026,19:31,Puncak Alam,Espresso-based,Americano,1,9,9,Cash
TXN-2530,14/2/2026,19:34,Putrajaya,Espresso-based,Espresso,1,7,7,Cash
TXN-2537,14/2/2026,19:42,Puncak Alam,Milk-based,Mocha,1,12,12,QR
TXN-2494,14/2/2026,19:44,Putrajaya,Espresso-based,Espresso,1,7,7,QR
TXN-2534,14/2/2026,19:45,Putrajaya,Milk-based,Cappuccino,1,11,11,Cash
TXN-2477,14/2/2026,19:54,Putrajaya,Espresso-based,Espresso,2,7,14,Cash
TXN-2467,14/2/2026,19:59,Putrajaya,Espresso-based,Americano,1,9,9,Cash
TXN-2548,14/2/2026,20:07,Puncak Alam,Milk-based,Mocha,2,12,24,Cash
TXN-2591,14/2/2026,20:14,Puncak Alam,Milk-based,Latte,1,11,11,Cash
TXN-2597,14/2/2026,20:15,Puncak Alam,Espresso-based,Espresso,1,7,7,QR
TXN-2560,14/2/2026,20:38,Puncak Alam,Milk-based,Caramel Macchiato,1,13,13,Cash
TXN-2551,14/2/2026,20:45,Puncak Alam,Milk-based,Mocha,1,12,12,QR
TXN-2599,14/2/2026,20:45,Puncak Alam,Milk-based,Latte,2,11,22,QR
TXN-2482,14/2/2026,20:48,Putrajaya,Milk-based,Mocha,1,12,12,QR
TXN-2475,14/2/2026,20:49,Putrajaya,Espresso-based,Espresso,2,7,14,QR
TXN-2598,14/2/2026,20:49,Puncak Alam,Milk-based,Caramel Macchiato,3,13,39,QR
TXN-2563,14/2/2026,20:50,Puncak Alam,Milk-based,Caramel Macchiato,1,13,13,QR
TXN-2491,14/2/2026,21:02,Putrajaya,Espresso-based,Espresso,1,7,7,QR
TXN-2577,14/2/2026,21:11,Puncak Alam,Milk-based,Cappuccino,1,11,11,QR
TXN-2565,14/2/2026,21:16,Puncak Alam,Milk-based,Cappuccino,1,11,11,QR
TXN-2465,14/2/2026,21:20,Putrajaya,Espresso-based,Espresso,1,7,7,QR
TXN-2466,14/2/2026,21:45,Putrajaya,Espresso-based,Americano,1,9,9,QR
TXN-2596,14/2/2026,21:50,Puncak Alam,Milk-based,Caramel Macchiato,1,13,13,QR
TXN-2559,14/2/2026,21:52,Puncak Alam,Milk-based,Latte,2,11,22,Cash
TXN-2513,14/2/2026,21:55,Putrajaya,Milk-based,Latte,1,11,11,QR
TXN-2483,14/2/2026,21:57,Putrajaya,Milk-based,Caramel Macchiato,1,13,13,QR
TXN-2474,14/2/2026,21:58,Putrajaya,Milk-based,Caramel Macchiato,1,13,13,Cash
TXN-2638,15/2/2026,8:02,Putrajaya,Milk-based,Caramel Macchiato,1,13,13,Cash
TXN-2629,15/2/2026,8:08,Putrajaya,Espresso-based,Espresso,4,7,28,QR
TXN-2648,15/2/2026,8:23,Putrajaya,Espresso-based,Espresso,1,7,7,Cash
TXN-2693,15/2/2026,8:33,Puncak Alam,Ice Blended,Ice Blended Chocolate Chip,3,14,42,QR
TXN-2696,15/2/2026,8:52,Puncak Alam,Milk-based,Mocha,2,12,24,Cash
TXN-2641,15/2/2026,8:57,Putrajaya,Milk-based,Latte,1,11,11,Cash
TXN-2655,15/2/2026,8:57,Putrajaya,Milk-based,Latte,1,11,11,Cash
TXN-2665,15/2/2026,9:01,Puncak Alam,Milk-based,Latte,1,11,11,QR
TXN-2617,15/2/2026,9:03,Putrajaya,Espresso-based,Espresso,1,7,7,Cash
TXN-2604,15/2/2026,9:15,Putrajaya,Espresso-based,Americano,3,9,27,QR
TXN-2704,15/2/2026,9:15,Puncak Alam,Espresso-based,Americano,1,9,9,QR
TXN-2684,15/2/2026,9:16,Puncak Alam,Milk-based,Caramel Macchiato,1,13,13,QR
TXN-2635,15/2/2026,9:22,Putrajaya,Ice Blended,Ice Blended Chocolate Chip,1,14,14,QR
TXN-2702,15/2/2026,9:29,Puncak Alam,Milk-based,Cappuccino,1,11,11,Cash
TXN-2611,15/2/2026,9:39,Putrajaya,Milk-based,Latte,1,11,11,QR
TXN-2707,15/2/2026,9:53,Puncak Alam,Milk-based,Caramel Macchiato,1,13,13,QR
TXN-2620,15/2/2026,10:10,Putrajaya,Espresso-based,Americano,2,9,18,QR
TXN-2614,15/2/2026,10:30,Putrajaya,Milk-based,Caramel Macchiato,1,13,13,QR
TXN-2628,15/2/2026,10:39,Putrajaya,Milk-based,Caramel Macchiato,1,13,13,QR
TXN-2643,15/2/2026,10:50,Putrajaya,Milk-based,Mocha,1,12,12,Cash
TXN-2683,15/2/2026,10:53,Puncak Alam,Milk-based,Latte,1,11,11,Cash
TXN-2692,15/2/2026,10:57,Puncak Alam,Espresso-based,Americano,1,9,9,QR
TXN-2605,15/2/2026,10:58,Putrajaya,Milk-based,Latte,1,11,11,Cash
TXN-2695,15/2/2026,11:03,Puncak Alam,Espresso-based,Americano,3,9,27,QR
TXN-2664,15/2/2026,11:20,Puncak Alam,Milk-based,Cappuccino,1,11,11,QR
TXN-2612,15/2/2026,11:21,Putrajaya,Milk-based,Latte,1,11,11,QR
TXN-2602,15/2/2026,11:22,Putrajaya,Milk-based,Latte,2,11,22,QR
TXN-2687,15/2/2026,11:23,Puncak Alam,Milk-based,Mocha,1,12,12,QR
TXN-2636,15/2/2026,11:35,Putrajaya,Milk-based,Mocha,3,12,36,Cash
TXN-2624,15/2/2026,12:00,Putrajaya,Milk-based,Latte,1,11,11,Cash
TXN-2627,15/2/2026,12:01,Putrajaya,Milk-based,Mocha,1,12,12,QR
TXN-2662,15/2/2026,12:12,Putrajaya,Espresso-based,Americano,1,9,9,QR
TXN-2663,15/2/2026,12:12,Putrajaya,Milk-based,Mocha,2,12,24,QR
TXN-2623,15/2/2026,12:18,Putrajaya,Espresso-based,Americano,1,9,9,Cash
TXN-2680,15/2/2026,12:22,Puncak Alam,Milk-based,Mocha,1,12,12,QR
TXN-2622,15/2/2026,12:26,Putrajaya,Espresso-based,Espresso,1,7,7,QR
TXN-2670,15/2/2026,12:27,Puncak Alam,Milk-based,Mocha,2,12,24,QR
TXN-2688,15/2/2026,12:43,Puncak Alam,Milk-based,Cappuccino,1,11,11,Cash
TXN-2669,15/2/2026,12:48,Puncak Alam,Milk-based,Cappuccino,1,11,11,Cash
TXN-2676,15/2/2026,12:57,Puncak Alam,Milk-based,Cappuccino,1,11,11,QR
TXN-2632,15/2/2026,13:07,Putrajaya,Milk-based,Cappuccino,1,11,11,QR
TXN-2660,15/2/2026,13:07,Putrajaya,Espresso-based,Americano,3,9,27,QR
TXN-2646,15/2/2026,13:13,Putrajaya,Milk-based,Latte,2,11,22,Cash
TXN-2608,15/2/2026,13:16,Putrajaya,Espresso-based,Americano,2,9,18,QR
TXN-2654,15/2/2026,13:17,Putrajaya,Milk-based,Caramel Macchiato,2,13,26,Cash
TXN-2606,15/2/2026,13:34,Putrajaya,Milk-based,Latte,1,11,11,Cash
TXN-2626,15/2/2026,13:41,Putrajaya,Milk-based,Latte,2,11,22,QR
TXN-2667,15/2/2026,13:48,Puncak Alam,Milk-based,Cappuccino,1,11,11,QR
TXN-2644,15/2/2026,13:50,Putrajaya,Milk-based,Mocha,1,12,12,QR
TXN-2705,15/2/2026,14:07,Puncak Alam,Espresso-based,Americano,1,9,9,QR
TXN-2613,15/2/2026,14:19,Putrajaya,Milk-based,Latte,1,11,11,QR
TXN-2703,15/2/2026,14:33,Puncak Alam,Milk-based,Mocha,2,12,24,QR
TXN-2634,15/2/2026,14:40,Putrajaya,Ice Blended,Ice Blended Chocolate Chip,1,14,14,Cash
TXN-2681,15/2/2026,14:44,Puncak Alam,Ice Blended,Ice Blended Chocolate Chip,1,14,14,QR
TXN-2652,15/2/2026,14:57,Putrajaya,Ice Blended,Ice Blended Chocolate Chip,2,14,28,Cash
TXN-2619,15/2/2026,15:03,Putrajaya,Milk-based,Cappuccino,1,11,11,Cash
TXN-2610,15/2/2026,15:04,Putrajaya,Espresso-based,Americano,3,9,27,QR
TXN-2682,15/2/2026,15:13,Puncak Alam,Milk-based,Mocha,3,12,36,Cash
TXN-2639,15/2/2026,15:14,Putrajaya,Espresso-based,Espresso,2,7,14,QR
TXN-2678,15/2/2026,15:19,Puncak Alam,Milk-based,Cappuccino,3,11,33,QR
TXN-2647,15/2/2026,15:33,Putrajaya,Ice Blended,Ice Blended Chocolate Chip,1,14,14,Cash
TXN-2640,15/2/2026,15:39,Putrajaya,Milk-based,Caramel Macchiato,1,13,13,QR
TXN-2689,15/2/2026,15:40,Puncak Alam,Milk-based,Mocha,1,12,12,Cash
TXN-2618,15/2/2026,16:11,Putrajaya,Milk-based,Mocha,1,12,12,QR
TXN-2658,15/2/2026,16:18,Putrajaya,Milk-based,Cappuccino,1,11,11,QR
TXN-2631,15/2/2026,16:28,Putrajaya,Milk-based,Latte,1,11,11,QR
TXN-2674,15/2/2026,16:40,Puncak Alam,Espresso-based,Espresso,1,7,7,QR
TXN-2615,15/2/2026,16:42,Putrajaya,Ice Blended,Ice Blended Chocolate Chip,2,14,28,QR
TXN-2649,15/2/2026,16:44,Putrajaya,Milk-based,Caramel Macchiato,2,13,26,QR
TXN-2701,15/2/2026,16:45,Puncak Alam,Espresso-based,Espresso,1,7,7,QR
TXN-2616,15/2/2026,16:47,Putrajaya,Milk-based,Caramel Macchiato,1,13,13,QR
TXN-2659,15/2/2026,16:59,Putrajaya,Espresso-based,Espresso,1,7,7,QR
TXN-2677,15/2/2026,17:00,Puncak Alam,Milk-based,Mocha,3,12,36,QR
TXN-2691,15/2/2026,17:02,Puncak Alam,Milk-based,Latte,2,11,22,Cash
TXN-2642,15/2/2026,17:28,Putrajaya,Milk-based,Latte,1,11,11,QR
TXN-2656,15/2/2026,17:31,Putrajaya,Milk-based,Caramel Macchiato,1,13,13,QR
TXN-2706,15/2/2026,17:33,Puncak Alam,Milk-based,Cappuccino,1,11,11,QR
TXN-2621,15/2/2026,17:34,Putrajaya,Milk-based,Caramel Macchiato,3,13,39,QR
TXN-2653,15/2/2026,17:56,Putrajaya,Milk-based,Mocha,1,12,12,QR
TXN-2694,15/2/2026,17:59,Puncak Alam,Ice Blended,Ice Blended Chocolate Chip,1,14,14,QR
TXN-2708,15/2/2026,18:01,Puncak Alam,Milk-based,Latte,1,11,11,QR
TXN-2633,15/2/2026,18:36,Putrajaya,Ice Blended,Ice Blended Chocolate Chip,2,14,28,QR
TXN-2603,15/2/2026,18:43,Putrajaya,Ice Blended,Ice Blended Chocolate Chip,1,14,14,QR
TXN-2666,15/2/2026,18:46,Puncak Alam,Ice Blended,Ice Blended Chocolate Chip,2,14,28,QR
TXN-2601,15/2/2026,18:55,Putrajaya,Milk-based,Mocha,1,12,12,Cash
TXN-2686,15/2/2026,19:04,Puncak Alam,Espresso-based,Espresso,1,7,7,QR
TXN-2607,15/2/2026,19:20,Putrajaya,Milk-based,Cappuccino,1,11,11,QR
TXN-2671,15/2/2026,19:20,Puncak Alam,Milk-based,Cappuccino,1,11,11,QR
TXN-2700,15/2/2026,19:27,Puncak Alam,Ice Blended,Ice Blended Chocolate Chip,4,14,56,QR
TXN-2673,15/2/2026,19:35,Puncak Alam,Espresso-based,Espresso,1,7,7,QR
TXN-2600,15/2/2026,19:41,Putrajaya,Milk-based,Caramel Macchiato,2,13,26,Cash
TXN-2697,15/2/2026,19:44,Puncak Alam,Milk-based,Caramel Macchiato,1,13,13,QR
TXN-2645,15/2/2026,19:56,Putrajaya,Milk-based,Mocha,1,12,12,QR
TXN-2690,15/2/2026,19:57,Puncak Alam,Milk-based,Mocha,1,12,12,QR
TXN-2698,15/2/2026,19:57,Puncak Alam,Ice Blended,Ice Blended Chocolate Chip,1,14,14,Cash
TXN-2625,15/2/2026,20:09,Putrajaya,Milk-based,Caramel Macchiato,1,13,13,QR
TXN-2668,15/2/2026,20:15,Puncak Alam,Milk-based,Latte,3,11,33,QR
TXN-2630,15/2/2026,20:16,Putrajaya,Milk-based,Latte,1,11,11,Cash
TXN-2609,15/2/2026,20:19,Putrajaya,Espresso-based,Americano,1,9,9,QR
TXN-2637,15/2/2026,20:20,Putrajaya,Milk-based,Caramel Macchiato,2,13,26,QR
TXN-2679,15/2/2026,20:23,Puncak Alam,Milk-based,Caramel Macchiato,1,13,13,QR
TXN-2657,15/2/2026,20:32,Putrajaya,Milk-based,Latte,1,11,11,Cash
TXN-2651,15/2/2026,20:35,Putrajaya,Milk-based,Latte,2,11,22,Cash
TXN-2650,15/2/2026,20:56,Putrajaya,Espresso-based,Espresso,1,7,7,QR
TXN-2661,15/2/2026,21:02,Putrajaya,Milk-based,Latte,1,11,11,QR
TXN-2672,15/2/2026,21:04,Puncak Alam,Espresso-based,Americano,1,9,9,Cash
TXN-2675,15/2/2026,21:17,Puncak Alam,Milk-based,Caramel Macchiato,1,13,13,Cash
TXN-2685,15/2/2026,21:44,Puncak Alam,Milk-based,Mocha,2,12,24,QR
TXN-2709,15/2/2026,21:49,Puncak Alam,Milk-based,Mocha,3,12,36,Cash
TXN-2699,15/2/2026,21:59,Puncak Alam,Milk-based,Caramel Macchiato,3,13,39,QR
TXN-2781,16/2/2026,8:09,Puncak Alam,Espresso-based,Espresso,2,7,14,Cash
TXN-2801,16/2/2026,8:12,Puncak Alam,Ice Blended,Ice Blended Chocolate Chip,1,14,14,QR
TXN-2816,16/2/2026,8:13,Puncak Alam,Milk-based,Mocha,3,12,36,QR
TXN-2794,16/2/2026,8:22,Puncak Alam,Milk-based,Latte,1,11,11,QR
TXN-2824,16/2/2026,8:33,Puncak Alam,Espresso-based,Espresso,1,7,7,QR
TXN-2766,16/2/2026,8:38,Putrajaya,Milk-based,Cappuccino,1,11,11,QR
TXN-2800,16/2/2026,8:48,Puncak Alam,Milk-based,Caramel Macchiato,1,13,13,QR
TXN-2829,16/2/2026,8:57,Puncak Alam,Espresso-based,Espresso,3,7,21,QR
TXN-2738,16/2/2026,9:06,Putrajaya,Milk-based,Caramel Macchiato,1,13,13,QR
TXN-2758,16/2/2026,9:09,Putrajaya,Espresso-based,Americano,1,9,9,Cash
TXN-2787,16/2/2026,9:10,Puncak Alam,Milk-based,Mocha,1,12,12,QR
TXN-2790,16/2/2026,9:12,Puncak Alam,Milk-based,Latte,1,11,11,QR
TXN-2780,16/2/2026,9:23,Puncak Alam,Espresso-based,Americano,1,9,9,Cash
TXN-2736,16/2/2026,9:29,Putrajaya,Espresso-based,Espresso,1,7,7,QR
TXN-2737,16/2/2026,9:30,Putrajaya,Ice Blended,Ice Blended Chocolate Chip,2,14,28,QR
TXN-2715,16/2/2026,9:34,Putrajaya,Milk-based,Mocha,2,12,24,QR
TXN-2773,16/2/2026,9:34,Puncak Alam,Milk-based,Latte,1,11,11,QR
TXN-2718,16/2/2026,9:36,Putrajaya,Espresso-based,Americano,3,9,27,QR
TXN-2795,16/2/2026,9:47,Puncak Alam,Ice Blended,Ice Blended Chocolate Chip,1,14,14,QR
TXN-2835,16/2/2026,10:18,Puncak Alam,Milk-based,Cappuccino,1,11,11,Cash
TXN-2840,16/2/2026,10:41,Puncak Alam,Milk-based,Caramel Macchiato,1,13,13,QR
TXN-2768,16/2/2026,11:07,Puncak Alam,Ice Blended,Ice Blended Chocolate Chip,1,14,14,QR
TXN-2827,16/2/2026,11:13,Puncak Alam,Espresso-based,Americano,3,9,27,QR
TXN-2815,16/2/2026,11:24,Puncak Alam,Milk-based,Mocha,1,12,12,QR
TXN-2804,16/2/2026,11:33,Puncak Alam,Milk-based,Latte,2,11,22,Cash
TXN-2830,16/2/2026,11:41,Puncak Alam,Ice Blended,Ice Blended Chocolate Chip,2,14,28,QR
TXN-2717,16/2/2026,11:49,Putrajaya,Milk-based,Latte,2,11,22,QR
TXN-2770,16/2/2026,11:54,Puncak Alam,Espresso-based,Americano,1,9,9,Cash
TXN-2796,16/2/2026,11:57,Puncak Alam,Milk-based,Latte,2,11,22,QR
TXN-2714,16/2/2026,12:07,Putrajaya,Milk-based,Caramel Macchiato,3,13,39,QR
TXN-2809,16/2/2026,12:08,Puncak Alam,Espresso-based,Espresso,2,7,14,QR
TXN-2765,16/2/2026,12:14,Putrajaya,Espresso-based,Americano,3,9,27,QR
TXN-2836,16/2/2026,12:19,Puncak Alam,Milk-based,Mocha,1,12,12,Cash
TXN-2759,16/2/2026,12:25,Putrajaya,Milk-based,Mocha,1,12,12,QR
TXN-2784,16/2/2026,12:25,Puncak Alam,Ice Blended,Ice Blended Chocolate Chip,1,14,14,Cash
TXN-2786,16/2/2026,12:27,Puncak Alam,Espresso-based,Americano,1,9,9,QR
TXN-2774,16/2/2026,12:34,Puncak Alam,Espresso-based,Espresso,2,7,14,QR
TXN-2839,16/2/2026,12:36,Puncak Alam,Milk-based,Cappuccino,1,11,11,QR
TXN-2772,16/2/2026,12:37,Puncak Alam,Espresso-based,Americano,1,9,9,QR
TXN-2776,16/2/2026,12:37,Puncak Alam,Espresso-based,Espresso,2,7,14,QR
TXN-2757,16/2/2026,12:38,Putrajaya,Espresso-based,Espresso,1,7,7,QR
TXN-2778,16/2/2026,12:43,Puncak Alam,Milk-based,Cappuccino,2,11,22,QR
TXN-2788,16/2/2026,12:45,Puncak Alam,Milk-based,Caramel Macchiato,1,13,13,QR
TXN-2832,16/2/2026,12:57,Puncak Alam,Milk-based,Mocha,1,12,12,QR
TXN-2712,16/2/2026,12:59,Putrajaya,Milk-based,Mocha,1,12,12,QR
TXN-2799,16/2/2026,13:18,Puncak Alam,Milk-based,Mocha,1,12,12,QR
TXN-2750,16/2/2026,13:25,Putrajaya,Milk-based,Caramel Macchiato,1,13,13,QR
TXN-2797,16/2/2026,13:28,Puncak Alam,Milk-based,Latte,1,11,11,QR
TXN-2743,16/2/2026,13:49,Putrajaya,Milk-based,Latte,1,11,11,QR
TXN-2783,16/2/2026,14:10,Puncak Alam,Milk-based,Caramel Macchiato,2,13,26,Cash
TXN-2841,16/2/2026,14:12,Puncak Alam,Espresso-based,Espresso,2,7,14,QR
TXN-2769,16/2/2026,14:22,Puncak Alam,Milk-based,Cappuccino,1,11,11,Cash
TXN-2760,16/2/2026,14:38,Putrajaya,Milk-based,Mocha,3,12,36,QR
TXN-2819,16/2/2026,14:46,Puncak Alam,Espresso-based,Espresso,1,7,7,Cash
TXN-2831,16/2/2026,14:50,Puncak Alam,Milk-based,Mocha,1,12,12,QR
TXN-2726,16/2/2026,15:02,Putrajaya,Milk-based,Cappuccino,2,11,22,QR
TXN-2838,16/2/2026,15:15,Puncak Alam,Milk-based,Caramel Macchiato,1,13,13,QR
TXN-2719,16/2/2026,15:17,Putrajaya,Espresso-based,Espresso,1,7,7,Cash
TXN-2826,16/2/2026,15:20,Puncak Alam,Milk-based,Caramel Macchiato,1,13,13,QR
TXN-2805,16/2/2026,15:21,Puncak Alam,Espresso-based,Espresso,1,7,7,QR
TXN-2742,16/2/2026,15:25,Putrajaya,Milk-based,Cappuccino,4,11,44,QR
TXN-2791,16/2/2026,15:26,Puncak Alam,Ice Blended,Ice Blended Chocolate Chip,1,14,14,Cash
TXN-2823,16/2/2026,15:44,Puncak Alam,Espresso-based,Americano,1,9,9,QR
TXN-2725,16/2/2026,15:47,Putrajaya,Milk-based,Cappuccino,1,11,11,QR
TXN-2825,16/2/2026,15:53,Puncak Alam,Espresso-based,Espresso,1,7,7,QR
TXN-2792,16/2/2026,16:01,Puncak Alam,Milk-based,Caramel Macchiato,1,13,13,QR
TXN-2777,16/2/2026,16:09,Puncak Alam,Milk-based,Caramel Macchiato,1,13,13,Cash
TXN-2729,16/2/2026,16:10,Putrajaya,Milk-based,Mocha,1,12,12,Cash
TXN-2728,16/2/2026,16:22,Putrajaya,Espresso-based,Americano,1,9,9,QR
TXN-2775,16/2/2026,16:23,Puncak Alam,Espresso-based,Espresso,1,7,7,QR
TXN-2752,16/2/2026,16:27,Putrajaya,Espresso-based,Americano,1,9,9,Cash
TXN-2749,16/2/2026,16:29,Putrajaya,Espresso-based,Espresso,2,7,14,Cash
TXN-2828,16/2/2026,16:30,Puncak Alam,Milk-based,Mocha,1,12,12,QR
TXN-2834,16/2/2026,16:30,Puncak Alam,Milk-based,Latte,1,11,11,Cash
TXN-2761,16/2/2026,16:33,Putrajaya,Milk-based,Caramel Macchiato,1,13,13,Cash
TXN-2812,16/2/2026,16:37,Puncak Alam,Milk-based,Cappuccino,4,11,44,QR
TXN-2748,16/2/2026,16:39,Putrajaya,Espresso-based,Espresso,1,7,7,QR
TXN-2710,16/2/2026,16:42,Putrajaya,Milk-based,Latte,1,11,11,QR
TXN-2731,16/2/2026,16:54,Putrajaya,Ice Blended,Ice Blended Chocolate Chip,2,14,28,QR
TXN-2735,16/2/2026,16:58,Putrajaya,Milk-based,Cappuccino,1,11,11,QR
TXN-2730,16/2/2026,16:59,Putrajaya,Milk-based,Mocha,1,12,12,QR
TXN-2721,16/2/2026,17:09,Putrajaya,Milk-based,Mocha,2,12,24,QR
TXN-2724,16/2/2026,17:23,Putrajaya,Espresso-based,Americano,2,9,18,QR
TXN-2767,16/2/2026,17:23,Puncak Alam,Milk-based,Latte,1,11,11,QR
TXN-2740,16/2/2026,17:25,Putrajaya,Milk-based,Caramel Macchiato,1,13,13,Cash
TXN-2756,16/2/2026,17:28,Putrajaya,Ice Blended,Ice Blended Chocolate Chip,1,14,14,QR
TXN-2803,16/2/2026,17:37,Puncak Alam,Espresso-based,Americano,1,9,9,QR
TXN-2822,16/2/2026,17:43,Puncak Alam,Milk-based,Mocha,1,12,12,QR
TXN-2732,16/2/2026,17:44,Putrajaya,Milk-based,Mocha,1,12,12,QR
TXN-2793,16/2/2026,17:46,Puncak Alam,Milk-based,Caramel Macchiato,1,13,13,QR
TXN-2785,16/2/2026,18:03,Puncak Alam,Ice Blended,Ice Blended Chocolate Chip,2,14,28,QR
TXN-2842,16/2/2026,18:07,Puncak Alam,Espresso-based,Espresso,1,7,7,QR
TXN-2811,16/2/2026,18:09,Puncak Alam,Milk-based,Mocha,1,12,12,QR
TXN-2821,16/2/2026,18:18,Puncak Alam,Milk-based,Mocha,1,12,12,QR
TXN-2753,16/2/2026,18:23,Putrajaya,Milk-based,Mocha,3,12,36,QR
TXN-2779,16/2/2026,18:28,Puncak Alam,Milk-based,Latte,1,11,11,QR
TXN-2741,16/2/2026,18:38,Putrajaya,Milk-based,Caramel Macchiato,1,13,13,Cash
TXN-2754,16/2/2026,18:44,Putrajaya,Milk-based,Latte,2,11,22,QR
TXN-2837,16/2/2026,18:46,Puncak Alam,Milk-based,Cappuccino,1,11,11,QR
TXN-2723,16/2/2026,18:50,Putrajaya,Ice Blended,Ice Blended Chocolate Chip,3,14,42,QR
TXN-2802,16/2/2026,18:51,Puncak Alam,Milk-based,Caramel Macchiato,1,13,13,Cash
TXN-2782,16/2/2026,18:55,Puncak Alam,Ice Blended,Ice Blended Chocolate Chip,4,14,56,QR
TXN-2711,16/2/2026,18:57,Putrajaya,Espresso-based,Espresso,1,7,7,QR
TXN-2763,16/2/2026,19:12,Putrajaya,Espresso-based,Americano,1,9,9,QR
TXN-2762,16/2/2026,19:14,Putrajaya,Milk-based,Caramel Macchiato,1,13,13,QR
TXN-2798,16/2/2026,19:22,Puncak Alam,Milk-based,Mocha,3,12,36,Cash
TXN-2751,16/2/2026,19:31,Putrajaya,Ice Blended,Ice Blended Chocolate Chip,3,14,42,QR
TXN-2745,16/2/2026,19:35,Putrajaya,Milk-based,Mocha,1,12,12,Cash
TXN-2727,16/2/2026,19:43,Putrajaya,Espresso-based,Espresso,1,7,7,QR
TXN-2739,16/2/2026,19:50,Putrajaya,Milk-based,Cappuccino,2,11,22,QR
TXN-2733,16/2/2026,19:51,Putrajaya,Milk-based,Mocha,1,12,12,Cash
TXN-2720,16/2/2026,19:57,Putrajaya,Milk-based,Cappuccino,1,11,11,QR
TXN-2755,16/2/2026,19:58,Putrajaya,Milk-based,Caramel Macchiato,1,13,13,QR
TXN-2764,16/2/2026,20:04,Putrajaya,Milk-based,Mocha,2,12,24,QR
TXN-2771,16/2/2026,20:04,Puncak Alam,Milk-based,Mocha,2,12,24,QR
TXN-2789,16/2/2026,20:05,Puncak Alam,Milk-based,Mocha,3,12,36,QR
TXN-2820,16/2/2026,20:10,Puncak Alam,Espresso-based,Espresso,2,7,14,QR
TXN-2808,16/2/2026,20:19,Puncak Alam,Milk-based,Latte,1,11,11,QR
TXN-2806,16/2/2026,20:21,Puncak Alam,Milk-based,Latte,1,11,11,QR
TXN-2833,16/2/2026,20:30,Puncak Alam,Milk-based,Cappuccino,1,11,11,QR
TXN-2722,16/2/2026,20:41,Putrajaya,Espresso-based,Americano,1,9,9,QR
TXN-2713,16/2/2026,20:47,Putrajaya,Ice Blended,Ice Blended Chocolate Chip,1,14,14,QR
TXN-2734,16/2/2026,21:15,Putrajaya,Espresso-based,Espresso,1,7,7,Cash
TXN-2817,16/2/2026,21:15,Puncak Alam,Milk-based,Mocha,1,12,12,Cash
TXN-2744,16/2/2026,21:21,Putrajaya,Espresso-based,Americano,1,9,9,QR
TXN-2807,16/2/2026,21:23,Puncak Alam,Milk-based,Mocha,1,12,12,QR
TXN-2813,16/2/2026,21:24,Puncak Alam,Espresso-based,Americano,1,9,9,QR
TXN-2716,16/2/2026,21:31,Putrajaya,Ice Blended,Ice Blended Chocolate Chip,1,14,14,QR
TXN-2747,16/2/2026,21:36,Putrajaya,Milk-based,Caramel Macchiato,1,13,13,Cash
TXN-2810,16/2/2026,21:47,Puncak Alam,Milk-based,Mocha,1,12,12,Cash
TXN-2814,16/2/2026,21:50,Puncak Alam,Espresso-based,Americano,1,9,9,Cash
TXN-2746,16/2/2026,21:52,Putrajaya,Milk-based,Mocha,2,12,24,QR
TXN-2818,16/2/2026,21:54,Puncak Alam,Espresso-based,Americano,2,9,18,QR
TXN-2948,17/2/2026,8:00,Puncak Alam,Milk-based,Caramel Macchiato,1,13,13,QR
TXN-2849,17/2/2026,8:08,Putrajaya,Ice Blended,Ice Blended Chocolate Chip,2,14,28,QR
TXN-2874,17/2/2026,8:51,Putrajaya,Milk-based,Caramel Macchiato,1,13,13,QR
TXN-2897,17/2/2026,8:57,Putrajaya,Milk-based,Latte,1,11,11,QR
TXN-2951,17/2/2026,9:13,Puncak Alam,Espresso-based,Espresso,1,7,7,QR
TXN-2872,17/2/2026,9:34,Putrajaya,Milk-based,Cappuccino,2,11,22,Cash
TXN-2862,17/2/2026,9:35,Putrajaya,Espresso-based,Americano,1,9,9,QR
TXN-2915,17/2/2026,9:41,Puncak Alam,Milk-based,Caramel Macchiato,2,13,26,Cash
TXN-2865,17/2/2026,9:43,Putrajaya,Milk-based,Caramel Macchiato,2,13,26,Cash
TXN-2929,17/2/2026,9:50,Puncak Alam,Ice Blended,Ice Blended Chocolate Chip,1,14,14,QR
TXN-2878,17/2/2026,9:53,Putrajaya,Milk-based,Mocha,1,12,12,QR
TXN-2882,17/2/2026,10:37,Putrajaya,Ice Blended,Ice Blended Chocolate Chip,1,14,14,QR
TXN-2906,17/2/2026,10:40,Puncak Alam,Ice Blended,Ice Blended Chocolate Chip,1,14,14,QR
TXN-2912,17/2/2026,10:41,Puncak Alam,Milk-based,Caramel Macchiato,2,13,26,QR
TXN-2916,17/2/2026,10:57,Puncak Alam,Milk-based,Cappuccino,2,11,22,QR
TXN-2950,17/2/2026,11:19,Puncak Alam,Milk-based,Latte,2,11,22,QR
TXN-2899,17/2/2026,11:20,Putrajaya,Milk-based,Latte,1,11,11,Cash
TXN-2901,17/2/2026,11:32,Putrajaya,Milk-based,Caramel Macchiato,1,13,13,Cash
TXN-2922,17/2/2026,11:34,Puncak Alam,Milk-based,Latte,1,11,11,QR
TXN-2870,17/2/2026,11:45,Putrajaya,Espresso-based,Americano,1,9,9,Cash
TXN-2888,17/2/2026,12:02,Putrajaya,Milk-based,Mocha,1,12,12,QR
TXN-2866,17/2/2026,12:06,Putrajaya,Milk-based,Latte,1,11,11,Cash
TXN-2896,17/2/2026,12:06,Putrajaya,Milk-based,Caramel Macchiato,1,13,13,QR
TXN-2892,17/2/2026,12:15,Putrajaya,Espresso-based,Espresso,1,7,7,QR
TXN-2952,17/2/2026,12:25,Puncak Alam,Ice Blended,Ice Blended Chocolate Chip,2,14,28,QR
TXN-2927,17/2/2026,12:34,Puncak Alam,Milk-based,Latte,3,11,33,Cash
TXN-2877,17/2/2026,12:38,Putrajaya,Milk-based,Latte,1,11,11,QR
TXN-2934,17/2/2026,12:50,Puncak Alam,Milk-based,Cappuccino,1,11,11,Cash
TXN-2850,17/2/2026,13:00,Putrajaya,Espresso-based,Americano,1,9,9,QR
TXN-2902,17/2/2026,13:08,Putrajaya,Ice Blended,Ice Blended Chocolate Chip,1,14,14,Cash
TXN-2857,17/2/2026,13:15,Putrajaya,Milk-based,Mocha,2,12,24,Cash
TXN-2873,17/2/2026,13:30,Putrajaya,Milk-based,Caramel Macchiato,1,13,13,Cash
TXN-2910,17/2/2026,13:35,Puncak Alam,Milk-based,Caramel Macchiato,1,13,13,Cash
TXN-2856,17/2/2026,13:37,Putrajaya,Milk-based,Caramel Macchiato,1,13,13,QR
TXN-2867,17/2/2026,13:48,Putrajaya,Milk-based,Caramel Macchiato,1,13,13,Cash
TXN-2868,17/2/2026,13:48,Putrajaya,Espresso-based,Americano,1,9,9,QR
TXN-2904,17/2/2026,14:04,Putrajaya,Espresso-based,Espresso,2,7,14,Cash
TXN-2893,17/2/2026,14:11,Putrajaya,Ice Blended,Ice Blended Chocolate Chip,1,14,14,Cash
TXN-2909,17/2/2026,14:20,Puncak Alam,Milk-based,Mocha,1,12,12,QR
TXN-2898,17/2/2026,14:28,Putrajaya,Milk-based,Cappuccino,2,11,22,QR
TXN-2903,17/2/2026,14:31,Putrajaya,Espresso-based,Americano,1,9,9,Cash
TXN-2860,17/2/2026,14:36,Putrajaya,Espresso-based,Americano,1,9,9,QR
TXN-2919,17/2/2026,14:44,Puncak Alam,Espresso-based,Americano,1,9,9,QR
TXN-2881,17/2/2026,14:54,Putrajaya,Milk-based,Cappuccino,1,11,11,QR
TXN-2863,17/2/2026,14:59,Putrajaya,Milk-based,Cappuccino,1,11,11,QR
TXN-2921,17/2/2026,14:59,Puncak Alam,Ice Blended,Ice Blended Chocolate Chip,1,14,14,Cash
TXN-2843,17/2/2026,15:00,Putrajaya,Espresso-based,Espresso,3,7,21,Cash
TXN-2895,17/2/2026,15:08,Putrajaya,Milk-based,Mocha,1,12,12,Cash
TXN-2855,17/2/2026,15:22,Putrajaya,Milk-based,Caramel Macchiato,1,13,13,QR
TXN-2851,17/2/2026,15:28,Putrajaya,Ice Blended,Ice Blended Chocolate Chip,3,14,42,QR
TXN-2954,17/2/2026,15:34,Puncak Alam,Espresso-based,Espresso,1,7,7,QR
TXN-2943,17/2/2026,15:36,Puncak Alam,Milk-based,Cappuccino,2,11,22,QR
TXN-2847,17/2/2026,15:43,Putrajaya,Espresso-based,Americano,1,9,9,QR
TXN-2891,17/2/2026,15:55,Putrajaya,Espresso-based,Americano,1,9,9,QR
TXN-2900,17/2/2026,15:55,Putrajaya,Ice Blended,Ice Blended Chocolate Chip,1,14,14,QR
TXN-2844,17/2/2026,15:56,Putrajaya,Espresso-based,Espresso,1,7,7,QR
TXN-2936,17/2/2026,15:59,Puncak Alam,Espresso-based,Espresso,1,7,7,QR
TXN-2885,17/2/2026,16:08,Putrajaya,Espresso-based,Americano,1,9,9,Cash
TXN-2845,17/2/2026,16:11,Putrajaya,Espresso-based,Espresso,1,7,7,QR
TXN-2846,17/2/2026,16:16,Putrajaya,Milk-based,Caramel Macchiato,1,13,13,Cash
TXN-2926,17/2/2026,16:18,Puncak Alam,Milk-based,Latte,1,11,11,Cash
TXN-2945,17/2/2026,16:19,Puncak Alam,Espresso-based,Americano,1,9,9,QR
TXN-2861,17/2/2026,16:23,Putrajaya,Milk-based,Mocha,1,12,12,Cash
TXN-2925,17/2/2026,16:28,Puncak Alam,Milk-based,Latte,2,11,22,QR
TXN-2939,17/2/2026,16:34,Puncak Alam,Espresso-based,Americano,2,9,18,Cash
TXN-2947,17/2/2026,16:38,Puncak Alam,Espresso-based,Espresso,1,7,7,Cash
TXN-2949,17/2/2026,16:45,Puncak Alam,Milk-based,Latte,1,11,11,QR
TXN-2924,17/2/2026,16:47,Puncak Alam,Milk-based,Mocha,1,12,12,QR
TXN-2854,17/2/2026,16:48,Putrajaya,Milk-based,Latte,1,11,11,QR
TXN-2932,17/2/2026,16:53,Puncak Alam,Espresso-based,Espresso,1,7,7,QR
TXN-2935,17/2/2026,16:54,Puncak Alam,Espresso-based,Espresso,1,7,7,QR
TXN-2852,17/2/2026,16:58,Putrajaya,Espresso-based,Americano,1,9,9,QR
TXN-2871,17/2/2026,17:00,Putrajaya,Milk-based,Mocha,1,12,12,QR
TXN-2918,17/2/2026,17:02,Puncak Alam,Milk-based,Mocha,3,12,36,QR
TXN-2913,17/2/2026,17:04,Puncak Alam,Milk-based,Caramel Macchiato,1,13,13,QR
TXN-2942,17/2/2026,17:09,Puncak Alam,Espresso-based,Espresso,2,7,14,QR
TXN-2848,17/2/2026,17:16,Putrajaya,Milk-based,Mocha,1,12,12,QR
TXN-2879,17/2/2026,17:16,Putrajaya,Espresso-based,Espresso,1,7,7,QR
TXN-2944,17/2/2026,17:23,Puncak Alam,Milk-based,Latte,1,11,11,QR
TXN-2884,17/2/2026,17:27,Putrajaya,Milk-based,Cappuccino,1,11,11,QR
TXN-2858,17/2/2026,17:28,Putrajaya,Ice Blended,Ice Blended Chocolate Chip,1,14,14,QR
TXN-2876,17/2/2026,17:29,Putrajaya,Milk-based,Mocha,2,12,24,QR
TXN-2883,17/2/2026,17:45,Putrajaya,Milk-based,Caramel Macchiato,3,13,39,QR
TXN-2907,17/2/2026,18:06,Puncak Alam,Milk-based,Mocha,2,12,24,Cash
TXN-2886,17/2/2026,18:08,Putrajaya,Espresso-based,Espresso,1,7,7,QR
TXN-2940,17/2/2026,18:15,Puncak Alam,Milk-based,Latte,2,11,22,QR
TXN-2930,17/2/2026,18:16,Puncak Alam,Espresso-based,Espresso,1,7,7,QR
TXN-2894,17/2/2026,18:17,Putrajaya,Espresso-based,Espresso,2,7,14,QR
TXN-2905,17/2/2026,18:20,Putrajaya,Milk-based,Caramel Macchiato,1,13,13,QR
TXN-2864,17/2/2026,18:22,Putrajaya,Espresso-based,Espresso,1,7,7,Cash
TXN-2869,17/2/2026,18:22,Putrajaya,Milk-based,Cappuccino,1,11,11,QR
TXN-2923,17/2/2026,18:38,Puncak Alam,Milk-based,Mocha,1,12,12,QR
TXN-2953,17/2/2026,18:47,Puncak Alam,Ice Blended,Ice Blended Chocolate Chip,1,14,14,QR
TXN-2880,17/2/2026,18:52,Putrajaya,Milk-based,Latte,3,11,33,Cash
TXN-2911,17/2/2026,18:52,Puncak Alam,Milk-based,Cappuccino,1,11,11,Cash
TXN-2875,17/2/2026,19:12,Putrajaya,Milk-based,Caramel Macchiato,1,13,13,QR
TXN-2941,17/2/2026,19:25,Puncak Alam,Espresso-based,Espresso,1,7,7,QR
TXN-2920,17/2/2026,19:29,Puncak Alam,Milk-based,Mocha,2,12,24,QR
TXN-2859,17/2/2026,19:31,Putrajaya,Ice Blended,Ice Blended Chocolate Chip,1,14,14,QR
TXN-2887,17/2/2026,19:39,Putrajaya,Milk-based,Mocha,2,12,24,QR
TXN-2928,17/2/2026,19:47,Puncak Alam,Ice Blended,Ice Blended Chocolate Chip,1,14,14,QR
TXN-2931,17/2/2026,20:11,Puncak Alam,Milk-based,Caramel Macchiato,2,13,26,QR
TXN-2938,17/2/2026,20:17,Puncak Alam,Espresso-based,Americano,2,9,18,Cash
TXN-2890,17/2/2026,20:29,Putrajaya,Milk-based,Latte,2,11,22,QR
TXN-2917,17/2/2026,20:29,Puncak Alam,Espresso-based,Espresso,1,7,7,Cash
TXN-2946,17/2/2026,20:36,Puncak Alam,Ice Blended,Ice Blended Chocolate Chip,2,14,28,QR
TXN-2933,17/2/2026,20:42,Puncak Alam,Milk-based,Caramel Macchiato,3,13,39,QR
TXN-2889,17/2/2026,20:43,Putrajaya,Milk-based,Caramel Macchiato,2,13,26,QR
TXN-2914,17/2/2026,20:54,Puncak Alam,Ice Blended,Ice Blended Chocolate Chip,1,14,14,QR
TXN-2853,17/2/2026,20:56,Putrajaya,Milk-based,Caramel Macchiato,1,13,13,QR
TXN-2908,17/2/2026,21:23,Puncak Alam,Ice Blended,Ice Blended Chocolate Chip,1,14,14,Cash
TXN-2937,17/2/2026,21:30,Puncak Alam,Ice Blended,Ice Blended Chocolate Chip,1,14,14,QR
TXN-3056,18/2/2026,8:00,Puncak Alam,Ice Blended,Ice Blended Chocolate Chip,1,14,14,QR
TXN-2955,18/2/2026,8:05,Putrajaya,Milk-based,Mocha,1,12,12,Cash
TXN-2983,18/2/2026,8:12,Putrajaya,Milk-based,Mocha,1,12,12,Cash
TXN-3067,18/2/2026,8:20,Puncak Alam,Espresso-based,Americano,1,9,9,Cash
TXN-3007,18/2/2026,8:31,Putrajaya,Milk-based,Mocha,1,12,12,QR
TXN-3021,18/2/2026,8:31,Puncak Alam,Milk-based,Caramel Macchiato,1,13,13,Cash
TXN-3047,18/2/2026,8:38,Puncak Alam,Espresso-based,Americano,3,9,27,QR
TXN-3058,18/2/2026,8:39,Puncak Alam,Espresso-based,Americano,1,9,9,Cash
TXN-3028,18/2/2026,8:40,Puncak Alam,Milk-based,Cappuccino,1,11,11,Cash
TXN-2978,18/2/2026,8:49,Putrajaya,Ice Blended,Ice Blended Chocolate Chip,2,14,28,QR
TXN-3037,18/2/2026,8:58,Puncak Alam,Ice Blended,Ice Blended Chocolate Chip,1,14,14,QR
TXN-2959,18/2/2026,9:15,Putrajaya,Ice Blended,Ice Blended Chocolate Chip,1,14,14,QR
TXN-2960,18/2/2026,9:16,Putrajaya,Espresso-based,Americano,1,9,9,QR
TXN-3033,18/2/2026,9:28,Puncak Alam,Ice Blended,Ice Blended Chocolate Chip,1,14,14,QR
TXN-3013,18/2/2026,9:42,Puncak Alam,Milk-based,Mocha,1,12,12,Cash
TXN-3061,18/2/2026,9:42,Puncak Alam,Milk-based,Mocha,1,12,12,Cash
TXN-2998,18/2/2026,9:43,Putrajaya,Milk-based,Cappuccino,1,11,11,QR
TXN-3003,18/2/2026,9:55,Putrajaya,Milk-based,Mocha,1,12,12,QR
TXN-3034,18/2/2026,10:04,Puncak Alam,Milk-based,Cappuccino,3,11,33,QR
TXN-3020,18/2/2026,10:13,Puncak Alam,Milk-based,Latte,1,11,11,QR
TXN-3038,18/2/2026,10:13,Puncak Alam,Milk-based,Mocha,2,12,24,Cash
TXN-2982,18/2/2026,10:16,Putrajaya,Espresso-based,Espresso,1,7,7,QR
TXN-3054,18/2/2026,10:16,Puncak Alam,Milk-based,Latte,3,11,33,QR
TXN-3041,18/2/2026,10:26,Puncak Alam,Espresso-based,Espresso,1,7,7,QR
TXN-2975,18/2/2026,10:29,Putrajaya,Espresso-based,Americano,2,9,18,QR
TXN-2957,18/2/2026,10:34,Putrajaya,Milk-based,Cappuccino,1,11,11,Cash
TXN-3060,18/2/2026,10:55,Puncak Alam,Espresso-based,Americano,1,9,9,QR
TXN-3052,18/2/2026,11:01,Puncak Alam,Espresso-based,Espresso,1,7,7,QR
TXN-2958,18/2/2026,11:25,Putrajaya,Milk-based,Caramel Macchiato,1,13,13,QR
TXN-2969,18/2/2026,11:29,Putrajaya,Ice Blended,Ice Blended Chocolate Chip,1,14,14,QR
TXN-2963,18/2/2026,11:32,Putrajaya,Milk-based,Caramel Macchiato,1,13,13,Cash
TXN-3044,18/2/2026,11:50,Puncak Alam,Ice Blended,Ice Blended Chocolate Chip,3,14,42,QR
TXN-3011,18/2/2026,12:05,Puncak Alam,Milk-based,Caramel Macchiato,1,13,13,QR
TXN-3039,18/2/2026,12:09,Puncak Alam,Milk-based,Caramel Macchiato,1,13,13,Cash
TXN-3005,18/2/2026,12:11,Putrajaya,Ice Blended,Ice Blended Chocolate Chip,2,14,28,QR
TXN-3027,18/2/2026,12:24,Puncak Alam,Espresso-based,Espresso,2,7,14,QR
TXN-2972,18/2/2026,12:38,Putrajaya,Milk-based,Caramel Macchiato,2,13,26,QR
TXN-3040,18/2/2026,12:52,Puncak Alam,Milk-based,Cappuccino,1,11,11,Cash
TXN-2974,18/2/2026,13:01,Putrajaya,Ice Blended,Ice Blended Chocolate Chip,2,14,28,QR
TXN-2987,18/2/2026,13:11,Putrajaya,Ice Blended,Ice Blended Chocolate Chip,1,14,14,QR
TXN-2956,18/2/2026,13:30,Putrajaya,Ice Blended,Ice Blended Chocolate Chip,1,14,14,Cash
TXN-2989,18/2/2026,13:31,Putrajaya,Espresso-based,Espresso,1,7,7,Cash
TXN-3019,18/2/2026,13:42,Puncak Alam,Milk-based,Cappuccino,1,11,11,QR
TXN-3008,18/2/2026,13:50,Putrajaya,Milk-based,Mocha,1,12,12,QR
TXN-2986,18/2/2026,13:59,Putrajaya,Milk-based,Latte,1,11,11,QR
TXN-3050,18/2/2026,14:01,Puncak Alam,Milk-based,Mocha,1,12,12,QR
TXN-2979,18/2/2026,14:03,Putrajaya,Milk-based,Caramel Macchiato,1,13,13,QR
TXN-2964,18/2/2026,14:04,Putrajaya,Milk-based,Cappuccino,1,11,11,QR
TXN-3016,18/2/2026,14:10,Puncak Alam,Milk-based,Mocha,1,12,12,Cash
TXN-2990,18/2/2026,14:41,Putrajaya,Ice Blended,Ice Blended Chocolate Chip,1,14,14,QR
TXN-3048,18/2/2026,14:56,Puncak Alam,Espresso-based,Espresso,2,7,14,QR
TXN-3059,18/2/2026,14:57,Puncak Alam,Ice Blended,Ice Blended Chocolate Chip,2,14,28,Cash
TXN-3042,18/2/2026,15:00,Puncak Alam,Espresso-based,Americano,2,9,18,QR
TXN-2977,18/2/2026,15:02,Putrajaya,Milk-based,Latte,1,11,11,QR
TXN-3063,18/2/2026,15:04,Puncak Alam,Milk-based,Cappuccino,1,11,11,Cash
TXN-3004,18/2/2026,15:05,Putrajaya,Milk-based,Latte,1,11,11,QR
TXN-3009,18/2/2026,15:07,Putrajaya,Milk-based,Latte,1,11,11,QR
TXN-3045,18/2/2026,15:10,Puncak Alam,Espresso-based,Americano,3,9,27,QR
TXN-2992,18/2/2026,15:12,Putrajaya,Milk-based,Mocha,1,12,12,QR
TXN-2981,18/2/2026,15:13,Putrajaya,Milk-based,Cappuccino,1,11,11,QR
TXN-2970,18/2/2026,15:20,Putrajaya,Milk-based,Latte,1,11,11,QR
TXN-2971,18/2/2026,15:34,Putrajaya,Espresso-based,Americano,1,9,9,QR
TXN-2999,18/2/2026,15:50,Putrajaya,Milk-based,Mocha,2,12,24,QR
TXN-2996,18/2/2026,16:10,Putrajaya,Milk-based,Cappuccino,1,11,11,QR
TXN-3017,18/2/2026,16:10,Puncak Alam,Espresso-based,Americano,1,9,9,QR
TXN-3049,18/2/2026,16:17,Puncak Alam,Milk-based,Latte,2,11,22,QR
TXN-3024,18/2/2026,16:19,Puncak Alam,Milk-based,Cappuccino,1,11,11,Cash
TXN-2966,18/2/2026,16:33,Putrajaya,Milk-based,Mocha,1,12,12,QR
TXN-2997,18/2/2026,16:33,Putrajaya,Ice Blended,Ice Blended Chocolate Chip,1,14,14,QR
TXN-3057,18/2/2026,16:33,Puncak Alam,Espresso-based,Americano,1,9,9,Cash
TXN-3015,18/2/2026,16:35,Puncak Alam,Espresso-based,Americano,1,9,9,QR
TXN-3036,18/2/2026,16:51,Puncak Alam,Milk-based,Mocha,1,12,12,QR
TXN-3031,18/2/2026,17:03,Puncak Alam,Milk-based,Latte,3,11,33,Cash
TXN-2994,18/2/2026,17:09,Putrajaya,Ice Blended,Ice Blended Chocolate Chip,3,14,42,QR
TXN-3046,18/2/2026,17:19,Puncak Alam,Milk-based,Mocha,1,12,12,QR
TXN-2968,18/2/2026,17:22,Putrajaya,Espresso-based,Espresso,3,7,21,QR
TXN-2962,18/2/2026,17:43,Putrajaya,Milk-based,Latte,3,11,33,QR
TXN-3055,18/2/2026,17:45,Puncak Alam,Milk-based,Cappuccino,1,11,11,QR
TXN-2984,18/2/2026,18:02,Putrajaya,Milk-based,Mocha,1,12,12,QR
TXN-2965,18/2/2026,18:08,Putrajaya,Espresso-based,Americano,1,9,9,QR
TXN-3023,18/2/2026,18:16,Puncak Alam,Ice Blended,Ice Blended Chocolate Chip,1,14,14,Cash
TXN-3000,18/2/2026,18:19,Putrajaya,Milk-based,Latte,1,11,11,Cash
TXN-2985,18/2/2026,18:20,Putrajaya,Milk-based,Caramel Macchiato,2,13,26,Cash
TXN-3014,18/2/2026,18:36,Puncak Alam,Espresso-based,Espresso,1,7,7,QR
TXN-3012,18/2/2026,18:42,Puncak Alam,Milk-based,Mocha,2,12,24,QR
TXN-3022,18/2/2026,18:47,Puncak Alam,Ice Blended,Ice Blended Chocolate Chip,1,14,14,QR
TXN-3035,18/2/2026,18:57,Puncak Alam,Milk-based,Latte,3,11,33,QR
TXN-3025,18/2/2026,18:59,Puncak Alam,Milk-based,Latte,1,11,11,QR
TXN-3001,18/2/2026,19:01,Putrajaya,Milk-based,Caramel Macchiato,1,13,13,QR
TXN-2993,18/2/2026,19:09,Putrajaya,Milk-based,Cappuccino,3,11,33,Cash
TXN-3043,18/2/2026,19:09,Puncak Alam,Ice Blended,Ice Blended Chocolate Chip,1,14,14,Cash
TXN-3065,18/2/2026,19:21,Puncak Alam,Espresso-based,Espresso,3,7,21,Cash
TXN-3026,18/2/2026,19:33,Puncak Alam,Espresso-based,Espresso,1,7,7,Cash
TXN-2961,18/2/2026,19:38,Putrajaya,Milk-based,Caramel Macchiato,2,13,26,QR
TXN-3062,18/2/2026,19:43,Puncak Alam,Milk-based,Caramel Macchiato,1,13,13,Cash
TXN-3018,18/2/2026,19:45,Puncak Alam,Espresso-based,Americano,1,9,9,QR
TXN-2973,18/2/2026,19:47,Putrajaya,Espresso-based,Espresso,1,7,7,QR
TXN-2967,18/2/2026,19:49,Putrajaya,Milk-based,Cappuccino,1,11,11,Cash
TXN-2976,18/2/2026,19:56,Putrajaya,Milk-based,Caramel Macchiato,1,13,13,Cash
TXN-3053,18/2/2026,19:57,Puncak Alam,Espresso-based,Americano,1,9,9,QR
TXN-3030,18/2/2026,20:08,Puncak Alam,Milk-based,Caramel Macchiato,1,13,13,QR
TXN-3002,18/2/2026,20:09,Putrajaya,Milk-based,Cappuccino,1,11,11,QR
TXN-3032,18/2/2026,20:19,Puncak Alam,Milk-based,Latte,1,11,11,QR
TXN-3064,18/2/2026,20:25,Puncak Alam,Ice Blended,Ice Blended Chocolate Chip,1,14,14,QR
TXN-3068,18/2/2026,20:35,Puncak Alam,Milk-based,Mocha,2,12,24,QR
TXN-3051,18/2/2026,20:44,Puncak Alam,Espresso-based,Americano,1,9,9,QR
TXN-3066,18/2/2026,20:56,Puncak Alam,Milk-based,Cappuccino,1,11,11,QR
TXN-2988,18/2/2026,21:04,Putrajaya,Milk-based,Caramel Macchiato,1,13,13,QR
TXN-2991,18/2/2026,21:08,Putrajaya,Milk-based,Caramel Macchiato,1,13,13,QR
TXN-3010,18/2/2026,21:10,Puncak Alam,Milk-based,Latte,1,11,11,QR
TXN-2995,18/2/2026,21:31,Putrajaya,Milk-based,Mocha,2,12,24,QR
TXN-3006,18/2/2026,21:37,Putrajaya,Espresso-based,Espresso,2,7,14,Cash
TXN-2980,18/2/2026,21:41,Putrajaya,Espresso-based,Espresso,1,7,7,QR
TXN-3029,18/2/2026,21:45,Puncak Alam,Milk-based,Latte,1,11,11,QR
TXN-3077,19/2/2026,8:01,Putrajaya,Espresso-based,Americano,1,9,9,QR
TXN-3090,19/2/2026,8:30,Putrajaya,Ice Blended,Ice Blended Chocolate Chip,2,14,28,QR
TXN-3115,19/2/2026,8:34,Puncak Alam,Milk-based,Caramel Macchiato,1,13,13,QR
TXN-3159,19/2/2026,8:36,Puncak Alam,Ice Blended,Ice Blended Chocolate Chip,1,14,14,QR
TXN-3123,19/2/2026,8:38,Puncak Alam,Milk-based,Cappuccino,1,11,11,QR
TXN-3172,19/2/2026,8:49,Puncak Alam,Espresso-based,Espresso,1,7,7,QR
TXN-3105,19/2/2026,8:57,Putrajaya,Milk-based,Caramel Macchiato,1,13,13,Cash
TXN-3071,19/2/2026,9:01,Putrajaya,Milk-based,Latte,1,11,11,QR
TXN-3082,19/2/2026,9:04,Putrajaya,Milk-based,Latte,3,11,33,Cash
TXN-3088,19/2/2026,9:28,Putrajaya,Milk-based,Mocha,1,12,12,Cash
TXN-3174,19/2/2026,9:28,Puncak Alam,Milk-based,Latte,1,11,11,QR
TXN-3097,19/2/2026,9:29,Putrajaya,Milk-based,Cappuccino,1,11,11,Cash
TXN-3130,19/2/2026,9:29,Puncak Alam,Espresso-based,Espresso,1,7,7,QR
TXN-3162,19/2/2026,9:29,Puncak Alam,Milk-based,Caramel Macchiato,1,13,13,QR
TXN-3141,19/2/2026,9:35,Puncak Alam,Milk-based,Cappuccino,1,11,11,Cash
TXN-3107,19/2/2026,9:44,Putrajaya,Ice Blended,Ice Blended Chocolate Chip,1,14,14,QR
TXN-3118,19/2/2026,9:52,Puncak Alam,Milk-based,Latte,1,11,11,QR
TXN-3145,19/2/2026,9:57,Puncak Alam,Ice Blended,Ice Blended Chocolate Chip,3,14,42,Cash
TXN-3170,19/2/2026,10:01,Puncak Alam,Ice Blended,Ice Blended Chocolate Chip,2,14,28,QR
TXN-3109,19/2/2026,10:10,Putrajaya,Milk-based,Cappuccino,1,11,11,Cash
TXN-3171,19/2/2026,10:14,Puncak Alam,Espresso-based,Americano,1,9,9,Cash
TXN-3179,19/2/2026,10:17,Puncak Alam,Espresso-based,Espresso,1,7,7,QR
TXN-3114,19/2/2026,10:20,Putrajaya,Ice Blended,Ice Blended Chocolate Chip,4,14,56,QR
TXN-3142,19/2/2026,10:22,Puncak Alam,Milk-based,Caramel Macchiato,1,13,13,QR
TXN-3079,19/2/2026,10:23,Putrajaya,Espresso-based,Americano,1,9,9,Cash
TXN-3074,19/2/2026,10:24,Putrajaya,Ice Blended,Ice Blended Chocolate Chip,1,14,14,QR
TXN-3110,19/2/2026,10:39,Putrajaya,Milk-based,Caramel Macchiato,2,13,26,QR
TXN-3085,19/2/2026,10:40,Putrajaya,Ice Blended,Ice Blended Chocolate Chip,2,14,28,QR
TXN-3099,19/2/2026,10:54,Putrajaya,Milk-based,Mocha,1,12,12,QR
TXN-3167,19/2/2026,11:04,Puncak Alam,Milk-based,Cappuccino,1,11,11,Cash
TXN-3083,19/2/2026,11:27,Putrajaya,Espresso-based,Americano,1,9,9,QR
TXN-3106,19/2/2026,11:27,Putrajaya,Espresso-based,Espresso,1,7,7,QR
TXN-3154,19/2/2026,11:45,Puncak Alam,Ice Blended,Ice Blended Chocolate Chip,1,14,14,Cash
TXN-3092,19/2/2026,11:58,Putrajaya,Milk-based,Caramel Macchiato,1,13,13,QR
TXN-3108,19/2/2026,12:11,Putrajaya,Milk-based,Cappuccino,3,11,33,QR
TXN-3112,19/2/2026,12:13,Putrajaya,Milk-based,Mocha,3,12,36,Cash
TXN-3164,19/2/2026,12:13,Puncak Alam,Milk-based,Cappuccino,1,11,11,QR
TXN-3160,19/2/2026,12:40,Puncak Alam,Milk-based,Cappuccino,1,11,11,QR
TXN-3144,19/2/2026,12:42,Puncak Alam,Milk-based,Mocha,2,12,24,QR
TXN-3173,19/2/2026,12:45,Puncak Alam,Milk-based,Latte,1,11,11,QR
TXN-3093,19/2/2026,12:51,Putrajaya,Ice Blended,Ice Blended Chocolate Chip,1,14,14,Cash
TXN-3155,19/2/2026,12:53,Puncak Alam,Milk-based,Cappuccino,1,11,11,QR
TXN-3161,19/2/2026,12:56,Puncak Alam,Milk-based,Cappuccino,3,11,33,QR
TXN-3126,19/2/2026,13:01,Puncak Alam,Milk-based,Latte,1,11,11,Cash
TXN-3076,19/2/2026,13:04,Putrajaya,Espresso-based,Espresso,2,7,14,QR
TXN-3070,19/2/2026,13:06,Putrajaya,Milk-based,Latte,1,11,11,QR
TXN-3113,19/2/2026,13:08,Putrajaya,Ice Blended,Ice Blended Chocolate Chip,1,14,14,QR
TXN-3089,19/2/2026,13:19,Putrajaya,Espresso-based,Americano,1,9,9,QR
TXN-3150,19/2/2026,13:27,Puncak Alam,Milk-based,Cappuccino,1,11,11,QR
TXN-3096,19/2/2026,13:40,Putrajaya,Milk-based,Mocha,1,12,12,QR
TXN-3125,19/2/2026,13:42,Puncak Alam,Milk-based,Mocha,1,12,12,QR
TXN-3163,19/2/2026,13:46,Puncak Alam,Espresso-based,Americano,1,9,9,Cash
TXN-3117,19/2/2026,13:50,Puncak Alam,Milk-based,Caramel Macchiato,1,13,13,QR
TXN-3080,19/2/2026,13:55,Putrajaya,Ice Blended,Ice Blended Chocolate Chip,1,14,14,Cash
TXN-3101,19/2/2026,13:57,Putrajaya,Espresso-based,Americano,1,9,9,QR
TXN-3091,19/2/2026,14:11,Putrajaya,Espresso-based,Americano,3,9,27,Cash
TXN-3166,19/2/2026,14:11,Puncak Alam,Milk-based,Mocha,2,12,24,QR
TXN-3165,19/2/2026,14:14,Puncak Alam,Ice Blended,Ice Blended Chocolate Chip,1,14,14,QR
TXN-3178,19/2/2026,14:18,Puncak Alam,Espresso-based,Americano,2,9,18,Cash
TXN-3158,19/2/2026,14:24,Puncak Alam,Milk-based,Latte,2,11,22,Cash
TXN-3095,19/2/2026,14:31,Putrajaya,Milk-based,Caramel Macchiato,2,13,26,QR
TXN-3103,19/2/2026,14:39,Putrajaya,Milk-based,Latte,1,11,11,QR
TXN-3139,19/2/2026,14:40,Puncak Alam,Milk-based,Caramel Macchiato,1,13,13,QR
TXN-3137,19/2/2026,14:42,Puncak Alam,Milk-based,Cappuccino,2,11,22,QR
TXN-3134,19/2/2026,14:44,Puncak Alam,Milk-based,Cappuccino,1,11,11,QR
TXN-3152,19/2/2026,14:59,Puncak Alam,Espresso-based,Espresso,1,7,7,QR
TXN-3116,19/2/2026,15:00,Puncak Alam,Espresso-based,Espresso,1,7,7,QR
TXN-3081,19/2/2026,15:13,Putrajaya,Espresso-based,Espresso,2,7,14,Cash
TXN-3147,19/2/2026,15:14,Puncak Alam,Ice Blended,Ice Blended Chocolate Chip,1,14,14,QR
TXN-3100,19/2/2026,15:38,Putrajaya,Milk-based,Mocha,1,12,12,QR
TXN-3175,19/2/2026,15:38,Puncak Alam,Milk-based,Caramel Macchiato,1,13,13,QR
TXN-3135,19/2/2026,15:40,Puncak Alam,Milk-based,Latte,3,11,33,QR
TXN-3098,19/2/2026,15:46,Putrajaya,Espresso-based,Espresso,1,7,7,Cash
TXN-3176,19/2/2026,15:50,Puncak Alam,Milk-based,Latte,2,11,22,QR
TXN-3094,19/2/2026,15:52,Putrajaya,Milk-based,Caramel Macchiato,3,13,39,Cash
TXN-3148,19/2/2026,16:10,Puncak Alam,Espresso-based,Espresso,1,7,7,QR
TXN-3131,19/2/2026,16:20,Puncak Alam,Milk-based,Latte,2,11,22,QR
TXN-3149,19/2/2026,16:28,Puncak Alam,Ice Blended,Ice Blended Chocolate Chip,1,14,14,QR
TXN-3086,19/2/2026,16:44,Putrajaya,Milk-based,Caramel Macchiato,1,13,13,QR
TXN-3069,19/2/2026,16:48,Putrajaya,Espresso-based,Americano,3,9,27,QR
TXN-3133,19/2/2026,16:48,Puncak Alam,Espresso-based,Americano,1,9,9,QR
TXN-3151,19/2/2026,16:51,Puncak Alam,Milk-based,Caramel Macchiato,1,13,13,QR
TXN-3128,19/2/2026,16:58,Puncak Alam,Espresso-based,Americano,2,9,18,QR
TXN-3138,19/2/2026,17:00,Puncak Alam,Milk-based,Mocha,1,12,12,QR
TXN-3132,19/2/2026,17:11,Puncak Alam,Milk-based,Mocha,1,12,12,QR
TXN-3122,19/2/2026,17:12,Puncak Alam,Espresso-based,Americano,1,9,9,QR
TXN-3136,19/2/2026,17:18,Puncak Alam,Milk-based,Cappuccino,1,11,11,QR
TXN-3102,19/2/2026,17:27,Putrajaya,Ice Blended,Ice Blended Chocolate Chip,1,14,14,QR
TXN-3140,19/2/2026,17:44,Puncak Alam,Milk-based,Mocha,1,12,12,QR
TXN-3075,19/2/2026,17:59,Putrajaya,Milk-based,Latte,3,11,33,Cash
TXN-3120,19/2/2026,18:18,Puncak Alam,Milk-based,Caramel Macchiato,1,13,13,QR
TXN-3168,19/2/2026,18:22,Puncak Alam,Espresso-based,Americano,2,9,18,QR
TXN-3073,19/2/2026,19:07,Putrajaya,Milk-based,Caramel Macchiato,1,13,13,Cash
TXN-3087,19/2/2026,19:14,Putrajaya,Milk-based,Latte,1,11,11,Cash
TXN-3124,19/2/2026,19:28,Puncak Alam,Milk-based,Mocha,2,12,24,QR
TXN-3153,19/2/2026,19:35,Puncak Alam,Milk-based,Latte,1,11,11,QR
TXN-3156,19/2/2026,19:36,Puncak Alam,Milk-based,Mocha,1,12,12,QR
TXN-3157,19/2/2026,19:42,Puncak Alam,Milk-based,Mocha,1,12,12,Cash
TXN-3121,19/2/2026,19:56,Puncak Alam,Milk-based,Cappuccino,1,11,11,QR
TXN-3111,19/2/2026,20:08,Putrajaya,Espresso-based,Americano,1,9,9,QR
TXN-3127,19/2/2026,20:10,Puncak Alam,Ice Blended,Ice Blended Chocolate Chip,1,14,14,QR
TXN-3177,19/2/2026,20:12,Puncak Alam,Ice Blended,Ice Blended Chocolate Chip,1,14,14,QR
TXN-3146,19/2/2026,20:14,Puncak Alam,Ice Blended,Ice Blended Chocolate Chip,1,14,14,QR
TXN-3078,19/2/2026,20:24,Putrajaya,Espresso-based,Espresso,1,7,7,Cash
TXN-3143,19/2/2026,20:37,Puncak Alam,Ice Blended,Ice Blended Chocolate Chip,1,14,14,Cash
TXN-3104,19/2/2026,20:44,Putrajaya,Espresso-based,Espresso,3,7,21,QR
TXN-3084,19/2/2026,21:04,Putrajaya,Espresso-based,Americano,1,9,9,Cash
TXN-3169,19/2/2026,21:08,Puncak Alam,Milk-based,Latte,1,11,11,QR
TXN-3129,19/2/2026,21:09,Puncak Alam,Espresso-based,Espresso,3,7,21,QR
TXN-3119,19/2/2026,21:28,Puncak Alam,Ice Blended,Ice Blended Chocolate Chip,1,14,14,Cash
TXN-3072,19/2/2026,21:40,Putrajaya,Milk-based,Mocha,4,12,48,QR
TXN-3236,20/2/2026,8:01,Putrajaya,Milk-based,Latte,1,11,11,QR
TXN-3241,20/2/2026,8:07,Putrajaya,Milk-based,Mocha,1,12,12,Cash
TXN-3312,20/2/2026,8:10,Puncak Alam,Ice Blended,Ice Blended Chocolate Chip,1,14,14,QR
TXN-3289,20/2/2026,8:14,Puncak Alam,Espresso-based,Espresso,1,7,7,Cash
TXN-3235,20/2/2026,8:18,Putrajaya,Milk-based,Latte,2,11,22,Cash
TXN-3244,20/2/2026,8:28,Putrajaya,Ice Blended,Ice Blended Chocolate Chip,1,14,14,QR
TXN-3225,20/2/2026,8:31,Putrajaya,Ice Blended,Ice Blended Chocolate Chip,1,14,14,QR
TXN-3182,20/2/2026,8:38,Putrajaya,Milk-based,Latte,1,11,11,QR
TXN-3239,20/2/2026,8:44,Putrajaya,Milk-based,Latte,1,11,11,QR
TXN-3240,20/2/2026,8:44,Putrajaya,Milk-based,Caramel Macchiato,1,13,13,QR
TXN-3304,20/2/2026,8:44,Puncak Alam,Espresso-based,Americano,3,9,27,Cash
TXN-3257,20/2/2026,8:52,Puncak Alam,Milk-based,Latte,1,11,11,Cash
TXN-3198,20/2/2026,9:02,Putrajaya,Milk-based,Caramel Macchiato,1,13,13,Cash
TXN-3299,20/2/2026,9:04,Puncak Alam,Ice Blended,Ice Blended Chocolate Chip,1,14,14,QR
TXN-3211,20/2/2026,9:10,Putrajaya,Ice Blended,Ice Blended Chocolate Chip,1,14,14,QR
TXN-3294,20/2/2026,9:22,Puncak Alam,Milk-based,Latte,1,11,11,QR
TXN-3201,20/2/2026,9:32,Putrajaya,Ice Blended,Ice Blended Chocolate Chip,1,14,14,QR
TXN-3213,20/2/2026,9:32,Putrajaya,Milk-based,Mocha,3,12,36,QR
TXN-3186,20/2/2026,9:34,Putrajaya,Milk-based,Latte,3,11,33,QR
TXN-3217,20/2/2026,9:40,Putrajaya,Milk-based,Caramel Macchiato,1,13,13,QR
TXN-3180,20/2/2026,9:43,Putrajaya,Ice Blended,Ice Blended Chocolate Chip,2,14,28,QR
TXN-3216,20/2/2026,9:54,Putrajaya,Milk-based,Mocha,1,12,12,Cash
TXN-3295,20/2/2026,10:06,Puncak Alam,Milk-based,Latte,2,11,22,QR
TXN-3252,20/2/2026,10:17,Puncak Alam,Milk-based,Caramel Macchiato,1,13,13,QR
TXN-3232,20/2/2026,10:43,Putrajaya,Milk-based,Latte,3,11,33,QR
TXN-3262,20/2/2026,10:44,Puncak Alam,Ice Blended,Ice Blended Chocolate Chip,1,14,14,QR
TXN-3307,20/2/2026,10:46,Puncak Alam,Espresso-based,Americano,1,9,9,QR
TXN-3274,20/2/2026,10:50,Puncak Alam,Milk-based,Cappuccino,1,11,11,QR
TXN-3253,20/2/2026,10:53,Puncak Alam,Espresso-based,Americano,1,9,9,QR
TXN-3184,20/2/2026,10:55,Putrajaya,Ice Blended,Ice Blended Chocolate Chip,1,14,14,QR
TXN-3238,20/2/2026,11:02,Putrajaya,Espresso-based,Americano,2,9,18,QR
TXN-3185,20/2/2026,11:03,Putrajaya,Milk-based,Mocha,1,12,12,QR
TXN-3223,20/2/2026,11:14,Putrajaya,Milk-based,Mocha,1,12,12,QR
TXN-3280,20/2/2026,11:21,Puncak Alam,Milk-based,Caramel Macchiato,2,13,26,Cash
TXN-3263,20/2/2026,11:33,Puncak Alam,Milk-based,Caramel Macchiato,2,13,26,QR
TXN-3214,20/2/2026,11:35,Putrajaya,Milk-based,Cappuccino,3,11,33,QR
TXN-3187,20/2/2026,11:37,Putrajaya,Milk-based,Caramel Macchiato,1,13,13,Cash
TXN-3227,20/2/2026,11:51,Putrajaya,Espresso-based,Espresso,2,7,14,Cash
TXN-3207,20/2/2026,12:02,Putrajaya,Espresso-based,Americano,3,9,27,QR
TXN-3229,20/2/2026,12:03,Putrajaya,Milk-based,Mocha,1,12,12,QR
TXN-3264,20/2/2026,12:15,Puncak Alam,Espresso-based,Espresso,1,7,7,QR
TXN-3222,20/2/2026,12:23,Putrajaya,Milk-based,Mocha,1,12,12,QR
TXN-3275,20/2/2026,12:23,Puncak Alam,Espresso-based,Americano,1,9,9,QR
TXN-3284,20/2/2026,12:37,Puncak Alam,Milk-based,Caramel Macchiato,1,13,13,Cash
TXN-3290,20/2/2026,12:38,Puncak Alam,Ice Blended,Ice Blended Chocolate Chip,1,14,14,QR
TXN-3297,20/2/2026,12:41,Puncak Alam,Milk-based,Caramel Macchiato,1,13,13,QR
TXN-3281,20/2/2026,12:46,Puncak Alam,Milk-based,Mocha,4,12,48,QR
TXN-3219,20/2/2026,12:51,Putrajaya,Milk-based,Latte,1,11,11,QR
TXN-3277,20/2/2026,12:55,Puncak Alam,Milk-based,Latte,1,11,11,Cash
TXN-3269,20/2/2026,12:58,Puncak Alam,Milk-based,Caramel Macchiato,1,13,13,QR
TXN-3197,20/2/2026,13:00,Putrajaya,Milk-based,Caramel Macchiato,1,13,13,QR
TXN-3196,20/2/2026,13:02,Putrajaya,Ice Blended,Ice Blended Chocolate Chip,3,14,42,QR
TXN-3272,20/2/2026,13:11,Puncak Alam,Espresso-based,Americano,1,9,9,Cash
TXN-3266,20/2/2026,13:33,Puncak Alam,Ice Blended,Ice Blended Chocolate Chip,4,14,56,Cash
TXN-3311,20/2/2026,13:44,Puncak Alam,Milk-based,Mocha,1,12,12,QR
TXN-3271,20/2/2026,13:47,Puncak Alam,Milk-based,Cappuccino,1,11,11,QR
TXN-3278,20/2/2026,13:47,Puncak Alam,Espresso-based,Americano,1,9,9,Cash
TXN-3242,20/2/2026,13:49,Putrajaya,Ice Blended,Ice Blended Chocolate Chip,1,14,14,QR
TXN-3188,20/2/2026,13:55,Putrajaya,Milk-based,Mocha,1,12,12,QR
TXN-3202,20/2/2026,13:59,Putrajaya,Milk-based,Caramel Macchiato,1,13,13,QR
TXN-3243,20/2/2026,14:00,Putrajaya,Ice Blended,Ice Blended Chocolate Chip,2,14,28,QR
TXN-3193,20/2/2026,14:02,Putrajaya,Milk-based,Cappuccino,1,11,11,QR
TXN-3231,20/2/2026,14:06,Putrajaya,Milk-based,Mocha,1,12,12,QR
TXN-3191,20/2/2026,14:11,Putrajaya,Milk-based,Mocha,2,12,24,Cash
TXN-3228,20/2/2026,14:17,Putrajaya,Milk-based,Cappuccino,1,11,11,QR
TXN-3305,20/2/2026,14:17,Puncak Alam,Ice Blended,Ice Blended Chocolate Chip,2,14,28,QR
TXN-3260,20/2/2026,14:22,Puncak Alam,Milk-based,Mocha,1,12,12,QR
TXN-3192,20/2/2026,14:31,Putrajaya,Ice Blended,Ice Blended Chocolate Chip,1,14,14,QR
TXN-3195,20/2/2026,14:43,Putrajaya,Espresso-based,Espresso,1,7,7,QR
TXN-3224,20/2/2026,14:56,Putrajaya,Milk-based,Caramel Macchiato,1,13,13,QR
TXN-3208,20/2/2026,14:58,Putrajaya,Milk-based,Caramel Macchiato,2,13,26,QR
TXN-3298,20/2/2026,15:03,Puncak Alam,Milk-based,Cappuccino,1,11,11,QR
TXN-3234,20/2/2026,15:05,Putrajaya,Ice Blended,Ice Blended Chocolate Chip,1,14,14,Cash
TXN-3310,20/2/2026,15:07,Puncak Alam,Milk-based,Cappuccino,1,11,11,QR
TXN-3251,20/2/2026,15:13,Puncak Alam,Espresso-based,Americano,1,9,9,Cash
TXN-3226,20/2/2026,15:14,Putrajaya,Ice Blended,Ice Blended Chocolate Chip,1,14,14,Cash
TXN-3286,20/2/2026,15:27,Puncak Alam,Milk-based,Mocha,1,12,12,QR
TXN-3200,20/2/2026,15:30,Putrajaya,Milk-based,Latte,3,11,33,QR
TXN-3313,20/2/2026,15:31,Puncak Alam,Milk-based,Cappuccino,1,11,11,Cash
TXN-3206,20/2/2026,15:35,Putrajaya,Milk-based,Mocha,2,12,24,QR
TXN-3205,20/2/2026,15:38,Putrajaya,Milk-based,Latte,2,11,22,QR
TXN-3276,20/2/2026,15:52,Puncak Alam,Espresso-based,Espresso,1,7,7,QR
TXN-3215,20/2/2026,15:58,Putrajaya,Milk-based,Mocha,1,12,12,QR
TXN-3301,20/2/2026,16:05,Puncak Alam,Ice Blended,Ice Blended Chocolate Chip,1,14,14,Cash
TXN-3308,20/2/2026,16:24,Puncak Alam,Ice Blended,Ice Blended Chocolate Chip,4,14,56,QR
TXN-3183,20/2/2026,16:25,Putrajaya,Milk-based,Cappuccino,1,11,11,Cash
TXN-3250,20/2/2026,16:30,Puncak Alam,Milk-based,Caramel Macchiato,2,13,26,Cash
TXN-3258,20/2/2026,16:51,Puncak Alam,Milk-based,Caramel Macchiato,1,13,13,QR
TXN-3230,20/2/2026,16:53,Putrajaya,Milk-based,Cappuccino,1,11,11,QR
TXN-3218,20/2/2026,17:06,Putrajaya,Espresso-based,Espresso,1,7,7,QR
TXN-3181,20/2/2026,17:12,Putrajaya,Milk-based,Cappuccino,1,11,11,QR
TXN-3255,20/2/2026,17:22,Puncak Alam,Ice Blended,Ice Blended Chocolate Chip,2,14,28,Cash
TXN-3237,20/2/2026,17:30,Putrajaya,Espresso-based,Americano,1,9,9,QR
TXN-3189,20/2/2026,17:43,Putrajaya,Milk-based,Caramel Macchiato,3,13,39,Cash
TXN-3246,20/2/2026,17:56,Putrajaya,Ice Blended,Ice Blended Chocolate Chip,2,14,28,QR
TXN-3194,20/2/2026,18:01,Putrajaya,Ice Blended,Ice Blended Chocolate Chip,1,14,14,QR
TXN-3212,20/2/2026,18:02,Putrajaya,Milk-based,Cappuccino,4,11,44,QR
TXN-3273,20/2/2026,18:15,Puncak Alam,Milk-based,Cappuccino,1,11,11,Cash
TXN-3288,20/2/2026,18:33,Puncak Alam,Milk-based,Cappuccino,1,11,11,Cash
TXN-3265,20/2/2026,18:43,Puncak Alam,Espresso-based,Espresso,1,7,7,QR
TXN-3190,20/2/2026,18:47,Putrajaya,Milk-based,Mocha,1,12,12,QR
TXN-3204,20/2/2026,18:47,Putrajaya,Espresso-based,Americano,1,9,9,QR
TXN-3221,20/2/2026,18:48,Putrajaya,Espresso-based,Espresso,1,7,7,QR
TXN-3233,20/2/2026,18:54,Putrajaya,Milk-based,Cappuccino,1,11,11,Cash
TXN-3256,20/2/2026,19:01,Puncak Alam,Milk-based,Caramel Macchiato,1,13,13,QR
TXN-3259,20/2/2026,19:01,Puncak Alam,Espresso-based,Americano,3,9,27,QR
TXN-3220,20/2/2026,19:36,Putrajaya,Ice Blended,Ice Blended Chocolate Chip,1,14,14,Cash
TXN-3287,20/2/2026,19:45,Puncak Alam,Espresso-based,Americano,1,9,9,QR
TXN-3203,20/2/2026,19:55,Putrajaya,Milk-based,Cappuccino,4,11,44,QR
TXN-3247,20/2/2026,19:58,Puncak Alam,Milk-based,Cappuccino,1,11,11,QR
TXN-3300,20/2/2026,20:00,Puncak Alam,Milk-based,Mocha,1,12,12,QR
TXN-3249,20/2/2026,20:02,Puncak Alam,Espresso-based,Espresso,1,7,7,QR
TXN-3279,20/2/2026,20:22,Puncak Alam,Espresso-based,Espresso,1,7,7,QR
TXN-3283,20/2/2026,20:24,Puncak Alam,Espresso-based,Espresso,1,7,7,QR
TXN-3199,20/2/2026,20:25,Putrajaya,Milk-based,Latte,1,11,11,QR
TXN-3293,20/2/2026,20:32,Puncak Alam,Milk-based,Mocha,1,12,12,Cash
TXN-3210,20/2/2026,20:34,Putrajaya,Milk-based,Mocha,1,12,12,Cash
TXN-3302,20/2/2026,20:36,Puncak Alam,Espresso-based,Americano,2,9,18,QR
TXN-3309,20/2/2026,20:36,Puncak Alam,Ice Blended,Ice Blended Chocolate Chip,1,14,14,Cash
TXN-3254,20/2/2026,20:40,Puncak Alam,Milk-based,Latte,3,11,33,Cash
TXN-3270,20/2/2026,20:40,Puncak Alam,Milk-based,Mocha,2,12,24,QR
TXN-3303,20/2/2026,20:44,Puncak Alam,Milk-based,Cappuccino,1,11,11,QR
TXN-3268,20/2/2026,20:51,Puncak Alam,Milk-based,Cappuccino,2,11,22,Cash
TXN-3267,20/2/2026,20:58,Puncak Alam,Milk-based,Latte,1,11,11,Cash
TXN-3291,20/2/2026,20:58,Puncak Alam,Milk-based,Cappuccino,1,11,11,Cash
TXN-3296,20/2/2026,21:00,Puncak Alam,Espresso-based,Espresso,3,7,21,Cash
TXN-3306,20/2/2026,21:06,Puncak Alam,Milk-based,Caramel Macchiato,3,13,39,QR
TXN-3209,20/2/2026,21:11,Putrajaya,Milk-based,Caramel Macchiato,1,13,13,QR
TXN-3285,20/2/2026,21:12,Puncak Alam,Milk-based,Cappuccino,3,11,33,Cash
TXN-3261,20/2/2026,21:24,Puncak Alam,Milk-based,Caramel Macchiato,1,13,13,QR
TXN-3245,20/2/2026,21:28,Putrajaya,Milk-based,Cappuccino,1,11,11,QR
TXN-3292,20/2/2026,21:39,Puncak Alam,Milk-based,Cappuccino,1,11,11,QR
TXN-3248,20/2/2026,21:42,Puncak Alam,Milk-based,Cappuccino,2,11,22,QR
TXN-3282,20/2/2026,21:55,Puncak Alam,Ice Blended,Ice Blended Chocolate Chip,2,14,28,QR
TXN-3332,21/2/2026,8:02,Putrajaya,Milk-based,Caramel Macchiato,1,13,13,Cash
TXN-3364,21/2/2026,8:05,Puncak Alam,Espresso-based,Espresso,2,7,14,Cash
TXN-3365,21/2/2026,8:05,Puncak Alam,Espresso-based,Americano,2,9,18,Cash
TXN-3326,21/2/2026,8:16,Putrajaya,Espresso-based,Espresso,2,7,14,QR
TXN-3338,21/2/2026,8:26,Putrajaya,Espresso-based,Espresso,1,7,7,QR
TXN-3376,21/2/2026,8:35,Puncak Alam,Espresso-based,Americano,1,9,9,Cash
TXN-3353,21/2/2026,8:38,Puncak Alam,Milk-based,Caramel Macchiato,2,13,26,Cash
TXN-3327,21/2/2026,8:49,Putrajaya,Milk-based,Caramel Macchiato,1,13,13,QR
TXN-3356,21/2/2026,8:57,Puncak Alam,Milk-based,Latte,1,11,11,QR
TXN-3361,21/2/2026,9:32,Puncak Alam,Espresso-based,Americano,2,9,18,QR
TXN-3323,21/2/2026,9:36,Putrajaya,Milk-based,Caramel Macchiato,1,13,13,Cash
TXN-3342,21/2/2026,9:59,Putrajaya,Milk-based,Latte,1,11,11,QR
TXN-3351,21/2/2026,10:11,Puncak Alam,Milk-based,Caramel Macchiato,1,13,13,QR
TXN-3344,21/2/2026,10:15,Putrajaya,Milk-based,Cappuccino,1,11,11,QR
TXN-3336,21/2/2026,10:28,Putrajaya,Milk-based,Mocha,2,12,24,Cash
TXN-3382,21/2/2026,10:49,Puncak Alam,Milk-based,Latte,1,11,11,QR
TXN-3341,21/2/2026,10:54,Putrajaya,Espresso-based,Espresso,1,7,7,QR
TXN-3346,21/2/2026,10:56,Putrajaya,Espresso-based,Americano,4,9,36,QR
TXN-3354,21/2/2026,11:14,Puncak Alam,Milk-based,Cappuccino,1,11,11,Cash
TXN-3319,21/2/2026,11:17,Putrajaya,Milk-based,Mocha,3,12,36,Cash
TXN-3329,21/2/2026,11:26,Putrajaya,Espresso-based,Espresso,1,7,7,Cash
TXN-3345,21/2/2026,11:41,Putrajaya,Ice Blended,Ice Blended Chocolate Chip,3,14,42,QR
TXN-3373,21/2/2026,11:50,Puncak Alam,Milk-based,Cappuccino,1,11,11,Cash
TXN-3369,21/2/2026,12:23,Puncak Alam,Milk-based,Latte,1,11,11,Cash
TXN-3337,21/2/2026,13:04,Putrajaya,Milk-based,Mocha,1,12,12,QR
TXN-3367,21/2/2026,13:12,Puncak Alam,Milk-based,Caramel Macchiato,1,13,13,Cash
TXN-3359,21/2/2026,13:22,Puncak Alam,Milk-based,Latte,1,11,11,QR
TXN-3331,21/2/2026,13:32,Putrajaya,Milk-based,Mocha,4,12,48,Cash
TXN-3321,21/2/2026,13:59,Putrajaya,Ice Blended,Ice Blended Chocolate Chip,1,14,14,Cash
TXN-3384,21/2/2026,14:24,Puncak Alam,Milk-based,Caramel Macchiato,1,13,13,QR
TXN-3378,21/2/2026,14:43,Puncak Alam,Milk-based,Latte,1,11,11,QR
TXN-3368,21/2/2026,14:49,Puncak Alam,Milk-based,Caramel Macchiato,1,13,13,Cash
TXN-3343,21/2/2026,14:51,Putrajaya,Espresso-based,Espresso,1,7,7,QR
TXN-3357,21/2/2026,14:59,Puncak Alam,Milk-based,Caramel Macchiato,1,13,13,QR
TXN-3383,21/2/2026,15:07,Puncak Alam,Milk-based,Caramel Macchiato,2,13,26,QR
TXN-3325,21/2/2026,15:36,Putrajaya,Espresso-based,Espresso,2,7,14,Cash
TXN-3348,21/2/2026,15:36,Putrajaya,Milk-based,Caramel Macchiato,2,13,26,QR
TXN-3381,21/2/2026,15:45,Puncak Alam,Milk-based,Mocha,1,12,12,Cash
TXN-3347,21/2/2026,16:07,Putrajaya,Ice Blended,Ice Blended Chocolate Chip,1,14,14,QR
TXN-3377,21/2/2026,16:27,Puncak Alam,Milk-based,Mocha,1,12,12,QR
TXN-3360,21/2/2026,16:32,Puncak Alam,Milk-based,Cappuccino,1,11,11,QR
TXN-3363,21/2/2026,16:39,Puncak Alam,Milk-based,Latte,1,11,11,QR
TXN-3366,21/2/2026,17:07,Puncak Alam,Espresso-based,Americano,2,9,18,QR
TXN-3358,21/2/2026,17:27,Puncak Alam,Milk-based,Latte,1,11,11,QR
TXN-3370,21/2/2026,17:27,Puncak Alam,Milk-based,Caramel Macchiato,2,13,26,QR
TXN-3315,21/2/2026,17:32,Putrajaya,Ice Blended,Ice Blended Chocolate Chip,4,14,56,QR
TXN-3340,21/2/2026,18:12,Putrajaya,Espresso-based,Espresso,3,7,21,Cash
TXN-3318,21/2/2026,18:14,Putrajaya,Ice Blended,Ice Blended Chocolate Chip,2,14,28,QR
TXN-3379,21/2/2026,18:17,Puncak Alam,Milk-based,Caramel Macchiato,1,13,13,QR
TXN-3375,21/2/2026,18:36,Puncak Alam,Espresso-based,Americano,1,9,9,Cash
TXN-3314,21/2/2026,18:49,Putrajaya,Milk-based,Cappuccino,1,11,11,Cash
TXN-3320,21/2/2026,18:49,Putrajaya,Milk-based,Mocha,2,12,24,Cash
TXN-3324,21/2/2026,19:01,Putrajaya,Espresso-based,Americano,1,9,9,QR
TXN-3322,21/2/2026,19:03,Putrajaya,Ice Blended,Ice Blended Chocolate Chip,3,14,42,QR
TXN-3374,21/2/2026,19:03,Puncak Alam,Espresso-based,Americano,1,9,9,Cash
TXN-3362,21/2/2026,19:25,Puncak Alam,Espresso-based,Espresso,1,7,7,QR
TXN-3334,21/2/2026,19:38,Putrajaya,Milk-based,Latte,2,11,22,QR
TXN-3352,21/2/2026,19:40,Puncak Alam,Milk-based,Cappuccino,1,11,11,QR
TXN-3380,21/2/2026,19:40,Puncak Alam,Espresso-based,Americano,1,9,9,QR
TXN-3316,21/2/2026,19:46,Putrajaya,Ice Blended,Ice Blended Chocolate Chip,1,14,14,QR
TXN-3317,21/2/2026,20:11,Putrajaya,Espresso-based,Espresso,2,7,14,QR
TXN-3355,21/2/2026,20:14,Puncak Alam,Espresso-based,Americano,4,9,36,QR
TXN-3349,21/2/2026,20:21,Putrajaya,Milk-based,Latte,1,11,11,Cash
TXN-3333,21/2/2026,20:26,Putrajaya,Milk-based,Latte,1,11,11,QR
TXN-3371,21/2/2026,20:47,Puncak Alam,Milk-based,Latte,1,11,11,Cash
TXN-3350,21/2/2026,20:56,Putrajaya,Milk-based,Caramel Macchiato,3,13,39,QR
TXN-3339,21/2/2026,21:06,Putrajaya,Espresso-based,Espresso,2,7,14,Cash
TXN-3328,21/2/2026,21:21,Putrajaya,Milk-based,Latte,1,11,11,QR
TXN-3330,21/2/2026,21:24,Putrajaya,Milk-based,Caramel Macchiato,1,13,13,QR
TXN-3372,21/2/2026,21:30,Puncak Alam,Milk-based,Cappuccino,1,11,11,QR
TXN-3335,21/2/2026,21:46,Putrajaya,Milk-based,Latte,2,11,22,QR
TXN-3422,22/2/2026,8:00,Putrajaya,Milk-based,Latte,1,11,11,QR
TXN-3420,22/2/2026,8:04,Putrajaya,Espresso-based,Espresso,1,7,7,Cash
TXN-3428,22/2/2026,8:13,Puncak Alam,Espresso-based,Espresso,1,7,7,QR
TXN-3398,22/2/2026,8:35,Putrajaya,Milk-based,Mocha,1,12,12,QR
TXN-3405,22/2/2026,8:44,Putrajaya,Milk-based,Mocha,1,12,12,Cash
TXN-3400,22/2/2026,8:45,Putrajaya,Milk-based,Latte,1,11,11,QR
TXN-3417,22/2/2026,8:45,Putrajaya,Milk-based,Caramel Macchiato,1,13,13,QR
TXN-3394,22/2/2026,8:49,Putrajaya,Milk-based,Latte,1,11,11,QR
TXN-3415,22/2/2026,9:01,Putrajaya,Espresso-based,Americano,1,9,9,QR
TXN-3418,22/2/2026,9:10,Putrajaya,Espresso-based,Espresso,1,7,7,QR
TXN-3437,22/2/2026,9:20,Puncak Alam,Milk-based,Caramel Macchiato,1,13,13,QR
TXN-3427,22/2/2026,9:53,Putrajaya,Milk-based,Mocha,4,12,48,Cash
TXN-3421,22/2/2026,9:55,Putrajaya,Milk-based,Latte,1,11,11,QR
TXN-3401,22/2/2026,9:56,Putrajaya,Milk-based,Latte,1,11,11,QR
TXN-3404,22/2/2026,10:02,Putrajaya,Milk-based,Mocha,1,12,12,QR
TXN-3447,22/2/2026,10:08,Puncak Alam,Milk-based,Mocha,1,12,12,QR
TXN-3452,22/2/2026,10:08,Puncak Alam,Milk-based,Latte,1,11,11,QR
TXN-3411,22/2/2026,10:31,Putrajaya,Milk-based,Cappuccino,1,11,11,QR
TXN-3410,22/2/2026,10:59,Putrajaya,Milk-based,Cappuccino,2,11,22,QR
TXN-3419,22/2/2026,10:59,Putrajaya,Milk-based,Cappuccino,1,11,11,QR
TXN-3386,22/2/2026,11:13,Putrajaya,Espresso-based,Espresso,2,7,14,Cash
TXN-3430,22/2/2026,11:27,Puncak Alam,Milk-based,Cappuccino,1,11,11,Cash
TXN-3446,22/2/2026,11:34,Puncak Alam,Milk-based,Latte,1,11,11,Cash
TXN-3432,22/2/2026,11:37,Puncak Alam,Ice Blended,Ice Blended Chocolate Chip,1,14,14,Cash
TXN-3436,22/2/2026,11:37,Puncak Alam,Milk-based,Cappuccino,1,11,11,Cash
TXN-3438,22/2/2026,11:45,Puncak Alam,Milk-based,Cappuccino,1,11,11,QR
TXN-3423,22/2/2026,11:46,Putrajaya,Ice Blended,Ice Blended Chocolate Chip,1,14,14,Cash
TXN-3407,22/2/2026,12:09,Putrajaya,Milk-based,Mocha,1,12,12,QR
TXN-3387,22/2/2026,12:10,Putrajaya,Milk-based,Caramel Macchiato,2,13,26,Cash
TXN-3439,22/2/2026,12:58,Puncak Alam,Milk-based,Caramel Macchiato,2,13,26,Cash
TXN-3440,22/2/2026,13:16,Puncak Alam,Milk-based,Caramel Macchiato,1,13,13,QR
TXN-3434,22/2/2026,13:23,Puncak Alam,Milk-based,Cappuccino,1,11,11,QR
TXN-3395,22/2/2026,13:39,Putrajaya,Milk-based,Cappuccino,1,11,11,QR
TXN-3429,22/2/2026,13:41,Puncak Alam,Milk-based,Caramel Macchiato,1,13,13,QR
TXN-3396,22/2/2026,13:45,Putrajaya,Milk-based,Caramel Macchiato,1,13,13,QR
TXN-3412,22/2/2026,13:48,Putrajaya,Espresso-based,Espresso,2,7,14,QR
TXN-3460,22/2/2026,14:36,Puncak Alam,Milk-based,Caramel Macchiato,2,13,26,QR
TXN-3402,22/2/2026,14:52,Putrajaya,Milk-based,Cappuccino,1,11,11,QR
TXN-3455,22/2/2026,14:52,Puncak Alam,Espresso-based,Espresso,1,7,7,QR
TXN-3441,22/2/2026,14:54,Puncak Alam,Milk-based,Caramel Macchiato,1,13,13,QR
TXN-3443,22/2/2026,14:55,Puncak Alam,Milk-based,Latte,1,11,11,Cash
TXN-3416,22/2/2026,14:57,Putrajaya,Ice Blended,Ice Blended Chocolate Chip,1,14,14,QR
TXN-3461,22/2/2026,15:01,Puncak Alam,Milk-based,Caramel Macchiato,3,13,39,QR
TXN-3399,22/2/2026,15:08,Putrajaya,Milk-based,Cappuccino,2,11,22,Cash
TXN-3385,22/2/2026,15:24,Putrajaya,Espresso-based,Espresso,1,7,7,QR
TXN-3451,22/2/2026,15:27,Puncak Alam,Espresso-based,Espresso,1,7,7,QR
TXN-3444,22/2/2026,15:28,Puncak Alam,Ice Blended,Ice Blended Chocolate Chip,1,14,14,QR
TXN-3408,22/2/2026,15:37,Putrajaya,Milk-based,Caramel Macchiato,1,13,13,QR
TXN-3426,22/2/2026,15:37,Putrajaya,Ice Blended,Ice Blended Chocolate Chip,3,14,42,QR
TXN-3435,22/2/2026,15:45,Puncak Alam,Milk-based,Caramel Macchiato,1,13,13,QR
TXN-3448,22/2/2026,15:51,Puncak Alam,Milk-based,Latte,1,11,11,QR
TXN-3403,22/2/2026,15:52,Putrajaya,Milk-based,Cappuccino,3,11,33,Cash
TXN-3450,22/2/2026,15:54,Puncak Alam,Ice Blended,Ice Blended Chocolate Chip,1,14,14,Cash
TXN-3457,22/2/2026,16:05,Puncak Alam,Milk-based,Mocha,1,12,12,QR
TXN-3413,22/2/2026,16:12,Putrajaya,Espresso-based,Espresso,3,7,21,Cash
TXN-3458,22/2/2026,16:14,Puncak Alam,Espresso-based,Americano,3,9,27,QR
TXN-3390,22/2/2026,16:16,Putrajaya,Milk-based,Latte,1,11,11,QR
TXN-3391,22/2/2026,16:22,Putrajaya,Ice Blended,Ice Blended Chocolate Chip,2,14,28,Cash
TXN-3388,22/2/2026,17:03,Putrajaya,Espresso-based,Americano,1,9,9,QR
TXN-3406,22/2/2026,17:08,Putrajaya,Milk-based,Caramel Macchiato,2,13,26,QR
TXN-3414,22/2/2026,17:13,Putrajaya,Milk-based,Caramel Macchiato,1,13,13,QR
TXN-3409,22/2/2026,17:17,Putrajaya,Milk-based,Mocha,1,12,12,Cash
TXN-3442,22/2/2026,17:22,Puncak Alam,Ice Blended,Ice Blended Chocolate Chip,1,14,14,QR
TXN-3445,22/2/2026,17:34,Puncak Alam,Ice Blended,Ice Blended Chocolate Chip,1,14,14,QR
TXN-3389,22/2/2026,17:43,Putrajaya,Milk-based,Cappuccino,1,11,11,QR
TXN-3433,22/2/2026,17:51,Puncak Alam,Espresso-based,Espresso,3,7,21,Cash
TXN-3393,22/2/2026,17:54,Putrajaya,Espresso-based,Espresso,1,7,7,Cash
TXN-3456,22/2/2026,19:02,Puncak Alam,Milk-based,Mocha,2,12,24,QR
TXN-3454,22/2/2026,19:16,Puncak Alam,Espresso-based,Americano,2,9,18,QR
TXN-3459,22/2/2026,19:18,Puncak Alam,Milk-based,Cappuccino,1,11,11,QR
TXN-3392,22/2/2026,19:23,Putrajaya,Espresso-based,Espresso,1,7,7,QR
TXN-3431,22/2/2026,19:38,Puncak Alam,Milk-based,Cappuccino,1,11,11,Cash
TXN-3462,22/2/2026,20:45,Puncak Alam,Milk-based,Cappuccino,1,11,11,QR
TXN-3449,22/2/2026,20:48,Puncak Alam,Milk-based,Caramel Macchiato,2,13,26,QR
TXN-3425,22/2/2026,20:55,Putrajaya,Espresso-based,Espresso,1,7,7,QR
TXN-3424,22/2/2026,21:26,Putrajaya,Espresso-based,Americano,1,9,9,QR
TXN-3453,22/2/2026,21:28,Puncak Alam,Milk-based,Latte,1,11,11,QR
TXN-3397,22/2/2026,21:41,Putrajaya,Milk-based,Cappuccino,1,11,11,QR
TXN-3520,23/2/2026,8:00,Puncak Alam,Milk-based,Mocha,1,12,12,Cash
TXN-3495,23/2/2026,8:05,Puncak Alam,Milk-based,Caramel Macchiato,1,13,13,QR
TXN-3480,23/2/2026,8:17,Putrajaya,Ice Blended,Ice Blended Chocolate Chip,2,14,28,QR
TXN-3544,23/2/2026,8:48,Puncak Alam,Espresso-based,Americano,1,9,9,QR
TXN-3527,23/2/2026,8:58,Puncak Alam,Espresso-based,Americano,1,9,9,QR
TXN-3548,23/2/2026,9:05,Puncak Alam,Milk-based,Mocha,1,12,12,QR
TXN-3477,23/2/2026,9:13,Putrajaya,Espresso-based,Americano,1,9,9,QR
TXN-3502,23/2/2026,9:20,Puncak Alam,Ice Blended,Ice Blended Chocolate Chip,1,14,14,QR
TXN-3528,23/2/2026,9:20,Puncak Alam,Ice Blended,Ice Blended Chocolate Chip,1,14,14,QR
TXN-3468,23/2/2026,9:24,Putrajaya,Milk-based,Mocha,1,12,12,QR
TXN-3482,23/2/2026,9:30,Putrajaya,Espresso-based,Espresso,1,7,7,QR
TXN-3486,23/2/2026,9:36,Putrajaya,Milk-based,Latte,2,11,22,QR
TXN-3514,23/2/2026,9:36,Puncak Alam,Milk-based,Mocha,1,12,12,QR
TXN-3537,23/2/2026,9:46,Puncak Alam,Espresso-based,Espresso,2,7,14,QR
TXN-3483,23/2/2026,9:54,Putrajaya,Espresso-based,Espresso,1,7,7,QR
TXN-3498,23/2/2026,9:57,Puncak Alam,Milk-based,Caramel Macchiato,1,13,13,QR
TXN-3481,23/2/2026,9:58,Putrajaya,Espresso-based,Americano,2,9,18,Cash
TXN-3469,23/2/2026,10:30,Putrajaya,Espresso-based,Americano,1,9,9,Cash
TXN-3508,23/2/2026,10:33,Puncak Alam,Milk-based,Latte,1,11,11,QR
TXN-3464,23/2/2026,11:09,Putrajaya,Milk-based,Mocha,1,12,12,Cash
TXN-3539,23/2/2026,11:13,Puncak Alam,Ice Blended,Ice Blended Chocolate Chip,4,14,56,Cash
TXN-3516,23/2/2026,11:22,Puncak Alam,Espresso-based,Espresso,3,7,21,Cash
TXN-3512,23/2/2026,11:32,Puncak Alam,Milk-based,Latte,1,11,11,QR
TXN-3488,23/2/2026,11:39,Putrajaya,Espresso-based,Espresso,2,7,14,QR
TXN-3517,23/2/2026,12:06,Puncak Alam,Milk-based,Mocha,1,12,12,QR
TXN-3463,23/2/2026,12:09,Putrajaya,Ice Blended,Ice Blended Chocolate Chip,3,14,42,QR
TXN-3513,23/2/2026,12:09,Puncak Alam,Milk-based,Mocha,1,12,12,QR
TXN-3475,23/2/2026,12:11,Putrajaya,Milk-based,Mocha,2,12,24,Cash
TXN-3543,23/2/2026,12:25,Puncak Alam,Milk-based,Caramel Macchiato,1,13,13,Cash
TXN-3541,23/2/2026,12:26,Puncak Alam,Espresso-based,Espresso,1,7,7,QR
TXN-3497,23/2/2026,12:28,Puncak Alam,Milk-based,Mocha,1,12,12,QR
TXN-3492,23/2/2026,13:07,Putrajaya,Espresso-based,Americano,2,9,18,QR
TXN-3534,23/2/2026,13:13,Puncak Alam,Milk-based,Latte,1,11,11,QR
TXN-3521,23/2/2026,13:15,Puncak Alam,Espresso-based,Americano,3,9,27,QR
TXN-3473,23/2/2026,13:21,Putrajaya,Espresso-based,Espresso,1,7,7,QR
TXN-3540,23/2/2026,13:33,Puncak Alam,Ice Blended,Ice Blended Chocolate Chip,1,14,14,QR
TXN-3507,23/2/2026,13:42,Puncak Alam,Milk-based,Caramel Macchiato,1,13,13,QR
TXN-3547,23/2/2026,13:50,Puncak Alam,Espresso-based,Americano,1,9,9,Cash
TXN-3504,23/2/2026,13:57,Puncak Alam,Milk-based,Mocha,1,12,12,QR
TXN-3474,23/2/2026,14:21,Putrajaya,Milk-based,Mocha,2,12,24,QR
TXN-3485,23/2/2026,14:21,Putrajaya,Milk-based,Mocha,1,12,12,QR
TXN-3493,23/2/2026,14:25,Putrajaya,Ice Blended,Ice Blended Chocolate Chip,1,14,14,QR
TXN-3500,23/2/2026,14:28,Puncak Alam,Espresso-based,Americano,1,9,9,Cash
TXN-3529,23/2/2026,14:46,Puncak Alam,Milk-based,Latte,1,11,11,QR
TXN-3505,23/2/2026,15:02,Puncak Alam,Milk-based,Latte,3,11,33,QR
TXN-3491,23/2/2026,15:19,Putrajaya,Milk-based,Latte,1,11,11,QR
TXN-3552,23/2/2026,15:22,Puncak Alam,Ice Blended,Ice Blended Chocolate Chip,1,14,14,QR
TXN-3550,23/2/2026,15:29,Puncak Alam,Espresso-based,Americano,1,9,9,Cash
TXN-3506,23/2/2026,15:35,Puncak Alam,Milk-based,Mocha,1,12,12,QR
TXN-3499,23/2/2026,15:36,Puncak Alam,Milk-based,Caramel Macchiato,2,13,26,Cash
TXN-3489,23/2/2026,15:38,Putrajaya,Milk-based,Caramel Macchiato,1,13,13,Cash
TXN-3509,23/2/2026,15:39,Puncak Alam,Milk-based,Latte,1,11,11,QR
TXN-3476,23/2/2026,15:43,Putrajaya,Espresso-based,Americano,2,9,18,QR
TXN-3551,23/2/2026,15:43,Puncak Alam,Milk-based,Caramel Macchiato,2,13,26,QR
TXN-3533,23/2/2026,15:57,Puncak Alam,Espresso-based,Americano,1,9,9,Cash
TXN-3531,23/2/2026,15:58,Puncak Alam,Milk-based,Caramel Macchiato,1,13,13,QR
TXN-3545,23/2/2026,16:14,Puncak Alam,Milk-based,Cappuccino,2,11,22,QR
TXN-3484,23/2/2026,16:21,Putrajaya,Milk-based,Mocha,1,12,12,Cash
TXN-3546,23/2/2026,16:31,Puncak Alam,Milk-based,Latte,1,11,11,Cash
TXN-3478,23/2/2026,16:34,Putrajaya,Milk-based,Cappuccino,3,11,33,Cash
TXN-3511,23/2/2026,16:38,Puncak Alam,Espresso-based,Espresso,1,7,7,QR
TXN-3479,23/2/2026,16:45,Putrajaya,Milk-based,Latte,1,11,11,QR
TXN-3501,23/2/2026,16:48,Puncak Alam,Milk-based,Caramel Macchiato,1,13,13,QR
TXN-3524,23/2/2026,17:03,Puncak Alam,Espresso-based,Espresso,1,7,7,Cash
TXN-3470,23/2/2026,17:08,Putrajaya,Milk-based,Cappuccino,2,11,22,Cash
TXN-3522,23/2/2026,17:11,Puncak Alam,Milk-based,Caramel Macchiato,1,13,13,QR
TXN-3487,23/2/2026,18:04,Putrajaya,Espresso-based,Americano,2,9,18,Cash
TXN-3542,23/2/2026,18:27,Puncak Alam,Milk-based,Mocha,3,12,36,Cash
TXN-3530,23/2/2026,18:29,Puncak Alam,Milk-based,Mocha,2,12,24,QR
TXN-3536,23/2/2026,18:43,Puncak Alam,Milk-based,Mocha,1,12,12,QR
TXN-3472,23/2/2026,18:59,Putrajaya,Milk-based,Mocha,1,12,12,QR
TXN-3525,23/2/2026,18:59,Puncak Alam,Milk-based,Caramel Macchiato,1,13,13,QR
TXN-3538,23/2/2026,19:02,Puncak Alam,Ice Blended,Ice Blended Chocolate Chip,2,14,28,Cash
TXN-3518,23/2/2026,19:07,Puncak Alam,Milk-based,Latte,1,11,11,Cash
TXN-3467,23/2/2026,19:17,Putrajaya,Milk-based,Latte,1,11,11,Cash
TXN-3549,23/2/2026,19:22,Puncak Alam,Milk-based,Cappuccino,2,11,22,QR
TXN-3535,23/2/2026,19:33,Puncak Alam,Espresso-based,Americano,1,9,9,Cash
TXN-3490,23/2/2026,19:34,Putrajaya,Milk-based,Latte,1,11,11,Cash
TXN-3526,23/2/2026,19:40,Puncak Alam,Milk-based,Cappuccino,1,11,11,Cash
TXN-3515,23/2/2026,19:42,Puncak Alam,Milk-based,Latte,1,11,11,QR
TXN-3523,23/2/2026,19:43,Puncak Alam,Espresso-based,Americano,1,9,9,Cash
TXN-3465,23/2/2026,20:12,Putrajaya,Milk-based,Mocha,1,12,12,QR
TXN-3519,23/2/2026,20:16,Puncak Alam,Milk-based,Mocha,2,12,24,QR
TXN-3494,23/2/2026,20:24,Puncak Alam,Milk-based,Mocha,2,12,24,Cash
TXN-3466,23/2/2026,20:31,Putrajaya,Ice Blended,Ice Blended Chocolate Chip,2,14,28,QR
TXN-3510,23/2/2026,21:00,Puncak Alam,Milk-based,Latte,2,11,22,QR
TXN-3496,23/2/2026,21:23,Puncak Alam,Ice Blended,Ice Blended Chocolate Chip,1,14,14,QR
TXN-3503,23/2/2026,21:24,Puncak Alam,Espresso-based,Espresso,1,7,7,QR
TXN-3532,23/2/2026,21:29,Puncak Alam,Espresso-based,Americano,1,9,9,Cash
TXN-3471,23/2/2026,21:47,Putrajaya,Espresso-based,Espresso,1,7,7,QR
TXN-3642,24/2/2026,8:02,Puncak Alam,Espresso-based,Americano,2,9,18,QR
TXN-3562,24/2/2026,8:04,Putrajaya,Espresso-based,Americano,1,9,9,Cash
TXN-3592,24/2/2026,8:19,Putrajaya,Espresso-based,Americano,2,9,18,QR
TXN-3586,24/2/2026,8:23,Putrajaya,Espresso-based,Americano,2,9,18,Cash
TXN-3614,24/2/2026,8:49,Puncak Alam,Espresso-based,Americano,3,9,27,QR
TXN-3607,24/2/2026,9:13,Puncak Alam,Espresso-based,Espresso,1,7,7,QR
TXN-3631,24/2/2026,9:14,Puncak Alam,Milk-based,Latte,2,11,22,Cash
TXN-3557,24/2/2026,9:33,Putrajaya,Milk-based,Latte,2,11,22,Cash
TXN-3606,24/2/2026,9:50,Puncak Alam,Milk-based,Caramel Macchiato,1,13,13,QR
TXN-3636,24/2/2026,10:17,Puncak Alam,Ice Blended,Ice Blended Chocolate Chip,2,14,28,QR
TXN-3567,24/2/2026,10:27,Putrajaya,Espresso-based,Espresso,4,7,28,Cash
TXN-3601,24/2/2026,10:28,Puncak Alam,Milk-based,Cappuccino,1,11,11,Cash
TXN-3582,24/2/2026,10:29,Putrajaya,Milk-based,Latte,1,11,11,Cash
TXN-3609,24/2/2026,10:30,Puncak Alam,Milk-based,Caramel Macchiato,1,13,13,Cash
TXN-3638,24/2/2026,10:49,Puncak Alam,Milk-based,Mocha,1,12,12,QR
TXN-3608,24/2/2026,11:25,Puncak Alam,Milk-based,Mocha,1,12,12,QR
TXN-3569,24/2/2026,11:35,Putrajaya,Milk-based,Latte,1,11,11,QR
TXN-3574,24/2/2026,11:49,Putrajaya,Milk-based,Mocha,1,12,12,Cash
TXN-3593,24/2/2026,11:49,Putrajaya,Milk-based,Cappuccino,1,11,11,Cash
TXN-3563,24/2/2026,11:53,Putrajaya,Milk-based,Caramel Macchiato,1,13,13,QR
TXN-3556,24/2/2026,12:00,Putrajaya,Milk-based,Cappuccino,1,11,11,Cash
TXN-3600,24/2/2026,12:02,Puncak Alam,Ice Blended,Ice Blended Chocolate Chip,1,14,14,QR
TXN-3621,24/2/2026,12:07,Puncak Alam,Ice Blended,Ice Blended Chocolate Chip,1,14,14,QR
TXN-3581,24/2/2026,12:09,Putrajaya,Milk-based,Mocha,1,12,12,Cash
TXN-3625,24/2/2026,12:25,Puncak Alam,Milk-based,Caramel Macchiato,2,13,26,QR
TXN-3611,24/2/2026,12:36,Puncak Alam,Ice Blended,Ice Blended Chocolate Chip,1,14,14,QR
TXN-3630,24/2/2026,13:15,Puncak Alam,Espresso-based,Espresso,3,7,21,QR
TXN-3595,24/2/2026,13:21,Putrajaya,Ice Blended,Ice Blended Chocolate Chip,1,14,14,QR
TXN-3559,24/2/2026,13:23,Putrajaya,Espresso-based,Americano,1,9,9,Cash
TXN-3560,24/2/2026,13:24,Putrajaya,Milk-based,Latte,1,11,11,QR
TXN-3585,24/2/2026,13:40,Putrajaya,Milk-based,Mocha,1,12,12,QR
TXN-3587,24/2/2026,13:40,Putrajaya,Espresso-based,Americano,1,9,9,Cash
TXN-3618,24/2/2026,13:54,Puncak Alam,Espresso-based,Espresso,2,7,14,QR
TXN-3604,24/2/2026,13:59,Puncak Alam,Ice Blended,Ice Blended Chocolate Chip,1,14,14,QR
TXN-3580,24/2/2026,14:23,Putrajaya,Milk-based,Cappuccino,1,11,11,QR
TXN-3632,24/2/2026,14:28,Puncak Alam,Milk-based,Cappuccino,1,11,11,QR
TXN-3613,24/2/2026,14:35,Puncak Alam,Ice Blended,Ice Blended Chocolate Chip,1,14,14,QR
TXN-3596,24/2/2026,14:51,Putrajaya,Milk-based,Mocha,1,12,12,Cash
TXN-3571,24/2/2026,15:02,Putrajaya,Ice Blended,Ice Blended Chocolate Chip,1,14,14,Cash
TXN-3627,24/2/2026,15:07,Puncak Alam,Milk-based,Caramel Macchiato,1,13,13,Cash
TXN-3616,24/2/2026,15:27,Puncak Alam,Milk-based,Mocha,1,12,12,QR
TXN-3610,24/2/2026,15:29,Puncak Alam,Ice Blended,Ice Blended Chocolate Chip,1,14,14,QR
TXN-3640,24/2/2026,15:32,Puncak Alam,Milk-based,Cappuccino,2,11,22,QR
TXN-3564,24/2/2026,15:36,Putrajaya,Milk-based,Caramel Macchiato,1,13,13,QR
TXN-3570,24/2/2026,15:40,Putrajaya,Espresso-based,Americano,1,9,9,QR
TXN-3554,24/2/2026,15:58,Putrajaya,Ice Blended,Ice Blended Chocolate Chip,1,14,14,Cash
TXN-3633,24/2/2026,16:10,Puncak Alam,Milk-based,Mocha,1,12,12,QR
TXN-3619,24/2/2026,16:15,Puncak Alam,Espresso-based,Espresso,2,7,14,Cash
TXN-3626,24/2/2026,16:15,Puncak Alam,Milk-based,Mocha,1,12,12,QR
TXN-3629,24/2/2026,16:15,Puncak Alam,Ice Blended,Ice Blended Chocolate Chip,1,14,14,QR
TXN-3639,24/2/2026,16:16,Puncak Alam,Espresso-based,Americano,2,9,18,Cash
TXN-3620,24/2/2026,16:17,Puncak Alam,Milk-based,Latte,1,11,11,Cash
TXN-3565,24/2/2026,16:27,Putrajaya,Milk-based,Latte,1,11,11,Cash
TXN-3566,24/2/2026,16:43,Putrajaya,Milk-based,Cappuccino,1,11,11,Cash
TXN-3575,24/2/2026,17:03,Putrajaya,Ice Blended,Ice Blended Chocolate Chip,2,14,28,QR
TXN-3591,24/2/2026,17:36,Putrajaya,Ice Blended,Ice Blended Chocolate Chip,1,14,14,QR
TXN-3622,24/2/2026,17:40,Puncak Alam,Milk-based,Mocha,1,12,12,QR
TXN-3584,24/2/2026,17:41,Putrajaya,Milk-based,Cappuccino,3,11,33,QR
TXN-3637,24/2/2026,17:42,Puncak Alam,Ice Blended,Ice Blended Chocolate Chip,1,14,14,QR
TXN-3583,24/2/2026,18:51,Putrajaya,Espresso-based,Americano,1,9,9,QR
TXN-3577,24/2/2026,18:52,Putrajaya,Milk-based,Cappuccino,1,11,11,QR
TXN-3576,24/2/2026,18:55,Putrajaya,Milk-based,Caramel Macchiato,1,13,13,QR
TXN-3617,24/2/2026,18:59,Puncak Alam,Milk-based,Caramel Macchiato,1,13,13,QR
TXN-3561,24/2/2026,19:03,Putrajaya,Espresso-based,Americano,1,9,9,QR
TXN-3558,24/2/2026,19:11,Putrajaya,Milk-based,Caramel Macchiato,1,13,13,QR
TXN-3635,24/2/2026,19:13,Puncak Alam,Ice Blended,Ice Blended Chocolate Chip,1,14,14,Cash
TXN-3572,24/2/2026,19:17,Putrajaya,Milk-based,Caramel Macchiato,1,13,13,Cash
TXN-3612,24/2/2026,19:21,Puncak Alam,Espresso-based,Espresso,1,7,7,Cash
TXN-3623,24/2/2026,19:24,Puncak Alam,Espresso-based,Americano,1,9,9,QR
TXN-3589,24/2/2026,19:26,Putrajaya,Milk-based,Cappuccino,1,11,11,QR
TXN-3605,24/2/2026,19:26,Puncak Alam,Milk-based,Cappuccino,1,11,11,QR
TXN-3553,24/2/2026,19:34,Putrajaya,Milk-based,Latte,1,11,11,QR
TXN-3603,24/2/2026,19:45,Puncak Alam,Espresso-based,Americano,1,9,9,QR
TXN-3594,24/2/2026,20:11,Putrajaya,Milk-based,Caramel Macchiato,2,13,26,Cash
TXN-3598,24/2/2026,20:16,Putrajaya,Milk-based,Cappuccino,1,11,11,QR
TXN-3599,24/2/2026,20:18,Puncak Alam,Milk-based,Mocha,1,12,12,QR
TXN-3568,24/2/2026,20:20,Putrajaya,Milk-based,Cappuccino,1,11,11,QR
TXN-3579,24/2/2026,20:24,Putrajaya,Espresso-based,Espresso,3,7,21,Cash
TXN-3641,24/2/2026,20:33,Puncak Alam,Espresso-based,Americano,1,9,9,Cash
TXN-3615,24/2/2026,20:34,Puncak Alam,Milk-based,Mocha,2,12,24,Cash
TXN-3624,24/2/2026,20:49,Puncak Alam,Ice Blended,Ice Blended Chocolate Chip,1,14,14,QR
TXN-3555,24/2/2026,21:00,Putrajaya,Ice Blended,Ice Blended Chocolate Chip,1,14,14,Cash
TXN-3597,24/2/2026,21:04,Putrajaya,Milk-based,Mocha,1,12,12,QR
TXN-3573,24/2/2026,21:19,Putrajaya,Milk-based,Latte,1,11,11,Cash
TXN-3578,24/2/2026,21:24,Putrajaya,Espresso-based,Espresso,4,7,28,Cash
TXN-3602,24/2/2026,21:29,Puncak Alam,Espresso-based,Americano,1,9,9,QR
TXN-3588,24/2/2026,21:41,Putrajaya,Milk-based,Caramel Macchiato,1,13,13,QR
TXN-3590,24/2/2026,21:47,Putrajaya,Ice Blended,Ice Blended Chocolate Chip,1,14,14,Cash
TXN-3628,24/2/2026,21:47,Puncak Alam,Milk-based,Mocha,1,12,12,Cash
TXN-3634,24/2/2026,21:50,Puncak Alam,Espresso-based,Americano,1,9,9,QR
TXN-3761,25/2/2026,8:02,Puncak Alam,Espresso-based,Americano,2,9,18,QR
TXN-3709,25/2/2026,8:23,Puncak Alam,Milk-based,Caramel Macchiato,1,13,13,Cash
TXN-3682,25/2/2026,8:27,Putrajaya,Espresso-based,Americano,2,9,18,QR
TXN-3693,25/2/2026,8:34,Puncak Alam,Milk-based,Latte,1,11,11,QR
TXN-3652,25/2/2026,8:36,Putrajaya,Espresso-based,Espresso,4,7,28,Cash
TXN-3674,25/2/2026,8:36,Putrajaya,Espresso-based,Espresso,1,7,7,Cash
TXN-3735,25/2/2026,8:38,Puncak Alam,Milk-based,Cappuccino,1,11,11,Cash
TXN-3719,25/2/2026,8:44,Puncak Alam,Milk-based,Cappuccino,3,11,33,QR
TXN-3724,25/2/2026,9:01,Puncak Alam,Milk-based,Latte,1,11,11,QR
TXN-3659,25/2/2026,9:03,Putrajaya,Milk-based,Cappuccino,2,11,22,Cash
TXN-3698,25/2/2026,9:03,Puncak Alam,Milk-based,Mocha,1,12,12,Cash
TXN-3695,25/2/2026,9:28,Puncak Alam,Espresso-based,Americano,1,9,9,Cash
TXN-3740,25/2/2026,9:31,Puncak Alam,Espresso-based,Espresso,1,7,7,Cash
TXN-3685,25/2/2026,9:34,Putrajaya,Milk-based,Caramel Macchiato,3,13,39,QR
TXN-3731,25/2/2026,9:34,Puncak Alam,Espresso-based,Espresso,3,7,21,QR
TXN-3739,25/2/2026,9:37,Puncak Alam,Espresso-based,Americano,1,9,9,QR
TXN-3665,25/2/2026,9:59,Putrajaya,Milk-based,Mocha,1,12,12,Cash
TXN-3702,25/2/2026,10:01,Puncak Alam,Milk-based,Latte,1,11,11,Cash
TXN-3748,25/2/2026,10:18,Puncak Alam,Milk-based,Mocha,1,12,12,Cash
TXN-3673,25/2/2026,10:22,Putrajaya,Milk-based,Cappuccino,1,11,11,Cash
TXN-3706,25/2/2026,10:43,Puncak Alam,Milk-based,Latte,1,11,11,Cash
TXN-3738,25/2/2026,10:45,Puncak Alam,Ice Blended,Ice Blended Chocolate Chip,2,14,28,QR
TXN-3657,25/2/2026,10:48,Putrajaya,Espresso-based,Espresso,1,7,7,Cash
TXN-3725,25/2/2026,10:54,Puncak Alam,Espresso-based,Americano,1,9,9,QR
TXN-3746,25/2/2026,11:01,Puncak Alam,Milk-based,Latte,1,11,11,QR
TXN-3689,25/2/2026,11:32,Putrajaya,Milk-based,Mocha,1,12,12,QR
TXN-3708,25/2/2026,11:44,Puncak Alam,Milk-based,Latte,1,11,11,QR
TXN-3722,25/2/2026,11:48,Puncak Alam,Espresso-based,Americano,1,9,9,QR
TXN-3723,25/2/2026,11:50,Puncak Alam,Espresso-based,Americano,2,9,18,QR
TXN-3734,25/2/2026,11:52,Puncak Alam,Milk-based,Caramel Macchiato,1,13,13,Cash
TXN-3736,25/2/2026,11:56,Puncak Alam,Milk-based,Latte,1,11,11,Cash
TXN-3737,25/2/2026,12:07,Puncak Alam,Milk-based,Mocha,1,12,12,QR
TXN-3715,25/2/2026,12:09,Puncak Alam,Milk-based,Mocha,4,12,48,QR
TXN-3711,25/2/2026,12:16,Puncak Alam,Espresso-based,Espresso,1,7,7,QR
TXN-3663,25/2/2026,12:38,Putrajaya,Ice Blended,Ice Blended Chocolate Chip,1,14,14,QR
TXN-3656,25/2/2026,12:49,Putrajaya,Milk-based,Cappuccino,2,11,22,QR
TXN-3676,25/2/2026,13:06,Putrajaya,Milk-based,Latte,1,11,11,QR
TXN-3742,25/2/2026,13:06,Puncak Alam,Espresso-based,Americano,2,9,18,Cash
TXN-3753,25/2/2026,13:09,Puncak Alam,Espresso-based,Espresso,1,7,7,QR
TXN-3712,25/2/2026,13:13,Puncak Alam,Ice Blended,Ice Blended Chocolate Chip,1,14,14,QR
TXN-3681,25/2/2026,13:21,Putrajaya,Milk-based,Mocha,2,12,24,Cash
TXN-3668,25/2/2026,13:29,Putrajaya,Espresso-based,Espresso,2,7,14,QR
TXN-3764,25/2/2026,13:39,Puncak Alam,Espresso-based,Espresso,2,7,14,QR
TXN-3758,25/2/2026,13:45,Puncak Alam,Ice Blended,Ice Blended Chocolate Chip,1,14,14,Cash
TXN-3710,25/2/2026,14:19,Puncak Alam,Milk-based,Cappuccino,1,11,11,QR
TXN-3762,25/2/2026,14:19,Puncak Alam,Milk-based,Latte,1,11,11,QR
TXN-3704,25/2/2026,14:21,Puncak Alam,Espresso-based,Americano,1,9,9,Cash
TXN-3716,25/2/2026,14:24,Puncak Alam,Espresso-based,Espresso,1,7,7,QR
TXN-3680,25/2/2026,14:40,Putrajaya,Espresso-based,Americano,1,9,9,QR
TXN-3667,25/2/2026,14:47,Putrajaya,Milk-based,Mocha,1,12,12,QR
TXN-3687,25/2/2026,14:49,Putrajaya,Milk-based,Latte,1,11,11,QR
TXN-3645,25/2/2026,14:53,Putrajaya,Ice Blended,Ice Blended Chocolate Chip,1,14,14,QR
TXN-3646,25/2/2026,14:55,Putrajaya,Ice Blended,Ice Blended Chocolate Chip,1,14,14,QR
TXN-3713,25/2/2026,15:01,Puncak Alam,Milk-based,Latte,1,11,11,QR
TXN-3694,25/2/2026,15:05,Puncak Alam,Milk-based,Latte,1,11,11,QR
TXN-3732,25/2/2026,15:05,Puncak Alam,Milk-based,Latte,2,11,22,Cash
TXN-3654,25/2/2026,15:06,Putrajaya,Milk-based,Cappuccino,1,11,11,QR
TXN-3751,25/2/2026,15:46,Puncak Alam,Milk-based,Cappuccino,1,11,11,Cash
TXN-3756,25/2/2026,15:51,Puncak Alam,Milk-based,Caramel Macchiato,2,13,26,QR
TXN-3733,25/2/2026,16:10,Puncak Alam,Milk-based,Latte,1,11,11,QR
TXN-3721,25/2/2026,16:12,Puncak Alam,Milk-based,Latte,2,11,22,Cash
TXN-3670,25/2/2026,16:19,Putrajaya,Espresso-based,Americano,1,9,9,QR
TXN-3703,25/2/2026,16:19,Puncak Alam,Milk-based,Cappuccino,1,11,11,QR
TXN-3744,25/2/2026,16:19,Puncak Alam,Ice Blended,Ice Blended Chocolate Chip,1,14,14,QR
TXN-3675,25/2/2026,16:20,Putrajaya,Ice Blended,Ice Blended Chocolate Chip,1,14,14,Cash
TXN-3679,25/2/2026,16:20,Putrajaya,Espresso-based,Espresso,1,7,7,QR
TXN-3699,25/2/2026,16:23,Puncak Alam,Milk-based,Cappuccino,1,11,11,Cash
TXN-3757,25/2/2026,16:30,Puncak Alam,Ice Blended,Ice Blended Chocolate Chip,1,14,14,Cash
TXN-3743,25/2/2026,16:38,Puncak Alam,Espresso-based,Espresso,1,7,7,Cash
TXN-3690,25/2/2026,16:42,Puncak Alam,Espresso-based,Americano,1,9,9,QR
TXN-3697,25/2/2026,16:45,Puncak Alam,Espresso-based,Americano,1,9,9,Cash
TXN-3651,25/2/2026,16:50,Putrajaya,Ice Blended,Ice Blended Chocolate Chip,2,14,28,Cash
TXN-3752,25/2/2026,16:51,Puncak Alam,Espresso-based,Americano,2,9,18,QR
TXN-3714,25/2/2026,17:07,Puncak Alam,Milk-based,Cappuccino,1,11,11,QR
TXN-3755,25/2/2026,17:14,Puncak Alam,Milk-based,Mocha,1,12,12,Cash
TXN-3696,25/2/2026,17:15,Puncak Alam,Espresso-based,Espresso,1,7,7,QR
TXN-3750,25/2/2026,17:21,Puncak Alam,Milk-based,Latte,1,11,11,Cash
TXN-3729,25/2/2026,17:23,Puncak Alam,Espresso-based,Espresso,1,7,7,QR
TXN-3686,25/2/2026,17:25,Putrajaya,Espresso-based,Espresso,1,7,7,Cash
TXN-3669,25/2/2026,17:28,Putrajaya,Milk-based,Mocha,2,12,24,QR
TXN-3684,25/2/2026,17:33,Putrajaya,Milk-based,Caramel Macchiato,3,13,39,QR
TXN-3745,25/2/2026,17:38,Puncak Alam,Espresso-based,Espresso,1,7,7,QR
TXN-3728,25/2/2026,17:39,Puncak Alam,Milk-based,Caramel Macchiato,1,13,13,QR
TXN-3672,25/2/2026,17:53,Putrajaya,Milk-based,Latte,1,11,11,QR
TXN-3701,25/2/2026,17:54,Puncak Alam,Milk-based,Caramel Macchiato,2,13,26,Cash
TXN-3643,25/2/2026,17:57,Putrajaya,Milk-based,Mocha,1,12,12,Cash
TXN-3726,25/2/2026,17:57,Puncak Alam,Espresso-based,Espresso,1,7,7,QR
TXN-3705,25/2/2026,17:59,Puncak Alam,Milk-based,Mocha,1,12,12,QR
TXN-3650,25/2/2026,18:04,Putrajaya,Espresso-based,Espresso,1,7,7,Cash
TXN-3666,25/2/2026,18:11,Putrajaya,Milk-based,Mocha,1,12,12,QR
TXN-3677,25/2/2026,18:13,Putrajaya,Milk-based,Mocha,1,12,12,Cash
TXN-3730,25/2/2026,18:20,Puncak Alam,Milk-based,Mocha,1,12,12,Cash
TXN-3644,25/2/2026,18:37,Putrajaya,Milk-based,Latte,1,11,11,Cash
TXN-3647,25/2/2026,18:57,Putrajaya,Espresso-based,Espresso,1,7,7,Cash
TXN-3692,25/2/2026,19:20,Puncak Alam,Espresso-based,Americano,1,9,9,Cash
TXN-3660,25/2/2026,19:26,Putrajaya,Milk-based,Mocha,3,12,36,Cash
TXN-3688,25/2/2026,19:26,Putrajaya,Ice Blended,Ice Blended Chocolate Chip,1,14,14,QR
TXN-3717,25/2/2026,19:27,Puncak Alam,Espresso-based,Americano,2,9,18,QR
TXN-3683,25/2/2026,19:31,Putrajaya,Milk-based,Latte,2,11,22,QR
TXN-3763,25/2/2026,19:31,Puncak Alam,Milk-based,Mocha,1,12,12,Cash
TXN-3664,25/2/2026,19:43,Putrajaya,Ice Blended,Ice Blended Chocolate Chip,1,14,14,QR
TXN-3720,25/2/2026,19:43,Puncak Alam,Milk-based,Latte,1,11,11,Cash
TXN-3649,25/2/2026,19:44,Putrajaya,Espresso-based,Americano,1,9,9,QR
TXN-3678,25/2/2026,19:45,Putrajaya,Milk-based,Caramel Macchiato,2,13,26,Cash
TXN-3658,25/2/2026,19:52,Putrajaya,Milk-based,Cappuccino,1,11,11,QR
TXN-3653,25/2/2026,19:58,Putrajaya,Milk-based,Caramel Macchiato,2,13,26,QR
TXN-3718,25/2/2026,20:07,Puncak Alam,Milk-based,Cappuccino,1,11,11,Cash
TXN-3741,25/2/2026,20:13,Puncak Alam,Espresso-based,Americano,1,9,9,QR
TXN-3648,25/2/2026,20:17,Putrajaya,Milk-based,Caramel Macchiato,1,13,13,QR
TXN-3655,25/2/2026,20:19,Putrajaya,Ice Blended,Ice Blended Chocolate Chip,2,14,28,Cash
TXN-3691,25/2/2026,20:24,Puncak Alam,Ice Blended,Ice Blended Chocolate Chip,1,14,14,QR
TXN-3747,25/2/2026,20:33,Puncak Alam,Espresso-based,Espresso,1,7,7,QR
TXN-3759,25/2/2026,20:35,Puncak Alam,Espresso-based,Espresso,1,7,7,QR
TXN-3749,25/2/2026,20:50,Puncak Alam,Milk-based,Cappuccino,1,11,11,Cash
TXN-3700,25/2/2026,20:55,Puncak Alam,Espresso-based,Americano,1,9,9,QR
TXN-3754,25/2/2026,21:02,Puncak Alam,Milk-based,Cappuccino,1,11,11,QR
TXN-3661,25/2/2026,21:04,Putrajaya,Milk-based,Caramel Macchiato,1,13,13,Cash
TXN-3760,25/2/2026,21:22,Puncak Alam,Milk-based,Cappuccino,1,11,11,QR
TXN-3727,25/2/2026,21:30,Puncak Alam,Milk-based,Latte,1,11,11,Cash
TXN-3707,25/2/2026,21:33,Puncak Alam,Milk-based,Cappuccino,2,11,22,QR
TXN-3662,25/2/2026,21:46,Putrajaya,Espresso-based,Espresso,2,7,14,QR
TXN-3671,25/2/2026,21:48,Putrajaya,Milk-based,Cappuccino,1,11,11,QR
TXN-3829,26/2/2026,8:06,Putrajaya,Espresso-based,Americano,2,9,18,QR
TXN-3768,26/2/2026,8:07,Putrajaya,Espresso-based,Espresso,2,7,14,Cash
TXN-3879,26/2/2026,8:17,Puncak Alam,Milk-based,Caramel Macchiato,1,13,13,Cash
TXN-3866,26/2/2026,8:18,Puncak Alam,Milk-based,Caramel Macchiato,1,13,13,QR
TXN-3815,26/2/2026,8:19,Putrajaya,Milk-based,Caramel Macchiato,1,13,13,Cash
TXN-3827,26/2/2026,8:23,Putrajaya,Milk-based,Latte,4,11,44,QR
TXN-3799,26/2/2026,8:30,Putrajaya,Milk-based,Mocha,2,12,24,QR
TXN-3785,26/2/2026,8:33,Putrajaya,Milk-based,Cappuccino,2,11,22,Cash
TXN-3864,26/2/2026,8:37,Puncak Alam,Milk-based,Mocha,1,12,12,QR
TXN-3853,26/2/2026,8:46,Puncak Alam,Milk-based,Latte,1,11,11,QR
TXN-3850,26/2/2026,8:47,Puncak Alam,Ice Blended,Ice Blended Chocolate Chip,1,14,14,QR
TXN-3816,26/2/2026,8:48,Putrajaya,Milk-based,Latte,3,11,33,Cash
TXN-3769,26/2/2026,8:49,Putrajaya,Espresso-based,Espresso,1,7,7,QR
TXN-3859,26/2/2026,9:01,Puncak Alam,Milk-based,Mocha,1,12,12,QR
TXN-3800,26/2/2026,9:08,Putrajaya,Espresso-based,Americano,1,9,9,QR
TXN-3883,26/2/2026,9:15,Puncak Alam,Espresso-based,Americano,1,9,9,QR
TXN-3811,26/2/2026,9:19,Putrajaya,Milk-based,Cappuccino,1,11,11,QR
TXN-3774,26/2/2026,9:20,Putrajaya,Milk-based,Mocha,3,12,36,QR
TXN-3789,26/2/2026,9:32,Putrajaya,Milk-based,Cappuccino,2,11,22,QR
TXN-3775,26/2/2026,9:33,Putrajaya,Milk-based,Latte,1,11,11,QR
TXN-3851,26/2/2026,9:34,Puncak Alam,Milk-based,Latte,2,11,22,Cash
TXN-3828,26/2/2026,10:09,Putrajaya,Milk-based,Mocha,2,12,24,QR
TXN-3801,26/2/2026,10:23,Putrajaya,Milk-based,Latte,1,11,11,QR
TXN-3796,26/2/2026,10:29,Putrajaya,Espresso-based,Americano,1,9,9,QR
TXN-3781,26/2/2026,10:35,Putrajaya,Ice Blended,Ice Blended Chocolate Chip,1,14,14,QR
TXN-3868,26/2/2026,10:37,Puncak Alam,Milk-based,Mocha,1,12,12,QR
TXN-3821,26/2/2026,10:41,Putrajaya,Espresso-based,Americano,1,9,9,QR
TXN-3810,26/2/2026,10:45,Putrajaya,Milk-based,Latte,4,11,44,Cash
TXN-3803,26/2/2026,10:53,Putrajaya,Espresso-based,Americano,3,9,27,QR
TXN-3825,26/2/2026,11:11,Putrajaya,Espresso-based,Americano,1,9,9,QR
TXN-3874,26/2/2026,11:15,Puncak Alam,Milk-based,Mocha,1,12,12,Cash
TXN-3838,26/2/2026,11:16,Puncak Alam,Milk-based,Latte,2,11,22,QR
TXN-3865,26/2/2026,11:24,Puncak Alam,Milk-based,Mocha,1,12,12,Cash
TXN-3772,26/2/2026,11:41,Putrajaya,Milk-based,Caramel Macchiato,1,13,13,QR
TXN-3792,26/2/2026,11:49,Putrajaya,Ice Blended,Ice Blended Chocolate Chip,1,14,14,QR
TXN-3773,26/2/2026,12:04,Putrajaya,Milk-based,Caramel Macchiato,1,13,13,QR
TXN-3805,26/2/2026,12:07,Putrajaya,Espresso-based,Espresso,1,7,7,Cash
TXN-3885,26/2/2026,12:07,Puncak Alam,Milk-based,Cappuccino,1,11,11,QR
TXN-3839,26/2/2026,12:08,Puncak Alam,Milk-based,Mocha,1,12,12,QR
TXN-3837,26/2/2026,12:15,Puncak Alam,Milk-based,Caramel Macchiato,1,13,13,QR
TXN-3822,26/2/2026,12:23,Putrajaya,Ice Blended,Ice Blended Chocolate Chip,1,14,14,QR
TXN-3783,26/2/2026,12:29,Putrajaya,Milk-based,Caramel Macchiato,1,13,13,QR
TXN-3884,26/2/2026,12:43,Puncak Alam,Milk-based,Mocha,2,12,24,QR
TXN-3873,26/2/2026,12:46,Puncak Alam,Ice Blended,Ice Blended Chocolate Chip,2,14,28,QR
TXN-3780,26/2/2026,12:50,Putrajaya,Espresso-based,Americano,2,9,18,QR
TXN-3854,26/2/2026,13:09,Puncak Alam,Ice Blended,Ice Blended Chocolate Chip,1,14,14,Cash
TXN-3765,26/2/2026,13:16,Putrajaya,Milk-based,Caramel Macchiato,2,13,26,Cash
TXN-3782,26/2/2026,13:24,Putrajaya,Milk-based,Latte,3,11,33,Cash
TXN-3806,26/2/2026,13:28,Putrajaya,Milk-based,Mocha,1,12,12,QR
TXN-3791,26/2/2026,13:34,Putrajaya,Ice Blended,Ice Blended Chocolate Chip,1,14,14,QR
TXN-3849,26/2/2026,13:46,Puncak Alam,Espresso-based,Espresso,1,7,7,Cash
TXN-3787,26/2/2026,14:04,Putrajaya,Milk-based,Latte,1,11,11,QR
TXN-3790,26/2/2026,14:11,Putrajaya,Milk-based,Cappuccino,1,11,11,QR
TXN-3794,26/2/2026,14:16,Putrajaya,Milk-based,Cappuccino,1,11,11,QR
TXN-3808,26/2/2026,14:17,Putrajaya,Espresso-based,Espresso,1,7,7,QR
TXN-3824,26/2/2026,14:23,Putrajaya,Espresso-based,Espresso,1,7,7,Cash
TXN-3823,26/2/2026,14:30,Putrajaya,Milk-based,Caramel Macchiato,2,13,26,Cash
TXN-3848,26/2/2026,14:35,Puncak Alam,Espresso-based,Espresso,1,7,7,Cash
TXN-3786,26/2/2026,14:41,Putrajaya,Milk-based,Latte,2,11,22,Cash
TXN-3857,26/2/2026,14:42,Puncak Alam,Espresso-based,Americano,1,9,9,QR
TXN-3872,26/2/2026,14:47,Puncak Alam,Milk-based,Cappuccino,1,11,11,Cash
TXN-3804,26/2/2026,15:00,Putrajaya,Milk-based,Caramel Macchiato,1,13,13,QR
TXN-3844,26/2/2026,15:02,Puncak Alam,Ice Blended,Ice Blended Chocolate Chip,1,14,14,QR
TXN-3871,26/2/2026,15:02,Puncak Alam,Espresso-based,Americano,1,9,9,QR
TXN-3878,26/2/2026,15:14,Puncak Alam,Milk-based,Caramel Macchiato,1,13,13,QR
TXN-3882,26/2/2026,15:28,Puncak Alam,Milk-based,Latte,1,11,11,QR
TXN-3870,26/2/2026,15:50,Puncak Alam,Ice Blended,Ice Blended Chocolate Chip,1,14,14,Cash
TXN-3856,26/2/2026,15:54,Puncak Alam,Milk-based,Cappuccino,2,11,22,QR
TXN-3830,26/2/2026,16:02,Putrajaya,Milk-based,Cappuccino,1,11,11,QR
TXN-3776,26/2/2026,16:04,Putrajaya,Milk-based,Latte,2,11,22,QR
TXN-3812,26/2/2026,16:10,Putrajaya,Milk-based,Caramel Macchiato,1,13,13,Cash
TXN-3779,26/2/2026,16:17,Putrajaya,Milk-based,Caramel Macchiato,1,13,13,QR
TXN-3771,26/2/2026,16:19,Putrajaya,Espresso-based,Americano,3,9,27,Cash
TXN-3880,26/2/2026,16:24,Puncak Alam,Ice Blended,Ice Blended Chocolate Chip,2,14,28,QR
TXN-3813,26/2/2026,16:33,Putrajaya,Milk-based,Caramel Macchiato,3,13,39,QR
TXN-3875,26/2/2026,16:34,Puncak Alam,Milk-based,Cappuccino,1,11,11,QR
TXN-3876,26/2/2026,16:43,Puncak Alam,Ice Blended,Ice Blended Chocolate Chip,1,14,14,Cash
TXN-3881,26/2/2026,16:53,Puncak Alam,Milk-based,Cappuccino,1,11,11,QR
TXN-3846,26/2/2026,16:55,Puncak Alam,Milk-based,Caramel Macchiato,2,13,26,QR
TXN-3777,26/2/2026,17:00,Putrajaya,Espresso-based,Espresso,1,7,7,Cash
TXN-3784,26/2/2026,17:00,Putrajaya,Espresso-based,Americano,1,9,9,Cash
TXN-3847,26/2/2026,17:01,Puncak Alam,Milk-based,Caramel Macchiato,3,13,39,QR
TXN-3842,26/2/2026,17:03,Puncak Alam,Milk-based,Latte,2,11,22,Cash
TXN-3855,26/2/2026,17:11,Puncak Alam,Milk-based,Caramel Macchiato,1,13,13,QR
TXN-3819,26/2/2026,17:28,Putrajaya,Milk-based,Latte,2,11,22,QR
TXN-3832,26/2/2026,17:28,Puncak Alam,Ice Blended,Ice Blended Chocolate Chip,1,14,14,Cash
TXN-3869,26/2/2026,17:28,Puncak Alam,Milk-based,Cappuccino,1,11,11,Cash
TXN-3877,26/2/2026,17:45,Puncak Alam,Milk-based,Cappuccino,1,11,11,Cash
TXN-3798,26/2/2026,17:51,Putrajaya,Milk-based,Latte,1,11,11,QR
TXN-3766,26/2/2026,17:54,Putrajaya,Milk-based,Latte,1,11,11,QR
TXN-3814,26/2/2026,18:04,Putrajaya,Ice Blended,Ice Blended Chocolate Chip,1,14,14,Cash
TXN-3845,26/2/2026,18:15,Puncak Alam,Espresso-based,Espresso,3,7,21,QR
TXN-3834,26/2/2026,18:29,Puncak Alam,Milk-based,Mocha,2,12,24,Cash
TXN-3778,26/2/2026,18:34,Putrajaya,Milk-based,Cappuccino,1,11,11,QR
TXN-3833,26/2/2026,18:39,Puncak Alam,Milk-based,Caramel Macchiato,1,13,13,QR
TXN-3831,26/2/2026,18:46,Putrajaya,Ice Blended,Ice Blended Chocolate Chip,1,14,14,QR
TXN-3807,26/2/2026,18:56,Putrajaya,Milk-based,Cappuccino,1,11,11,Cash
TXN-3863,26/2/2026,18:56,Puncak Alam,Milk-based,Mocha,1,12,12,Cash
TXN-3840,26/2/2026,18:57,Puncak Alam,Milk-based,Caramel Macchiato,2,13,26,QR
TXN-3861,26/2/2026,19:02,Puncak Alam,Milk-based,Caramel Macchiato,4,13,52,QR
TXN-3770,26/2/2026,19:07,Putrajaya,Milk-based,Caramel Macchiato,2,13,26,QR
TXN-3795,26/2/2026,19:13,Putrajaya,Milk-based,Caramel Macchiato,1,13,13,QR
TXN-3767,26/2/2026,19:21,Putrajaya,Espresso-based,Espresso,2,7,14,Cash
TXN-3802,26/2/2026,19:31,Putrajaya,Espresso-based,Americano,1,9,9,QR
TXN-3818,26/2/2026,19:31,Putrajaya,Milk-based,Mocha,1,12,12,QR
TXN-3835,26/2/2026,19:35,Puncak Alam,Espresso-based,Espresso,1,7,7,QR
TXN-3867,26/2/2026,19:42,Puncak Alam,Espresso-based,Espresso,1,7,7,Cash
TXN-3826,26/2/2026,19:43,Putrajaya,Milk-based,Latte,3,11,33,QR
TXN-3852,26/2/2026,19:56,Puncak Alam,Milk-based,Cappuccino,1,11,11,QR
TXN-3788,26/2/2026,20:04,Putrajaya,Ice Blended,Ice Blended Chocolate Chip,1,14,14,QR
TXN-3836,26/2/2026,20:10,Puncak Alam,Espresso-based,Espresso,1,7,7,QR
TXN-3793,26/2/2026,20:18,Putrajaya,Ice Blended,Ice Blended Chocolate Chip,1,14,14,QR
TXN-3841,26/2/2026,20:22,Puncak Alam,Milk-based,Caramel Macchiato,1,13,13,QR
TXN-3858,26/2/2026,20:43,Puncak Alam,Espresso-based,Americano,1,9,9,QR
TXN-3817,26/2/2026,21:09,Putrajaya,Milk-based,Cappuccino,1,11,11,Cash
TXN-3862,26/2/2026,21:15,Puncak Alam,Milk-based,Cappuccino,1,11,11,Cash
TXN-3820,26/2/2026,21:16,Putrajaya,Ice Blended,Ice Blended Chocolate Chip,1,14,14,QR
TXN-3860,26/2/2026,21:26,Puncak Alam,Milk-based,Mocha,2,12,24,QR
TXN-3843,26/2/2026,21:27,Puncak Alam,Milk-based,Latte,2,11,22,QR
TXN-3797,26/2/2026,21:31,Putrajaya,Milk-based,Caramel Macchiato,4,13,52,Cash
TXN-3809,26/2/2026,21:35,Putrajaya,Milk-based,Cappuccino,1,11,11,QR
TXN-3911,27/2/2026,8:01,Putrajaya,Milk-based,Caramel Macchiato,2,13,26,QR
TXN-4017,27/2/2026,8:16,Puncak Alam,Milk-based,Caramel Macchiato,2,13,26,QR
TXN-3898,27/2/2026,8:17,Putrajaya,Milk-based,Latte,1,11,11,Cash
TXN-3957,27/2/2026,8:20,Putrajaya,Ice Blended,Ice Blended Chocolate Chip,2,14,28,QR
TXN-3989,27/2/2026,8:20,Puncak Alam,Milk-based,Latte,2,11,22,Cash
TXN-3951,27/2/2026,8:22,Putrajaya,Milk-based,Caramel Macchiato,1,13,13,QR
TXN-3946,27/2/2026,8:30,Putrajaya,Ice Blended,Ice Blended Chocolate Chip,2,14,28,Cash
TXN-3940,27/2/2026,8:31,Putrajaya,Espresso-based,Americano,1,9,9,QR
TXN-4011,27/2/2026,8:32,Puncak Alam,Milk-based,Mocha,1,12,12,Cash
TXN-4002,27/2/2026,8:38,Puncak Alam,Espresso-based,Espresso,2,7,14,Cash
TXN-3933,27/2/2026,8:53,Putrajaya,Milk-based,Latte,1,11,11,Cash
TXN-3945,27/2/2026,9:05,Putrajaya,Espresso-based,Americano,1,9,9,QR
TXN-3973,27/2/2026,9:12,Puncak Alam,Ice Blended,Ice Blended Chocolate Chip,1,14,14,Cash
TXN-3913,27/2/2026,9:19,Putrajaya,Ice Blended,Ice Blended Chocolate Chip,1,14,14,Cash
TXN-4004,27/2/2026,9:25,Puncak Alam,Milk-based,Cappuccino,2,11,22,Cash
TXN-3965,27/2/2026,9:26,Puncak Alam,Espresso-based,Americano,1,9,9,Cash
TXN-4006,27/2/2026,9:40,Puncak Alam,Espresso-based,Americano,1,9,9,QR
TXN-3939,27/2/2026,9:41,Putrajaya,Espresso-based,Espresso,1,7,7,QR
TXN-3976,27/2/2026,9:42,Puncak Alam,Espresso-based,Espresso,1,7,7,Cash
TXN-4019,27/2/2026,9:48,Puncak Alam,Ice Blended,Ice Blended Chocolate Chip,1,14,14,QR
TXN-3892,27/2/2026,9:55,Putrajaya,Milk-based,Caramel Macchiato,1,13,13,QR
TXN-3891,27/2/2026,10:01,Putrajaya,Espresso-based,Americano,3,9,27,Cash
TXN-4021,27/2/2026,10:03,Puncak Alam,Milk-based,Latte,1,11,11,Cash
TXN-3993,27/2/2026,10:13,Puncak Alam,Espresso-based,Americano,1,9,9,QR
TXN-3962,27/2/2026,10:19,Putrajaya,Milk-based,Mocha,1,12,12,QR
TXN-3995,27/2/2026,10:28,Puncak Alam,Ice Blended,Ice Blended Chocolate Chip,1,14,14,QR
TXN-3890,27/2/2026,10:38,Putrajaya,Milk-based,Caramel Macchiato,1,13,13,QR
TXN-3999,27/2/2026,10:39,Puncak Alam,Ice Blended,Ice Blended Chocolate Chip,1,14,14,QR
TXN-3970,27/2/2026,10:41,Puncak Alam,Espresso-based,Espresso,1,7,7,QR
TXN-3912,27/2/2026,10:54,Putrajaya,Espresso-based,Espresso,1,7,7,Cash
TXN-3930,27/2/2026,10:56,Putrajaya,Espresso-based,Espresso,1,7,7,QR
TXN-3924,27/2/2026,11:08,Putrajaya,Milk-based,Latte,1,11,11,Cash
TXN-3997,27/2/2026,11:15,Puncak Alam,Espresso-based,Americano,1,9,9,QR
TXN-4014,27/2/2026,11:16,Puncak Alam,Milk-based,Latte,1,11,11,QR
TXN-3985,27/2/2026,11:27,Puncak Alam,Espresso-based,Espresso,3,7,21,Cash
TXN-4007,27/2/2026,11:31,Puncak Alam,Espresso-based,Americano,1,9,9,QR
TXN-3905,27/2/2026,11:34,Putrajaya,Ice Blended,Ice Blended Chocolate Chip,1,14,14,QR
TXN-3988,27/2/2026,11:36,Puncak Alam,Ice Blended,Ice Blended Chocolate Chip,1,14,14,QR
TXN-3932,27/2/2026,11:47,Putrajaya,Espresso-based,Espresso,1,7,7,Cash
TXN-3935,27/2/2026,11:55,Putrajaya,Espresso-based,Americano,2,9,18,QR
TXN-3954,27/2/2026,12:05,Putrajaya,Milk-based,Caramel Macchiato,3,13,39,QR
TXN-3907,27/2/2026,12:08,Putrajaya,Milk-based,Mocha,1,12,12,Cash
TXN-3966,27/2/2026,12:09,Puncak Alam,Milk-based,Caramel Macchiato,1,13,13,Cash
TXN-3975,27/2/2026,12:19,Puncak Alam,Ice Blended,Ice Blended Chocolate Chip,1,14,14,QR
TXN-3956,27/2/2026,12:20,Putrajaya,Espresso-based,Espresso,1,7,7,Cash
TXN-4020,27/2/2026,12:21,Puncak Alam,Milk-based,Caramel Macchiato,1,13,13,Cash
TXN-4001,27/2/2026,12:27,Puncak Alam,Ice Blended,Ice Blended Chocolate Chip,2,14,28,QR
TXN-4013,27/2/2026,12:30,Puncak Alam,Espresso-based,Americano,2,9,18,Cash
TXN-4003,27/2/2026,12:43,Puncak Alam,Milk-based,Caramel Macchiato,1,13,13,Cash
TXN-3928,27/2/2026,12:45,Putrajaya,Milk-based,Latte,2,11,22,Cash
TXN-3901,27/2/2026,12:46,Putrajaya,Ice Blended,Ice Blended Chocolate Chip,1,14,14,Cash
TXN-3958,27/2/2026,12:49,Putrajaya,Milk-based,Cappuccino,1,11,11,QR
TXN-3943,27/2/2026,13:09,Putrajaya,Espresso-based,Americano,1,9,9,Cash
TXN-3915,27/2/2026,13:13,Putrajaya,Milk-based,Caramel Macchiato,2,13,26,QR
TXN-3960,27/2/2026,13:15,Putrajaya,Espresso-based,Americano,3,9,27,Cash
TXN-3899,27/2/2026,13:30,Putrajaya,Espresso-based,Americano,2,9,18,QR
TXN-4022,27/2/2026,13:41,Puncak Alam,Milk-based,Caramel Macchiato,1,13,13,Cash
TXN-3893,27/2/2026,13:44,Putrajaya,Espresso-based,Americano,1,9,9,QR
TXN-3931,27/2/2026,13:48,Putrajaya,Espresso-based,Espresso,1,7,7,QR
TXN-3929,27/2/2026,13:50,Putrajaya,Ice Blended,Ice Blended Chocolate Chip,1,14,14,Cash
TXN-3984,27/2/2026,13:52,Puncak Alam,Ice Blended,Ice Blended Chocolate Chip,1,14,14,QR
TXN-3963,27/2/2026,14:00,Puncak Alam,Milk-based,Caramel Macchiato,3,13,39,QR
TXN-3916,27/2/2026,14:08,Putrajaya,Milk-based,Mocha,1,12,12,QR
TXN-3934,27/2/2026,14:09,Putrajaya,Milk-based,Mocha,2,12,24,QR
TXN-3910,27/2/2026,14:12,Putrajaya,Espresso-based,Espresso,1,7,7,QR
TXN-3961,27/2/2026,14:12,Putrajaya,Milk-based,Cappuccino,2,11,22,QR
TXN-3888,27/2/2026,14:15,Putrajaya,Espresso-based,Americano,1,9,9,QR
TXN-3921,27/2/2026,14:21,Putrajaya,Milk-based,Mocha,2,12,24,QR
TXN-3981,27/2/2026,14:24,Puncak Alam,Milk-based,Cappuccino,1,11,11,QR
TXN-3947,27/2/2026,14:28,Putrajaya,Espresso-based,Americano,1,9,9,Cash
TXN-4015,27/2/2026,14:38,Puncak Alam,Espresso-based,Americano,1,9,9,Cash
TXN-4031,27/2/2026,14:42,Puncak Alam,Milk-based,Caramel Macchiato,1,13,13,Cash
TXN-3903,27/2/2026,14:45,Putrajaya,Milk-based,Caramel Macchiato,1,13,13,Cash
TXN-3986,27/2/2026,14:51,Puncak Alam,Milk-based,Latte,1,11,11,Cash
TXN-3968,27/2/2026,14:52,Puncak Alam,Ice Blended,Ice Blended Chocolate Chip,1,14,14,QR
TXN-3897,27/2/2026,14:57,Putrajaya,Milk-based,Caramel Macchiato,2,13,26,QR
TXN-3964,27/2/2026,14:58,Puncak Alam,Milk-based,Latte,2,11,22,Cash
TXN-4005,27/2/2026,15:07,Puncak Alam,Milk-based,Latte,1,11,11,Cash
TXN-3982,27/2/2026,15:20,Puncak Alam,Milk-based,Mocha,1,12,12,QR
TXN-3953,27/2/2026,15:23,Putrajaya,Espresso-based,Americano,1,9,9,QR
TXN-3971,27/2/2026,15:27,Puncak Alam,Milk-based,Latte,1,11,11,QR
TXN-3987,27/2/2026,15:35,Puncak Alam,Espresso-based,Espresso,2,7,14,QR
TXN-3909,27/2/2026,15:55,Putrajaya,Milk-based,Caramel Macchiato,1,13,13,QR
TXN-3990,27/2/2026,15:55,Puncak Alam,Ice Blended,Ice Blended Chocolate Chip,1,14,14,QR
TXN-3920,27/2/2026,15:58,Putrajaya,Milk-based,Mocha,2,12,24,QR
TXN-4008,27/2/2026,16:01,Puncak Alam,Espresso-based,Americano,1,9,9,QR
TXN-3902,27/2/2026,16:03,Putrajaya,Milk-based,Latte,2,11,22,QR
TXN-3948,27/2/2026,16:30,Putrajaya,Milk-based,Cappuccino,1,11,11,QR
TXN-3944,27/2/2026,16:31,Putrajaya,Espresso-based,Espresso,1,7,7,QR
TXN-3983,27/2/2026,16:48,Puncak Alam,Milk-based,Latte,1,11,11,QR
TXN-4018,27/2/2026,16:53,Puncak Alam,Ice Blended,Ice Blended Chocolate Chip,3,14,42,QR
TXN-3922,27/2/2026,16:57,Putrajaya,Espresso-based,Espresso,1,7,7,Cash
TXN-4009,27/2/2026,17:06,Puncak Alam,Espresso-based,Americano,1,9,9,QR
TXN-4027,27/2/2026,17:06,Puncak Alam,Milk-based,Latte,1,11,11,Cash
TXN-3914,27/2/2026,17:08,Putrajaya,Espresso-based,Espresso,1,7,7,QR
TXN-3938,27/2/2026,17:09,Putrajaya,Espresso-based,Americano,2,9,18,QR
TXN-3949,27/2/2026,17:15,Putrajaya,Ice Blended,Ice Blended Chocolate Chip,2,14,28,QR
TXN-3941,27/2/2026,17:26,Putrajaya,Milk-based,Latte,1,11,11,QR
TXN-4000,27/2/2026,17:33,Puncak Alam,Ice Blended,Ice Blended Chocolate Chip,1,14,14,Cash
TXN-3980,27/2/2026,17:41,Puncak Alam,Milk-based,Cappuccino,1,11,11,QR
TXN-3972,27/2/2026,17:42,Puncak Alam,Espresso-based,Espresso,2,7,14,QR
TXN-4012,27/2/2026,17:45,Puncak Alam,Milk-based,Caramel Macchiato,2,13,26,QR
TXN-3900,27/2/2026,17:47,Putrajaya,Milk-based,Latte,1,11,11,QR
TXN-3937,27/2/2026,17:53,Putrajaya,Milk-based,Cappuccino,1,11,11,QR
TXN-3942,27/2/2026,17:56,Putrajaya,Milk-based,Caramel Macchiato,1,13,13,QR
TXN-3955,27/2/2026,17:57,Putrajaya,Milk-based,Mocha,1,12,12,QR
TXN-3908,27/2/2026,17:58,Putrajaya,Espresso-based,Americano,1,9,9,QR
TXN-3896,27/2/2026,17:59,Putrajaya,Milk-based,Latte,1,11,11,QR
TXN-4029,27/2/2026,18:13,Puncak Alam,Milk-based,Cappuccino,1,11,11,Cash
TXN-4026,27/2/2026,18:15,Puncak Alam,Milk-based,Mocha,2,12,24,QR
TXN-4030,27/2/2026,18:17,Puncak Alam,Ice Blended,Ice Blended Chocolate Chip,1,14,14,QR
TXN-3967,27/2/2026,18:18,Puncak Alam,Milk-based,Latte,1,11,11,QR
TXN-3950,27/2/2026,18:28,Putrajaya,Milk-based,Cappuccino,1,11,11,QR
TXN-3959,27/2/2026,18:32,Putrajaya,Milk-based,Latte,2,11,22,Cash
TXN-3904,27/2/2026,18:40,Putrajaya,Milk-based,Caramel Macchiato,1,13,13,QR
TXN-3978,27/2/2026,18:47,Puncak Alam,Ice Blended,Ice Blended Chocolate Chip,1,14,14,QR
TXN-3998,27/2/2026,18:51,Puncak Alam,Espresso-based,Americano,1,9,9,QR
TXN-3936,27/2/2026,18:56,Putrajaya,Milk-based,Cappuccino,2,11,22,Cash
TXN-3977,27/2/2026,19:10,Puncak Alam,Milk-based,Cappuccino,3,11,33,QR
TXN-3889,27/2/2026,19:17,Putrajaya,Ice Blended,Ice Blended Chocolate Chip,1,14,14,Cash
TXN-3906,27/2/2026,19:17,Putrajaya,Espresso-based,Americano,1,9,9,Cash
TXN-3887,27/2/2026,19:18,Putrajaya,Milk-based,Latte,1,11,11,Cash
TXN-3969,27/2/2026,19:19,Puncak Alam,Milk-based,Caramel Macchiato,1,13,13,QR
TXN-3979,27/2/2026,19:29,Puncak Alam,Milk-based,Caramel Macchiato,1,13,13,QR
TXN-3923,27/2/2026,19:30,Putrajaya,Milk-based,Mocha,1,12,12,QR
TXN-3918,27/2/2026,20:04,Putrajaya,Milk-based,Mocha,2,12,24,QR
TXN-4028,27/2/2026,20:11,Puncak Alam,Milk-based,Caramel Macchiato,2,13,26,QR
TXN-4016,27/2/2026,20:22,Puncak Alam,Milk-based,Caramel Macchiato,1,13,13,QR
TXN-3919,27/2/2026,20:29,Putrajaya,Milk-based,Mocha,1,12,12,QR
TXN-3974,27/2/2026,20:33,Puncak Alam,Milk-based,Mocha,1,12,12,QR
TXN-4024,27/2/2026,20:35,Puncak Alam,Milk-based,Latte,1,11,11,QR
TXN-3991,27/2/2026,20:39,Puncak Alam,Milk-based,Latte,1,11,11,Cash
TXN-4025,27/2/2026,20:39,Puncak Alam,Espresso-based,Americano,2,9,18,QR
TXN-3927,27/2/2026,20:42,Putrajaya,Milk-based,Latte,1,11,11,QR
TXN-3886,27/2/2026,20:43,Putrajaya,Milk-based,Cappuccino,1,11,11,QR
TXN-4010,27/2/2026,20:46,Puncak Alam,Milk-based,Mocha,1,12,12,Cash
TXN-3926,27/2/2026,20:52,Putrajaya,Milk-based,Mocha,1,12,12,Cash
TXN-4023,27/2/2026,21:11,Puncak Alam,Espresso-based,Americano,1,9,9,QR
TXN-3917,27/2/2026,21:22,Putrajaya,Espresso-based,Espresso,1,7,7,Cash
TXN-3925,27/2/2026,21:28,Putrajaya,Milk-based,Latte,1,11,11,QR
TXN-3952,27/2/2026,21:30,Putrajaya,Espresso-based,Espresso,3,7,21,QR
TXN-3992,27/2/2026,21:32,Puncak Alam,Espresso-based,Americano,1,9,9,Cash
TXN-3895,27/2/2026,21:46,Putrajaya,Espresso-based,Americano,1,9,9,QR
TXN-3994,27/2/2026,21:48,Puncak Alam,Espresso-based,Espresso,1,7,7,Cash
TXN-3894,27/2/2026,21:50,Putrajaya,Espresso-based,Espresso,1,7,7,QR
TXN-3996,27/2/2026,21:57,Puncak Alam,Espresso-based,Espresso,1,7,7,Cash
TXN-4040,28/2/2026,8:13,Putrajaya,Espresso-based,Espresso,1,7,7,QR
TXN-4042,28/2/2026,8:37,Putrajaya,Milk-based,Mocha,1,12,12,QR
TXN-4067,28/2/2026,8:46,Putrajaya,Ice Blended,Ice Blended Chocolate Chip,1,14,14,QR
TXN-4087,28/2/2026,8:47,Puncak Alam,Milk-based,Caramel Macchiato,1,13,13,Cash
TXN-4043,28/2/2026,8:51,Putrajaya,Milk-based,Caramel Macchiato,1,13,13,QR
TXN-4137,28/2/2026,8:55,Puncak Alam,Ice Blended,Ice Blended Chocolate Chip,1,14,14,QR
TXN-4077,28/2/2026,9:05,Putrajaya,Milk-based,Caramel Macchiato,1,13,13,QR
TXN-4102,28/2/2026,9:14,Puncak Alam,Espresso-based,Espresso,1,7,7,QR
TXN-4050,28/2/2026,9:20,Putrajaya,Ice Blended,Ice Blended Chocolate Chip,1,14,14,QR
TXN-4049,28/2/2026,9:53,Putrajaya,Ice Blended,Ice Blended Chocolate Chip,1,14,14,QR
TXN-4062,28/2/2026,9:54,Putrajaya,Milk-based,Cappuccino,2,11,22,QR
TXN-4078,28/2/2026,10:14,Putrajaya,Ice Blended,Ice Blended Chocolate Chip,1,14,14,Cash
TXN-4089,28/2/2026,10:22,Puncak Alam,Espresso-based,Espresso,1,7,7,QR
TXN-4105,28/2/2026,10:24,Puncak Alam,Milk-based,Mocha,2,12,24,QR
TXN-4101,28/2/2026,10:33,Puncak Alam,Milk-based,Cappuccino,1,11,11,Cash
TXN-4044,28/2/2026,10:39,Putrajaya,Espresso-based,Americano,1,9,9,QR
TXN-4133,28/2/2026,10:45,Puncak Alam,Ice Blended,Ice Blended Chocolate Chip,2,14,28,QR
TXN-4124,28/2/2026,10:48,Puncak Alam,Milk-based,Latte,1,11,11,QR
TXN-4100,28/2/2026,10:53,Puncak Alam,Milk-based,Mocha,1,12,12,QR
TXN-4061,28/2/2026,11:04,Putrajaya,Espresso-based,Espresso,1,7,7,QR
TXN-4069,28/2/2026,11:17,Putrajaya,Milk-based,Mocha,1,12,12,Cash
TXN-4126,28/2/2026,11:20,Puncak Alam,Milk-based,Mocha,2,12,24,QR
TXN-4085,28/2/2026,11:21,Puncak Alam,Milk-based,Cappuccino,1,11,11,Cash
TXN-4104,28/2/2026,11:27,Puncak Alam,Espresso-based,Espresso,1,7,7,QR
TXN-4094,28/2/2026,12:02,Puncak Alam,Milk-based,Latte,2,11,22,QR
TXN-4084,28/2/2026,12:06,Putrajaya,Milk-based,Mocha,1,12,12,QR
TXN-4088,28/2/2026,12:06,Puncak Alam,Milk-based,Caramel Macchiato,2,13,26,QR
TXN-4071,28/2/2026,12:11,Putrajaya,Milk-based,Caramel Macchiato,1,13,13,QR
TXN-4041,28/2/2026,12:22,Putrajaya,Milk-based,Latte,1,11,11,QR
TXN-4072,28/2/2026,13:05,Putrajaya,Milk-based,Caramel Macchiato,1,13,13,QR
TXN-4032,28/2/2026,13:11,Putrajaya,Milk-based,Cappuccino,2,11,22,Cash
TXN-4112,28/2/2026,13:13,Puncak Alam,Milk-based,Cappuccino,1,11,11,QR
TXN-4063,28/2/2026,13:27,Putrajaya,Milk-based,Mocha,3,12,36,QR
TXN-4109,28/2/2026,13:29,Puncak Alam,Ice Blended,Ice Blended Chocolate Chip,2,14,28,QR
TXN-4068,28/2/2026,13:34,Putrajaya,Milk-based,Mocha,1,12,12,QR
TXN-4080,28/2/2026,13:34,Putrajaya,Milk-based,Caramel Macchiato,2,13,26,Cash
TXN-4047,28/2/2026,13:40,Putrajaya,Espresso-based,Espresso,2,7,14,Cash
TXN-4111,28/2/2026,13:49,Puncak Alam,Espresso-based,Americano,1,9,9,Cash
TXN-4129,28/2/2026,13:51,Puncak Alam,Milk-based,Caramel Macchiato,1,13,13,QR
TXN-4064,28/2/2026,13:54,Putrajaya,Milk-based,Mocha,1,12,12,Cash
TXN-4114,28/2/2026,13:59,Puncak Alam,Milk-based,Cappuccino,2,11,22,QR
TXN-4065,28/2/2026,14:02,Putrajaya,Milk-based,Latte,1,11,11,QR
TXN-4059,28/2/2026,14:09,Putrajaya,Milk-based,Cappuccino,1,11,11,QR
TXN-4079,28/2/2026,14:21,Putrajaya,Milk-based,Caramel Macchiato,1,13,13,QR
TXN-4086,28/2/2026,14:21,Puncak Alam,Ice Blended,Ice Blended Chocolate Chip,1,14,14,Cash
TXN-4119,28/2/2026,14:24,Puncak Alam,Milk-based,Latte,1,11,11,QR
TXN-4083,28/2/2026,14:32,Putrajaya,Milk-based,Latte,1,11,11,QR
TXN-4051,28/2/2026,14:39,Putrajaya,Milk-based,Latte,1,11,11,QR
TXN-4134,28/2/2026,14:42,Puncak Alam,Espresso-based,Espresso,1,7,7,QR
TXN-4060,28/2/2026,14:53,Putrajaya,Milk-based,Cappuccino,1,11,11,QR
TXN-4082,28/2/2026,14:59,Putrajaya,Ice Blended,Ice Blended Chocolate Chip,1,14,14,QR
TXN-4136,28/2/2026,15:04,Puncak Alam,Espresso-based,Espresso,1,7,7,Cash
TXN-4120,28/2/2026,15:22,Puncak Alam,Milk-based,Latte,1,11,11,QR
TXN-4093,28/2/2026,15:23,Puncak Alam,Milk-based,Caramel Macchiato,1,13,13,QR
TXN-4095,28/2/2026,15:24,Puncak Alam,Ice Blended,Ice Blended Chocolate Chip,1,14,14,Cash
TXN-4135,28/2/2026,15:48,Puncak Alam,Espresso-based,Americano,1,9,9,QR
TXN-4081,28/2/2026,15:49,Putrajaya,Milk-based,Caramel Macchiato,1,13,13,QR
TXN-4045,28/2/2026,15:51,Putrajaya,Milk-based,Caramel Macchiato,1,13,13,QR
TXN-4123,28/2/2026,16:04,Puncak Alam,Milk-based,Latte,1,11,11,Cash
TXN-4048,28/2/2026,16:20,Putrajaya,Ice Blended,Ice Blended Chocolate Chip,1,14,14,QR
TXN-4052,28/2/2026,16:41,Putrajaya,Ice Blended,Ice Blended Chocolate Chip,2,14,28,QR
TXN-4092,28/2/2026,16:42,Puncak Alam,Milk-based,Caramel Macchiato,1,13,13,Cash
TXN-4038,28/2/2026,17:04,Putrajaya,Espresso-based,Americano,3,9,27,QR
TXN-4046,28/2/2026,17:10,Putrajaya,Espresso-based,Espresso,1,7,7,QR
TXN-4035,28/2/2026,17:12,Putrajaya,Espresso-based,Espresso,1,7,7,QR
TXN-4036,28/2/2026,17:12,Putrajaya,Espresso-based,Americano,1,9,9,Cash
TXN-4056,28/2/2026,17:24,Putrajaya,Ice Blended,Ice Blended Chocolate Chip,1,14,14,QR
TXN-4074,28/2/2026,17:24,Putrajaya,Espresso-based,Espresso,3,7,21,Cash
TXN-4130,28/2/2026,17:27,Puncak Alam,Espresso-based,Espresso,1,7,7,QR
TXN-4106,28/2/2026,17:35,Puncak Alam,Ice Blended,Ice Blended Chocolate Chip,2,14,28,Cash
TXN-4103,28/2/2026,17:38,Puncak Alam,Ice Blended,Ice Blended Chocolate Chip,2,14,28,QR
TXN-4055,28/2/2026,17:44,Putrajaya,Milk-based,Latte,1,11,11,Cash
TXN-4073,28/2/2026,17:59,Putrajaya,Milk-based,Caramel Macchiato,2,13,26,QR
TXN-4108,28/2/2026,18:06,Puncak Alam,Milk-based,Mocha,2,12,24,QR
TXN-4128,28/2/2026,18:09,Puncak Alam,Milk-based,Mocha,3,12,36,QR
TXN-4076,28/2/2026,18:14,Putrajaya,Milk-based,Caramel Macchiato,1,13,13,Cash
TXN-4121,28/2/2026,18:28,Puncak Alam,Ice Blended,Ice Blended Chocolate Chip,1,14,14,QR
TXN-4053,28/2/2026,18:34,Putrajaya,Espresso-based,Americano,3,9,27,QR
TXN-4054,28/2/2026,18:39,Putrajaya,Milk-based,Mocha,1,12,12,QR
TXN-4034,28/2/2026,18:40,Putrajaya,Milk-based,Cappuccino,1,11,11,QR
TXN-4091,28/2/2026,18:41,Puncak Alam,Milk-based,Cappuccino,1,11,11,Cash
TXN-4117,28/2/2026,19:03,Puncak Alam,Espresso-based,Americano,1,9,9,QR
TXN-4075,28/2/2026,19:10,Putrajaya,Milk-based,Caramel Macchiato,3,13,39,QR
TXN-4098,28/2/2026,19:10,Puncak Alam,Espresso-based,Americano,1,9,9,QR
TXN-4096,28/2/2026,19:13,Puncak Alam,Espresso-based,Americano,1,9,9,QR
TXN-4097,28/2/2026,19:18,Puncak Alam,Milk-based,Caramel Macchiato,3,13,39,QR
TXN-4118,28/2/2026,19:29,Puncak Alam,Milk-based,Mocha,3,12,36,QR
TXN-4090,28/2/2026,19:31,Puncak Alam,Milk-based,Mocha,1,12,12,QR
TXN-4066,28/2/2026,19:32,Putrajaya,Milk-based,Latte,3,11,33,QR
TXN-4131,28/2/2026,19:38,Puncak Alam,Espresso-based,Americano,2,9,18,QR
TXN-4033,28/2/2026,19:48,Putrajaya,Milk-based,Cappuccino,1,11,11,QR
TXN-4113,28/2/2026,19:54,Puncak Alam,Ice Blended,Ice Blended Chocolate Chip,2,14,28,QR
TXN-4070,28/2/2026,20:02,Putrajaya,Milk-based,Caramel Macchiato,1,13,13,QR
TXN-4057,28/2/2026,20:08,Putrajaya,Milk-based,Caramel Macchiato,1,13,13,Cash
TXN-4107,28/2/2026,20:12,Puncak Alam,Milk-based,Mocha,1,12,12,QR
TXN-4039,28/2/2026,20:22,Putrajaya,Milk-based,Mocha,1,12,12,QR
TXN-4110,28/2/2026,20:34,Puncak Alam,Milk-based,Cappuccino,1,11,11,QR
TXN-4058,28/2/2026,20:58,Putrajaya,Espresso-based,Americano,1,9,9,QR
TXN-4116,28/2/2026,21:00,Puncak Alam,Espresso-based,Americano,1,9,9,QR
TXN-4037,28/2/2026,21:01,Putrajaya,Milk-based,Caramel Macchiato,1,13,13,Cash
TXN-4115,28/2/2026,21:03,Puncak Alam,Milk-based,Cappuccino,3,11,33,QR
TXN-4099,28/2/2026,21:15,Puncak Alam,Milk-based,Mocha,2,12,24,QR
TXN-4132,28/2/2026,21:16,Puncak Alam,Espresso-based,Americano,1,9,9,Cash
TXN-4127,28/2/2026,21:23,Puncak Alam,Milk-based,Latte,2,11,22,QR
TXN-4125,28/2/2026,21:46,Puncak Alam,Milk-based,Latte,2,11,22,QR
TXN-4122,28/2/2026,21:56,Puncak Alam,Espresso-based,Americano,1,9,9,QR
TXN-4161,1/3/2026,8:04,Putrajaya,Milk-based,Caramel Macchiato,1,13,13,Cash
TXN-4208,1/3/2026,8:11,Puncak Alam,Ice Blended,Ice Blended Chocolate Chip,4,14,56,Cash
TXN-4184,1/3/2026,8:20,Puncak Alam,Milk-based,Mocha,1,12,12,Cash
TXN-4206,1/3/2026,8:22,Puncak Alam,Espresso-based,Espresso,3,7,21,Cash
TXN-4221,1/3/2026,8:28,Puncak Alam,Ice Blended,Ice Blended Chocolate Chip,1,14,14,Cash
TXN-4233,1/3/2026,8:35,Puncak Alam,Milk-based,Cappuccino,1,11,11,QR
TXN-4174,1/3/2026,8:43,Putrajaya,Milk-based,Cappuccino,1,11,11,Cash
TXN-4212,1/3/2026,8:44,Puncak Alam,Espresso-based,Americano,1,9,9,Cash
TXN-4156,1/3/2026,8:48,Putrajaya,Espresso-based,Americano,4,9,36,QR
TXN-4194,1/3/2026,9:21,Puncak Alam,Milk-based,Mocha,1,12,12,QR
TXN-4203,1/3/2026,9:29,Puncak Alam,Espresso-based,Americano,1,9,9,QR
TXN-4189,1/3/2026,9:38,Puncak Alam,Milk-based,Mocha,1,12,12,Cash
TXN-4197,1/3/2026,9:43,Puncak Alam,Milk-based,Caramel Macchiato,1,13,13,QR
TXN-4138,1/3/2026,9:44,Putrajaya,Milk-based,Caramel Macchiato,2,13,26,QR
TXN-4171,1/3/2026,9:52,Putrajaya,Espresso-based,Americano,1,9,9,QR
TXN-4178,1/3/2026,9:52,Putrajaya,Ice Blended,Ice Blended Chocolate Chip,1,14,14,QR
TXN-4211,1/3/2026,10:03,Puncak Alam,Milk-based,Mocha,1,12,12,QR
TXN-4160,1/3/2026,10:06,Putrajaya,Milk-based,Latte,2,11,22,QR
TXN-4224,1/3/2026,10:09,Puncak Alam,Ice Blended,Ice Blended Chocolate Chip,3,14,42,QR
TXN-4215,1/3/2026,10:37,Puncak Alam,Milk-based,Caramel Macchiato,1,13,13,Cash
TXN-4188,1/3/2026,10:43,Puncak Alam,Milk-based,Latte,2,11,22,QR
TXN-4176,1/3/2026,11:04,Putrajaya,Milk-based,Mocha,2,12,24,Cash
TXN-4219,1/3/2026,11:12,Puncak Alam,Milk-based,Cappuccino,3,11,33,QR
TXN-4177,1/3/2026,11:15,Putrajaya,Ice Blended,Ice Blended Chocolate Chip,2,14,28,QR
TXN-4149,1/3/2026,11:16,Putrajaya,Milk-based,Caramel Macchiato,1,13,13,QR
TXN-4179,1/3/2026,11:20,Putrajaya,Milk-based,Latte,1,11,11,QR
TXN-4165,1/3/2026,11:22,Putrajaya,Espresso-based,Americano,1,9,9,QR
TXN-4202,1/3/2026,11:43,Puncak Alam,Milk-based,Mocha,1,12,12,QR
TXN-4175,1/3/2026,11:57,Putrajaya,Ice Blended,Ice Blended Chocolate Chip,1,14,14,QR
TXN-4164,1/3/2026,12:12,Putrajaya,Ice Blended,Ice Blended Chocolate Chip,1,14,14,Cash
TXN-4153,1/3/2026,12:14,Putrajaya,Milk-based,Latte,1,11,11,Cash
TXN-4228,1/3/2026,12:17,Puncak Alam,Milk-based,Latte,1,11,11,Cash
TXN-4216,1/3/2026,12:22,Puncak Alam,Milk-based,Latte,1,11,11,QR
TXN-4157,1/3/2026,12:30,Putrajaya,Espresso-based,Espresso,2,7,14,Cash
TXN-4140,1/3/2026,12:31,Putrajaya,Milk-based,Caramel Macchiato,1,13,13,Cash
TXN-4214,1/3/2026,12:41,Puncak Alam,Ice Blended,Ice Blended Chocolate Chip,1,14,14,QR
TXN-4170,1/3/2026,12:46,Putrajaya,Espresso-based,Espresso,2,7,14,Cash
TXN-4180,1/3/2026,12:50,Putrajaya,Milk-based,Cappuccino,1,11,11,QR
TXN-4143,1/3/2026,12:54,Putrajaya,Milk-based,Cappuccino,1,11,11,Cash
TXN-4139,1/3/2026,12:56,Putrajaya,Milk-based,Latte,1,11,11,QR
TXN-4192,1/3/2026,13:02,Puncak Alam,Espresso-based,Espresso,2,7,14,QR
TXN-4162,1/3/2026,13:04,Putrajaya,Milk-based,Latte,1,11,11,QR
TXN-4205,1/3/2026,13:19,Puncak Alam,Ice Blended,Ice Blended Chocolate Chip,1,14,14,QR
TXN-4223,1/3/2026,13:24,Puncak Alam,Milk-based,Caramel Macchiato,2,13,26,Cash
TXN-4183,1/3/2026,13:42,Puncak Alam,Milk-based,Mocha,1,12,12,QR
TXN-4236,1/3/2026,14:00,Puncak Alam,Milk-based,Latte,1,11,11,QR
TXN-4167,1/3/2026,14:19,Putrajaya,Milk-based,Cappuccino,2,11,22,Cash
TXN-4187,1/3/2026,14:28,Puncak Alam,Milk-based,Cappuccino,1,11,11,QR
TXN-4230,1/3/2026,14:28,Puncak Alam,Milk-based,Cappuccino,1,11,11,QR
TXN-4166,1/3/2026,14:58,Putrajaya,Ice Blended,Ice Blended Chocolate Chip,1,14,14,QR
TXN-4190,1/3/2026,15:14,Puncak Alam,Espresso-based,Espresso,1,7,7,Cash
TXN-4172,1/3/2026,15:18,Putrajaya,Espresso-based,Americano,1,9,9,QR
TXN-4199,1/3/2026,15:20,Puncak Alam,Milk-based,Caramel Macchiato,1,13,13,QR
TXN-4222,1/3/2026,15:21,Puncak Alam,Milk-based,Latte,2,11,22,Cash
TXN-4141,1/3/2026,15:28,Putrajaya,Ice Blended,Ice Blended Chocolate Chip,1,14,14,QR
TXN-4151,1/3/2026,15:32,Putrajaya,Espresso-based,Espresso,2,7,14,QR
TXN-4186,1/3/2026,15:47,Puncak Alam,Ice Blended,Ice Blended Chocolate Chip,1,14,14,QR
TXN-4155,1/3/2026,15:53,Putrajaya,Milk-based,Caramel Macchiato,1,13,13,Cash
TXN-4217,1/3/2026,16:01,Puncak Alam,Milk-based,Latte,1,11,11,QR
TXN-4213,1/3/2026,16:02,Puncak Alam,Milk-based,Latte,1,11,11,QR
TXN-4168,1/3/2026,16:07,Putrajaya,Espresso-based,Americano,2,9,18,Cash
TXN-4145,1/3/2026,16:10,Putrajaya,Ice Blended,Ice Blended Chocolate Chip,1,14,14,QR
TXN-4154,1/3/2026,16:21,Putrajaya,Espresso-based,Espresso,2,7,14,QR
TXN-4209,1/3/2026,16:29,Puncak Alam,Espresso-based,Americano,1,9,9,Cash
TXN-4181,1/3/2026,16:51,Putrajaya,Milk-based,Cappuccino,1,11,11,QR
TXN-4144,1/3/2026,16:59,Putrajaya,Milk-based,Latte,1,11,11,QR
TXN-4234,1/3/2026,17:18,Puncak Alam,Milk-based,Latte,1,11,11,QR
TXN-4159,1/3/2026,17:27,Putrajaya,Espresso-based,Espresso,1,7,7,QR
TXN-4201,1/3/2026,17:35,Puncak Alam,Ice Blended,Ice Blended Chocolate Chip,1,14,14,Cash
TXN-4191,1/3/2026,17:36,Puncak Alam,Espresso-based,Espresso,2,7,14,QR
TXN-4218,1/3/2026,17:53,Puncak Alam,Milk-based,Cappuccino,1,11,11,QR
TXN-4225,1/3/2026,17:53,Puncak Alam,Milk-based,Mocha,1,12,12,Cash
TXN-4207,1/3/2026,17:56,Puncak Alam,Espresso-based,Americano,2,9,18,QR
TXN-4231,1/3/2026,18:07,Puncak Alam,Ice Blended,Ice Blended Chocolate Chip,2,14,28,QR
TXN-4220,1/3/2026,18:09,Puncak Alam,Milk-based,Mocha,1,12,12,QR
TXN-4235,1/3/2026,18:12,Puncak Alam,Ice Blended,Ice Blended Chocolate Chip,2,14,28,QR
TXN-4142,1/3/2026,18:14,Putrajaya,Milk-based,Caramel Macchiato,1,13,13,Cash
TXN-4163,1/3/2026,18:14,Putrajaya,Espresso-based,Americano,2,9,18,QR
TXN-4200,1/3/2026,18:31,Puncak Alam,Ice Blended,Ice Blended Chocolate Chip,2,14,28,Cash
TXN-4147,1/3/2026,18:34,Putrajaya,Ice Blended,Ice Blended Chocolate Chip,2,14,28,Cash
TXN-4204,1/3/2026,18:40,Puncak Alam,Milk-based,Cappuccino,2,11,22,QR
TXN-4148,1/3/2026,19:14,Putrajaya,Espresso-based,Americano,1,9,9,QR
TXN-4210,1/3/2026,19:17,Puncak Alam,Milk-based,Latte,1,11,11,QR
TXN-4182,1/3/2026,19:46,Puncak Alam,Ice Blended,Ice Blended Chocolate Chip,2,14,28,QR
TXN-4152,1/3/2026,19:47,Putrajaya,Milk-based,Mocha,2,12,24,QR
TXN-4226,1/3/2026,19:54,Puncak Alam,Milk-based,Cappuccino,2,11,22,QR
TXN-4227,1/3/2026,20:04,Puncak Alam,Espresso-based,Americano,3,9,27,QR
TXN-4237,1/3/2026,20:05,Puncak Alam,Milk-based,Cappuccino,1,11,11,QR
TXN-4173,1/3/2026,20:10,Putrajaya,Milk-based,Mocha,1,12,12,QR
TXN-4229,1/3/2026,20:11,Puncak Alam,Ice Blended,Ice Blended Chocolate Chip,4,14,56,QR
TXN-4146,1/3/2026,20:14,Putrajaya,Milk-based,Latte,1,11,11,QR
TXN-4198,1/3/2026,20:27,Puncak Alam,Ice Blended,Ice Blended Chocolate Chip,2,14,28,QR
TXN-4196,1/3/2026,20:37,Puncak Alam,Milk-based,Mocha,2,12,24,QR
TXN-4158,1/3/2026,20:54,Putrajaya,Milk-based,Cappuccino,2,11,22,QR
TXN-4193,1/3/2026,21:02,Puncak Alam,Espresso-based,Espresso,2,7,14,QR
TXN-4195,1/3/2026,21:08,Puncak Alam,Ice Blended,Ice Blended Chocolate Chip,1,14,14,Cash
TXN-4169,1/3/2026,21:25,Putrajaya,Espresso-based,Americano,1,9,9,QR
TXN-4232,1/3/2026,21:39,Puncak Alam,Milk-based,Cappuccino,2,11,22,Cash
TXN-4150,1/3/2026,21:50,Putrajaya,Espresso-based,Espresso,1,7,7,QR
TXN-4185,1/3/2026,21:54,Puncak Alam,Milk-based,Caramel Macchiato,1,13,13,QR
TXN-4258,2/3/2026,8:11,Putrajaya,Ice Blended,Ice Blended Chocolate Chip,1,14,14,QR
TXN-4328,2/3/2026,8:12,Puncak Alam,Milk-based,Latte,1,11,11,QR
TXN-4326,2/3/2026,8:17,Puncak Alam,Milk-based,Caramel Macchiato,1,13,13,QR
TXN-4271,2/3/2026,8:34,Putrajaya,Espresso-based,Espresso,1,7,7,QR
TXN-4266,2/3/2026,8:38,Putrajaya,Espresso-based,Espresso,1,7,7,QR
TXN-4323,2/3/2026,8:52,Puncak Alam,Espresso-based,Espresso,1,7,7,QR
TXN-4241,2/3/2026,8:54,Putrajaya,Espresso-based,Espresso,1,7,7,QR
TXN-4288,2/3/2026,9:06,Puncak Alam,Espresso-based,Espresso,1,7,7,QR
TXN-4282,2/3/2026,9:21,Puncak Alam,Espresso-based,Americano,1,9,9,QR
TXN-4284,2/3/2026,9:39,Puncak Alam,Espresso-based,Espresso,2,7,14,QR
TXN-4279,2/3/2026,10:04,Putrajaya,Espresso-based,Espresso,1,7,7,QR
TXN-4285,2/3/2026,10:07,Puncak Alam,Espresso-based,Americano,1,9,9,Cash
TXN-4253,2/3/2026,10:18,Putrajaya,Milk-based,Caramel Macchiato,1,13,13,QR
TXN-4291,2/3/2026,10:40,Puncak Alam,Espresso-based,Espresso,1,7,7,QR
TXN-4327,2/3/2026,10:44,Puncak Alam,Ice Blended,Ice Blended Chocolate Chip,1,14,14,QR
TXN-4260,2/3/2026,10:46,Putrajaya,Espresso-based,Espresso,1,7,7,Cash
TXN-4310,2/3/2026,10:59,Puncak Alam,Ice Blended,Ice Blended Chocolate Chip,1,14,14,QR
TXN-4250,2/3/2026,11:32,Putrajaya,Espresso-based,Espresso,3,7,21,QR
TXN-4247,2/3/2026,11:37,Putrajaya,Milk-based,Mocha,3,12,36,Cash
TXN-4265,2/3/2026,11:46,Putrajaya,Milk-based,Latte,1,11,11,QR
TXN-4315,2/3/2026,11:59,Puncak Alam,Milk-based,Mocha,1,12,12,QR
TXN-4275,2/3/2026,12:17,Putrajaya,Espresso-based,Espresso,1,7,7,QR
TXN-4319,2/3/2026,12:24,Puncak Alam,Milk-based,Latte,1,11,11,QR
TXN-4303,2/3/2026,12:46,Puncak Alam,Milk-based,Caramel Macchiato,3,13,39,Cash
TXN-4248,2/3/2026,12:59,Putrajaya,Milk-based,Latte,1,11,11,QR
TXN-4308,2/3/2026,13:02,Puncak Alam,Milk-based,Cappuccino,2,11,22,Cash
TXN-4254,2/3/2026,13:08,Putrajaya,Espresso-based,Espresso,1,7,7,QR
TXN-4298,2/3/2026,13:15,Puncak Alam,Milk-based,Latte,1,11,11,QR
TXN-4238,2/3/2026,13:18,Putrajaya,Milk-based,Caramel Macchiato,1,13,13,QR
TXN-4256,2/3/2026,13:23,Putrajaya,Milk-based,Cappuccino,1,11,11,Cash
TXN-4292,2/3/2026,13:28,Puncak Alam,Milk-based,Mocha,1,12,12,Cash
TXN-4259,2/3/2026,13:36,Putrajaya,Espresso-based,Espresso,1,7,7,Cash
TXN-4306,2/3/2026,13:39,Puncak Alam,Milk-based,Latte,1,11,11,QR
TXN-4307,2/3/2026,13:57,Puncak Alam,Espresso-based,Espresso,2,7,14,QR
TXN-4270,2/3/2026,14:01,Putrajaya,Ice Blended,Ice Blended Chocolate Chip,1,14,14,Cash
TXN-4329,2/3/2026,14:07,Puncak Alam,Milk-based,Cappuccino,2,11,22,QR
TXN-4264,2/3/2026,14:26,Putrajaya,Ice Blended,Ice Blended Chocolate Chip,1,14,14,QR
TXN-4289,2/3/2026,14:42,Puncak Alam,Milk-based,Latte,2,11,22,Cash
TXN-4277,2/3/2026,14:45,Putrajaya,Milk-based,Latte,1,11,11,QR
TXN-4321,2/3/2026,14:53,Puncak Alam,Espresso-based,Americano,1,9,9,Cash
TXN-4296,2/3/2026,15:04,Puncak Alam,Espresso-based,Americano,1,9,9,QR
TXN-4302,2/3/2026,15:11,Puncak Alam,Ice Blended,Ice Blended Chocolate Chip,1,14,14,Cash
TXN-4299,2/3/2026,15:33,Puncak Alam,Milk-based,Cappuccino,1,11,11,Cash
TXN-4309,2/3/2026,15:38,Puncak Alam,Espresso-based,Americano,2,9,18,QR
TXN-4290,2/3/2026,16:12,Puncak Alam,Milk-based,Latte,1,11,11,QR
TXN-4286,2/3/2026,16:14,Puncak Alam,Espresso-based,Espresso,1,7,7,QR
TXN-4318,2/3/2026,16:17,Puncak Alam,Milk-based,Cappuccino,2,11,22,Cash
TXN-4255,2/3/2026,16:25,Putrajaya,Milk-based,Caramel Macchiato,2,13,26,QR
TXN-4320,2/3/2026,16:36,Puncak Alam,Milk-based,Latte,1,11,11,Cash
TXN-4244,2/3/2026,16:37,Putrajaya,Espresso-based,Americano,1,9,9,Cash
TXN-4313,2/3/2026,16:40,Puncak Alam,Milk-based,Caramel Macchiato,1,13,13,QR
TXN-4269,2/3/2026,16:42,Putrajaya,Milk-based,Caramel Macchiato,1,13,13,QR
TXN-4239,2/3/2026,16:53,Putrajaya,Espresso-based,Espresso,1,7,7,QR
TXN-4280,2/3/2026,16:54,Puncak Alam,Milk-based,Mocha,1,12,12,QR
TXN-4311,2/3/2026,16:58,Puncak Alam,Milk-based,Caramel Macchiato,3,13,39,QR
TXN-4246,2/3/2026,17:09,Putrajaya,Espresso-based,Americano,1,9,9,Cash
TXN-4324,2/3/2026,17:22,Puncak Alam,Milk-based,Mocha,1,12,12,QR
TXN-4317,2/3/2026,17:35,Puncak Alam,Milk-based,Cappuccino,1,11,11,QR
TXN-4274,2/3/2026,17:55,Putrajaya,Espresso-based,Espresso,1,7,7,QR
TXN-4293,2/3/2026,18:28,Puncak Alam,Milk-based,Latte,1,11,11,QR
TXN-4276,2/3/2026,18:35,Putrajaya,Milk-based,Caramel Macchiato,1,13,13,QR
TXN-4263,2/3/2026,18:36,Putrajaya,Milk-based,Mocha,1,12,12,QR
TXN-4243,2/3/2026,18:38,Putrajaya,Milk-based,Mocha,1,12,12,Cash
TXN-4272,2/3/2026,18:41,Putrajaya,Milk-based,Latte,1,11,11,QR
TXN-4287,2/3/2026,18:47,Puncak Alam,Milk-based,Mocha,1,12,12,QR
TXN-4283,2/3/2026,18:50,Puncak Alam,Milk-based,Latte,1,11,11,QR
TXN-4251,2/3/2026,18:54,Putrajaya,Milk-based,Cappuccino,2,11,22,Cash
TXN-4312,2/3/2026,19:03,Puncak Alam,Milk-based,Latte,1,11,11,QR
TXN-4325,2/3/2026,19:07,Puncak Alam,Milk-based,Cappuccino,1,11,11,QR
TXN-4322,2/3/2026,19:15,Puncak Alam,Espresso-based,Espresso,1,7,7,QR
TXN-4273,2/3/2026,19:31,Putrajaya,Espresso-based,Espresso,3,7,21,QR
TXN-4261,2/3/2026,19:49,Putrajaya,Milk-based,Cappuccino,1,11,11,Cash
TXN-4242,2/3/2026,20:03,Putrajaya,Milk-based,Mocha,1,12,12,Cash
TXN-4314,2/3/2026,20:09,Puncak Alam,Espresso-based,Espresso,1,7,7,QR
TXN-4316,2/3/2026,20:14,Puncak Alam,Espresso-based,Americano,3,9,27,QR
TXN-4262,2/3/2026,20:15,Putrajaya,Milk-based,Caramel Macchiato,1,13,13,QR
TXN-4278,2/3/2026,20:26,Putrajaya,Ice Blended,Ice Blended Chocolate Chip,1,14,14,QR
TXN-4267,2/3/2026,20:34,Putrajaya,Espresso-based,Americano,1,9,9,Cash
TXN-4294,2/3/2026,20:34,Puncak Alam,Milk-based,Mocha,1,12,12,QR
TXN-4304,2/3/2026,20:38,Puncak Alam,Milk-based,Caramel Macchiato,2,13,26,QR
TXN-4300,2/3/2026,20:51,Puncak Alam,Milk-based,Cappuccino,2,11,22,QR
TXN-4305,2/3/2026,21:06,Puncak Alam,Ice Blended,Ice Blended Chocolate Chip,1,14,14,Cash
TXN-4252,2/3/2026,21:07,Putrajaya,Milk-based,Mocha,1,12,12,QR
TXN-4295,2/3/2026,21:08,Puncak Alam,Milk-based,Cappuccino,3,11,33,QR
TXN-4301,2/3/2026,21:18,Puncak Alam,Ice Blended,Ice Blended Chocolate Chip,1,14,14,QR
TXN-4257,2/3/2026,21:22,Putrajaya,Milk-based,Caramel Macchiato,3,13,39,QR
TXN-4268,2/3/2026,21:23,Putrajaya,Espresso-based,Espresso,2,7,14,Cash
TXN-4240,2/3/2026,21:29,Putrajaya,Milk-based,Caramel Macchiato,1,13,13,QR
TXN-4281,2/3/2026,21:40,Puncak Alam,Milk-based,Latte,1,11,11,QR
TXN-4249,2/3/2026,21:47,Putrajaya,Milk-based,Caramel Macchiato,2,13,26,QR
TXN-4245,2/3/2026,21:51,Putrajaya,Milk-based,Mocha,2,12,24,QR
TXN-4297,2/3/2026,21:53,Puncak Alam,Milk-based,Caramel Macchiato,1,13,13,QR
TXN-4361,3/3/2026,8:07,Putrajaya,Milk-based,Latte,3,11,33,QR
TXN-4455,3/3/2026,8:07,Puncak Alam,Ice Blended,Ice Blended Chocolate Chip,1,14,14,QR
TXN-4443,3/3/2026,8:10,Puncak Alam,Milk-based,Cappuccino,2,11,22,QR
TXN-4377,3/3/2026,8:33,Putrajaya,Milk-based,Caramel Macchiato,1,13,13,QR
TXN-4444,3/3/2026,8:36,Puncak Alam,Espresso-based,Espresso,1,7,7,QR
TXN-4335,3/3/2026,8:38,Putrajaya,Espresso-based,Espresso,2,7,14,QR
TXN-4344,3/3/2026,8:46,Putrajaya,Milk-based,Latte,1,11,11,Cash
TXN-4382,3/3/2026,9:12,Putrajaya,Milk-based,Cappuccino,1,11,11,QR
TXN-4367,3/3/2026,9:14,Putrajaya,Ice Blended,Ice Blended Chocolate Chip,3,14,42,QR
TXN-4393,3/3/2026,9:15,Putrajaya,Espresso-based,Espresso,1,7,7,QR
TXN-4358,3/3/2026,9:29,Putrajaya,Ice Blended,Ice Blended Chocolate Chip,1,14,14,QR
TXN-4383,3/3/2026,9:44,Putrajaya,Espresso-based,Americano,1,9,9,Cash
TXN-4372,3/3/2026,9:48,Putrajaya,Ice Blended,Ice Blended Chocolate Chip,1,14,14,QR
TXN-4330,3/3/2026,9:58,Putrajaya,Milk-based,Mocha,2,12,24,QR
TXN-4457,3/3/2026,10:00,Puncak Alam,Ice Blended,Ice Blended Chocolate Chip,1,14,14,QR
TXN-4378,3/3/2026,10:07,Putrajaya,Espresso-based,Americano,1,9,9,QR
TXN-4392,3/3/2026,10:16,Putrajaya,Espresso-based,Americano,3,9,27,QR
TXN-4346,3/3/2026,10:24,Putrajaya,Ice Blended,Ice Blended Chocolate Chip,2,14,28,QR
TXN-4422,3/3/2026,10:25,Puncak Alam,Milk-based,Mocha,2,12,24,QR
TXN-4419,3/3/2026,10:38,Puncak Alam,Milk-based,Caramel Macchiato,1,13,13,QR
TXN-4440,3/3/2026,10:46,Puncak Alam,Milk-based,Mocha,1,12,12,QR
TXN-4424,3/3/2026,10:52,Puncak Alam,Milk-based,Mocha,2,12,24,Cash
TXN-4461,3/3/2026,10:54,Puncak Alam,Espresso-based,Espresso,1,7,7,QR
TXN-4423,3/3/2026,10:58,Puncak Alam,Espresso-based,Americano,1,9,9,QR
TXN-4398,3/3/2026,11:06,Putrajaya,Espresso-based,Espresso,1,7,7,QR
TXN-4465,3/3/2026,11:19,Puncak Alam,Milk-based,Latte,1,11,11,Cash
TXN-4381,3/3/2026,11:34,Putrajaya,Milk-based,Mocha,1,12,12,QR
TXN-4453,3/3/2026,11:34,Puncak Alam,Milk-based,Cappuccino,4,11,44,QR
TXN-4439,3/3/2026,11:36,Puncak Alam,Ice Blended,Ice Blended Chocolate Chip,1,14,14,Cash
TXN-4407,3/3/2026,11:46,Puncak Alam,Milk-based,Caramel Macchiato,1,13,13,QR
TXN-4431,3/3/2026,11:46,Puncak Alam,Espresso-based,Espresso,1,7,7,QR
TXN-4404,3/3/2026,11:48,Putrajaya,Milk-based,Mocha,2,12,24,Cash
TXN-4405,3/3/2026,12:00,Putrajaya,Ice Blended,Ice Blended Chocolate Chip,3,14,42,QR
TXN-4380,3/3/2026,12:02,Putrajaya,Espresso-based,Espresso,1,7,7,Cash
TXN-4447,3/3/2026,12:04,Puncak Alam,Espresso-based,Espresso,1,7,7,QR
TXN-4345,3/3/2026,12:05,Putrajaya,Espresso-based,Americano,1,9,9,Cash
TXN-4438,3/3/2026,12:05,Puncak Alam,Milk-based,Latte,2,11,22,QR
TXN-4401,3/3/2026,12:06,Putrajaya,Ice Blended,Ice Blended Chocolate Chip,2,14,28,QR
TXN-4400,3/3/2026,12:08,Putrajaya,Milk-based,Cappuccino,2,11,22,QR
TXN-4342,3/3/2026,12:27,Putrajaya,Ice Blended,Ice Blended Chocolate Chip,2,14,28,QR
TXN-4464,3/3/2026,12:31,Puncak Alam,Espresso-based,Espresso,1,7,7,QR
TXN-4463,3/3/2026,12:32,Puncak Alam,Milk-based,Cappuccino,1,11,11,QR
TXN-4364,3/3/2026,12:33,Putrajaya,Milk-based,Caramel Macchiato,4,13,52,Cash
TXN-4352,3/3/2026,12:36,Putrajaya,Ice Blended,Ice Blended Chocolate Chip,4,14,56,QR
TXN-4441,3/3/2026,12:39,Puncak Alam,Milk-based,Mocha,1,12,12,QR
TXN-4430,3/3/2026,13:11,Puncak Alam,Milk-based,Latte,2,11,22,Cash
TXN-4425,3/3/2026,13:18,Puncak Alam,Espresso-based,Americano,1,9,9,QR
TXN-4355,3/3/2026,13:31,Putrajaya,Milk-based,Latte,1,11,11,QR
TXN-4397,3/3/2026,13:31,Putrajaya,Milk-based,Latte,1,11,11,QR
TXN-4385,3/3/2026,13:54,Putrajaya,Espresso-based,Espresso,1,7,7,Cash
TXN-4414,3/3/2026,14:04,Puncak Alam,Milk-based,Latte,2,11,22,QR
TXN-4406,3/3/2026,14:05,Puncak Alam,Milk-based,Caramel Macchiato,1,13,13,QR
TXN-4371,3/3/2026,14:08,Putrajaya,Espresso-based,Espresso,1,7,7,QR
TXN-4349,3/3/2026,14:13,Putrajaya,Espresso-based,Espresso,3,7,21,QR
TXN-4427,3/3/2026,14:26,Puncak Alam,Espresso-based,Espresso,1,7,7,Cash
TXN-4396,3/3/2026,14:27,Putrajaya,Ice Blended,Ice Blended Chocolate Chip,1,14,14,Cash
TXN-4356,3/3/2026,14:29,Putrajaya,Milk-based,Latte,1,11,11,Cash
TXN-4445,3/3/2026,14:33,Puncak Alam,Milk-based,Mocha,1,12,12,QR
TXN-4402,3/3/2026,14:38,Putrajaya,Milk-based,Cappuccino,1,11,11,QR
TXN-4432,3/3/2026,14:44,Puncak Alam,Milk-based,Latte,1,11,11,QR
TXN-4359,3/3/2026,14:49,Putrajaya,Espresso-based,Espresso,1,7,7,QR
TXN-4460,3/3/2026,14:54,Puncak Alam,Espresso-based,Americano,1,9,9,Cash
TXN-4351,3/3/2026,14:55,Putrajaya,Espresso-based,Espresso,1,7,7,QR
TXN-4428,3/3/2026,14:56,Puncak Alam,Milk-based,Mocha,1,12,12,Cash
TXN-4379,3/3/2026,15:16,Putrajaya,Ice Blended,Ice Blended Chocolate Chip,1,14,14,QR
TXN-4384,3/3/2026,15:19,Putrajaya,Milk-based,Mocha,1,12,12,QR
TXN-4458,3/3/2026,15:20,Puncak Alam,Espresso-based,Espresso,1,7,7,Cash
TXN-4343,3/3/2026,15:33,Putrajaya,Milk-based,Caramel Macchiato,1,13,13,QR
TXN-4336,3/3/2026,15:44,Putrajaya,Espresso-based,Americano,1,9,9,QR
TXN-4360,3/3/2026,15:45,Putrajaya,Espresso-based,Americano,3,9,27,QR
TXN-4433,3/3/2026,15:45,Puncak Alam,Espresso-based,Espresso,2,7,14,QR
TXN-4449,3/3/2026,15:48,Puncak Alam,Milk-based,Mocha,2,12,24,QR
TXN-4389,3/3/2026,15:49,Putrajaya,Milk-based,Mocha,2,12,24,QR
TXN-4339,3/3/2026,16:09,Putrajaya,Milk-based,Cappuccino,1,11,11,QR
TXN-4399,3/3/2026,16:15,Putrajaya,Milk-based,Latte,2,11,22,Cash
TXN-4421,3/3/2026,16:16,Puncak Alam,Ice Blended,Ice Blended Chocolate Chip,1,14,14,QR
TXN-4341,3/3/2026,16:29,Putrajaya,Espresso-based,Americano,1,9,9,QR
TXN-4462,3/3/2026,16:29,Puncak Alam,Milk-based,Cappuccino,1,11,11,Cash
TXN-4369,3/3/2026,16:32,Putrajaya,Espresso-based,Americano,1,9,9,QR
TXN-4340,3/3/2026,16:34,Putrajaya,Milk-based,Latte,1,11,11,Cash
TXN-4331,3/3/2026,16:40,Putrajaya,Espresso-based,Americano,1,9,9,QR
TXN-4446,3/3/2026,16:43,Puncak Alam,Milk-based,Cappuccino,1,11,11,Cash
TXN-4387,3/3/2026,16:49,Putrajaya,Espresso-based,Americano,2,9,18,QR
TXN-4391,3/3/2026,16:59,Putrajaya,Milk-based,Caramel Macchiato,1,13,13,QR
TXN-4394,3/3/2026,17:06,Putrajaya,Milk-based,Caramel Macchiato,2,13,26,QR
TXN-4456,3/3/2026,17:07,Puncak Alam,Milk-based,Latte,3,11,33,QR
TXN-4334,3/3/2026,17:09,Putrajaya,Ice Blended,Ice Blended Chocolate Chip,3,14,42,Cash
TXN-4429,3/3/2026,17:11,Puncak Alam,Espresso-based,Americano,1,9,9,QR
TXN-4413,3/3/2026,17:15,Puncak Alam,Espresso-based,Espresso,1,7,7,Cash
TXN-4459,3/3/2026,17:26,Puncak Alam,Milk-based,Cappuccino,1,11,11,QR
TXN-4337,3/3/2026,17:38,Putrajaya,Milk-based,Latte,1,11,11,QR
TXN-4408,3/3/2026,17:41,Puncak Alam,Espresso-based,Espresso,1,7,7,QR
TXN-4353,3/3/2026,17:59,Putrajaya,Ice Blended,Ice Blended Chocolate Chip,4,14,56,QR
TXN-4348,3/3/2026,18:08,Putrajaya,Ice Blended,Ice Blended Chocolate Chip,2,14,28,QR
TXN-4365,3/3/2026,18:08,Putrajaya,Milk-based,Latte,1,11,11,Cash
TXN-4417,3/3/2026,18:10,Puncak Alam,Milk-based,Caramel Macchiato,1,13,13,Cash
TXN-4376,3/3/2026,18:11,Putrajaya,Milk-based,Cappuccino,1,11,11,QR
TXN-4354,3/3/2026,18:15,Putrajaya,Milk-based,Cappuccino,3,11,33,Cash
TXN-4418,3/3/2026,18:18,Puncak Alam,Milk-based,Caramel Macchiato,3,13,39,Cash
TXN-4366,3/3/2026,18:21,Putrajaya,Milk-based,Caramel Macchiato,1,13,13,QR
TXN-4411,3/3/2026,18:22,Puncak Alam,Milk-based,Latte,2,11,22,QR
TXN-4426,3/3/2026,18:22,Puncak Alam,Milk-based,Caramel Macchiato,2,13,26,QR
TXN-4338,3/3/2026,18:31,Putrajaya,Milk-based,Caramel Macchiato,1,13,13,Cash
TXN-4437,3/3/2026,18:32,Puncak Alam,Milk-based,Mocha,1,12,12,QR
TXN-4410,3/3/2026,18:43,Puncak Alam,Espresso-based,Espresso,1,7,7,QR
TXN-4420,3/3/2026,18:59,Puncak Alam,Milk-based,Latte,1,11,11,QR
TXN-4357,3/3/2026,19:03,Putrajaya,Espresso-based,Americano,1,9,9,QR
TXN-4373,3/3/2026,19:09,Putrajaya,Milk-based,Caramel Macchiato,1,13,13,QR
TXN-4390,3/3/2026,19:11,Putrajaya,Milk-based,Caramel Macchiato,1,13,13,Cash
TXN-4386,3/3/2026,19:17,Putrajaya,Milk-based,Cappuccino,1,11,11,QR
TXN-4374,3/3/2026,19:19,Putrajaya,Milk-based,Latte,1,11,11,QR
TXN-4412,3/3/2026,19:19,Puncak Alam,Milk-based,Latte,1,11,11,QR
TXN-4403,3/3/2026,19:25,Putrajaya,Milk-based,Cappuccino,2,11,22,QR
TXN-4350,3/3/2026,19:31,Putrajaya,Milk-based,Latte,3,11,33,QR
TXN-4388,3/3/2026,19:36,Putrajaya,Ice Blended,Ice Blended Chocolate Chip,1,14,14,Cash
TXN-4368,3/3/2026,19:38,Putrajaya,Espresso-based,Americano,2,9,18,QR
TXN-4332,3/3/2026,20:13,Putrajaya,Milk-based,Cappuccino,1,11,11,QR
TXN-4333,3/3/2026,20:15,Putrajaya,Milk-based,Cappuccino,1,11,11,Cash
TXN-4409,3/3/2026,20:17,Puncak Alam,Milk-based,Mocha,1,12,12,QR
TXN-4435,3/3/2026,20:30,Puncak Alam,Milk-based,Mocha,3,12,36,QR
TXN-4395,3/3/2026,20:32,Putrajaya,Ice Blended,Ice Blended Chocolate Chip,1,14,14,QR
TXN-4452,3/3/2026,20:38,Puncak Alam,Ice Blended,Ice Blended Chocolate Chip,1,14,14,QR
TXN-4363,3/3/2026,20:41,Putrajaya,Milk-based,Caramel Macchiato,1,13,13,QR
TXN-4347,3/3/2026,20:42,Putrajaya,Espresso-based,Espresso,3,7,21,QR
TXN-4448,3/3/2026,20:46,Puncak Alam,Milk-based,Cappuccino,1,11,11,QR
TXN-4466,3/3/2026,20:49,Puncak Alam,Espresso-based,Americano,1,9,9,Cash
TXN-4450,3/3/2026,20:55,Puncak Alam,Milk-based,Cappuccino,3,11,33,QR
TXN-4416,3/3/2026,21:00,Puncak Alam,Espresso-based,Espresso,1,7,7,QR
TXN-4454,3/3/2026,21:03,Puncak Alam,Milk-based,Cappuccino,1,11,11,QR
TXN-4375,3/3/2026,21:06,Putrajaya,Milk-based,Caramel Macchiato,1,13,13,Cash
TXN-4434,3/3/2026,21:08,Puncak Alam,Ice Blended,Ice Blended Chocolate Chip,1,14,14,Cash
TXN-4415,3/3/2026,21:27,Puncak Alam,Espresso-based,Espresso,1,7,7,Cash
TXN-4451,3/3/2026,21:30,Puncak Alam,Milk-based,Latte,1,11,11,Cash
TXN-4436,3/3/2026,21:43,Puncak Alam,Milk-based,Cappuccino,1,11,11,Cash
TXN-4370,3/3/2026,21:48,Putrajaya,Espresso-based,Americano,1,9,9,Cash
TXN-4362,3/3/2026,21:50,Putrajaya,Milk-based,Mocha,1,12,12,Cash
TXN-4442,3/3/2026,21:57,Puncak Alam,Milk-based,Cappuccino,1,11,11,Cash
TXN-4549,4/3/2026,8:09,Puncak Alam,Milk-based,Cappuccino,1,11,11,QR
TXN-4522,4/3/2026,8:10,Puncak Alam,Espresso-based,Espresso,1,7,7,QR
TXN-4482,4/3/2026,8:29,Putrajaya,Ice Blended,Ice Blended Chocolate Chip,2,14,28,QR
TXN-4575,4/3/2026,9:06,Puncak Alam,Milk-based,Mocha,1,12,12,QR
TXN-4495,4/3/2026,9:09,Putrajaya,Milk-based,Latte,1,11,11,QR
TXN-4562,4/3/2026,9:18,Puncak Alam,Espresso-based,Americano,1,9,9,Cash
TXN-4512,4/3/2026,9:31,Putrajaya,Milk-based,Caramel Macchiato,1,13,13,Cash
TXN-4487,4/3/2026,9:37,Putrajaya,Ice Blended,Ice Blended Chocolate Chip,1,14,14,QR
TXN-4507,4/3/2026,9:41,Putrajaya,Espresso-based,Americano,1,9,9,QR
TXN-4488,4/3/2026,9:42,Putrajaya,Milk-based,Cappuccino,1,11,11,QR
TXN-4519,4/3/2026,9:46,Putrajaya,Milk-based,Latte,2,11,22,QR
TXN-4474,4/3/2026,9:50,Putrajaya,Milk-based,Latte,1,11,11,Cash
TXN-4527,4/3/2026,9:53,Puncak Alam,Espresso-based,Espresso,1,7,7,QR
TXN-4570,4/3/2026,10:01,Puncak Alam,Milk-based,Caramel Macchiato,2,13,26,Cash
TXN-4572,4/3/2026,10:19,Puncak Alam,Milk-based,Mocha,1,12,12,Cash
TXN-4486,4/3/2026,10:30,Putrajaya,Milk-based,Mocha,1,12,12,QR
TXN-4498,4/3/2026,10:30,Putrajaya,Milk-based,Mocha,4,12,48,QR
TXN-4555,4/3/2026,10:31,Puncak Alam,Ice Blended,Ice Blended Chocolate Chip,2,14,28,QR
TXN-4513,4/3/2026,10:38,Putrajaya,Ice Blended,Ice Blended Chocolate Chip,1,14,14,QR
TXN-4473,4/3/2026,10:47,Putrajaya,Milk-based,Latte,1,11,11,QR
TXN-4567,4/3/2026,10:48,Puncak Alam,Espresso-based,Espresso,2,7,14,QR
TXN-4566,4/3/2026,10:56,Puncak Alam,Milk-based,Mocha,2,12,24,QR
TXN-4469,4/3/2026,10:57,Putrajaya,Ice Blended,Ice Blended Chocolate Chip,2,14,28,QR
TXN-4539,4/3/2026,11:06,Puncak Alam,Milk-based,Caramel Macchiato,1,13,13,QR
TXN-4502,4/3/2026,11:24,Putrajaya,Milk-based,Cappuccino,2,11,22,Cash
TXN-4569,4/3/2026,11:29,Puncak Alam,Milk-based,Caramel Macchiato,4,13,52,Cash
TXN-4493,4/3/2026,11:50,Putrajaya,Ice Blended,Ice Blended Chocolate Chip,2,14,28,Cash
TXN-4571,4/3/2026,11:53,Puncak Alam,Espresso-based,Espresso,1,7,7,Cash
TXN-4468,4/3/2026,12:23,Putrajaya,Milk-based,Caramel Macchiato,3,13,39,QR
TXN-4485,4/3/2026,12:23,Putrajaya,Espresso-based,Espresso,1,7,7,QR
TXN-4506,4/3/2026,12:31,Putrajaya,Espresso-based,Americano,2,9,18,Cash
TXN-4563,4/3/2026,12:39,Puncak Alam,Espresso-based,Espresso,3,7,21,QR
TXN-4479,4/3/2026,12:42,Putrajaya,Milk-based,Mocha,1,12,12,QR
TXN-4552,4/3/2026,12:47,Puncak Alam,Espresso-based,Espresso,1,7,7,QR
TXN-4546,4/3/2026,13:05,Puncak Alam,Milk-based,Caramel Macchiato,1,13,13,QR
TXN-4536,4/3/2026,13:33,Puncak Alam,Milk-based,Latte,1,11,11,QR
TXN-4540,4/3/2026,13:33,Puncak Alam,Milk-based,Mocha,1,12,12,Cash
TXN-4520,4/3/2026,13:34,Putrajaya,Milk-based,Cappuccino,1,11,11,QR
TXN-4538,4/3/2026,13:34,Puncak Alam,Ice Blended,Ice Blended Chocolate Chip,1,14,14,QR
TXN-4534,4/3/2026,13:45,Puncak Alam,Milk-based,Latte,3,11,33,Cash
TXN-4524,4/3/2026,13:50,Puncak Alam,Milk-based,Cappuccino,2,11,22,Cash
TXN-4533,4/3/2026,13:54,Puncak Alam,Milk-based,Caramel Macchiato,1,13,13,QR
TXN-4576,4/3/2026,14:01,Puncak Alam,Ice Blended,Ice Blended Chocolate Chip,2,14,28,QR
TXN-4497,4/3/2026,14:02,Putrajaya,Espresso-based,Americano,1,9,9,QR
TXN-4550,4/3/2026,14:19,Puncak Alam,Espresso-based,Americano,2,9,18,Cash
TXN-4505,4/3/2026,14:22,Putrajaya,Milk-based,Caramel Macchiato,1,13,13,QR
TXN-4528,4/3/2026,14:22,Puncak Alam,Milk-based,Mocha,2,12,24,QR
TXN-4551,4/3/2026,14:37,Puncak Alam,Milk-based,Latte,3,11,33,QR
TXN-4503,4/3/2026,14:38,Putrajaya,Milk-based,Cappuccino,1,11,11,Cash
TXN-4475,4/3/2026,14:44,Putrajaya,Espresso-based,Americano,1,9,9,QR
TXN-4491,4/3/2026,14:49,Putrajaya,Ice Blended,Ice Blended Chocolate Chip,1,14,14,Cash
TXN-4542,4/3/2026,14:49,Puncak Alam,Milk-based,Latte,1,11,11,QR
TXN-4537,4/3/2026,14:59,Puncak Alam,Milk-based,Cappuccino,1,11,11,Cash
TXN-4478,4/3/2026,15:15,Putrajaya,Milk-based,Mocha,1,12,12,Cash
TXN-4521,4/3/2026,15:29,Putrajaya,Milk-based,Mocha,3,12,36,QR
TXN-4531,4/3/2026,15:29,Puncak Alam,Espresso-based,Americano,1,9,9,Cash
TXN-4541,4/3/2026,15:34,Puncak Alam,Milk-based,Mocha,1,12,12,QR
TXN-4518,4/3/2026,15:48,Putrajaya,Espresso-based,Americano,1,9,9,QR
TXN-4525,4/3/2026,15:49,Puncak Alam,Milk-based,Caramel Macchiato,1,13,13,Cash
TXN-4504,4/3/2026,15:57,Putrajaya,Ice Blended,Ice Blended Chocolate Chip,2,14,28,QR
TXN-4508,4/3/2026,16:06,Putrajaya,Milk-based,Mocha,1,12,12,QR
TXN-4554,4/3/2026,16:07,Puncak Alam,Milk-based,Caramel Macchiato,1,13,13,QR
TXN-4558,4/3/2026,16:09,Puncak Alam,Milk-based,Latte,1,11,11,Cash
TXN-4472,4/3/2026,16:15,Putrajaya,Espresso-based,Espresso,1,7,7,QR
TXN-4565,4/3/2026,16:15,Puncak Alam,Milk-based,Latte,3,11,33,QR
TXN-4509,4/3/2026,16:32,Putrajaya,Milk-based,Cappuccino,1,11,11,Cash
TXN-4514,4/3/2026,16:35,Putrajaya,Milk-based,Caramel Macchiato,1,13,13,Cash
TXN-4480,4/3/2026,16:53,Putrajaya,Espresso-based,Espresso,1,7,7,QR
TXN-4523,4/3/2026,17:04,Puncak Alam,Espresso-based,Espresso,1,7,7,QR
TXN-4477,4/3/2026,17:22,Putrajaya,Milk-based,Cappuccino,1,11,11,QR
TXN-4499,4/3/2026,17:29,Putrajaya,Milk-based,Mocha,1,12,12,Cash
TXN-4481,4/3/2026,17:46,Putrajaya,Espresso-based,Espresso,1,7,7,QR
TXN-4483,4/3/2026,17:53,Putrajaya,Milk-based,Cappuccino,1,11,11,Cash
TXN-4501,4/3/2026,17:53,Putrajaya,Ice Blended,Ice Blended Chocolate Chip,1,14,14,QR
TXN-4530,4/3/2026,18:14,Puncak Alam,Milk-based,Caramel Macchiato,4,13,52,QR
TXN-4561,4/3/2026,18:28,Puncak Alam,Milk-based,Latte,2,11,22,QR
TXN-4517,4/3/2026,18:42,Putrajaya,Milk-based,Cappuccino,1,11,11,QR
TXN-4494,4/3/2026,18:54,Putrajaya,Milk-based,Latte,2,11,22,QR
TXN-4471,4/3/2026,19:08,Putrajaya,Milk-based,Cappuccino,1,11,11,QR
TXN-4544,4/3/2026,19:09,Puncak Alam,Milk-based,Cappuccino,1,11,11,QR
TXN-4516,4/3/2026,19:13,Putrajaya,Espresso-based,Espresso,1,7,7,QR
TXN-4492,4/3/2026,19:28,Putrajaya,Milk-based,Caramel Macchiato,1,13,13,QR
TXN-4500,4/3/2026,19:28,Putrajaya,Espresso-based,Americano,1,9,9,QR
TXN-4470,4/3/2026,19:43,Putrajaya,Milk-based,Latte,1,11,11,QR
TXN-4545,4/3/2026,19:44,Puncak Alam,Milk-based,Latte,1,11,11,Cash
TXN-4526,4/3/2026,19:58,Puncak Alam,Espresso-based,Americano,1,9,9,QR
TXN-4529,4/3/2026,20:08,Puncak Alam,Espresso-based,Espresso,1,7,7,Cash
TXN-4559,4/3/2026,20:11,Puncak Alam,Ice Blended,Ice Blended Chocolate Chip,1,14,14,QR
TXN-4560,4/3/2026,20:11,Puncak Alam,Espresso-based,Espresso,1,7,7,QR
TXN-4489,4/3/2026,20:19,Putrajaya,Milk-based,Mocha,1,12,12,QR
TXN-4510,4/3/2026,20:26,Putrajaya,Milk-based,Mocha,1,12,12,Cash
TXN-4557,4/3/2026,20:34,Puncak Alam,Milk-based,Mocha,1,12,12,Cash
TXN-4490,4/3/2026,20:35,Putrajaya,Milk-based,Caramel Macchiato,1,13,13,Cash
TXN-4547,4/3/2026,20:39,Puncak Alam,Milk-based,Mocha,1,12,12,Cash
TXN-4496,4/3/2026,20:44,Putrajaya,Milk-based,Mocha,2,12,24,QR
TXN-4553,4/3/2026,20:49,Puncak Alam,Milk-based,Latte,1,11,11,QR
TXN-4535,4/3/2026,20:50,Puncak Alam,Espresso-based,Americano,1,9,9,QR
TXN-4548,4/3/2026,20:53,Puncak Alam,Milk-based,Caramel Macchiato,1,13,13,Cash
TXN-4476,4/3/2026,20:54,Putrajaya,Ice Blended,Ice Blended Chocolate Chip,1,14,14,QR
TXN-4484,4/3/2026,21:07,Putrajaya,Milk-based,Cappuccino,1,11,11,QR
TXN-4511,4/3/2026,21:07,Putrajaya,Milk-based,Mocha,1,12,12,Cash
TXN-4515,4/3/2026,21:07,Putrajaya,Milk-based,Caramel Macchiato,1,13,13,Cash
TXN-4556,4/3/2026,21:10,Puncak Alam,Milk-based,Cappuccino,1,11,11,QR
TXN-4574,4/3/2026,21:23,Puncak Alam,Espresso-based,Americano,1,9,9,QR
TXN-4573,4/3/2026,21:36,Puncak Alam,Espresso-based,Espresso,1,7,7,Cash
TXN-4532,4/3/2026,21:51,Puncak Alam,Ice Blended,Ice Blended Chocolate Chip,1,14,14,Cash
TXN-4467,4/3/2026,21:52,Putrajaya,Milk-based,Caramel Macchiato,1,13,13,QR
TXN-4568,4/3/2026,21:56,Puncak Alam,Milk-based,Caramel Macchiato,1,13,13,Cash
TXN-4543,4/3/2026,21:58,Puncak Alam,Milk-based,Caramel Macchiato,1,13,13,QR
TXN-4564,4/3/2026,21:58,Puncak Alam,Milk-based,Latte,1,11,11,Cash
TXN-4616,5/3/2026,8:11,Puncak Alam,Milk-based,Caramel Macchiato,1,13,13,QR
TXN-4635,5/3/2026,8:11,Puncak Alam,Milk-based,Cappuccino,1,11,11,QR
TXN-4602,5/3/2026,8:12,Putrajaya,Espresso-based,Espresso,1,7,7,QR
TXN-4579,5/3/2026,8:18,Putrajaya,Espresso-based,Espresso,1,7,7,QR
TXN-4594,5/3/2026,8:31,Putrajaya,Milk-based,Mocha,2,12,24,QR
TXN-4606,5/3/2026,8:42,Putrajaya,Milk-based,Cappuccino,1,11,11,QR
TXN-4582,5/3/2026,8:46,Putrajaya,Ice Blended,Ice Blended Chocolate Chip,4,14,56,QR
TXN-4603,5/3/2026,9:14,Putrajaya,Milk-based,Mocha,1,12,12,QR
TXN-4624,5/3/2026,9:37,Puncak Alam,Espresso-based,Americano,1,9,9,QR
TXN-4599,5/3/2026,9:42,Putrajaya,Milk-based,Latte,1,11,11,Cash
TXN-4628,5/3/2026,9:58,Puncak Alam,Espresso-based,Espresso,1,7,7,QR
TXN-4627,5/3/2026,10:00,Puncak Alam,Milk-based,Cappuccino,2,11,22,QR
TXN-4633,5/3/2026,10:30,Puncak Alam,Milk-based,Mocha,1,12,12,QR
TXN-4615,5/3/2026,10:31,Puncak Alam,Milk-based,Caramel Macchiato,2,13,26,QR
TXN-4585,5/3/2026,10:43,Putrajaya,Milk-based,Cappuccino,1,11,11,QR
TXN-4605,5/3/2026,10:53,Putrajaya,Espresso-based,Americano,3,9,27,Cash
TXN-4623,5/3/2026,10:59,Puncak Alam,Milk-based,Caramel Macchiato,3,13,39,QR
TXN-4637,5/3/2026,11:00,Puncak Alam,Espresso-based,Espresso,2,7,14,QR
TXN-4597,5/3/2026,11:02,Putrajaya,Milk-based,Cappuccino,2,11,22,QR
TXN-4588,5/3/2026,11:39,Putrajaya,Milk-based,Caramel Macchiato,2,13,26,QR
TXN-4626,5/3/2026,11:39,Puncak Alam,Milk-based,Mocha,1,12,12,Cash
TXN-4642,5/3/2026,12:26,Puncak Alam,Espresso-based,Espresso,1,7,7,QR
TXN-4598,5/3/2026,12:39,Putrajaya,Milk-based,Cappuccino,2,11,22,QR
TXN-4577,5/3/2026,13:20,Putrajaya,Milk-based,Latte,1,11,11,QR
TXN-4610,5/3/2026,13:30,Puncak Alam,Ice Blended,Ice Blended Chocolate Chip,2,14,28,QR
TXN-4617,5/3/2026,13:33,Puncak Alam,Milk-based,Cappuccino,2,11,22,QR
TXN-4614,5/3/2026,13:38,Puncak Alam,Milk-based,Caramel Macchiato,1,13,13,QR
TXN-4634,5/3/2026,13:55,Puncak Alam,Milk-based,Cappuccino,1,11,11,Cash
TXN-4581,5/3/2026,14:05,Putrajaya,Ice Blended,Ice Blended Chocolate Chip,1,14,14,QR
TXN-4583,5/3/2026,14:13,Putrajaya,Espresso-based,Espresso,1,7,7,QR
TXN-4621,5/3/2026,14:14,Puncak Alam,Milk-based,Mocha,1,12,12,QR
TXN-4609,5/3/2026,14:21,Puncak Alam,Espresso-based,Americano,1,9,9,QR
TXN-4591,5/3/2026,14:22,Putrajaya,Espresso-based,Americano,1,9,9,QR
TXN-4644,5/3/2026,14:34,Puncak Alam,Milk-based,Mocha,1,12,12,Cash
TXN-4601,5/3/2026,14:42,Putrajaya,Milk-based,Cappuccino,1,11,11,QR
TXN-4611,5/3/2026,14:57,Puncak Alam,Espresso-based,Americano,1,9,9,Cash
TXN-4587,5/3/2026,14:58,Putrajaya,Milk-based,Cappuccino,1,11,11,QR
TXN-4632,5/3/2026,15:03,Puncak Alam,Espresso-based,Americano,1,9,9,QR
TXN-4631,5/3/2026,15:04,Puncak Alam,Milk-based,Cappuccino,1,11,11,Cash
TXN-4640,5/3/2026,15:14,Puncak Alam,Milk-based,Latte,1,11,11,QR
TXN-4638,5/3/2026,15:30,Puncak Alam,Milk-based,Mocha,1,12,12,QR
TXN-4641,5/3/2026,15:45,Puncak Alam,Espresso-based,Espresso,2,7,14,QR
TXN-4600,5/3/2026,16:07,Putrajaya,Espresso-based,Americano,2,9,18,QR
TXN-4580,5/3/2026,16:44,Putrajaya,Milk-based,Latte,1,11,11,Cash
TXN-4595,5/3/2026,16:45,Putrajaya,Espresso-based,Espresso,1,7,7,QR
TXN-4593,5/3/2026,16:49,Putrajaya,Milk-based,Cappuccino,2,11,22,Cash
TXN-4592,5/3/2026,16:59,Putrajaya,Espresso-based,Americano,1,9,9,QR
TXN-4639,5/3/2026,17:07,Puncak Alam,Espresso-based,Americano,2,9,18,Cash
TXN-4629,5/3/2026,17:16,Puncak Alam,Milk-based,Cappuccino,2,11,22,Cash
TXN-4604,5/3/2026,17:25,Putrajaya,Milk-based,Mocha,1,12,12,Cash
TXN-4596,5/3/2026,17:40,Putrajaya,Milk-based,Mocha,3,12,36,QR
TXN-4630,5/3/2026,17:53,Puncak Alam,Milk-based,Mocha,1,12,12,Cash
TXN-4584,5/3/2026,18:00,Putrajaya,Ice Blended,Ice Blended Chocolate Chip,1,14,14,QR
TXN-4608,5/3/2026,18:28,Puncak Alam,Milk-based,Mocha,1,12,12,Cash
TXN-4586,5/3/2026,18:38,Putrajaya,Ice Blended,Ice Blended Chocolate Chip,1,14,14,QR
TXN-4622,5/3/2026,18:43,Puncak Alam,Milk-based,Cappuccino,1,11,11,QR
TXN-4619,5/3/2026,18:50,Puncak Alam,Espresso-based,Espresso,1,7,7,QR
TXN-4578,5/3/2026,18:58,Putrajaya,Espresso-based,Espresso,1,7,7,Cash
TXN-4613,5/3/2026,19:19,Puncak Alam,Espresso-based,Americano,1,9,9,QR
TXN-4645,5/3/2026,19:47,Puncak Alam,Espresso-based,Americano,1,9,9,QR
TXN-4618,5/3/2026,19:57,Puncak Alam,Milk-based,Caramel Macchiato,1,13,13,QR
TXN-4636,5/3/2026,20:25,Puncak Alam,Milk-based,Mocha,1,12,12,QR
TXN-4625,5/3/2026,20:26,Puncak Alam,Ice Blended,Ice Blended Chocolate Chip,1,14,14,QR
TXN-4607,5/3/2026,20:32,Puncak Alam,Milk-based,Latte,1,11,11,QR
TXN-4620,5/3/2026,21:06,Puncak Alam,Espresso-based,Espresso,1,7,7,QR
TXN-4612,5/3/2026,21:10,Puncak Alam,Espresso-based,Americano,1,9,9,Cash
TXN-4590,5/3/2026,21:28,Putrajaya,Milk-based,Latte,1,11,11,QR
TXN-4589,5/3/2026,21:31,Putrajaya,Espresso-based,Americano,4,9,36,QR
TXN-4643,5/3/2026,21:47,Puncak Alam,Espresso-based,Americano,1,9,9,QR
TXN-4767,6/3/2026,8:04,Puncak Alam,Milk-based,Caramel Macchiato,2,13,26,QR
TXN-4673,6/3/2026,8:13,Putrajaya,Espresso-based,Americano,1,9,9,QR
TXN-4727,6/3/2026,8:18,Puncak Alam,Milk-based,Latte,1,11,11,QR
TXN-4654,6/3/2026,8:35,Putrajaya,Milk-based,Latte,2,11,22,QR
TXN-4651,6/3/2026,8:37,Putrajaya,Ice Blended,Ice Blended Chocolate Chip,1,14,14,QR
TXN-4653,6/3/2026,8:45,Putrajaya,Ice Blended,Ice Blended Chocolate Chip,1,14,14,QR
TXN-4731,6/3/2026,8:48,Puncak Alam,Milk-based,Cappuccino,4,11,44,Cash
TXN-4736,6/3/2026,8:51,Puncak Alam,Espresso-based,Espresso,1,7,7,QR
TXN-4690,6/3/2026,8:53,Putrajaya,Milk-based,Cappuccino,1,11,11,QR
TXN-4671,6/3/2026,8:56,Putrajaya,Milk-based,Mocha,1,12,12,QR
TXN-4724,6/3/2026,9:01,Puncak Alam,Milk-based,Latte,2,11,22,QR
TXN-4718,6/3/2026,9:14,Puncak Alam,Milk-based,Latte,3,11,33,QR
TXN-4681,6/3/2026,9:27,Putrajaya,Ice Blended,Ice Blended Chocolate Chip,1,14,14,QR
TXN-4660,6/3/2026,9:35,Putrajaya,Milk-based,Mocha,1,12,12,Cash
TXN-4680,6/3/2026,9:38,Putrajaya,Milk-based,Caramel Macchiato,1,13,13,QR
TXN-4747,6/3/2026,9:41,Puncak Alam,Milk-based,Mocha,1,12,12,Cash
TXN-4759,6/3/2026,9:49,Puncak Alam,Milk-based,Caramel Macchiato,1,13,13,QR
TXN-4712,6/3/2026,10:13,Puncak Alam,Espresso-based,Espresso,3,7,21,QR
TXN-4755,6/3/2026,10:16,Puncak Alam,Milk-based,Cappuccino,1,11,11,QR
TXN-4765,6/3/2026,10:16,Puncak Alam,Ice Blended,Ice Blended Chocolate Chip,1,14,14,QR
TXN-4719,6/3/2026,10:19,Puncak Alam,Milk-based,Caramel Macchiato,1,13,13,QR
TXN-4652,6/3/2026,10:23,Putrajaya,Ice Blended,Ice Blended Chocolate Chip,1,14,14,QR
TXN-4669,6/3/2026,10:25,Putrajaya,Espresso-based,Americano,1,9,9,Cash
TXN-4656,6/3/2026,10:28,Putrajaya,Espresso-based,Espresso,1,7,7,QR
TXN-4697,6/3/2026,10:28,Putrajaya,Espresso-based,Americano,2,9,18,Cash
TXN-4675,6/3/2026,10:32,Putrajaya,Milk-based,Caramel Macchiato,1,13,13,QR
TXN-4705,6/3/2026,10:51,Puncak Alam,Ice Blended,Ice Blended Chocolate Chip,2,14,28,QR
TXN-4694,6/3/2026,10:58,Putrajaya,Milk-based,Caramel Macchiato,2,13,26,QR
TXN-4676,6/3/2026,11:07,Putrajaya,Milk-based,Caramel Macchiato,3,13,39,QR
TXN-4704,6/3/2026,11:35,Putrajaya,Espresso-based,Espresso,2,7,14,QR
TXN-4689,6/3/2026,11:41,Putrajaya,Milk-based,Mocha,1,12,12,QR
TXN-4708,6/3/2026,11:43,Puncak Alam,Espresso-based,Espresso,1,7,7,QR
TXN-4684,6/3/2026,11:55,Putrajaya,Espresso-based,Espresso,1,7,7,QR
TXN-4695,6/3/2026,12:07,Putrajaya,Espresso-based,Espresso,3,7,21,Cash
TXN-4763,6/3/2026,12:11,Puncak Alam,Milk-based,Latte,2,11,22,QR
TXN-4720,6/3/2026,12:15,Puncak Alam,Milk-based,Cappuccino,1,11,11,QR
TXN-4711,6/3/2026,12:23,Puncak Alam,Espresso-based,Americano,1,9,9,QR
TXN-4700,6/3/2026,12:28,Putrajaya,Ice Blended,Ice Blended Chocolate Chip,1,14,14,QR
TXN-4728,6/3/2026,12:29,Puncak Alam,Milk-based,Mocha,2,12,24,QR
TXN-4649,6/3/2026,12:33,Putrajaya,Milk-based,Cappuccino,1,11,11,QR
TXN-4663,6/3/2026,12:49,Putrajaya,Milk-based,Cappuccino,2,11,22,Cash
TXN-4723,6/3/2026,12:54,Puncak Alam,Milk-based,Latte,1,11,11,QR
TXN-4761,6/3/2026,13:02,Puncak Alam,Milk-based,Mocha,1,12,12,Cash
TXN-4667,6/3/2026,13:10,Putrajaya,Ice Blended,Ice Blended Chocolate Chip,3,14,42,Cash
TXN-4679,6/3/2026,13:15,Putrajaya,Espresso-based,Espresso,1,7,7,QR
TXN-4691,6/3/2026,13:19,Putrajaya,Milk-based,Latte,2,11,22,QR
TXN-4655,6/3/2026,13:32,Putrajaya,Ice Blended,Ice Blended Chocolate Chip,1,14,14,Cash
TXN-4662,6/3/2026,13:34,Putrajaya,Ice Blended,Ice Blended Chocolate Chip,2,14,28,QR
TXN-4659,6/3/2026,13:49,Putrajaya,Milk-based,Latte,1,11,11,QR
TXN-4693,6/3/2026,13:58,Putrajaya,Espresso-based,Espresso,1,7,7,QR
TXN-4713,6/3/2026,13:59,Puncak Alam,Milk-based,Cappuccino,2,11,22,QR
TXN-4703,6/3/2026,14:02,Putrajaya,Milk-based,Cappuccino,1,11,11,Cash
TXN-4685,6/3/2026,14:15,Putrajaya,Milk-based,Caramel Macchiato,2,13,26,Cash
TXN-4688,6/3/2026,14:19,Putrajaya,Espresso-based,Espresso,1,7,7,QR
TXN-4710,6/3/2026,14:38,Puncak Alam,Milk-based,Caramel Macchiato,1,13,13,QR
TXN-4725,6/3/2026,14:57,Puncak Alam,Milk-based,Cappuccino,1,11,11,QR
TXN-4750,6/3/2026,15:01,Puncak Alam,Ice Blended,Ice Blended Chocolate Chip,1,14,14,QR
TXN-4741,6/3/2026,15:12,Puncak Alam,Milk-based,Mocha,1,12,12,QR
TXN-4742,6/3/2026,15:15,Puncak Alam,Espresso-based,Espresso,1,7,7,Cash
TXN-4734,6/3/2026,15:20,Puncak Alam,Espresso-based,Americano,1,9,9,Cash
TXN-4752,6/3/2026,15:21,Puncak Alam,Espresso-based,Americano,1,9,9,Cash
TXN-4715,6/3/2026,15:33,Puncak Alam,Milk-based,Latte,1,11,11,Cash
TXN-4702,6/3/2026,15:37,Putrajaya,Milk-based,Mocha,2,12,24,Cash
TXN-4706,6/3/2026,15:44,Puncak Alam,Ice Blended,Ice Blended Chocolate Chip,1,14,14,Cash
TXN-4733,6/3/2026,15:46,Puncak Alam,Espresso-based,Espresso,3,7,21,Cash
TXN-4757,6/3/2026,15:48,Puncak Alam,Espresso-based,Espresso,2,7,14,QR
TXN-4692,6/3/2026,15:49,Putrajaya,Espresso-based,Espresso,1,7,7,Cash
TXN-4740,6/3/2026,15:52,Puncak Alam,Espresso-based,Americano,1,9,9,QR
TXN-4682,6/3/2026,15:57,Putrajaya,Milk-based,Cappuccino,1,11,11,QR
TXN-4749,6/3/2026,16:04,Puncak Alam,Espresso-based,Americano,1,9,9,QR
TXN-4687,6/3/2026,16:20,Putrajaya,Ice Blended,Ice Blended Chocolate Chip,2,14,28,QR
TXN-4726,6/3/2026,16:22,Puncak Alam,Espresso-based,Espresso,1,7,7,QR
TXN-4664,6/3/2026,16:30,Putrajaya,Milk-based,Mocha,1,12,12,Cash
TXN-4701,6/3/2026,16:35,Putrajaya,Espresso-based,Espresso,3,7,21,Cash
TXN-4683,6/3/2026,16:46,Putrajaya,Milk-based,Cappuccino,1,11,11,QR
TXN-4729,6/3/2026,17:00,Puncak Alam,Milk-based,Cappuccino,1,11,11,QR
TXN-4730,6/3/2026,17:00,Puncak Alam,Milk-based,Mocha,3,12,36,QR
TXN-4674,6/3/2026,17:04,Putrajaya,Milk-based,Caramel Macchiato,1,13,13,QR
TXN-4686,6/3/2026,17:07,Putrajaya,Milk-based,Cappuccino,1,11,11,QR
TXN-4768,6/3/2026,17:16,Puncak Alam,Milk-based,Cappuccino,2,11,22,QR
TXN-4657,6/3/2026,17:24,Putrajaya,Milk-based,Cappuccino,1,11,11,QR
TXN-4646,6/3/2026,17:26,Putrajaya,Espresso-based,Americano,1,9,9,QR
TXN-4737,6/3/2026,17:28,Puncak Alam,Espresso-based,Americano,1,9,9,Cash
TXN-4743,6/3/2026,17:28,Puncak Alam,Milk-based,Mocha,1,12,12,Cash
TXN-4677,6/3/2026,17:33,Putrajaya,Milk-based,Mocha,2,12,24,QR
TXN-4722,6/3/2026,17:43,Puncak Alam,Milk-based,Mocha,2,12,24,QR
TXN-4666,6/3/2026,17:44,Putrajaya,Ice Blended,Ice Blended Chocolate Chip,1,14,14,QR
TXN-4739,6/3/2026,17:46,Puncak Alam,Espresso-based,Americano,1,9,9,QR
TXN-4764,6/3/2026,18:26,Puncak Alam,Milk-based,Caramel Macchiato,1,13,13,QR
TXN-4707,6/3/2026,18:27,Puncak Alam,Milk-based,Caramel Macchiato,1,13,13,QR
TXN-4753,6/3/2026,18:28,Puncak Alam,Milk-based,Cappuccino,2,11,22,QR
TXN-4650,6/3/2026,18:31,Putrajaya,Milk-based,Caramel Macchiato,2,13,26,QR
TXN-4738,6/3/2026,18:38,Puncak Alam,Milk-based,Cappuccino,1,11,11,Cash
TXN-4751,6/3/2026,18:44,Puncak Alam,Espresso-based,Americano,1,9,9,QR
TXN-4762,6/3/2026,18:55,Puncak Alam,Espresso-based,Espresso,1,7,7,QR
TXN-4658,6/3/2026,19:26,Putrajaya,Espresso-based,Americano,1,9,9,QR
TXN-4647,6/3/2026,19:29,Putrajaya,Milk-based,Mocha,1,12,12,Cash
TXN-4744,6/3/2026,19:35,Puncak Alam,Milk-based,Latte,1,11,11,Cash
TXN-4754,6/3/2026,19:41,Puncak Alam,Milk-based,Latte,1,11,11,QR
TXN-4678,6/3/2026,19:45,Putrajaya,Espresso-based,Espresso,2,7,14,QR
TXN-4758,6/3/2026,19:47,Puncak Alam,Espresso-based,Americano,1,9,9,QR
TXN-4665,6/3/2026,19:50,Putrajaya,Espresso-based,Espresso,1,7,7,QR
TXN-4735,6/3/2026,20:04,Puncak Alam,Espresso-based,Americano,4,9,36,QR
TXN-4745,6/3/2026,20:07,Puncak Alam,Milk-based,Cappuccino,1,11,11,Cash
TXN-4699,6/3/2026,20:18,Putrajaya,Espresso-based,Americano,1,9,9,QR
TXN-4748,6/3/2026,20:27,Puncak Alam,Espresso-based,Americano,1,9,9,QR
TXN-4766,6/3/2026,20:32,Puncak Alam,Espresso-based,Americano,1,9,9,QR
TXN-4716,6/3/2026,20:37,Puncak Alam,Espresso-based,Espresso,1,7,7,Cash
TXN-4648,6/3/2026,20:38,Putrajaya,Ice Blended,Ice Blended Chocolate Chip,1,14,14,Cash
TXN-4672,6/3/2026,20:38,Putrajaya,Espresso-based,Espresso,4,7,28,QR
TXN-4760,6/3/2026,20:48,Puncak Alam,Espresso-based,Americano,1,9,9,QR
TXN-4721,6/3/2026,20:49,Puncak Alam,Milk-based,Latte,3,11,33,Cash
TXN-4698,6/3/2026,20:52,Putrajaya,Espresso-based,Americano,1,9,9,QR
TXN-4771,6/3/2026,20:55,Puncak Alam,Espresso-based,Americano,3,9,27,QR
TXN-4709,6/3/2026,20:58,Puncak Alam,Milk-based,Cappuccino,3,11,33,Cash
TXN-4661,6/3/2026,21:01,Putrajaya,Milk-based,Cappuccino,2,11,22,QR
TXN-4732,6/3/2026,21:02,Puncak Alam,Espresso-based,Espresso,3,7,21,QR
TXN-4714,6/3/2026,21:03,Puncak Alam,Milk-based,Caramel Macchiato,1,13,13,QR
TXN-4746,6/3/2026,21:18,Puncak Alam,Espresso-based,Espresso,1,7,7,QR
TXN-4696,6/3/2026,21:20,Putrajaya,Milk-based,Cappuccino,2,11,22,QR
TXN-4670,6/3/2026,21:23,Putrajaya,Espresso-based,Espresso,1,7,7,QR
TXN-4717,6/3/2026,21:26,Puncak Alam,Milk-based,Caramel Macchiato,1,13,13,Cash
TXN-4769,6/3/2026,21:28,Puncak Alam,Milk-based,Mocha,1,12,12,Cash
TXN-4756,6/3/2026,21:29,Puncak Alam,Milk-based,Caramel Macchiato,2,13,26,QR
TXN-4770,6/3/2026,21:49,Puncak Alam,Milk-based,Caramel Macchiato,1,13,13,QR
TXN-4668,6/3/2026,21:58,Putrajaya,Milk-based,Cappuccino,4,11,44,QR
TXN-4850,7/3/2026,8:02,Puncak Alam,Milk-based,Mocha,1,12,12,QR
TXN-4853,7/3/2026,8:08,Puncak Alam,Espresso-based,Espresso,3,7,21,Cash
TXN-4793,7/3/2026,8:17,Putrajaya,Milk-based,Latte,1,11,11,QR
TXN-4785,7/3/2026,8:22,Putrajaya,Espresso-based,Espresso,3,7,21,Cash
TXN-4819,7/3/2026,8:23,Putrajaya,Espresso-based,Americano,1,9,9,QR
TXN-4831,7/3/2026,8:23,Puncak Alam,Milk-based,Cappuccino,1,11,11,Cash
TXN-4805,7/3/2026,8:42,Putrajaya,Espresso-based,Espresso,2,7,14,QR
TXN-4787,7/3/2026,9:01,Putrajaya,Espresso-based,Espresso,4,7,28,QR
TXN-4806,7/3/2026,9:06,Putrajaya,Milk-based,Caramel Macchiato,2,13,26,QR
TXN-4826,7/3/2026,9:17,Putrajaya,Milk-based,Mocha,2,12,24,QR
TXN-4802,7/3/2026,9:27,Putrajaya,Espresso-based,Espresso,2,7,14,Cash
TXN-4815,7/3/2026,9:31,Putrajaya,Milk-based,Caramel Macchiato,3,13,39,Cash
TXN-4792,7/3/2026,9:39,Putrajaya,Ice Blended,Ice Blended Chocolate Chip,1,14,14,QR
TXN-4839,7/3/2026,9:39,Puncak Alam,Espresso-based,Espresso,3,7,21,QR
TXN-4849,7/3/2026,9:53,Puncak Alam,Espresso-based,Americano,2,9,18,QR
TXN-4776,7/3/2026,9:56,Putrajaya,Milk-based,Latte,2,11,22,QR
TXN-4814,7/3/2026,9:59,Putrajaya,Milk-based,Cappuccino,1,11,11,QR
TXN-4858,7/3/2026,10:06,Puncak Alam,Ice Blended,Ice Blended Chocolate Chip,1,14,14,QR
TXN-4862,7/3/2026,10:13,Puncak Alam,Espresso-based,Americano,1,9,9,QR
TXN-4786,7/3/2026,10:33,Putrajaya,Espresso-based,Espresso,1,7,7,Cash
TXN-4842,7/3/2026,10:33,Puncak Alam,Milk-based,Caramel Macchiato,1,13,13,QR
TXN-4845,7/3/2026,10:48,Puncak Alam,Espresso-based,Americano,1,9,9,Cash
TXN-4859,7/3/2026,10:53,Puncak Alam,Milk-based,Cappuccino,1,11,11,QR
TXN-4840,7/3/2026,10:55,Puncak Alam,Milk-based,Cappuccino,1,11,11,Cash
TXN-4838,7/3/2026,11:25,Puncak Alam,Milk-based,Mocha,3,12,36,Cash
TXN-4797,7/3/2026,11:28,Putrajaya,Milk-based,Caramel Macchiato,1,13,13,Cash
TXN-4789,7/3/2026,11:42,Putrajaya,Espresso-based,Espresso,2,7,14,Cash
TXN-4848,7/3/2026,11:53,Puncak Alam,Milk-based,Caramel Macchiato,1,13,13,QR
TXN-4779,7/3/2026,11:55,Putrajaya,Espresso-based,Espresso,1,7,7,QR
TXN-4811,7/3/2026,12:03,Putrajaya,Espresso-based,Espresso,1,7,7,QR
TXN-4783,7/3/2026,12:04,Putrajaya,Milk-based,Caramel Macchiato,1,13,13,QR
TXN-4825,7/3/2026,12:05,Putrajaya,Espresso-based,Espresso,1,7,7,Cash
TXN-4807,7/3/2026,12:11,Putrajaya,Milk-based,Mocha,1,12,12,QR
TXN-4772,7/3/2026,12:23,Putrajaya,Milk-based,Cappuccino,1,11,11,QR
TXN-4801,7/3/2026,12:48,Putrajaya,Milk-based,Caramel Macchiato,2,13,26,QR
TXN-4775,7/3/2026,12:49,Putrajaya,Milk-based,Latte,4,11,44,Cash
TXN-4817,7/3/2026,12:58,Putrajaya,Milk-based,Caramel Macchiato,1,13,13,QR
TXN-4773,7/3/2026,13:03,Putrajaya,Espresso-based,Americano,1,9,9,QR
TXN-4803,7/3/2026,13:17,Putrajaya,Milk-based,Latte,1,11,11,QR
TXN-4777,7/3/2026,13:32,Putrajaya,Milk-based,Latte,1,11,11,Cash
TXN-4816,7/3/2026,13:40,Putrajaya,Milk-based,Cappuccino,2,11,22,QR
TXN-4788,7/3/2026,13:50,Putrajaya,Milk-based,Cappuccino,2,11,22,Cash
TXN-4809,7/3/2026,14:07,Putrajaya,Milk-based,Cappuccino,1,11,11,QR
TXN-4784,7/3/2026,14:12,Putrajaya,Milk-based,Mocha,1,12,12,QR
TXN-4843,7/3/2026,14:13,Puncak Alam,Milk-based,Mocha,1,12,12,QR
TXN-4823,7/3/2026,14:19,Putrajaya,Espresso-based,Espresso,1,7,7,Cash
TXN-4841,7/3/2026,14:29,Puncak Alam,Milk-based,Latte,3,11,33,QR
TXN-4861,7/3/2026,14:45,Puncak Alam,Milk-based,Mocha,2,12,24,QR
TXN-4847,7/3/2026,14:58,Puncak Alam,Espresso-based,Americano,2,9,18,Cash
TXN-4808,7/3/2026,15:00,Putrajaya,Milk-based,Mocha,3,12,36,Cash
TXN-4857,7/3/2026,15:00,Puncak Alam,Milk-based,Cappuccino,1,11,11,QR
TXN-4778,7/3/2026,15:15,Putrajaya,Milk-based,Latte,1,11,11,QR
TXN-4837,7/3/2026,15:18,Puncak Alam,Espresso-based,Americano,3,9,27,QR
TXN-4774,7/3/2026,15:23,Putrajaya,Espresso-based,Americano,1,9,9,QR
TXN-4824,7/3/2026,15:23,Putrajaya,Milk-based,Cappuccino,2,11,22,Cash
TXN-4835,7/3/2026,15:43,Puncak Alam,Espresso-based,Americano,1,9,9,QR
TXN-4856,7/3/2026,15:44,Puncak Alam,Milk-based,Caramel Macchiato,1,13,13,QR
TXN-4833,7/3/2026,15:55,Puncak Alam,Ice Blended,Ice Blended Chocolate Chip,1,14,14,Cash
TXN-4829,7/3/2026,16:25,Putrajaya,Milk-based,Caramel Macchiato,1,13,13,QR
TXN-4795,7/3/2026,16:39,Putrajaya,Ice Blended,Ice Blended Chocolate Chip,1,14,14,QR
TXN-4791,7/3/2026,16:40,Putrajaya,Ice Blended,Ice Blended Chocolate Chip,1,14,14,QR
TXN-4836,7/3/2026,16:42,Puncak Alam,Milk-based,Caramel Macchiato,2,13,26,QR
TXN-4844,7/3/2026,16:42,Puncak Alam,Espresso-based,Espresso,1,7,7,Cash
TXN-4798,7/3/2026,17:07,Putrajaya,Espresso-based,Espresso,3,7,21,QR
TXN-4855,7/3/2026,17:12,Puncak Alam,Ice Blended,Ice Blended Chocolate Chip,2,14,28,QR
TXN-4830,7/3/2026,17:37,Puncak Alam,Milk-based,Cappuccino,2,11,22,QR
TXN-4832,7/3/2026,17:45,Puncak Alam,Ice Blended,Ice Blended Chocolate Chip,1,14,14,QR
TXN-4852,7/3/2026,17:47,Puncak Alam,Milk-based,Cappuccino,3,11,33,Cash
TXN-4854,7/3/2026,17:56,Puncak Alam,Espresso-based,Espresso,1,7,7,Cash
TXN-4813,7/3/2026,18:15,Putrajaya,Milk-based,Caramel Macchiato,2,13,26,QR
TXN-4800,7/3/2026,18:20,Putrajaya,Espresso-based,Espresso,1,7,7,QR
TXN-4804,7/3/2026,18:28,Putrajaya,Milk-based,Latte,1,11,11,QR
TXN-4782,7/3/2026,18:32,Putrajaya,Milk-based,Mocha,1,12,12,QR
TXN-4780,7/3/2026,18:59,Putrajaya,Espresso-based,Espresso,1,7,7,Cash
TXN-4790,7/3/2026,19:05,Putrajaya,Milk-based,Mocha,2,12,24,QR
TXN-4810,7/3/2026,19:05,Putrajaya,Ice Blended,Ice Blended Chocolate Chip,2,14,28,QR
TXN-4827,7/3/2026,19:21,Putrajaya,Milk-based,Latte,1,11,11,QR
TXN-4812,7/3/2026,19:28,Putrajaya,Espresso-based,Americano,1,9,9,QR
TXN-4846,7/3/2026,19:36,Puncak Alam,Milk-based,Cappuccino,3,11,33,QR
TXN-4794,7/3/2026,19:46,Putrajaya,Milk-based,Cappuccino,1,11,11,Cash
TXN-4860,7/3/2026,19:50,Puncak Alam,Espresso-based,Espresso,2,7,14,QR
TXN-4820,7/3/2026,20:07,Putrajaya,Espresso-based,Espresso,3,7,21,Cash
TXN-4851,7/3/2026,20:21,Puncak Alam,Milk-based,Caramel Macchiato,1,13,13,QR
TXN-4781,7/3/2026,20:26,Putrajaya,Milk-based,Caramel Macchiato,2,13,26,QR
TXN-4834,7/3/2026,20:33,Puncak Alam,Milk-based,Latte,1,11,11,QR
TXN-4799,7/3/2026,20:42,Putrajaya,Milk-based,Mocha,1,12,12,Cash
TXN-4822,7/3/2026,20:43,Putrajaya,Milk-based,Latte,1,11,11,Cash
TXN-4796,7/3/2026,21:18,Putrajaya,Milk-based,Cappuccino,1,11,11,QR
TXN-4818,7/3/2026,21:19,Putrajaya,Milk-based,Latte,1,11,11,QR
TXN-4821,7/3/2026,21:24,Putrajaya,Espresso-based,Espresso,2,7,14,QR
TXN-4828,7/3/2026,21:44,Putrajaya,Espresso-based,Espresso,1,7,7,QR
TXN-4877,8/3/2026,8:07,Putrajaya,Milk-based,Cappuccino,1,11,11,Cash
TXN-4876,8/3/2026,8:08,Putrajaya,Milk-based,Latte,3,11,33,QR
TXN-4949,8/3/2026,8:13,Puncak Alam,Milk-based,Mocha,1,12,12,QR
TXN-4970,8/3/2026,8:19,Puncak Alam,Ice Blended,Ice Blended Chocolate Chip,1,14,14,QR
TXN-4922,8/3/2026,8:22,Putrajaya,Milk-based,Caramel Macchiato,1,13,13,QR
TXN-5000,8/3/2026,8:25,Puncak Alam,Espresso-based,Espresso,1,7,7,QR
TXN-4951,8/3/2026,8:45,Puncak Alam,Ice Blended,Ice Blended Chocolate Chip,1,14,14,QR
TXN-4874,8/3/2026,8:53,Putrajaya,Milk-based,Caramel Macchiato,1,13,13,QR
TXN-4869,8/3/2026,9:00,Putrajaya,Espresso-based,Americano,1,9,9,Cash
TXN-5007,8/3/2026,9:02,Puncak Alam,Ice Blended,Ice Blended Chocolate Chip,1,14,14,QR
TXN-4972,8/3/2026,9:08,Puncak Alam,Milk-based,Cappuccino,1,11,11,QR
TXN-4956,8/3/2026,9:09,Puncak Alam,Milk-based,Caramel Macchiato,3,13,39,QR
TXN-4883,8/3/2026,9:10,Putrajaya,Milk-based,Mocha,1,12,12,Cash
TXN-4932,8/3/2026,9:12,Puncak Alam,Milk-based,Caramel Macchiato,2,13,26,QR
TXN-4939,8/3/2026,9:16,Puncak Alam,Milk-based,Caramel Macchiato,1,13,13,Cash
TXN-4928,8/3/2026,9:18,Putrajaya,Milk-based,Mocha,1,12,12,QR
TXN-4973,8/3/2026,9:20,Puncak Alam,Milk-based,Latte,1,11,11,QR
TXN-4983,8/3/2026,9:33,Puncak Alam,Espresso-based,Americano,1,9,9,QR
TXN-4975,8/3/2026,9:51,Puncak Alam,Espresso-based,Espresso,2,7,14,Cash
TXN-4889,8/3/2026,9:52,Putrajaya,Milk-based,Caramel Macchiato,1,13,13,QR
TXN-4918,8/3/2026,9:53,Putrajaya,Ice Blended,Ice Blended Chocolate Chip,1,14,14,Cash
TXN-4881,8/3/2026,9:55,Putrajaya,Milk-based,Latte,1,11,11,QR
TXN-4989,8/3/2026,9:56,Puncak Alam,Espresso-based,Espresso,3,7,21,Cash
TXN-4997,8/3/2026,9:59,Puncak Alam,Espresso-based,Americano,1,9,9,QR
TXN-4903,8/3/2026,10:05,Putrajaya,Espresso-based,Americano,1,9,9,QR
TXN-4980,8/3/2026,10:08,Puncak Alam,Milk-based,Caramel Macchiato,1,13,13,Cash
TXN-4880,8/3/2026,10:11,Putrajaya,Milk-based,Cappuccino,1,11,11,QR
TXN-4933,8/3/2026,10:14,Puncak Alam,Milk-based,Latte,2,11,22,Cash
TXN-4930,8/3/2026,10:16,Putrajaya,Milk-based,Cappuccino,1,11,11,Cash
TXN-4963,8/3/2026,10:18,Puncak Alam,Milk-based,Cappuccino,2,11,22,QR
TXN-5004,8/3/2026,10:22,Puncak Alam,Milk-based,Cappuccino,1,11,11,QR
TXN-4987,8/3/2026,10:33,Puncak Alam,Ice Blended,Ice Blended Chocolate Chip,1,14,14,QR
TXN-4871,8/3/2026,10:38,Putrajaya,Milk-based,Caramel Macchiato,4,13,52,QR
TXN-4911,8/3/2026,10:43,Putrajaya,Espresso-based,Americano,2,9,18,Cash
TXN-4882,8/3/2026,10:48,Putrajaya,Ice Blended,Ice Blended Chocolate Chip,2,14,28,QR
TXN-4893,8/3/2026,10:53,Putrajaya,Milk-based,Cappuccino,1,11,11,QR
TXN-4894,8/3/2026,10:56,Putrajaya,Milk-based,Mocha,1,12,12,QR
TXN-4959,8/3/2026,10:58,Puncak Alam,Milk-based,Mocha,1,12,12,QR
TXN-4884,8/3/2026,11:18,Putrajaya,Milk-based,Mocha,2,12,24,QR
TXN-4910,8/3/2026,11:19,Putrajaya,Espresso-based,Espresso,1,7,7,Cash
TXN-4923,8/3/2026,11:38,Putrajaya,Ice Blended,Ice Blended Chocolate Chip,2,14,28,Cash
TXN-4946,8/3/2026,11:38,Puncak Alam,Espresso-based,Americano,2,9,18,Cash
TXN-5006,8/3/2026,11:38,Puncak Alam,Milk-based,Mocha,3,12,36,QR
TXN-4981,8/3/2026,11:51,Puncak Alam,Espresso-based,Americano,1,9,9,QR
TXN-4897,8/3/2026,11:52,Putrajaya,Espresso-based,Americano,1,9,9,QR
TXN-4944,8/3/2026,12:03,Puncak Alam,Milk-based,Cappuccino,1,11,11,Cash
TXN-4961,8/3/2026,12:14,Puncak Alam,Milk-based,Mocha,1,12,12,QR
TXN-4885,8/3/2026,12:19,Putrajaya,Milk-based,Latte,1,11,11,QR
TXN-4896,8/3/2026,12:29,Putrajaya,Milk-based,Mocha,1,12,12,Cash
TXN-4958,8/3/2026,12:41,Puncak Alam,Milk-based,Caramel Macchiato,1,13,13,QR
TXN-4945,8/3/2026,12:51,Puncak Alam,Espresso-based,Americano,1,9,9,Cash
TXN-4902,8/3/2026,12:53,Putrajaya,Espresso-based,Americano,1,9,9,QR
TXN-4899,8/3/2026,12:54,Putrajaya,Milk-based,Mocha,1,12,12,QR
TXN-4992,8/3/2026,12:58,Puncak Alam,Milk-based,Cappuccino,1,11,11,QR
TXN-4960,8/3/2026,13:08,Puncak Alam,Espresso-based,Espresso,1,7,7,Cash
TXN-4948,8/3/2026,13:12,Puncak Alam,Espresso-based,Americano,1,9,9,QR
TXN-4926,8/3/2026,13:13,Putrajaya,Milk-based,Cappuccino,4,11,44,QR
TXN-4931,8/3/2026,13:20,Putrajaya,Espresso-based,Americano,1,9,9,Cash
TXN-4942,8/3/2026,13:21,Puncak Alam,Espresso-based,Espresso,1,7,7,Cash
TXN-4993,8/3/2026,13:27,Puncak Alam,Espresso-based,Americano,1,9,9,QR
TXN-4900,8/3/2026,13:32,Putrajaya,Milk-based,Mocha,1,12,12,Cash
TXN-4994,8/3/2026,13:39,Puncak Alam,Milk-based,Mocha,3,12,36,QR
TXN-4952,8/3/2026,13:58,Puncak Alam,Milk-based,Latte,1,11,11,QR
TXN-4968,8/3/2026,14:04,Puncak Alam,Espresso-based,Americano,3,9,27,QR
TXN-4921,8/3/2026,14:07,Putrajaya,Espresso-based,Americano,1,9,9,QR
TXN-4988,8/3/2026,14:10,Puncak Alam,Milk-based,Caramel Macchiato,3,13,39,QR
TXN-4913,8/3/2026,14:12,Putrajaya,Milk-based,Latte,1,11,11,Cash
TXN-4947,8/3/2026,14:18,Puncak Alam,Espresso-based,Americano,1,9,9,QR
TXN-4982,8/3/2026,14:28,Puncak Alam,Milk-based,Caramel Macchiato,2,13,26,QR
TXN-5003,8/3/2026,14:39,Puncak Alam,Milk-based,Caramel Macchiato,1,13,13,QR
TXN-4965,8/3/2026,14:42,Puncak Alam,Espresso-based,Americano,3,9,27,QR
TXN-4955,8/3/2026,14:43,Puncak Alam,Milk-based,Latte,2,11,22,QR
TXN-5005,8/3/2026,14:48,Puncak Alam,Espresso-based,Americano,2,9,18,QR
TXN-5001,8/3/2026,14:49,Puncak Alam,Milk-based,Latte,1,11,11,Cash
TXN-4892,8/3/2026,14:53,Putrajaya,Espresso-based,Espresso,1,7,7,Cash
TXN-4915,8/3/2026,14:56,Putrajaya,Espresso-based,Americano,2,9,18,QR
TXN-4962,8/3/2026,15:05,Puncak Alam,Milk-based,Latte,1,11,11,Cash
TXN-4901,8/3/2026,15:10,Putrajaya,Ice Blended,Ice Blended Chocolate Chip,1,14,14,QR
TXN-4999,8/3/2026,15:10,Puncak Alam,Milk-based,Caramel Macchiato,1,13,13,QR
TXN-4912,8/3/2026,15:18,Putrajaya,Milk-based,Latte,1,11,11,QR
TXN-4985,8/3/2026,15:32,Puncak Alam,Espresso-based,Espresso,2,7,14,Cash
TXN-4888,8/3/2026,15:43,Putrajaya,Espresso-based,Espresso,1,7,7,QR
TXN-4950,8/3/2026,15:51,Puncak Alam,Milk-based,Cappuccino,1,11,11,QR
TXN-4990,8/3/2026,15:51,Puncak Alam,Milk-based,Latte,2,11,22,QR
TXN-4895,8/3/2026,15:56,Putrajaya,Milk-based,Cappuccino,1,11,11,Cash
TXN-4986,8/3/2026,16:17,Puncak Alam,Espresso-based,Americano,2,9,18,QR
TXN-4935,8/3/2026,16:18,Puncak Alam,Milk-based,Latte,1,11,11,Cash
TXN-4886,8/3/2026,16:19,Putrajaya,Milk-based,Cappuccino,2,11,22,Cash
TXN-4943,8/3/2026,16:21,Puncak Alam,Milk-based,Mocha,1,12,12,QR
TXN-4925,8/3/2026,16:34,Putrajaya,Ice Blended,Ice Blended Chocolate Chip,2,14,28,Cash
TXN-4868,8/3/2026,16:39,Putrajaya,Ice Blended,Ice Blended Chocolate Chip,1,14,14,QR
TXN-4966,8/3/2026,16:43,Puncak Alam,Milk-based,Latte,1,11,11,QR
TXN-4863,8/3/2026,16:48,Putrajaya,Milk-based,Mocha,1,12,12,Cash
TXN-4872,8/3/2026,16:53,Putrajaya,Milk-based,Mocha,1,12,12,QR
TXN-4879,8/3/2026,16:53,Putrajaya,Milk-based,Cappuccino,1,11,11,Cash
TXN-4953,8/3/2026,16:59,Puncak Alam,Milk-based,Mocha,2,12,24,QR
TXN-4904,8/3/2026,17:00,Putrajaya,Milk-based,Mocha,1,12,12,QR
TXN-4916,8/3/2026,17:01,Putrajaya,Espresso-based,Espresso,1,7,7,QR
TXN-4957,8/3/2026,17:33,Puncak Alam,Ice Blended,Ice Blended Chocolate Chip,1,14,14,Cash
TXN-4954,8/3/2026,17:35,Puncak Alam,Espresso-based,Espresso,1,7,7,Cash
TXN-4914,8/3/2026,17:39,Putrajaya,Milk-based,Caramel Macchiato,1,13,13,Cash
TXN-4875,8/3/2026,17:45,Putrajaya,Milk-based,Mocha,2,12,24,Cash
TXN-4976,8/3/2026,17:51,Puncak Alam,Espresso-based,Espresso,1,7,7,QR
TXN-4898,8/3/2026,17:52,Putrajaya,Milk-based,Caramel Macchiato,2,13,26,Cash
TXN-4890,8/3/2026,17:53,Putrajaya,Milk-based,Latte,1,11,11,QR
TXN-4969,8/3/2026,17:55,Puncak Alam,Milk-based,Caramel Macchiato,1,13,13,QR
TXN-5008,8/3/2026,17:55,Puncak Alam,Milk-based,Cappuccino,4,11,44,QR
TXN-4967,8/3/2026,17:57,Puncak Alam,Ice Blended,Ice Blended Chocolate Chip,1,14,14,QR
TXN-4978,8/3/2026,17:58,Puncak Alam,Espresso-based,Americano,1,9,9,QR
TXN-4940,8/3/2026,18:06,Puncak Alam,Milk-based,Mocha,1,12,12,QR
TXN-4995,8/3/2026,18:10,Puncak Alam,Milk-based,Cappuccino,2,11,22,QR
TXN-4924,8/3/2026,18:11,Putrajaya,Ice Blended,Ice Blended Chocolate Chip,1,14,14,QR
TXN-4974,8/3/2026,18:14,Puncak Alam,Milk-based,Mocha,1,12,12,QR
TXN-4870,8/3/2026,18:20,Putrajaya,Milk-based,Cappuccino,1,11,11,QR
TXN-4919,8/3/2026,18:29,Putrajaya,Espresso-based,Americano,1,9,9,QR
TXN-5009,8/3/2026,18:33,Puncak Alam,Milk-based,Latte,1,11,11,QR
TXN-4920,8/3/2026,18:46,Putrajaya,Milk-based,Mocha,1,12,12,Cash
TXN-4907,8/3/2026,19:14,Putrajaya,Espresso-based,Espresso,1,7,7,QR
TXN-4977,8/3/2026,19:21,Puncak Alam,Milk-based,Cappuccino,1,11,11,QR
TXN-4908,8/3/2026,19:23,Putrajaya,Ice Blended,Ice Blended Chocolate Chip,1,14,14,Cash
TXN-4873,8/3/2026,19:34,Putrajaya,Ice Blended,Ice Blended Chocolate Chip,1,14,14,QR
TXN-4878,8/3/2026,19:37,Putrajaya,Milk-based,Latte,1,11,11,QR
TXN-4866,8/3/2026,19:38,Putrajaya,Milk-based,Latte,1,11,11,QR
TXN-4991,8/3/2026,19:38,Puncak Alam,Ice Blended,Ice Blended Chocolate Chip,1,14,14,QR
TXN-4937,8/3/2026,19:46,Puncak Alam,Milk-based,Mocha,1,12,12,QR
TXN-4936,8/3/2026,19:53,Puncak Alam,Milk-based,Latte,2,11,22,QR
TXN-4906,8/3/2026,20:10,Putrajaya,Espresso-based,Americano,1,9,9,QR
TXN-4867,8/3/2026,20:14,Putrajaya,Ice Blended,Ice Blended Chocolate Chip,1,14,14,QR
TXN-4905,8/3/2026,20:16,Putrajaya,Ice Blended,Ice Blended Chocolate Chip,1,14,14,Cash
TXN-4934,8/3/2026,20:17,Puncak Alam,Milk-based,Mocha,3,12,36,QR
TXN-4887,8/3/2026,20:18,Putrajaya,Ice Blended,Ice Blended Chocolate Chip,2,14,28,QR
TXN-4864,8/3/2026,20:24,Putrajaya,Espresso-based,Espresso,1,7,7,QR
TXN-4927,8/3/2026,20:34,Putrajaya,Espresso-based,Espresso,2,7,14,QR
TXN-4998,8/3/2026,20:40,Puncak Alam,Milk-based,Latte,1,11,11,QR
TXN-4891,8/3/2026,20:47,Putrajaya,Milk-based,Caramel Macchiato,1,13,13,QR
TXN-4865,8/3/2026,20:56,Putrajaya,Ice Blended,Ice Blended Chocolate Chip,1,14,14,Cash
TXN-5002,8/3/2026,20:58,Puncak Alam,Espresso-based,Americano,3,9,27,QR
TXN-4996,8/3/2026,21:12,Puncak Alam,Milk-based,Latte,3,11,33,Cash
TXN-4917,8/3/2026,21:30,Putrajaya,Espresso-based,Espresso,2,7,14,QR
TXN-4938,8/3/2026,21:32,Puncak Alam,Espresso-based,Americano,1,9,9,QR
TXN-4964,8/3/2026,21:34,Puncak Alam,Milk-based,Latte,1,11,11,QR
TXN-4971,8/3/2026,21:34,Puncak Alam,Milk-based,Cappuccino,1,11,11,Cash
TXN-4941,8/3/2026,21:36,Puncak Alam,Milk-based,Mocha,1,12,12,QR
TXN-4909,8/3/2026,21:39,Putrajaya,Milk-based,Cappuccino,1,11,11,Cash
TXN-4984,8/3/2026,21:39,Puncak Alam,Milk-based,Mocha,1,12,12,QR
TXN-4979,8/3/2026,21:53,Puncak Alam,Milk-based,Latte,1,11,11,QR
TXN-4929,8/3/2026,21:57,Putrajaya,Espresso-based,Americano,2,9,18,Cash
TXN-5115,9/3/2026,8:02,Puncak Alam,Milk-based,Mocha,1,12,12,QR
TXN-5108,9/3/2026,8:10,Puncak Alam,Espresso-based,Americano,2,9,18,QR
TXN-5029,9/3/2026,8:24,Putrajaya,Milk-based,Cappuccino,1,11,11,QR
TXN-5013,9/3/2026,8:46,Putrajaya,Milk-based,Caramel Macchiato,1,13,13,QR
TXN-5062,9/3/2026,8:53,Putrajaya,Milk-based,Cappuccino,1,11,11,Cash
TXN-5133,9/3/2026,8:56,Puncak Alam,Ice Blended,Ice Blended Chocolate Chip,1,14,14,Cash
TXN-5091,9/3/2026,9:09,Puncak Alam,Ice Blended,Ice Blended Chocolate Chip,1,14,14,Cash
TXN-5023,9/3/2026,9:11,Putrajaya,Milk-based,Caramel Macchiato,3,13,39,Cash
TXN-5050,9/3/2026,9:15,Putrajaya,Milk-based,Mocha,2,12,24,Cash
TXN-5028,9/3/2026,9:17,Putrajaya,Espresso-based,Espresso,1,7,7,QR
TXN-5131,9/3/2026,9:17,Puncak Alam,Milk-based,Cappuccino,1,11,11,Cash
TXN-5086,9/3/2026,9:39,Puncak Alam,Milk-based,Caramel Macchiato,1,13,13,QR
TXN-5011,9/3/2026,9:40,Putrajaya,Ice Blended,Ice Blended Chocolate Chip,2,14,28,Cash
TXN-5046,9/3/2026,9:40,Putrajaya,Milk-based,Mocha,1,12,12,QR
TXN-5096,9/3/2026,9:40,Puncak Alam,Milk-based,Mocha,3,12,36,Cash
TXN-5106,9/3/2026,9:43,Puncak Alam,Espresso-based,Americano,2,9,18,QR
TXN-5030,9/3/2026,9:44,Putrajaya,Espresso-based,Americano,1,9,9,QR
TXN-5082,9/3/2026,9:45,Putrajaya,Milk-based,Latte,1,11,11,Cash
TXN-5018,9/3/2026,9:48,Putrajaya,Ice Blended,Ice Blended Chocolate Chip,1,14,14,Cash
TXN-5039,9/3/2026,9:50,Putrajaya,Ice Blended,Ice Blended Chocolate Chip,1,14,14,Cash
TXN-5016,9/3/2026,9:55,Putrajaya,Ice Blended,Ice Blended Chocolate Chip,1,14,14,QR
TXN-5033,9/3/2026,9:55,Putrajaya,Milk-based,Caramel Macchiato,2,13,26,QR
TXN-5037,9/3/2026,10:04,Putrajaya,Milk-based,Caramel Macchiato,2,13,26,QR
TXN-5027,9/3/2026,10:08,Putrajaya,Espresso-based,Espresso,1,7,7,Cash
TXN-5024,9/3/2026,10:21,Putrajaya,Espresso-based,Espresso,2,7,14,Cash
TXN-5080,9/3/2026,10:26,Putrajaya,Milk-based,Latte,1,11,11,QR
TXN-5014,9/3/2026,10:27,Putrajaya,Espresso-based,Espresso,1,7,7,Cash
TXN-5092,9/3/2026,10:28,Puncak Alam,Ice Blended,Ice Blended Chocolate Chip,1,14,14,Cash
TXN-5101,9/3/2026,10:47,Puncak Alam,Milk-based,Caramel Macchiato,2,13,26,Cash
TXN-5055,9/3/2026,10:55,Putrajaya,Milk-based,Latte,2,11,22,Cash
TXN-5054,9/3/2026,11:02,Putrajaya,Milk-based,Cappuccino,2,11,22,Cash
TXN-5114,9/3/2026,11:14,Puncak Alam,Ice Blended,Ice Blended Chocolate Chip,1,14,14,QR
TXN-5067,9/3/2026,11:22,Putrajaya,Milk-based,Caramel Macchiato,1,13,13,QR
TXN-5098,9/3/2026,11:22,Puncak Alam,Milk-based,Cappuccino,1,11,11,Cash
TXN-5095,9/3/2026,11:25,Puncak Alam,Milk-based,Latte,1,11,11,QR
TXN-5113,9/3/2026,11:36,Puncak Alam,Milk-based,Latte,1,11,11,QR
TXN-5105,9/3/2026,11:53,Puncak Alam,Milk-based,Latte,1,11,11,QR
TXN-5124,9/3/2026,12:12,Puncak Alam,Milk-based,Latte,1,11,11,QR
TXN-5052,9/3/2026,12:17,Putrajaya,Milk-based,Caramel Macchiato,1,13,13,QR
TXN-5072,9/3/2026,12:21,Putrajaya,Milk-based,Mocha,3,12,36,QR
TXN-5073,9/3/2026,12:21,Putrajaya,Espresso-based,Americano,1,9,9,QR
TXN-5063,9/3/2026,12:44,Putrajaya,Milk-based,Latte,1,11,11,QR
TXN-5022,9/3/2026,12:47,Putrajaya,Milk-based,Cappuccino,1,11,11,Cash
TXN-5017,9/3/2026,12:49,Putrajaya,Milk-based,Mocha,1,12,12,QR
TXN-5025,9/3/2026,12:50,Putrajaya,Milk-based,Caramel Macchiato,1,13,13,Cash
TXN-5068,9/3/2026,12:51,Putrajaya,Espresso-based,Espresso,3,7,21,QR
TXN-5134,9/3/2026,13:07,Puncak Alam,Espresso-based,Espresso,1,7,7,QR
TXN-5084,9/3/2026,13:24,Putrajaya,Espresso-based,Espresso,3,7,21,QR
TXN-5087,9/3/2026,13:25,Puncak Alam,Ice Blended,Ice Blended Chocolate Chip,1,14,14,Cash
TXN-5065,9/3/2026,13:30,Putrajaya,Milk-based,Latte,1,11,11,QR
TXN-5064,9/3/2026,13:34,Putrajaya,Ice Blended,Ice Blended Chocolate Chip,2,14,28,QR
TXN-5056,9/3/2026,13:43,Putrajaya,Milk-based,Caramel Macchiato,1,13,13,Cash
TXN-5034,9/3/2026,14:07,Putrajaya,Milk-based,Latte,1,11,11,Cash
TXN-5048,9/3/2026,14:22,Putrajaya,Milk-based,Mocha,1,12,12,QR
TXN-5060,9/3/2026,14:27,Putrajaya,Espresso-based,Americano,3,9,27,QR
TXN-5061,9/3/2026,14:53,Putrajaya,Milk-based,Mocha,3,12,36,Cash
TXN-5102,9/3/2026,14:54,Puncak Alam,Ice Blended,Ice Blended Chocolate Chip,4,14,56,QR
TXN-5044,9/3/2026,14:57,Putrajaya,Milk-based,Cappuccino,1,11,11,Cash
TXN-5078,9/3/2026,15:02,Putrajaya,Espresso-based,Americano,3,9,27,QR
TXN-5012,9/3/2026,15:05,Putrajaya,Milk-based,Cappuccino,1,11,11,QR
TXN-5066,9/3/2026,15:07,Putrajaya,Ice Blended,Ice Blended Chocolate Chip,1,14,14,QR
TXN-5077,9/3/2026,15:10,Putrajaya,Espresso-based,Americano,1,9,9,QR
TXN-5038,9/3/2026,15:11,Putrajaya,Milk-based,Cappuccino,1,11,11,QR
TXN-5058,9/3/2026,15:12,Putrajaya,Milk-based,Cappuccino,1,11,11,QR
TXN-5035,9/3/2026,15:28,Putrajaya,Ice Blended,Ice Blended Chocolate Chip,1,14,14,QR
TXN-5042,9/3/2026,15:49,Putrajaya,Milk-based,Caramel Macchiato,1,13,13,QR
TXN-5099,9/3/2026,15:49,Puncak Alam,Milk-based,Mocha,1,12,12,Cash
TXN-5104,9/3/2026,15:56,Puncak Alam,Ice Blended,Ice Blended Chocolate Chip,1,14,14,Cash
TXN-5118,9/3/2026,16:00,Puncak Alam,Milk-based,Cappuccino,2,11,22,QR
TXN-5123,9/3/2026,16:08,Puncak Alam,Espresso-based,Americano,3,9,27,Cash
TXN-5128,9/3/2026,16:14,Puncak Alam,Milk-based,Caramel Macchiato,1,13,13,QR
TXN-5026,9/3/2026,16:18,Putrajaya,Milk-based,Mocha,4,12,48,QR
TXN-5129,9/3/2026,16:19,Puncak Alam,Espresso-based,Espresso,3,7,21,Cash
TXN-5121,9/3/2026,16:22,Puncak Alam,Espresso-based,Americano,2,9,18,QR
TXN-5081,9/3/2026,16:27,Putrajaya,Milk-based,Latte,3,11,33,QR
TXN-5117,9/3/2026,16:42,Puncak Alam,Milk-based,Latte,1,11,11,QR
TXN-5057,9/3/2026,16:44,Putrajaya,Milk-based,Latte,1,11,11,QR
TXN-5036,9/3/2026,16:46,Putrajaya,Milk-based,Mocha,1,12,12,QR
TXN-5089,9/3/2026,16:54,Puncak Alam,Espresso-based,Americano,1,9,9,Cash
TXN-5119,9/3/2026,17:00,Puncak Alam,Milk-based,Caramel Macchiato,1,13,13,Cash
TXN-5093,9/3/2026,17:13,Puncak Alam,Ice Blended,Ice Blended Chocolate Chip,1,14,14,Cash
TXN-5107,9/3/2026,17:15,Puncak Alam,Milk-based,Caramel Macchiato,2,13,26,QR
TXN-5015,9/3/2026,17:17,Putrajaya,Ice Blended,Ice Blended Chocolate Chip,1,14,14,Cash
TXN-5075,9/3/2026,17:24,Putrajaya,Espresso-based,Espresso,1,7,7,QR
TXN-5020,9/3/2026,17:27,Putrajaya,Milk-based,Cappuccino,1,11,11,Cash
TXN-5116,9/3/2026,17:42,Puncak Alam,Milk-based,Mocha,3,12,36,QR
TXN-5120,9/3/2026,17:43,Puncak Alam,Milk-based,Caramel Macchiato,2,13,26,QR
TXN-5070,9/3/2026,17:48,Putrajaya,Milk-based,Latte,1,11,11,QR
TXN-5021,9/3/2026,18:01,Putrajaya,Espresso-based,Espresso,2,7,14,QR
TXN-5132,9/3/2026,18:08,Puncak Alam,Ice Blended,Ice Blended Chocolate Chip,1,14,14,QR
TXN-5090,9/3/2026,18:10,Puncak Alam,Milk-based,Latte,1,11,11,Cash
TXN-5045,9/3/2026,18:12,Putrajaya,Espresso-based,Espresso,1,7,7,QR
TXN-5032,9/3/2026,18:14,Putrajaya,Milk-based,Cappuccino,2,11,22,QR
TXN-5126,9/3/2026,18:25,Puncak Alam,Milk-based,Latte,4,11,44,QR
TXN-5112,9/3/2026,18:32,Puncak Alam,Espresso-based,Americano,1,9,9,Cash
TXN-5076,9/3/2026,18:34,Putrajaya,Milk-based,Latte,1,11,11,QR
TXN-5130,9/3/2026,18:38,Puncak Alam,Espresso-based,Americano,1,9,9,QR
TXN-5010,9/3/2026,18:59,Putrajaya,Milk-based,Latte,1,11,11,QR
TXN-5083,9/3/2026,19:04,Putrajaya,Milk-based,Mocha,2,12,24,Cash
TXN-5019,9/3/2026,19:06,Putrajaya,Milk-based,Cappuccino,1,11,11,QR
TXN-5047,9/3/2026,19:13,Putrajaya,Espresso-based,Americano,2,9,18,Cash
TXN-5127,9/3/2026,19:16,Puncak Alam,Ice Blended,Ice Blended Chocolate Chip,2,14,28,Cash
TXN-5071,9/3/2026,19:24,Putrajaya,Espresso-based,Espresso,1,7,7,Cash
TXN-5079,9/3/2026,19:24,Putrajaya,Milk-based,Caramel Macchiato,1,13,13,QR
TXN-5074,9/3/2026,19:25,Putrajaya,Ice Blended,Ice Blended Chocolate Chip,1,14,14,QR
TXN-5053,9/3/2026,19:44,Putrajaya,Ice Blended,Ice Blended Chocolate Chip,1,14,14,Cash
TXN-5094,9/3/2026,19:47,Puncak Alam,Milk-based,Latte,1,11,11,Cash
TXN-5031,9/3/2026,19:53,Putrajaya,Milk-based,Cappuccino,1,11,11,QR
TXN-5110,9/3/2026,20:19,Puncak Alam,Milk-based,Caramel Macchiato,3,13,39,QR
TXN-5059,9/3/2026,20:22,Putrajaya,Espresso-based,Americano,1,9,9,Cash
TXN-5051,9/3/2026,20:27,Putrajaya,Milk-based,Cappuccino,1,11,11,QR
TXN-5097,9/3/2026,20:30,Puncak Alam,Ice Blended,Ice Blended Chocolate Chip,3,14,42,Cash
TXN-5069,9/3/2026,20:31,Putrajaya,Espresso-based,Americano,1,9,9,QR
TXN-5109,9/3/2026,20:39,Puncak Alam,Milk-based,Cappuccino,3,11,33,QR
TXN-5085,9/3/2026,20:44,Putrajaya,Milk-based,Mocha,1,12,12,QR
TXN-5043,9/3/2026,20:46,Putrajaya,Milk-based,Latte,1,11,11,QR
TXN-5040,9/3/2026,21:12,Putrajaya,Milk-based,Caramel Macchiato,1,13,13,Cash
TXN-5041,9/3/2026,21:13,Putrajaya,Milk-based,Caramel Macchiato,1,13,13,QR
TXN-5100,9/3/2026,21:21,Puncak Alam,Milk-based,Caramel Macchiato,1,13,13,QR
TXN-5049,9/3/2026,21:22,Putrajaya,Ice Blended,Ice Blended Chocolate Chip,3,14,42,Cash
TXN-5122,9/3/2026,21:31,Puncak Alam,Milk-based,Mocha,1,12,12,QR
TXN-5111,9/3/2026,21:45,Puncak Alam,Ice Blended,Ice Blended Chocolate Chip,2,14,28,QR
TXN-5088,9/3/2026,21:49,Puncak Alam,Ice Blended,Ice Blended Chocolate Chip,2,14,28,QR
TXN-5103,9/3/2026,21:52,Puncak Alam,Milk-based,Latte,1,11,11,Cash
TXN-5125,9/3/2026,21:52,Puncak Alam,Milk-based,Latte,1,11,11,QR
TXN-5136,10/3/2026,8:12,Putrajaya,Milk-based,Latte,1,11,11,QR
TXN-5152,10/3/2026,8:13,Putrajaya,Ice Blended,Ice Blended Chocolate Chip,1,14,14,QR
TXN-5157,10/3/2026,8:17,Putrajaya,Espresso-based,Americano,1,9,9,QR
TXN-5168,10/3/2026,8:43,Putrajaya,Espresso-based,Espresso,1,7,7,QR
TXN-5167,10/3/2026,8:46,Putrajaya,Milk-based,Caramel Macchiato,1,13,13,QR
TXN-5270,10/3/2026,8:49,Puncak Alam,Espresso-based,Americano,3,9,27,QR
TXN-5283,10/3/2026,8:57,Puncak Alam,Espresso-based,Espresso,1,7,7,QR
TXN-5138,10/3/2026,9:00,Putrajaya,Espresso-based,Espresso,2,7,14,QR
TXN-5143,10/3/2026,9:07,Putrajaya,Espresso-based,Espresso,1,7,7,QR
TXN-5150,10/3/2026,9:07,Putrajaya,Espresso-based,Americano,3,9,27,QR
TXN-5249,10/3/2026,9:12,Puncak Alam,Milk-based,Mocha,2,12,24,QR
TXN-5240,10/3/2026,9:14,Puncak Alam,Milk-based,Latte,1,11,11,QR
TXN-5223,10/3/2026,9:20,Puncak Alam,Ice Blended,Ice Blended Chocolate Chip,1,14,14,QR
TXN-5151,10/3/2026,9:34,Putrajaya,Espresso-based,Espresso,1,7,7,QR
TXN-5207,10/3/2026,9:49,Putrajaya,Espresso-based,Americano,1,9,9,QR
TXN-5224,10/3/2026,9:52,Puncak Alam,Milk-based,Caramel Macchiato,1,13,13,Cash
TXN-5204,10/3/2026,9:58,Putrajaya,Milk-based,Caramel Macchiato,1,13,13,Cash
TXN-5268,10/3/2026,9:58,Puncak Alam,Ice Blended,Ice Blended Chocolate Chip,1,14,14,QR
TXN-5237,10/3/2026,10:01,Puncak Alam,Milk-based,Mocha,1,12,12,QR
TXN-5247,10/3/2026,10:03,Puncak Alam,Espresso-based,Americano,1,9,9,QR
TXN-5140,10/3/2026,10:13,Putrajaya,Milk-based,Caramel Macchiato,2,13,26,QR
TXN-5203,10/3/2026,10:14,Putrajaya,Milk-based,Caramel Macchiato,1,13,13,QR
TXN-5225,10/3/2026,10:22,Puncak Alam,Espresso-based,Espresso,2,7,14,Cash
TXN-5229,10/3/2026,10:26,Puncak Alam,Milk-based,Cappuccino,1,11,11,QR
TXN-5202,10/3/2026,10:30,Putrajaya,Espresso-based,Americano,1,9,9,QR
TXN-5211,10/3/2026,10:32,Putrajaya,Milk-based,Mocha,1,12,12,QR
TXN-5239,10/3/2026,10:34,Puncak Alam,Espresso-based,Espresso,1,7,7,QR
TXN-5244,10/3/2026,10:37,Puncak Alam,Milk-based,Latte,1,11,11,QR
TXN-5254,10/3/2026,10:38,Puncak Alam,Milk-based,Latte,1,11,11,QR
TXN-5201,10/3/2026,10:39,Putrajaya,Milk-based,Caramel Macchiato,1,13,13,QR
TXN-5281,10/3/2026,10:39,Puncak Alam,Milk-based,Latte,1,11,11,QR
TXN-5232,10/3/2026,10:51,Puncak Alam,Ice Blended,Ice Blended Chocolate Chip,1,14,14,Cash
TXN-5165,10/3/2026,10:52,Putrajaya,Milk-based,Cappuccino,2,11,22,QR
TXN-5208,10/3/2026,10:52,Putrajaya,Milk-based,Mocha,1,12,12,QR
TXN-5195,10/3/2026,10:53,Putrajaya,Milk-based,Cappuccino,3,11,33,Cash
TXN-5265,10/3/2026,10:53,Puncak Alam,Milk-based,Caramel Macchiato,2,13,26,QR
TXN-5209,10/3/2026,11:06,Putrajaya,Espresso-based,Espresso,2,7,14,QR
TXN-5194,10/3/2026,11:07,Putrajaya,Milk-based,Latte,2,11,22,Cash
TXN-5228,10/3/2026,11:22,Puncak Alam,Milk-based,Cappuccino,1,11,11,Cash
TXN-5188,10/3/2026,11:31,Putrajaya,Espresso-based,Espresso,1,7,7,Cash
TXN-5258,10/3/2026,11:31,Puncak Alam,Espresso-based,Espresso,1,7,7,QR
TXN-5184,10/3/2026,11:37,Putrajaya,Ice Blended,Ice Blended Chocolate Chip,3,14,42,Cash
TXN-5266,10/3/2026,11:50,Puncak Alam,Milk-based,Mocha,1,12,12,QR
TXN-5189,10/3/2026,11:56,Putrajaya,Espresso-based,Espresso,3,7,21,QR
TXN-5187,10/3/2026,11:58,Putrajaya,Espresso-based,Americano,1,9,9,Cash
TXN-5193,10/3/2026,11:58,Putrajaya,Ice Blended,Ice Blended Chocolate Chip,1,14,14,QR
TXN-5175,10/3/2026,12:02,Putrajaya,Milk-based,Mocha,1,12,12,Cash
TXN-5181,10/3/2026,12:03,Putrajaya,Milk-based,Mocha,1,12,12,QR
TXN-5154,10/3/2026,12:10,Putrajaya,Milk-based,Mocha,1,12,12,QR
TXN-5242,10/3/2026,12:14,Puncak Alam,Espresso-based,Espresso,1,7,7,QR
TXN-5241,10/3/2026,12:19,Puncak Alam,Espresso-based,Americano,1,9,9,Cash
TXN-5285,10/3/2026,12:26,Puncak Alam,Milk-based,Mocha,1,12,12,QR
TXN-5158,10/3/2026,12:35,Putrajaya,Milk-based,Caramel Macchiato,1,13,13,QR
TXN-5156,10/3/2026,12:37,Putrajaya,Espresso-based,Americano,1,9,9,QR
TXN-5144,10/3/2026,12:42,Putrajaya,Ice Blended,Ice Blended Chocolate Chip,2,14,28,Cash
TXN-5278,10/3/2026,12:47,Puncak Alam,Ice Blended,Ice Blended Chocolate Chip,1,14,14,QR
TXN-5180,10/3/2026,12:53,Putrajaya,Ice Blended,Ice Blended Chocolate Chip,3,14,42,QR
TXN-5243,10/3/2026,13:09,Puncak Alam,Milk-based,Latte,1,11,11,QR
TXN-5253,10/3/2026,13:28,Puncak Alam,Milk-based,Caramel Macchiato,1,13,13,QR
TXN-5226,10/3/2026,13:29,Puncak Alam,Milk-based,Cappuccino,1,11,11,QR
TXN-5173,10/3/2026,13:33,Putrajaya,Milk-based,Caramel Macchiato,1,13,13,Cash
TXN-5159,10/3/2026,13:58,Putrajaya,Milk-based,Cappuccino,1,11,11,Cash
TXN-5274,10/3/2026,13:59,Puncak Alam,Espresso-based,Americano,2,9,18,QR
TXN-5148,10/3/2026,14:10,Putrajaya,Milk-based,Caramel Macchiato,1,13,13,Cash
TXN-5153,10/3/2026,14:10,Putrajaya,Ice Blended,Ice Blended Chocolate Chip,1,14,14,QR
TXN-5206,10/3/2026,14:12,Putrajaya,Milk-based,Caramel Macchiato,1,13,13,QR
TXN-5248,10/3/2026,14:22,Puncak Alam,Milk-based,Caramel Macchiato,1,13,13,QR
TXN-5280,10/3/2026,14:22,Puncak Alam,Ice Blended,Ice Blended Chocolate Chip,2,14,28,QR
TXN-5161,10/3/2026,14:31,Putrajaya,Milk-based,Cappuccino,2,11,22,QR
TXN-5255,10/3/2026,14:39,Puncak Alam,Espresso-based,Americano,1,9,9,QR
TXN-5205,10/3/2026,14:43,Putrajaya,Milk-based,Mocha,1,12,12,QR
TXN-5147,10/3/2026,15:02,Putrajaya,Espresso-based,Americano,1,9,9,QR
TXN-5183,10/3/2026,15:06,Putrajaya,Milk-based,Latte,1,11,11,QR
TXN-5164,10/3/2026,15:09,Putrajaya,Milk-based,Caramel Macchiato,1,13,13,QR
TXN-5196,10/3/2026,15:11,Putrajaya,Milk-based,Cappuccino,1,11,11,Cash
TXN-5174,10/3/2026,15:19,Putrajaya,Milk-based,Latte,1,11,11,Cash
TXN-5170,10/3/2026,15:22,Putrajaya,Espresso-based,Americano,1,9,9,Cash
TXN-5139,10/3/2026,15:26,Putrajaya,Milk-based,Caramel Macchiato,1,13,13,QR
TXN-5172,10/3/2026,15:26,Putrajaya,Espresso-based,Espresso,1,7,7,QR
TXN-5217,10/3/2026,15:26,Puncak Alam,Milk-based,Mocha,1,12,12,Cash
TXN-5263,10/3/2026,15:30,Puncak Alam,Milk-based,Cappuccino,2,11,22,Cash
TXN-5192,10/3/2026,15:35,Putrajaya,Ice Blended,Ice Blended Chocolate Chip,1,14,14,QR
TXN-5163,10/3/2026,15:41,Putrajaya,Espresso-based,Americano,2,9,18,Cash
TXN-5171,10/3/2026,15:41,Putrajaya,Milk-based,Latte,1,11,11,Cash
TXN-5222,10/3/2026,15:49,Puncak Alam,Espresso-based,Americano,1,9,9,QR
TXN-5276,10/3/2026,15:53,Puncak Alam,Espresso-based,Espresso,3,7,21,QR
TXN-5216,10/3/2026,15:54,Puncak Alam,Milk-based,Latte,2,11,22,Cash
TXN-5215,10/3/2026,16:03,Puncak Alam,Milk-based,Latte,1,11,11,QR
TXN-5238,10/3/2026,16:14,Puncak Alam,Milk-based,Mocha,1,12,12,Cash
TXN-5251,10/3/2026,16:15,Puncak Alam,Milk-based,Caramel Macchiato,1,13,13,QR
TXN-5256,10/3/2026,16:20,Puncak Alam,Milk-based,Cappuccino,2,11,22,Cash
TXN-5145,10/3/2026,16:21,Putrajaya,Milk-based,Latte,1,11,11,Cash
TXN-5279,10/3/2026,16:23,Puncak Alam,Milk-based,Mocha,1,12,12,QR
TXN-5272,10/3/2026,16:42,Puncak Alam,Espresso-based,Espresso,1,7,7,Cash
TXN-5227,10/3/2026,16:49,Puncak Alam,Espresso-based,Espresso,1,7,7,QR
TXN-5231,10/3/2026,16:50,Puncak Alam,Ice Blended,Ice Blended Chocolate Chip,1,14,14,QR
TXN-5252,10/3/2026,16:53,Puncak Alam,Milk-based,Caramel Macchiato,2,13,26,QR
TXN-5137,10/3/2026,16:58,Putrajaya,Espresso-based,Americano,1,9,9,QR
TXN-5277,10/3/2026,17:01,Puncak Alam,Espresso-based,Espresso,1,7,7,QR
TXN-5186,10/3/2026,17:23,Putrajaya,Ice Blended,Ice Blended Chocolate Chip,1,14,14,Cash
TXN-5267,10/3/2026,17:29,Puncak Alam,Espresso-based,Americano,1,9,9,QR
TXN-5177,10/3/2026,17:34,Putrajaya,Milk-based,Cappuccino,1,11,11,QR
TXN-5199,10/3/2026,17:39,Putrajaya,Milk-based,Cappuccino,1,11,11,Cash
TXN-5236,10/3/2026,17:53,Puncak Alam,Espresso-based,Americano,1,9,9,QR
TXN-5146,10/3/2026,17:59,Putrajaya,Milk-based,Caramel Macchiato,1,13,13,QR
TXN-5198,10/3/2026,17:59,Putrajaya,Milk-based,Caramel Macchiato,3,13,39,QR
TXN-5273,10/3/2026,18:05,Puncak Alam,Milk-based,Cappuccino,1,11,11,QR
TXN-5162,10/3/2026,18:06,Putrajaya,Ice Blended,Ice Blended Chocolate Chip,1,14,14,Cash
TXN-5214,10/3/2026,18:10,Puncak Alam,Milk-based,Latte,1,11,11,QR
TXN-5197,10/3/2026,18:33,Putrajaya,Ice Blended,Ice Blended Chocolate Chip,1,14,14,QR
TXN-5257,10/3/2026,18:39,Puncak Alam,Espresso-based,Espresso,4,7,28,QR
TXN-5191,10/3/2026,18:42,Putrajaya,Ice Blended,Ice Blended Chocolate Chip,2,14,28,QR
TXN-5246,10/3/2026,18:42,Puncak Alam,Espresso-based,Espresso,2,7,14,QR
TXN-5234,10/3/2026,18:59,Puncak Alam,Milk-based,Caramel Macchiato,1,13,13,QR
TXN-5166,10/3/2026,19:03,Putrajaya,Milk-based,Latte,2,11,22,QR
TXN-5185,10/3/2026,19:10,Putrajaya,Ice Blended,Ice Blended Chocolate Chip,1,14,14,QR
TXN-5141,10/3/2026,19:11,Putrajaya,Milk-based,Mocha,1,12,12,QR
TXN-5284,10/3/2026,19:14,Puncak Alam,Ice Blended,Ice Blended Chocolate Chip,1,14,14,QR
TXN-5264,10/3/2026,19:17,Puncak Alam,Ice Blended,Ice Blended Chocolate Chip,1,14,14,Cash
TXN-5178,10/3/2026,19:18,Putrajaya,Espresso-based,Espresso,1,7,7,QR
TXN-5275,10/3/2026,19:27,Puncak Alam,Milk-based,Caramel Macchiato,1,13,13,QR
TXN-5219,10/3/2026,19:36,Puncak Alam,Milk-based,Latte,3,11,33,Cash
TXN-5135,10/3/2026,19:37,Putrajaya,Ice Blended,Ice Blended Chocolate Chip,2,14,28,QR
TXN-5233,10/3/2026,19:47,Puncak Alam,Ice Blended,Ice Blended Chocolate Chip,3,14,42,QR
TXN-5262,10/3/2026,19:53,Puncak Alam,Ice Blended,Ice Blended Chocolate Chip,1,14,14,Cash
TXN-5230,10/3/2026,19:59,Puncak Alam,Milk-based,Cappuccino,1,11,11,Cash
TXN-5213,10/3/2026,20:03,Putrajaya,Milk-based,Latte,1,11,11,Cash
TXN-5218,10/3/2026,20:03,Puncak Alam,Milk-based,Latte,2,11,22,Cash
TXN-5210,10/3/2026,20:06,Putrajaya,Milk-based,Latte,1,11,11,QR
TXN-5149,10/3/2026,20:09,Putrajaya,Ice Blended,Ice Blended Chocolate Chip,1,14,14,QR
TXN-5235,10/3/2026,20:09,Puncak Alam,Espresso-based,Espresso,2,7,14,QR
TXN-5220,10/3/2026,20:10,Puncak Alam,Espresso-based,Espresso,1,7,7,QR
TXN-5176,10/3/2026,20:17,Putrajaya,Milk-based,Mocha,3,12,36,QR
TXN-5259,10/3/2026,20:30,Puncak Alam,Milk-based,Latte,1,11,11,QR
TXN-5190,10/3/2026,20:32,Putrajaya,Espresso-based,Americano,1,9,9,QR
TXN-5269,10/3/2026,20:37,Puncak Alam,Espresso-based,Espresso,3,7,21,QR
TXN-5155,10/3/2026,20:39,Putrajaya,Milk-based,Mocha,1,12,12,QR
TXN-5179,10/3/2026,20:46,Putrajaya,Milk-based,Latte,1,11,11,QR
TXN-5271,10/3/2026,20:47,Puncak Alam,Milk-based,Mocha,1,12,12,QR
TXN-5169,10/3/2026,20:51,Putrajaya,Milk-based,Latte,3,11,33,QR
TXN-5260,10/3/2026,20:53,Puncak Alam,Milk-based,Caramel Macchiato,3,13,39,QR
TXN-5221,10/3/2026,20:55,Puncak Alam,Milk-based,Mocha,3,12,36,QR
TXN-5261,10/3/2026,20:59,Puncak Alam,Espresso-based,Espresso,1,7,7,Cash
TXN-5160,10/3/2026,21:00,Putrajaya,Milk-based,Caramel Macchiato,1,13,13,QR
TXN-5245,10/3/2026,21:13,Puncak Alam,Milk-based,Latte,1,11,11,QR
TXN-5200,10/3/2026,21:14,Putrajaya,Milk-based,Cappuccino,1,11,11,QR
TXN-5282,10/3/2026,21:15,Puncak Alam,Milk-based,Cappuccino,1,11,11,QR
TXN-5142,10/3/2026,21:34,Putrajaya,Milk-based,Cappuccino,2,11,22,QR
TXN-5212,10/3/2026,21:42,Putrajaya,Milk-based,Cappuccino,1,11,11,QR
TXN-5182,10/3/2026,21:54,Putrajaya,Milk-based,Latte,1,11,11,Cash
TXN-5250,10/3/2026,21:54,Puncak Alam,Espresso-based,Espresso,1,7,7,QR
TXN-5404,11/3/2026,8:09,Puncak Alam,Ice Blended,Ice Blended Chocolate Chip,1,14,14,QR
TXN-5402,11/3/2026,8:12,Puncak Alam,Milk-based,Cappuccino,2,11,22,QR
TXN-5389,11/3/2026,8:22,Puncak Alam,Espresso-based,Espresso,1,7,7,QR
TXN-5336,11/3/2026,8:27,Puncak Alam,Milk-based,Cappuccino,1,11,11,Cash
TXN-5313,11/3/2026,8:28,Putrajaya,Milk-based,Mocha,2,12,24,QR
TXN-5393,11/3/2026,8:40,Puncak Alam,Milk-based,Mocha,1,12,12,QR
TXN-5409,11/3/2026,8:40,Puncak Alam,Milk-based,Caramel Macchiato,1,13,13,Cash
TXN-5380,11/3/2026,8:50,Puncak Alam,Milk-based,Mocha,1,12,12,QR
TXN-5312,11/3/2026,9:23,Putrajaya,Espresso-based,Espresso,2,7,14,QR
TXN-5309,11/3/2026,9:28,Putrajaya,Ice Blended,Ice Blended Chocolate Chip,1,14,14,QR
TXN-5310,11/3/2026,9:28,Putrajaya,Milk-based,Latte,1,11,11,QR
TXN-5359,11/3/2026,9:31,Puncak Alam,Ice Blended,Ice Blended Chocolate Chip,1,14,14,Cash
TXN-5355,11/3/2026,9:36,Puncak Alam,Ice Blended,Ice Blended Chocolate Chip,3,14,42,Cash
TXN-5377,11/3/2026,9:37,Puncak Alam,Ice Blended,Ice Blended Chocolate Chip,1,14,14,QR
TXN-5328,11/3/2026,9:39,Putrajaya,Milk-based,Cappuccino,1,11,11,QR
TXN-5289,11/3/2026,9:43,Putrajaya,Milk-based,Latte,1,11,11,Cash
TXN-5384,11/3/2026,9:55,Puncak Alam,Ice Blended,Ice Blended Chocolate Chip,1,14,14,QR
TXN-5350,11/3/2026,10:06,Puncak Alam,Milk-based,Caramel Macchiato,1,13,13,Cash
TXN-5369,11/3/2026,10:15,Puncak Alam,Milk-based,Caramel Macchiato,1,13,13,QR
TXN-5329,11/3/2026,10:37,Putrajaya,Milk-based,Mocha,1,12,12,QR
TXN-5314,11/3/2026,10:51,Putrajaya,Milk-based,Caramel Macchiato,1,13,13,QR
TXN-5343,11/3/2026,10:54,Puncak Alam,Milk-based,Caramel Macchiato,1,13,13,QR
TXN-5356,11/3/2026,10:59,Puncak Alam,Milk-based,Cappuccino,1,11,11,QR
TXN-5334,11/3/2026,11:01,Putrajaya,Espresso-based,Espresso,1,7,7,QR
TXN-5362,11/3/2026,11:03,Puncak Alam,Ice Blended,Ice Blended Chocolate Chip,1,14,14,QR
TXN-5286,11/3/2026,11:21,Putrajaya,Espresso-based,Americano,4,9,36,QR
TXN-5308,11/3/2026,11:26,Putrajaya,Ice Blended,Ice Blended Chocolate Chip,1,14,14,QR
TXN-5399,11/3/2026,11:27,Puncak Alam,Milk-based,Mocha,1,12,12,QR
TXN-5375,11/3/2026,11:39,Puncak Alam,Milk-based,Caramel Macchiato,1,13,13,Cash
TXN-5321,11/3/2026,11:43,Putrajaya,Milk-based,Mocha,1,12,12,QR
TXN-5337,11/3/2026,11:44,Puncak Alam,Espresso-based,Espresso,1,7,7,QR
TXN-5364,11/3/2026,11:56,Puncak Alam,Espresso-based,Americano,3,9,27,Cash
TXN-5319,11/3/2026,12:13,Putrajaya,Milk-based,Caramel Macchiato,1,13,13,QR
TXN-5306,11/3/2026,12:16,Putrajaya,Ice Blended,Ice Blended Chocolate Chip,1,14,14,QR
TXN-5361,11/3/2026,12:22,Puncak Alam,Espresso-based,Americano,2,9,18,QR
TXN-5295,11/3/2026,12:27,Putrajaya,Milk-based,Latte,1,11,11,QR
TXN-5317,11/3/2026,12:44,Putrajaya,Milk-based,Latte,2,11,22,Cash
TXN-5357,11/3/2026,12:51,Puncak Alam,Ice Blended,Ice Blended Chocolate Chip,1,14,14,QR
TXN-5330,11/3/2026,13:19,Putrajaya,Espresso-based,Espresso,1,7,7,QR
TXN-5403,11/3/2026,13:35,Puncak Alam,Espresso-based,Espresso,3,7,21,QR
TXN-5378,11/3/2026,13:38,Puncak Alam,Milk-based,Caramel Macchiato,3,13,39,QR
TXN-5383,11/3/2026,13:48,Puncak Alam,Espresso-based,Americano,1,9,9,QR
TXN-5348,11/3/2026,13:52,Puncak Alam,Milk-based,Mocha,1,12,12,QR
TXN-5322,11/3/2026,13:54,Putrajaya,Milk-based,Latte,1,11,11,QR
TXN-5347,11/3/2026,13:59,Puncak Alam,Milk-based,Cappuccino,1,11,11,QR
TXN-5338,11/3/2026,14:05,Puncak Alam,Espresso-based,Americano,1,9,9,QR
TXN-5293,11/3/2026,14:12,Putrajaya,Milk-based,Latte,1,11,11,QR
TXN-5400,11/3/2026,14:23,Puncak Alam,Espresso-based,Americano,1,9,9,QR
TXN-5320,11/3/2026,14:33,Putrajaya,Espresso-based,Espresso,3,7,21,QR
TXN-5373,11/3/2026,14:39,Puncak Alam,Espresso-based,Americano,1,9,9,QR
TXN-5345,11/3/2026,14:48,Puncak Alam,Milk-based,Latte,2,11,22,Cash
TXN-5287,11/3/2026,14:50,Putrajaya,Ice Blended,Ice Blended Chocolate Chip,1,14,14,Cash
TXN-5335,11/3/2026,14:52,Putrajaya,Milk-based,Latte,1,11,11,QR
TXN-5307,11/3/2026,14:56,Putrajaya,Milk-based,Caramel Macchiato,1,13,13,QR
TXN-5346,11/3/2026,15:00,Puncak Alam,Espresso-based,Americano,1,9,9,QR
TXN-5370,11/3/2026,15:03,Puncak Alam,Ice Blended,Ice Blended Chocolate Chip,1,14,14,Cash
TXN-5291,11/3/2026,15:05,Putrajaya,Milk-based,Caramel Macchiato,1,13,13,Cash
TXN-5299,11/3/2026,15:12,Putrajaya,Milk-based,Mocha,1,12,12,QR
TXN-5311,11/3/2026,15:19,Putrajaya,Ice Blended,Ice Blended Chocolate Chip,1,14,14,QR
TXN-5354,11/3/2026,15:20,Puncak Alam,Milk-based,Mocha,3,12,36,Cash
TXN-5304,11/3/2026,15:36,Putrajaya,Milk-based,Caramel Macchiato,2,13,26,QR
TXN-5290,11/3/2026,15:57,Putrajaya,Ice Blended,Ice Blended Chocolate Chip,1,14,14,QR
TXN-5292,11/3/2026,15:58,Putrajaya,Milk-based,Cappuccino,1,11,11,QR
TXN-5394,11/3/2026,16:16,Puncak Alam,Milk-based,Caramel Macchiato,1,13,13,QR
TXN-5332,11/3/2026,16:22,Putrajaya,Espresso-based,Americano,4,9,36,QR
TXN-5401,11/3/2026,16:32,Puncak Alam,Milk-based,Cappuccino,2,11,22,Cash
TXN-5395,11/3/2026,16:43,Puncak Alam,Milk-based,Latte,2,11,22,QR
TXN-5300,11/3/2026,16:45,Putrajaya,Milk-based,Cappuccino,1,11,11,Cash
TXN-5379,11/3/2026,16:49,Puncak Alam,Espresso-based,Espresso,1,7,7,QR
TXN-5303,11/3/2026,16:56,Putrajaya,Milk-based,Latte,1,11,11,Cash
TXN-5339,11/3/2026,16:57,Puncak Alam,Espresso-based,Espresso,1,7,7,QR
TXN-5352,11/3/2026,17:01,Puncak Alam,Milk-based,Latte,3,11,33,QR
TXN-5381,11/3/2026,17:06,Puncak Alam,Milk-based,Caramel Macchiato,1,13,13,QR
TXN-5365,11/3/2026,17:10,Puncak Alam,Ice Blended,Ice Blended Chocolate Chip,1,14,14,QR
TXN-5353,11/3/2026,17:24,Puncak Alam,Espresso-based,Americano,2,9,18,Cash
TXN-5318,11/3/2026,17:30,Putrajaya,Ice Blended,Ice Blended Chocolate Chip,1,14,14,QR
TXN-5305,11/3/2026,17:40,Putrajaya,Ice Blended,Ice Blended Chocolate Chip,2,14,28,QR
TXN-5410,11/3/2026,17:49,Puncak Alam,Espresso-based,Americano,1,9,9,Cash
TXN-5333,11/3/2026,17:55,Putrajaya,Espresso-based,Espresso,1,7,7,QR
TXN-5382,11/3/2026,17:56,Puncak Alam,Ice Blended,Ice Blended Chocolate Chip,1,14,14,Cash
TXN-5360,11/3/2026,18:00,Puncak Alam,Milk-based,Caramel Macchiato,1,13,13,QR
TXN-5325,11/3/2026,18:06,Putrajaya,Espresso-based,Espresso,1,7,7,QR
TXN-5411,11/3/2026,18:08,Puncak Alam,Milk-based,Cappuccino,1,11,11,QR
TXN-5358,11/3/2026,18:14,Puncak Alam,Milk-based,Latte,2,11,22,QR
TXN-5367,11/3/2026,18:14,Puncak Alam,Milk-based,Mocha,2,12,24,Cash
TXN-5344,11/3/2026,18:23,Puncak Alam,Espresso-based,Americano,2,9,18,QR
TXN-5294,11/3/2026,18:32,Putrajaya,Milk-based,Cappuccino,1,11,11,Cash
TXN-5392,11/3/2026,19:01,Puncak Alam,Milk-based,Latte,1,11,11,Cash
TXN-5371,11/3/2026,19:14,Puncak Alam,Milk-based,Mocha,1,12,12,QR
TXN-5385,11/3/2026,19:16,Puncak Alam,Milk-based,Mocha,1,12,12,Cash
TXN-5341,11/3/2026,19:21,Puncak Alam,Espresso-based,Espresso,1,7,7,QR
TXN-5376,11/3/2026,19:22,Puncak Alam,Espresso-based,Americano,1,9,9,QR
TXN-5398,11/3/2026,19:27,Puncak Alam,Ice Blended,Ice Blended Chocolate Chip,2,14,28,QR
TXN-5386,11/3/2026,19:28,Puncak Alam,Milk-based,Cappuccino,1,11,11,QR
TXN-5288,11/3/2026,19:30,Putrajaya,Milk-based,Mocha,2,12,24,QR
TXN-5297,11/3/2026,19:40,Putrajaya,Milk-based,Caramel Macchiato,2,13,26,Cash
TXN-5327,11/3/2026,19:56,Putrajaya,Milk-based,Mocha,1,12,12,QR
TXN-5374,11/3/2026,20:05,Puncak Alam,Ice Blended,Ice Blended Chocolate Chip,3,14,42,QR
TXN-5323,11/3/2026,20:10,Putrajaya,Ice Blended,Ice Blended Chocolate Chip,1,14,14,QR
TXN-5368,11/3/2026,20:20,Puncak Alam,Milk-based,Cappuccino,2,11,22,Cash
TXN-5397,11/3/2026,20:22,Puncak Alam,Ice Blended,Ice Blended Chocolate Chip,1,14,14,QR
TXN-5407,11/3/2026,20:23,Puncak Alam,Milk-based,Mocha,1,12,12,QR
TXN-5342,11/3/2026,20:29,Puncak Alam,Milk-based,Cappuccino,2,11,22,QR
TXN-5351,11/3/2026,20:29,Puncak Alam,Milk-based,Mocha,1,12,12,QR
TXN-5391,11/3/2026,20:30,Puncak Alam,Espresso-based,Espresso,1,7,7,QR
TXN-5366,11/3/2026,20:31,Puncak Alam,Milk-based,Caramel Macchiato,2,13,26,QR
TXN-5298,11/3/2026,20:37,Putrajaya,Milk-based,Mocha,1,12,12,QR
TXN-5302,11/3/2026,20:42,Putrajaya,Milk-based,Caramel Macchiato,1,13,13,QR
TXN-5301,11/3/2026,20:44,Putrajaya,Milk-based,Latte,1,11,11,QR
TXN-5349,11/3/2026,20:44,Puncak Alam,Espresso-based,Espresso,1,7,7,QR
TXN-5363,11/3/2026,20:49,Puncak Alam,Espresso-based,Espresso,1,7,7,QR
TXN-5396,11/3/2026,20:52,Puncak Alam,Espresso-based,Americano,1,9,9,Cash
TXN-5296,11/3/2026,21:20,Putrajaya,Milk-based,Caramel Macchiato,1,13,13,Cash
TXN-5331,11/3/2026,21:22,Putrajaya,Ice Blended,Ice Blended Chocolate Chip,1,14,14,Cash
TXN-5408,11/3/2026,21:24,Puncak Alam,Milk-based,Latte,3,11,33,QR
TXN-5316,11/3/2026,21:29,Putrajaya,Espresso-based,Espresso,1,7,7,QR
TXN-5315,11/3/2026,21:37,Putrajaya,Milk-based,Latte,2,11,22,Cash
TXN-5340,11/3/2026,21:39,Puncak Alam,Espresso-based,Espresso,1,7,7,QR
TXN-5405,11/3/2026,21:39,Puncak Alam,Milk-based,Caramel Macchiato,1,13,13,QR
TXN-5387,11/3/2026,21:41,Puncak Alam,Espresso-based,Espresso,1,7,7,Cash
TXN-5388,11/3/2026,21:41,Puncak Alam,Espresso-based,Espresso,1,7,7,Cash
TXN-5390,11/3/2026,21:44,Puncak Alam,Ice Blended,Ice Blended Chocolate Chip,1,14,14,Cash
TXN-5406,11/3/2026,21:49,Puncak Alam,Espresso-based,Americano,1,9,9,QR
TXN-5372,11/3/2026,21:52,Puncak Alam,Espresso-based,Americano,1,9,9,Cash
TXN-5326,11/3/2026,21:55,Putrajaya,Milk-based,Mocha,1,12,12,QR
TXN-5324,11/3/2026,21:56,Putrajaya,Ice Blended,Ice Blended Chocolate Chip,1,14,14,QR
TXN-5445,12/3/2026,8:00,Putrajaya,Milk-based,Latte,1,11,11,QR
TXN-5531,12/3/2026,8:00,Puncak Alam,Milk-based,Mocha,1,12,12,QR
TXN-5512,12/3/2026,8:04,Puncak Alam,Milk-based,Caramel Macchiato,2,13,26,QR
TXN-5415,12/3/2026,8:10,Putrajaya,Ice Blended,Ice Blended Chocolate Chip,1,14,14,QR
TXN-5508,12/3/2026,8:13,Puncak Alam,Milk-based,Cappuccino,1,11,11,QR
TXN-5432,12/3/2026,8:15,Putrajaya,Ice Blended,Ice Blended Chocolate Chip,1,14,14,Cash
TXN-5444,12/3/2026,8:18,Putrajaya,Espresso-based,Americano,1,9,9,QR
TXN-5455,12/3/2026,8:18,Putrajaya,Milk-based,Cappuccino,1,11,11,Cash
TXN-5527,12/3/2026,8:23,Puncak Alam,Milk-based,Mocha,4,12,48,QR
TXN-5461,12/3/2026,8:26,Putrajaya,Milk-based,Mocha,2,12,24,QR
TXN-5457,12/3/2026,8:30,Putrajaya,Espresso-based,Americano,1,9,9,QR
TXN-5532,12/3/2026,8:36,Puncak Alam,Milk-based,Latte,1,11,11,Cash
TXN-5540,12/3/2026,8:38,Puncak Alam,Milk-based,Caramel Macchiato,4,13,52,QR
TXN-5492,12/3/2026,8:48,Puncak Alam,Milk-based,Cappuccino,1,11,11,Cash
TXN-5516,12/3/2026,8:51,Puncak Alam,Milk-based,Caramel Macchiato,1,13,13,QR
TXN-5503,12/3/2026,8:52,Puncak Alam,Milk-based,Latte,2,11,22,QR
TXN-5459,12/3/2026,9:00,Putrajaya,Espresso-based,Espresso,2,7,14,QR
TXN-5509,12/3/2026,9:03,Puncak Alam,Espresso-based,Espresso,3,7,21,QR
TXN-5483,12/3/2026,9:05,Putrajaya,Milk-based,Cappuccino,1,11,11,QR
TXN-5470,12/3/2026,9:06,Putrajaya,Ice Blended,Ice Blended Chocolate Chip,1,14,14,Cash
TXN-5454,12/3/2026,9:10,Putrajaya,Milk-based,Caramel Macchiato,3,13,39,Cash
TXN-5479,12/3/2026,9:14,Putrajaya,Milk-based,Cappuccino,1,11,11,Cash
TXN-5504,12/3/2026,9:14,Puncak Alam,Milk-based,Cappuccino,1,11,11,Cash
TXN-5431,12/3/2026,9:16,Putrajaya,Milk-based,Caramel Macchiato,1,13,13,Cash
TXN-5489,12/3/2026,9:22,Puncak Alam,Milk-based,Mocha,2,12,24,QR
TXN-5446,12/3/2026,9:34,Putrajaya,Milk-based,Cappuccino,1,11,11,QR
TXN-5495,12/3/2026,9:44,Puncak Alam,Milk-based,Mocha,2,12,24,QR
TXN-5418,12/3/2026,9:49,Putrajaya,Milk-based,Caramel Macchiato,1,13,13,Cash
TXN-5490,12/3/2026,9:51,Puncak Alam,Milk-based,Latte,1,11,11,QR
TXN-5475,12/3/2026,9:56,Putrajaya,Milk-based,Caramel Macchiato,3,13,39,Cash
TXN-5439,12/3/2026,10:11,Putrajaya,Milk-based,Mocha,1,12,12,Cash
TXN-5424,12/3/2026,10:21,Putrajaya,Milk-based,Caramel Macchiato,1,13,13,Cash
TXN-5466,12/3/2026,10:21,Putrajaya,Espresso-based,Espresso,3,7,21,QR
TXN-5413,12/3/2026,10:55,Putrajaya,Milk-based,Cappuccino,1,11,11,QR
TXN-5467,12/3/2026,11:15,Putrajaya,Milk-based,Latte,1,11,11,Cash
TXN-5524,12/3/2026,11:20,Puncak Alam,Milk-based,Latte,2,11,22,Cash
TXN-5421,12/3/2026,11:29,Putrajaya,Milk-based,Mocha,3,12,36,QR
TXN-5520,12/3/2026,11:34,Puncak Alam,Espresso-based,Americano,1,9,9,QR
TXN-5426,12/3/2026,11:36,Putrajaya,Milk-based,Cappuccino,1,11,11,QR
TXN-5499,12/3/2026,11:39,Puncak Alam,Milk-based,Caramel Macchiato,1,13,13,Cash
TXN-5543,12/3/2026,11:45,Puncak Alam,Espresso-based,Espresso,2,7,14,QR
TXN-5412,12/3/2026,11:48,Putrajaya,Espresso-based,Espresso,2,7,14,Cash
TXN-5480,12/3/2026,11:48,Putrajaya,Espresso-based,Americano,1,9,9,Cash
TXN-5517,12/3/2026,11:48,Puncak Alam,Milk-based,Caramel Macchiato,3,13,39,QR
TXN-5472,12/3/2026,12:06,Putrajaya,Milk-based,Cappuccino,1,11,11,QR
TXN-5493,12/3/2026,12:12,Puncak Alam,Milk-based,Cappuccino,1,11,11,QR
TXN-5448,12/3/2026,12:26,Putrajaya,Espresso-based,Espresso,1,7,7,QR
TXN-5491,12/3/2026,12:39,Puncak Alam,Ice Blended,Ice Blended Chocolate Chip,1,14,14,Cash
TXN-5530,12/3/2026,12:45,Puncak Alam,Milk-based,Latte,2,11,22,QR
TXN-5521,12/3/2026,12:46,Puncak Alam,Milk-based,Caramel Macchiato,1,13,13,QR
TXN-5535,12/3/2026,12:59,Puncak Alam,Ice Blended,Ice Blended Chocolate Chip,3,14,42,QR
TXN-5451,12/3/2026,13:03,Putrajaya,Milk-based,Cappuccino,1,11,11,Cash
TXN-5538,12/3/2026,13:08,Puncak Alam,Espresso-based,Americano,1,9,9,QR
TXN-5534,12/3/2026,13:13,Puncak Alam,Milk-based,Mocha,1,12,12,QR
TXN-5506,12/3/2026,13:21,Puncak Alam,Milk-based,Caramel Macchiato,2,13,26,QR
TXN-5481,12/3/2026,13:25,Putrajaya,Milk-based,Latte,1,11,11,Cash
TXN-5526,12/3/2026,13:33,Puncak Alam,Milk-based,Mocha,1,12,12,QR
TXN-5544,12/3/2026,14:06,Puncak Alam,Ice Blended,Ice Blended Chocolate Chip,1,14,14,QR
TXN-5473,12/3/2026,14:09,Putrajaya,Milk-based,Mocha,4,12,48,QR
TXN-5510,12/3/2026,14:12,Puncak Alam,Milk-based,Latte,1,11,11,Cash
TXN-5427,12/3/2026,14:16,Putrajaya,Espresso-based,Espresso,1,7,7,QR
TXN-5476,12/3/2026,14:22,Putrajaya,Espresso-based,Americano,2,9,18,QR
TXN-5497,12/3/2026,14:30,Puncak Alam,Milk-based,Latte,1,11,11,QR
TXN-5443,12/3/2026,14:32,Putrajaya,Espresso-based,Americano,1,9,9,QR
TXN-5456,12/3/2026,14:33,Putrajaya,Milk-based,Latte,1,11,11,QR
TXN-5436,12/3/2026,14:41,Putrajaya,Milk-based,Caramel Macchiato,1,13,13,Cash
TXN-5484,12/3/2026,14:49,Putrajaya,Ice Blended,Ice Blended Chocolate Chip,1,14,14,QR
TXN-5430,12/3/2026,14:59,Putrajaya,Milk-based,Latte,1,11,11,QR
TXN-5450,12/3/2026,15:03,Putrajaya,Espresso-based,Americano,1,9,9,QR
TXN-5523,12/3/2026,15:13,Puncak Alam,Milk-based,Latte,1,11,11,Cash
TXN-5419,12/3/2026,15:19,Putrajaya,Espresso-based,Americano,1,9,9,QR
TXN-5420,12/3/2026,15:26,Putrajaya,Milk-based,Latte,2,11,22,Cash
TXN-5433,12/3/2026,15:26,Putrajaya,Milk-based,Caramel Macchiato,1,13,13,Cash
TXN-5537,12/3/2026,15:43,Puncak Alam,Espresso-based,Americano,2,9,18,QR
TXN-5542,12/3/2026,15:50,Puncak Alam,Espresso-based,Espresso,1,7,7,QR
TXN-5416,12/3/2026,15:58,Putrajaya,Milk-based,Caramel Macchiato,1,13,13,Cash
TXN-5482,12/3/2026,16:12,Putrajaya,Milk-based,Latte,1,11,11,QR
TXN-5519,12/3/2026,16:14,Puncak Alam,Milk-based,Mocha,3,12,36,QR
TXN-5438,12/3/2026,16:19,Putrajaya,Milk-based,Caramel Macchiato,4,13,52,QR
TXN-5513,12/3/2026,16:20,Puncak Alam,Milk-based,Latte,1,11,11,QR
TXN-5486,12/3/2026,16:26,Puncak Alam,Milk-based,Mocha,1,12,12,QR
TXN-5511,12/3/2026,16:32,Puncak Alam,Ice Blended,Ice Blended Chocolate Chip,2,14,28,Cash
TXN-5440,12/3/2026,16:37,Putrajaya,Milk-based,Caramel Macchiato,1,13,13,Cash
TXN-5458,12/3/2026,16:41,Putrajaya,Espresso-based,Americano,1,9,9,QR
TXN-5468,12/3/2026,16:49,Putrajaya,Ice Blended,Ice Blended Chocolate Chip,1,14,14,QR
TXN-5471,12/3/2026,17:05,Putrajaya,Milk-based,Mocha,1,12,12,QR
TXN-5515,12/3/2026,17:06,Puncak Alam,Milk-based,Cappuccino,1,11,11,QR
TXN-5428,12/3/2026,17:15,Putrajaya,Ice Blended,Ice Blended Chocolate Chip,1,14,14,QR
TXN-5429,12/3/2026,17:24,Putrajaya,Espresso-based,Espresso,1,7,7,QR
TXN-5498,12/3/2026,17:32,Puncak Alam,Ice Blended,Ice Blended Chocolate Chip,2,14,28,Cash
TXN-5434,12/3/2026,17:45,Putrajaya,Ice Blended,Ice Blended Chocolate Chip,1,14,14,Cash
TXN-5507,12/3/2026,17:54,Puncak Alam,Espresso-based,Espresso,2,7,14,QR
TXN-5496,12/3/2026,17:55,Puncak Alam,Milk-based,Caramel Macchiato,1,13,13,QR
TXN-5447,12/3/2026,17:59,Putrajaya,Espresso-based,Americano,1,9,9,QR
TXN-5488,12/3/2026,18:11,Puncak Alam,Milk-based,Caramel Macchiato,1,13,13,QR
TXN-5414,12/3/2026,18:12,Putrajaya,Ice Blended,Ice Blended Chocolate Chip,1,14,14,QR
TXN-5533,12/3/2026,18:16,Puncak Alam,Milk-based,Caramel Macchiato,1,13,13,QR
TXN-5536,12/3/2026,18:16,Puncak Alam,Milk-based,Latte,1,11,11,QR
TXN-5462,12/3/2026,18:48,Putrajaya,Milk-based,Latte,1,11,11,Cash
TXN-5423,12/3/2026,18:57,Putrajaya,Espresso-based,Espresso,3,7,21,Cash
TXN-5501,12/3/2026,19:09,Puncak Alam,Milk-based,Cappuccino,2,11,22,QR
TXN-5464,12/3/2026,19:13,Putrajaya,Espresso-based,Americano,1,9,9,Cash
TXN-5505,12/3/2026,19:19,Puncak Alam,Milk-based,Latte,1,11,11,QR
TXN-5502,12/3/2026,19:23,Puncak Alam,Espresso-based,Espresso,3,7,21,QR
TXN-5449,12/3/2026,19:25,Putrajaya,Espresso-based,Americano,2,9,18,QR
TXN-5460,12/3/2026,19:33,Putrajaya,Espresso-based,Americano,1,9,9,QR
TXN-5441,12/3/2026,19:40,Putrajaya,Milk-based,Cappuccino,1,11,11,QR
TXN-5518,12/3/2026,19:41,Puncak Alam,Milk-based,Cappuccino,1,11,11,QR
TXN-5465,12/3/2026,19:55,Putrajaya,Milk-based,Mocha,4,12,48,QR
TXN-5422,12/3/2026,19:56,Putrajaya,Ice Blended,Ice Blended Chocolate Chip,1,14,14,QR
TXN-5500,12/3/2026,19:57,Puncak Alam,Milk-based,Cappuccino,3,11,33,QR
TXN-5529,12/3/2026,20:13,Puncak Alam,Milk-based,Cappuccino,1,11,11,QR
TXN-5485,12/3/2026,20:24,Puncak Alam,Ice Blended,Ice Blended Chocolate Chip,1,14,14,Cash
TXN-5463,12/3/2026,20:37,Putrajaya,Espresso-based,Espresso,1,7,7,Cash
TXN-5478,12/3/2026,20:37,Putrajaya,Milk-based,Caramel Macchiato,1,13,13,QR
TXN-5469,12/3/2026,20:38,Putrajaya,Ice Blended,Ice Blended Chocolate Chip,1,14,14,QR
TXN-5528,12/3/2026,20:41,Puncak Alam,Espresso-based,Americano,4,9,36,QR
TXN-5474,12/3/2026,20:46,Putrajaya,Espresso-based,Espresso,4,7,28,QR
TXN-5437,12/3/2026,20:52,Putrajaya,Milk-based,Latte,2,11,22,Cash
TXN-5494,12/3/2026,20:57,Puncak Alam,Milk-based,Mocha,1,12,12,QR
TXN-5425,12/3/2026,21:08,Putrajaya,Espresso-based,Espresso,2,7,14,QR
TXN-5541,12/3/2026,21:12,Puncak Alam,Ice Blended,Ice Blended Chocolate Chip,1,14,14,QR
TXN-5522,12/3/2026,21:17,Puncak Alam,Milk-based,Latte,2,11,22,Cash
TXN-5525,12/3/2026,21:18,Puncak Alam,Milk-based,Latte,1,11,11,Cash
TXN-5477,12/3/2026,21:21,Putrajaya,Ice Blended,Ice Blended Chocolate Chip,3,14,42,Cash
TXN-5514,12/3/2026,21:22,Puncak Alam,Milk-based,Mocha,2,12,24,QR
TXN-5442,12/3/2026,21:36,Putrajaya,Milk-based,Mocha,1,12,12,Cash
TXN-5452,12/3/2026,21:42,Putrajaya,Milk-based,Cappuccino,2,11,22,QR
TXN-5435,12/3/2026,21:44,Putrajaya,Espresso-based,Espresso,1,7,7,Cash
TXN-5487,12/3/2026,21:47,Puncak Alam,Milk-based,Cappuccino,2,11,22,QR
TXN-5539,12/3/2026,21:52,Puncak Alam,Ice Blended,Ice Blended Chocolate Chip,1,14,14,QR
TXN-5417,12/3/2026,21:54,Putrajaya,Milk-based,Mocha,1,12,12,QR
TXN-5453,12/3/2026,21:54,Putrajaya,Ice Blended,Ice Blended Chocolate Chip,2,14,28,QR
TXN-5650,13/3/2026,8:07,Puncak Alam,Espresso-based,Americano,1,9,9,QR
TXN-5648,13/3/2026,8:17,Puncak Alam,Ice Blended,Ice Blended Chocolate Chip,1,14,14,QR
TXN-5595,13/3/2026,8:23,Puncak Alam,Milk-based,Latte,1,11,11,Cash
TXN-5641,13/3/2026,8:23,Puncak Alam,Espresso-based,Espresso,1,7,7,Cash
TXN-5658,13/3/2026,8:33,Puncak Alam,Milk-based,Cappuccino,3,11,33,QR
TXN-5651,13/3/2026,8:38,Puncak Alam,Milk-based,Mocha,1,12,12,QR
TXN-5547,13/3/2026,8:49,Putrajaya,Milk-based,Mocha,1,12,12,QR
TXN-5645,13/3/2026,8:50,Puncak Alam,Ice Blended,Ice Blended Chocolate Chip,2,14,28,QR
TXN-5625,13/3/2026,8:52,Puncak Alam,Espresso-based,Espresso,2,7,14,QR
TXN-5613,13/3/2026,8:53,Puncak Alam,Milk-based,Mocha,1,12,12,QR
TXN-5567,13/3/2026,9:15,Putrajaya,Ice Blended,Ice Blended Chocolate Chip,1,14,14,QR
TXN-5607,13/3/2026,9:19,Puncak Alam,Ice Blended,Ice Blended Chocolate Chip,1,14,14,QR
TXN-5638,13/3/2026,9:22,Puncak Alam,Ice Blended,Ice Blended Chocolate Chip,2,14,28,QR
TXN-5637,13/3/2026,9:25,Puncak Alam,Espresso-based,Americano,1,9,9,QR
TXN-5594,13/3/2026,9:30,Puncak Alam,Milk-based,Mocha,1,12,12,QR
TXN-5588,13/3/2026,9:32,Puncak Alam,Milk-based,Mocha,1,12,12,QR
TXN-5646,13/3/2026,9:38,Puncak Alam,Espresso-based,Americano,1,9,9,Cash
TXN-5583,13/3/2026,9:42,Puncak Alam,Milk-based,Caramel Macchiato,2,13,26,Cash
TXN-5636,13/3/2026,9:46,Puncak Alam,Milk-based,Cappuccino,1,11,11,QR
TXN-5656,13/3/2026,9:48,Puncak Alam,Milk-based,Mocha,1,12,12,QR
TXN-5571,13/3/2026,9:49,Putrajaya,Milk-based,Mocha,1,12,12,QR
TXN-5591,13/3/2026,9:53,Puncak Alam,Espresso-based,Espresso,1,7,7,QR
TXN-5628,13/3/2026,10:05,Puncak Alam,Ice Blended,Ice Blended Chocolate Chip,1,14,14,QR
TXN-5609,13/3/2026,10:15,Puncak Alam,Ice Blended,Ice Blended Chocolate Chip,3,14,42,QR
TXN-5633,13/3/2026,10:22,Puncak Alam,Ice Blended,Ice Blended Chocolate Chip,1,14,14,QR
TXN-5620,13/3/2026,10:27,Puncak Alam,Milk-based,Caramel Macchiato,2,13,26,QR
TXN-5627,13/3/2026,10:36,Puncak Alam,Espresso-based,Americano,3,9,27,QR
TXN-5556,13/3/2026,11:09,Putrajaya,Ice Blended,Ice Blended Chocolate Chip,2,14,28,QR
TXN-5564,13/3/2026,11:10,Putrajaya,Ice Blended,Ice Blended Chocolate Chip,1,14,14,QR
TXN-5634,13/3/2026,11:12,Puncak Alam,Espresso-based,Espresso,1,7,7,QR
TXN-5606,13/3/2026,11:21,Puncak Alam,Milk-based,Cappuccino,1,11,11,QR
TXN-5630,13/3/2026,11:22,Puncak Alam,Espresso-based,Americano,2,9,18,QR
TXN-5624,13/3/2026,11:44,Puncak Alam,Milk-based,Cappuccino,1,11,11,QR
TXN-5582,13/3/2026,11:47,Putrajaya,Espresso-based,Americano,1,9,9,Cash
TXN-5585,13/3/2026,11:49,Puncak Alam,Ice Blended,Ice Blended Chocolate Chip,1,14,14,QR
TXN-5578,13/3/2026,11:51,Putrajaya,Milk-based,Latte,3,11,33,QR
TXN-5584,13/3/2026,11:52,Puncak Alam,Ice Blended,Ice Blended Chocolate Chip,1,14,14,QR
TXN-5576,13/3/2026,11:56,Putrajaya,Milk-based,Caramel Macchiato,1,13,13,QR
TXN-5629,13/3/2026,12:01,Puncak Alam,Espresso-based,Espresso,1,7,7,QR
TXN-5644,13/3/2026,12:03,Puncak Alam,Ice Blended,Ice Blended Chocolate Chip,2,14,28,QR
TXN-5640,13/3/2026,12:07,Puncak Alam,Espresso-based,Americano,2,9,18,Cash
TXN-5600,13/3/2026,12:48,Puncak Alam,Milk-based,Mocha,2,12,24,Cash
TXN-5559,13/3/2026,13:22,Putrajaya,Milk-based,Latte,1,11,11,QR
TXN-5587,13/3/2026,13:24,Puncak Alam,Espresso-based,Americano,1,9,9,Cash
TXN-5586,13/3/2026,13:26,Puncak Alam,Milk-based,Mocha,3,12,36,Cash
TXN-5575,13/3/2026,13:36,Putrajaya,Milk-based,Mocha,1,12,12,QR
TXN-5568,13/3/2026,13:38,Putrajaya,Espresso-based,Americano,2,9,18,QR
TXN-5614,13/3/2026,13:42,Puncak Alam,Ice Blended,Ice Blended Chocolate Chip,1,14,14,QR
TXN-5601,13/3/2026,13:46,Puncak Alam,Espresso-based,Espresso,1,7,7,Cash
TXN-5557,13/3/2026,13:49,Putrajaya,Milk-based,Mocha,2,12,24,Cash
TXN-5551,13/3/2026,13:57,Putrajaya,Milk-based,Caramel Macchiato,2,13,26,Cash
TXN-5574,13/3/2026,13:58,Putrajaya,Espresso-based,Espresso,2,7,14,Cash
TXN-5579,13/3/2026,13:58,Putrajaya,Milk-based,Caramel Macchiato,1,13,13,Cash
TXN-5546,13/3/2026,14:09,Putrajaya,Milk-based,Caramel Macchiato,2,13,26,Cash
TXN-5631,13/3/2026,14:11,Puncak Alam,Milk-based,Mocha,1,12,12,QR
TXN-5619,13/3/2026,14:32,Puncak Alam,Espresso-based,Americano,1,9,9,QR
TXN-5632,13/3/2026,14:34,Puncak Alam,Ice Blended,Ice Blended Chocolate Chip,1,14,14,Cash
TXN-5550,13/3/2026,14:42,Putrajaya,Milk-based,Caramel Macchiato,2,13,26,Cash
TXN-5602,13/3/2026,14:53,Puncak Alam,Espresso-based,Americano,1,9,9,QR
TXN-5647,13/3/2026,14:54,Puncak Alam,Milk-based,Mocha,1,12,12,Cash
TXN-5553,13/3/2026,14:56,Putrajaya,Espresso-based,Americano,1,9,9,Cash
TXN-5652,13/3/2026,15:01,Puncak Alam,Milk-based,Mocha,1,12,12,QR
TXN-5657,13/3/2026,15:04,Puncak Alam,Ice Blended,Ice Blended Chocolate Chip,4,14,56,QR
TXN-5649,13/3/2026,15:08,Puncak Alam,Ice Blended,Ice Blended Chocolate Chip,1,14,14,QR
TXN-5610,13/3/2026,15:09,Puncak Alam,Espresso-based,Espresso,1,7,7,QR
TXN-5558,13/3/2026,15:10,Putrajaya,Milk-based,Latte,2,11,22,QR
TXN-5617,13/3/2026,15:13,Puncak Alam,Espresso-based,Espresso,3,7,21,QR
TXN-5616,13/3/2026,15:26,Puncak Alam,Milk-based,Caramel Macchiato,4,13,52,QR
TXN-5560,13/3/2026,15:28,Putrajaya,Milk-based,Cappuccino,1,11,11,QR
TXN-5612,13/3/2026,15:35,Puncak Alam,Espresso-based,Espresso,1,7,7,QR
TXN-5618,13/3/2026,15:38,Puncak Alam,Espresso-based,Espresso,2,7,14,QR
TXN-5592,13/3/2026,15:47,Puncak Alam,Milk-based,Latte,1,11,11,Cash
TXN-5642,13/3/2026,15:47,Puncak Alam,Milk-based,Cappuccino,1,11,11,Cash
TXN-5565,13/3/2026,16:05,Putrajaya,Milk-based,Latte,2,11,22,QR
TXN-5581,13/3/2026,16:10,Putrajaya,Milk-based,Caramel Macchiato,1,13,13,QR
TXN-5549,13/3/2026,16:15,Putrajaya,Milk-based,Cappuccino,2,11,22,Cash
TXN-5561,13/3/2026,16:15,Putrajaya,Espresso-based,Americano,2,9,18,Cash
TXN-5577,13/3/2026,16:21,Putrajaya,Milk-based,Cappuccino,1,11,11,QR
TXN-5589,13/3/2026,16:36,Puncak Alam,Espresso-based,Espresso,1,7,7,QR
TXN-5659,13/3/2026,16:36,Puncak Alam,Espresso-based,Americano,3,9,27,QR
TXN-5626,13/3/2026,16:44,Puncak Alam,Espresso-based,Americano,1,9,9,Cash
TXN-5596,13/3/2026,16:53,Puncak Alam,Ice Blended,Ice Blended Chocolate Chip,1,14,14,QR
TXN-5597,13/3/2026,16:54,Puncak Alam,Espresso-based,Americano,1,9,9,QR
TXN-5605,13/3/2026,17:34,Puncak Alam,Espresso-based,Espresso,1,7,7,Cash
TXN-5653,13/3/2026,17:35,Puncak Alam,Espresso-based,Americano,1,9,9,QR
TXN-5572,13/3/2026,17:38,Putrajaya,Milk-based,Caramel Macchiato,1,13,13,Cash
TXN-5570,13/3/2026,17:57,Putrajaya,Milk-based,Caramel Macchiato,2,13,26,QR
TXN-5603,13/3/2026,18:09,Puncak Alam,Milk-based,Cappuccino,1,11,11,QR
TXN-5655,13/3/2026,18:10,Puncak Alam,Milk-based,Cappuccino,1,11,11,Cash
TXN-5639,13/3/2026,18:11,Puncak Alam,Ice Blended,Ice Blended Chocolate Chip,2,14,28,QR
TXN-5635,13/3/2026,18:14,Puncak Alam,Espresso-based,Espresso,1,7,7,Cash
TXN-5608,13/3/2026,18:26,Puncak Alam,Milk-based,Mocha,2,12,24,QR
TXN-5611,13/3/2026,18:31,Puncak Alam,Milk-based,Latte,1,11,11,QR
TXN-5623,13/3/2026,18:32,Puncak Alam,Milk-based,Cappuccino,3,11,33,QR
TXN-5643,13/3/2026,18:32,Puncak Alam,Milk-based,Cappuccino,2,11,22,Cash
TXN-5555,13/3/2026,18:37,Putrajaya,Milk-based,Latte,1,11,11,QR
TXN-5580,13/3/2026,18:38,Putrajaya,Ice Blended,Ice Blended Chocolate Chip,1,14,14,Cash
TXN-5545,13/3/2026,18:39,Putrajaya,Milk-based,Caramel Macchiato,1,13,13,Cash
TXN-5548,13/3/2026,18:48,Putrajaya,Ice Blended,Ice Blended Chocolate Chip,1,14,14,Cash
TXN-5622,13/3/2026,19:00,Puncak Alam,Espresso-based,Americano,1,9,9,QR
TXN-5599,13/3/2026,19:02,Puncak Alam,Ice Blended,Ice Blended Chocolate Chip,2,14,28,Cash
TXN-5604,13/3/2026,19:35,Puncak Alam,Milk-based,Caramel Macchiato,1,13,13,QR
TXN-5569,13/3/2026,19:43,Putrajaya,Milk-based,Caramel Macchiato,1,13,13,Cash
TXN-5590,13/3/2026,19:43,Puncak Alam,Milk-based,Mocha,1,12,12,QR
TXN-5566,13/3/2026,20:14,Putrajaya,Espresso-based,Espresso,1,7,7,QR
TXN-5573,13/3/2026,20:31,Putrajaya,Milk-based,Cappuccino,2,11,22,QR
TXN-5654,13/3/2026,20:36,Puncak Alam,Espresso-based,Espresso,1,7,7,QR
TXN-5615,13/3/2026,20:59,Puncak Alam,Ice Blended,Ice Blended Chocolate Chip,1,14,14,Cash
TXN-5552,13/3/2026,21:14,Putrajaya,Milk-based,Caramel Macchiato,2,13,26,QR
TXN-5554,13/3/2026,21:19,Putrajaya,Milk-based,Caramel Macchiato,1,13,13,QR
TXN-5598,13/3/2026,21:23,Puncak Alam,Milk-based,Cappuccino,1,11,11,QR
TXN-5563,13/3/2026,21:28,Putrajaya,Espresso-based,Americano,2,9,18,QR
TXN-5621,13/3/2026,21:31,Puncak Alam,Espresso-based,Americano,1,9,9,Cash
TXN-5593,13/3/2026,21:45,Puncak Alam,Espresso-based,Espresso,1,7,7,QR
TXN-5562,13/3/2026,21:49,Putrajaya,Milk-based,Mocha,1,12,12,QR
TXN-5722,14/3/2026,8:02,Putrajaya,Milk-based,Caramel Macchiato,1,13,13,QR
TXN-5683,14/3/2026,8:17,Putrajaya,Milk-based,Cappuccino,1,11,11,QR
TXN-5725,14/3/2026,8:18,Putrajaya,Milk-based,Latte,1,11,11,Cash
TXN-5709,14/3/2026,8:21,Putrajaya,Milk-based,Caramel Macchiato,3,13,39,Cash
TXN-5735,14/3/2026,8:22,Puncak Alam,Ice Blended,Ice Blended Chocolate Chip,3,14,42,QR
TXN-5662,14/3/2026,8:34,Putrajaya,Milk-based,Caramel Macchiato,1,13,13,QR
TXN-5755,14/3/2026,8:43,Puncak Alam,Ice Blended,Ice Blended Chocolate Chip,1,14,14,Cash
TXN-5774,14/3/2026,8:44,Puncak Alam,Milk-based,Cappuccino,1,11,11,QR
TXN-5752,14/3/2026,8:45,Puncak Alam,Milk-based,Caramel Macchiato,1,13,13,Cash
TXN-5770,14/3/2026,8:49,Puncak Alam,Milk-based,Mocha,3,12,36,QR
TXN-5747,14/3/2026,8:51,Puncak Alam,Ice Blended,Ice Blended Chocolate Chip,1,14,14,QR
TXN-5685,14/3/2026,8:52,Putrajaya,Espresso-based,Americano,1,9,9,Cash
TXN-5666,14/3/2026,9:01,Putrajaya,Milk-based,Latte,1,11,11,Cash
TXN-5787,14/3/2026,9:07,Puncak Alam,Espresso-based,Espresso,1,7,7,QR
TXN-5785,14/3/2026,9:08,Puncak Alam,Espresso-based,Espresso,1,7,7,QR
TXN-5664,14/3/2026,9:09,Putrajaya,Milk-based,Mocha,3,12,36,QR
TXN-5680,14/3/2026,9:13,Putrajaya,Milk-based,Latte,1,11,11,QR
TXN-5750,14/3/2026,9:18,Puncak Alam,Milk-based,Cappuccino,2,11,22,Cash
TXN-5712,14/3/2026,9:20,Putrajaya,Espresso-based,Americano,2,9,18,Cash
TXN-5733,14/3/2026,9:21,Putrajaya,Milk-based,Mocha,1,12,12,QR
TXN-5792,14/3/2026,9:21,Puncak Alam,Espresso-based,Americano,1,9,9,QR
TXN-5687,14/3/2026,9:23,Putrajaya,Espresso-based,Americano,1,9,9,QR
TXN-5730,14/3/2026,9:23,Putrajaya,Milk-based,Latte,2,11,22,QR
TXN-5776,14/3/2026,9:23,Puncak Alam,Ice Blended,Ice Blended Chocolate Chip,1,14,14,Cash
TXN-5721,14/3/2026,9:24,Putrajaya,Ice Blended,Ice Blended Chocolate Chip,1,14,14,QR
TXN-5790,14/3/2026,9:25,Puncak Alam,Milk-based,Caramel Macchiato,1,13,13,QR
TXN-5748,14/3/2026,9:27,Puncak Alam,Milk-based,Cappuccino,1,11,11,Cash
TXN-5743,14/3/2026,9:33,Puncak Alam,Milk-based,Latte,1,11,11,QR
TXN-5676,14/3/2026,9:37,Putrajaya,Milk-based,Cappuccino,1,11,11,Cash
TXN-5675,14/3/2026,9:39,Putrajaya,Milk-based,Cappuccino,1,11,11,QR
TXN-5682,14/3/2026,9:54,Putrajaya,Milk-based,Latte,1,11,11,QR
TXN-5716,14/3/2026,9:55,Putrajaya,Milk-based,Mocha,1,12,12,QR
TXN-5689,14/3/2026,10:34,Putrajaya,Espresso-based,Espresso,1,7,7,QR
TXN-5727,14/3/2026,10:38,Putrajaya,Milk-based,Latte,1,11,11,QR
TXN-5707,14/3/2026,10:59,Putrajaya,Milk-based,Caramel Macchiato,2,13,26,QR
TXN-5763,14/3/2026,11:04,Puncak Alam,Milk-based,Latte,4,11,44,QR
TXN-5754,14/3/2026,11:15,Puncak Alam,Espresso-based,Espresso,1,7,7,Cash
TXN-5700,14/3/2026,11:16,Putrajaya,Milk-based,Mocha,2,12,24,QR
TXN-5782,14/3/2026,11:32,Puncak Alam,Milk-based,Latte,1,11,11,Cash
TXN-5692,14/3/2026,11:36,Putrajaya,Ice Blended,Ice Blended Chocolate Chip,2,14,28,QR
TXN-5729,14/3/2026,11:41,Putrajaya,Milk-based,Cappuccino,1,11,11,QR
TXN-5678,14/3/2026,11:47,Putrajaya,Milk-based,Caramel Macchiato,2,13,26,Cash
TXN-5736,14/3/2026,11:58,Puncak Alam,Milk-based,Mocha,1,12,12,Cash
TXN-5757,14/3/2026,12:03,Puncak Alam,Espresso-based,Americano,1,9,9,QR
TXN-5698,14/3/2026,12:12,Putrajaya,Milk-based,Latte,1,11,11,QR
TXN-5756,14/3/2026,12:14,Puncak Alam,Milk-based,Latte,2,11,22,QR
TXN-5780,14/3/2026,12:14,Puncak Alam,Espresso-based,Americano,1,9,9,Cash
TXN-5703,14/3/2026,12:19,Putrajaya,Milk-based,Latte,1,11,11,QR
TXN-5720,14/3/2026,12:38,Putrajaya,Milk-based,Latte,2,11,22,QR
TXN-5737,14/3/2026,12:40,Puncak Alam,Ice Blended,Ice Blended Chocolate Chip,1,14,14,QR
TXN-5766,14/3/2026,12:40,Puncak Alam,Milk-based,Latte,1,11,11,QR
TXN-5718,14/3/2026,12:54,Putrajaya,Milk-based,Cappuccino,1,11,11,Cash
TXN-5674,14/3/2026,13:00,Putrajaya,Milk-based,Cappuccino,1,11,11,QR
TXN-5749,14/3/2026,13:13,Puncak Alam,Espresso-based,Americano,2,9,18,QR
TXN-5695,14/3/2026,13:14,Putrajaya,Milk-based,Cappuccino,1,11,11,QR
TXN-5667,14/3/2026,13:18,Putrajaya,Ice Blended,Ice Blended Chocolate Chip,1,14,14,QR
TXN-5684,14/3/2026,13:23,Putrajaya,Milk-based,Latte,2,11,22,QR
TXN-5745,14/3/2026,13:33,Puncak Alam,Milk-based,Mocha,1,12,12,QR
TXN-5669,14/3/2026,13:36,Putrajaya,Milk-based,Cappuccino,1,11,11,QR
TXN-5714,14/3/2026,13:45,Putrajaya,Ice Blended,Ice Blended Chocolate Chip,1,14,14,QR
TXN-5690,14/3/2026,13:58,Putrajaya,Milk-based,Caramel Macchiato,1,13,13,Cash
TXN-5738,14/3/2026,14:14,Puncak Alam,Milk-based,Latte,1,11,11,QR
TXN-5741,14/3/2026,14:16,Puncak Alam,Espresso-based,Espresso,2,7,14,QR
TXN-5775,14/3/2026,14:23,Puncak Alam,Milk-based,Latte,1,11,11,QR
TXN-5773,14/3/2026,14:29,Puncak Alam,Milk-based,Cappuccino,1,11,11,Cash
TXN-5784,14/3/2026,14:38,Puncak Alam,Espresso-based,Americano,1,9,9,QR
TXN-5739,14/3/2026,14:43,Puncak Alam,Milk-based,Caramel Macchiato,1,13,13,Cash
TXN-5706,14/3/2026,14:51,Putrajaya,Milk-based,Caramel Macchiato,1,13,13,QR
TXN-5751,14/3/2026,14:55,Puncak Alam,Milk-based,Cappuccino,2,11,22,Cash
TXN-5781,14/3/2026,15:11,Puncak Alam,Milk-based,Cappuccino,1,11,11,Cash
TXN-5742,14/3/2026,15:35,Puncak Alam,Espresso-based,Espresso,1,7,7,QR
TXN-5786,14/3/2026,15:46,Puncak Alam,Milk-based,Caramel Macchiato,1,13,13,QR
TXN-5699,14/3/2026,15:48,Putrajaya,Milk-based,Caramel Macchiato,2,13,26,QR
TXN-5711,14/3/2026,15:49,Putrajaya,Ice Blended,Ice Blended Chocolate Chip,2,14,28,QR
TXN-5760,14/3/2026,16:03,Puncak Alam,Milk-based,Mocha,1,12,12,QR
TXN-5677,14/3/2026,16:07,Putrajaya,Ice Blended,Ice Blended Chocolate Chip,1,14,14,QR
TXN-5713,14/3/2026,16:08,Putrajaya,Espresso-based,Espresso,1,7,7,Cash
TXN-5715,14/3/2026,16:12,Putrajaya,Milk-based,Latte,1,11,11,QR
TXN-5765,14/3/2026,16:18,Puncak Alam,Espresso-based,Americano,2,9,18,Cash
TXN-5668,14/3/2026,16:24,Putrajaya,Ice Blended,Ice Blended Chocolate Chip,1,14,14,QR
TXN-5731,14/3/2026,16:30,Putrajaya,Milk-based,Latte,1,11,11,QR
TXN-5705,14/3/2026,16:31,Putrajaya,Espresso-based,Americano,1,9,9,QR
TXN-5759,14/3/2026,16:31,Puncak Alam,Milk-based,Latte,1,11,11,Cash
TXN-5693,14/3/2026,16:53,Putrajaya,Milk-based,Mocha,3,12,36,QR
TXN-5768,14/3/2026,16:56,Puncak Alam,Milk-based,Caramel Macchiato,2,13,26,QR
TXN-5764,14/3/2026,17:04,Puncak Alam,Milk-based,Latte,1,11,11,QR
TXN-5723,14/3/2026,17:08,Putrajaya,Milk-based,Latte,1,11,11,Cash
TXN-5673,14/3/2026,17:15,Putrajaya,Milk-based,Cappuccino,1,11,11,QR
TXN-5772,14/3/2026,17:15,Puncak Alam,Espresso-based,Americano,4,9,36,QR
TXN-5717,14/3/2026,17:22,Putrajaya,Espresso-based,Espresso,1,7,7,QR
TXN-5753,14/3/2026,17:23,Puncak Alam,Milk-based,Mocha,2,12,24,QR
TXN-5681,14/3/2026,17:34,Putrajaya,Milk-based,Caramel Macchiato,2,13,26,QR
TXN-5704,14/3/2026,17:35,Putrajaya,Espresso-based,Americano,1,9,9,QR
TXN-5767,14/3/2026,17:46,Puncak Alam,Espresso-based,Espresso,2,7,14,QR
TXN-5761,14/3/2026,17:50,Puncak Alam,Milk-based,Latte,1,11,11,QR
TXN-5777,14/3/2026,17:59,Puncak Alam,Milk-based,Caramel Macchiato,3,13,39,QR
TXN-5783,14/3/2026,18:03,Puncak Alam,Milk-based,Cappuccino,1,11,11,QR
TXN-5719,14/3/2026,18:07,Putrajaya,Milk-based,Mocha,1,12,12,Cash
TXN-5744,14/3/2026,18:08,Puncak Alam,Ice Blended,Ice Blended Chocolate Chip,1,14,14,QR
TXN-5671,14/3/2026,18:15,Putrajaya,Milk-based,Caramel Macchiato,1,13,13,Cash
TXN-5691,14/3/2026,18:16,Putrajaya,Milk-based,Cappuccino,1,11,11,QR
TXN-5686,14/3/2026,18:17,Putrajaya,Milk-based,Latte,1,11,11,Cash
TXN-5726,14/3/2026,18:17,Putrajaya,Espresso-based,Americano,1,9,9,QR
TXN-5740,14/3/2026,18:22,Puncak Alam,Milk-based,Caramel Macchiato,2,13,26,Cash
TXN-5728,14/3/2026,18:25,Putrajaya,Milk-based,Caramel Macchiato,1,13,13,QR
TXN-5701,14/3/2026,18:34,Putrajaya,Milk-based,Caramel Macchiato,1,13,13,QR
TXN-5710,14/3/2026,18:35,Putrajaya,Espresso-based,Espresso,1,7,7,QR
TXN-5732,14/3/2026,18:39,Putrajaya,Ice Blended,Ice Blended Chocolate Chip,1,14,14,QR
TXN-5661,14/3/2026,18:54,Putrajaya,Milk-based,Latte,1,11,11,Cash
TXN-5779,14/3/2026,19:00,Puncak Alam,Milk-based,Latte,1,11,11,QR
TXN-5679,14/3/2026,19:08,Putrajaya,Espresso-based,Espresso,1,7,7,QR
TXN-5793,14/3/2026,19:15,Puncak Alam,Milk-based,Mocha,2,12,24,QR
TXN-5771,14/3/2026,19:16,Puncak Alam,Milk-based,Caramel Macchiato,1,13,13,Cash
TXN-5688,14/3/2026,19:19,Putrajaya,Milk-based,Cappuccino,3,11,33,QR
TXN-5696,14/3/2026,19:23,Putrajaya,Espresso-based,Americano,1,9,9,Cash
TXN-5778,14/3/2026,19:44,Puncak Alam,Espresso-based,Americano,2,9,18,QR
TXN-5665,14/3/2026,19:46,Putrajaya,Milk-based,Cappuccino,1,11,11,Cash
TXN-5789,14/3/2026,19:51,Puncak Alam,Milk-based,Caramel Macchiato,4,13,52,Cash
TXN-5734,14/3/2026,19:56,Puncak Alam,Milk-based,Cappuccino,2,11,22,Cash
TXN-5697,14/3/2026,19:59,Putrajaya,Milk-based,Mocha,1,12,12,QR
TXN-5769,14/3/2026,19:59,Puncak Alam,Milk-based,Caramel Macchiato,1,13,13,Cash
TXN-5670,14/3/2026,20:01,Putrajaya,Milk-based,Cappuccino,1,11,11,Cash
TXN-5758,14/3/2026,20:20,Puncak Alam,Milk-based,Cappuccino,2,11,22,QR
TXN-5708,14/3/2026,20:23,Putrajaya,Milk-based,Caramel Macchiato,3,13,39,Cash
TXN-5672,14/3/2026,20:25,Putrajaya,Milk-based,Mocha,2,12,24,Cash
TXN-5762,14/3/2026,20:47,Puncak Alam,Milk-based,Latte,1,11,11,QR
TXN-5794,14/3/2026,20:47,Puncak Alam,Milk-based,Latte,2,11,22,QR
TXN-5702,14/3/2026,21:03,Putrajaya,Espresso-based,Espresso,1,7,7,Cash
TXN-5724,14/3/2026,21:04,Putrajaya,Ice Blended,Ice Blended Chocolate Chip,2,14,28,QR
TXN-5791,14/3/2026,21:23,Puncak Alam,Espresso-based,Espresso,2,7,14,Cash
TXN-5663,14/3/2026,21:25,Putrajaya,Milk-based,Mocha,1,12,12,Cash
TXN-5694,14/3/2026,21:35,Putrajaya,Milk-based,Mocha,2,12,24,QR
TXN-5660,14/3/2026,21:41,Putrajaya,Ice Blended,Ice Blended Chocolate Chip,1,14,14,QR
TXN-5746,14/3/2026,21:54,Puncak Alam,Espresso-based,Espresso,1,7,7,QR
TXN-5788,14/3/2026,21:55,Puncak Alam,Espresso-based,Espresso,1,7,7,QR
TXN-5892,15/3/2026,8:03,Puncak Alam,Milk-based,Cappuccino,1,11,11,QR
TXN-5886,15/3/2026,8:17,Puncak Alam,Espresso-based,Americano,1,9,9,QR
TXN-5795,15/3/2026,8:26,Putrajaya,Espresso-based,Americano,1,9,9,Cash
TXN-5880,15/3/2026,8:38,Puncak Alam,Espresso-based,Espresso,3,7,21,QR
TXN-5853,15/3/2026,8:39,Putrajaya,Milk-based,Latte,2,11,22,Cash
TXN-5858,15/3/2026,8:41,Puncak Alam,Espresso-based,Espresso,1,7,7,QR
TXN-5845,15/3/2026,8:49,Putrajaya,Milk-based,Latte,2,11,22,QR
TXN-5889,15/3/2026,8:58,Puncak Alam,Milk-based,Cappuccino,3,11,33,QR
TXN-5819,15/3/2026,9:00,Putrajaya,Ice Blended,Ice Blended Chocolate Chip,1,14,14,QR
TXN-5905,15/3/2026,9:12,Puncak Alam,Milk-based,Latte,1,11,11,QR
TXN-5851,15/3/2026,9:17,Putrajaya,Milk-based,Mocha,3,12,36,QR
TXN-5814,15/3/2026,9:25,Putrajaya,Espresso-based,Espresso,1,7,7,QR
TXN-5904,15/3/2026,9:35,Puncak Alam,Milk-based,Cappuccino,1,11,11,QR
TXN-5908,15/3/2026,9:35,Puncak Alam,Milk-based,Latte,2,11,22,QR
TXN-5844,15/3/2026,10:18,Putrajaya,Milk-based,Caramel Macchiato,1,13,13,Cash
TXN-5805,15/3/2026,10:19,Putrajaya,Milk-based,Cappuccino,1,11,11,Cash
TXN-5883,15/3/2026,10:23,Puncak Alam,Ice Blended,Ice Blended Chocolate Chip,2,14,28,Cash
TXN-5833,15/3/2026,10:37,Putrajaya,Espresso-based,Espresso,1,7,7,QR
TXN-5812,15/3/2026,10:39,Putrajaya,Milk-based,Cappuccino,1,11,11,QR
TXN-5899,15/3/2026,10:39,Puncak Alam,Milk-based,Latte,2,11,22,QR
TXN-5859,15/3/2026,11:02,Puncak Alam,Ice Blended,Ice Blended Chocolate Chip,1,14,14,QR
TXN-5802,15/3/2026,11:04,Putrajaya,Ice Blended,Ice Blended Chocolate Chip,1,14,14,QR
TXN-5868,15/3/2026,11:05,Puncak Alam,Milk-based,Mocha,1,12,12,QR
TXN-5894,15/3/2026,11:14,Puncak Alam,Milk-based,Latte,1,11,11,Cash
TXN-5811,15/3/2026,11:18,Putrajaya,Espresso-based,Espresso,1,7,7,QR
TXN-5823,15/3/2026,11:28,Putrajaya,Milk-based,Cappuccino,3,11,33,QR
TXN-5832,15/3/2026,11:32,Putrajaya,Espresso-based,Americano,2,9,18,Cash
TXN-5910,15/3/2026,11:39,Puncak Alam,Milk-based,Cappuccino,1,11,11,QR
TXN-5900,15/3/2026,11:40,Puncak Alam,Espresso-based,Americano,3,9,27,QR
TXN-5821,15/3/2026,11:51,Putrajaya,Ice Blended,Ice Blended Chocolate Chip,1,14,14,QR
TXN-5873,15/3/2026,11:53,Puncak Alam,Milk-based,Latte,1,11,11,QR
TXN-5831,15/3/2026,12:07,Putrajaya,Milk-based,Caramel Macchiato,1,13,13,QR
TXN-5852,15/3/2026,12:08,Putrajaya,Espresso-based,Americano,2,9,18,QR
TXN-5798,15/3/2026,12:17,Putrajaya,Espresso-based,Espresso,1,7,7,Cash
TXN-5839,15/3/2026,12:34,Putrajaya,Espresso-based,Americano,2,9,18,Cash
TXN-5817,15/3/2026,12:54,Putrajaya,Espresso-based,Americano,1,9,9,QR
TXN-5902,15/3/2026,12:54,Puncak Alam,Milk-based,Cappuccino,1,11,11,QR
TXN-5842,15/3/2026,13:01,Putrajaya,Ice Blended,Ice Blended Chocolate Chip,1,14,14,Cash
TXN-5846,15/3/2026,13:03,Putrajaya,Milk-based,Mocha,1,12,12,QR
TXN-5864,15/3/2026,13:05,Puncak Alam,Milk-based,Mocha,1,12,12,QR
TXN-5882,15/3/2026,13:06,Puncak Alam,Espresso-based,Espresso,3,7,21,QR
TXN-5876,15/3/2026,13:12,Puncak Alam,Milk-based,Mocha,1,12,12,Cash
TXN-5862,15/3/2026,13:14,Puncak Alam,Espresso-based,Americano,1,9,9,Cash
TXN-5867,15/3/2026,13:17,Puncak Alam,Espresso-based,Espresso,1,7,7,QR
TXN-5861,15/3/2026,13:19,Puncak Alam,Espresso-based,Americano,1,9,9,QR
TXN-5877,15/3/2026,13:20,Puncak Alam,Ice Blended,Ice Blended Chocolate Chip,1,14,14,Cash
TXN-5843,15/3/2026,13:21,Putrajaya,Milk-based,Latte,4,11,44,QR
TXN-5875,15/3/2026,13:22,Puncak Alam,Milk-based,Cappuccino,1,11,11,Cash
TXN-5820,15/3/2026,13:28,Putrajaya,Milk-based,Cappuccino,2,11,22,QR
TXN-5822,15/3/2026,13:29,Putrajaya,Milk-based,Caramel Macchiato,2,13,26,Cash
TXN-5903,15/3/2026,13:31,Puncak Alam,Milk-based,Cappuccino,1,11,11,QR
TXN-5825,15/3/2026,13:32,Putrajaya,Espresso-based,Americano,1,9,9,QR
TXN-5800,15/3/2026,13:39,Putrajaya,Milk-based,Latte,1,11,11,QR
TXN-5824,15/3/2026,13:41,Putrajaya,Ice Blended,Ice Blended Chocolate Chip,1,14,14,QR
TXN-5863,15/3/2026,13:45,Puncak Alam,Espresso-based,Espresso,1,7,7,Cash
TXN-5898,15/3/2026,13:48,Puncak Alam,Milk-based,Cappuccino,1,11,11,QR
TXN-5850,15/3/2026,14:07,Putrajaya,Milk-based,Cappuccino,1,11,11,QR
TXN-5885,15/3/2026,14:13,Puncak Alam,Ice Blended,Ice Blended Chocolate Chip,1,14,14,Cash
TXN-5896,15/3/2026,14:19,Puncak Alam,Milk-based,Mocha,1,12,12,QR
TXN-5830,15/3/2026,14:20,Putrajaya,Milk-based,Caramel Macchiato,2,13,26,QR
TXN-5871,15/3/2026,14:23,Puncak Alam,Milk-based,Latte,1,11,11,QR
TXN-5884,15/3/2026,14:33,Puncak Alam,Milk-based,Caramel Macchiato,4,13,52,QR
TXN-5890,15/3/2026,14:41,Puncak Alam,Ice Blended,Ice Blended Chocolate Chip,1,14,14,QR
TXN-5806,15/3/2026,14:45,Putrajaya,Milk-based,Caramel Macchiato,2,13,26,QR
TXN-5907,15/3/2026,14:46,Puncak Alam,Milk-based,Mocha,1,12,12,QR
TXN-5866,15/3/2026,14:55,Puncak Alam,Milk-based,Cappuccino,2,11,22,QR
TXN-5797,15/3/2026,14:56,Putrajaya,Espresso-based,Espresso,1,7,7,QR
TXN-5841,15/3/2026,14:59,Putrajaya,Milk-based,Mocha,2,12,24,QR
TXN-5809,15/3/2026,15:03,Putrajaya,Milk-based,Mocha,2,12,24,Cash
TXN-5909,15/3/2026,15:16,Puncak Alam,Ice Blended,Ice Blended Chocolate Chip,2,14,28,QR
TXN-5834,15/3/2026,15:24,Putrajaya,Espresso-based,Americano,1,9,9,QR
TXN-5897,15/3/2026,15:26,Puncak Alam,Milk-based,Cappuccino,1,11,11,QR
TXN-5808,15/3/2026,15:36,Putrajaya,Espresso-based,Espresso,3,7,21,QR
TXN-5837,15/3/2026,15:40,Putrajaya,Milk-based,Cappuccino,1,11,11,QR
TXN-5865,15/3/2026,15:41,Puncak Alam,Milk-based,Caramel Macchiato,3,13,39,QR
TXN-5799,15/3/2026,15:44,Putrajaya,Milk-based,Latte,1,11,11,QR
TXN-5901,15/3/2026,15:54,Puncak Alam,Espresso-based,Espresso,2,7,14,Cash
TXN-5893,15/3/2026,15:56,Puncak Alam,Milk-based,Caramel Macchiato,2,13,26,QR
TXN-5856,15/3/2026,16:04,Puncak Alam,Milk-based,Mocha,1,12,12,QR
TXN-5836,15/3/2026,16:06,Putrajaya,Ice Blended,Ice Blended Chocolate Chip,3,14,42,QR
TXN-5895,15/3/2026,16:11,Puncak Alam,Espresso-based,Americano,1,9,9,QR
TXN-5826,15/3/2026,16:12,Putrajaya,Milk-based,Caramel Macchiato,1,13,13,QR
TXN-5860,15/3/2026,16:21,Puncak Alam,Espresso-based,Americano,1,9,9,QR
TXN-5835,15/3/2026,16:33,Putrajaya,Milk-based,Caramel Macchiato,1,13,13,Cash
TXN-5838,15/3/2026,16:38,Putrajaya,Espresso-based,Americano,1,9,9,QR
TXN-5848,15/3/2026,16:58,Putrajaya,Espresso-based,Americano,1,9,9,Cash
TXN-5879,15/3/2026,16:58,Puncak Alam,Espresso-based,Espresso,2,7,14,Cash
TXN-5828,15/3/2026,17:09,Putrajaya,Milk-based,Caramel Macchiato,2,13,26,QR
TXN-5818,15/3/2026,17:33,Putrajaya,Ice Blended,Ice Blended Chocolate Chip,2,14,28,QR
TXN-5891,15/3/2026,17:45,Puncak Alam,Espresso-based,Espresso,2,7,14,Cash
TXN-5857,15/3/2026,17:58,Puncak Alam,Milk-based,Latte,1,11,11,QR
TXN-5874,15/3/2026,18:01,Puncak Alam,Milk-based,Mocha,1,12,12,Cash
TXN-5807,15/3/2026,18:14,Putrajaya,Ice Blended,Ice Blended Chocolate Chip,1,14,14,QR
TXN-5869,15/3/2026,18:22,Puncak Alam,Milk-based,Cappuccino,1,11,11,QR
TXN-5854,15/3/2026,18:26,Putrajaya,Milk-based,Latte,1,11,11,Cash
TXN-5801,15/3/2026,18:27,Putrajaya,Espresso-based,Americano,2,9,18,QR
TXN-5813,15/3/2026,18:36,Putrajaya,Ice Blended,Ice Blended Chocolate Chip,1,14,14,QR
TXN-5815,15/3/2026,18:50,Putrajaya,Espresso-based,Americano,1,9,9,Cash
TXN-5887,15/3/2026,19:00,Puncak Alam,Espresso-based,Americano,1,9,9,QR
TXN-5816,15/3/2026,19:15,Putrajaya,Milk-based,Cappuccino,2,11,22,Cash
TXN-5829,15/3/2026,19:18,Putrajaya,Milk-based,Mocha,3,12,36,QR
TXN-5881,15/3/2026,19:23,Puncak Alam,Espresso-based,Americano,2,9,18,QR
TXN-5803,15/3/2026,19:38,Putrajaya,Milk-based,Latte,1,11,11,QR
TXN-5878,15/3/2026,19:58,Puncak Alam,Espresso-based,Espresso,1,7,7,QR
TXN-5847,15/3/2026,19:59,Putrajaya,Milk-based,Caramel Macchiato,1,13,13,QR
TXN-5855,15/3/2026,19:59,Puncak Alam,Espresso-based,Espresso,2,7,14,QR
TXN-5827,15/3/2026,20:02,Putrajaya,Milk-based,Caramel Macchiato,1,13,13,Cash
TXN-5840,15/3/2026,20:32,Putrajaya,Espresso-based,Americano,3,9,27,QR
TXN-5804,15/3/2026,20:36,Putrajaya,Milk-based,Cappuccino,1,11,11,QR
TXN-5872,15/3/2026,20:45,Puncak Alam,Espresso-based,Espresso,1,7,7,QR
TXN-5849,15/3/2026,20:56,Putrajaya,Ice Blended,Ice Blended Chocolate Chip,2,14,28,Cash
TXN-5870,15/3/2026,21:12,Puncak Alam,Milk-based,Caramel Macchiato,3,13,39,Cash
TXN-5888,15/3/2026,21:16,Puncak Alam,Espresso-based,Americano,2,9,18,QR
TXN-5796,15/3/2026,21:19,Putrajaya,Milk-based,Cappuccino,1,11,11,QR
TXN-5906,15/3/2026,21:20,Puncak Alam,Milk-based,Latte,1,11,11,QR
TXN-5810,15/3/2026,21:36,Putrajaya,Espresso-based,Americano,1,9,9,QR
TXN-5953,16/3/2026,8:06,Putrajaya,Espresso-based,Americano,1,9,9,QR
TXN-5948,16/3/2026,8:07,Putrajaya,Milk-based,Cappuccino,1,11,11,QR
TXN-5998,16/3/2026,8:15,Puncak Alam,Milk-based,Latte,1,11,11,Cash
TXN-5963,16/3/2026,8:20,Puncak Alam,Milk-based,Latte,1,11,11,QR
TXN-5942,16/3/2026,8:33,Putrajaya,Milk-based,Latte,1,11,11,Cash
TXN-5930,16/3/2026,8:35,Putrajaya,Espresso-based,Espresso,1,7,7,QR
TXN-5969,16/3/2026,8:50,Puncak Alam,Espresso-based,Espresso,3,7,21,QR
TXN-5983,16/3/2026,8:57,Puncak Alam,Espresso-based,Americano,1,9,9,QR
TXN-5951,16/3/2026,9:09,Putrajaya,Milk-based,Cappuccino,1,11,11,Cash
TXN-5986,16/3/2026,9:17,Puncak Alam,Milk-based,Cappuccino,1,11,11,QR
TXN-6024,16/3/2026,9:22,Puncak Alam,Milk-based,Latte,3,11,33,Cash
TXN-5985,16/3/2026,9:35,Puncak Alam,Milk-based,Mocha,4,12,48,QR
TXN-5987,16/3/2026,9:45,Puncak Alam,Ice Blended,Ice Blended Chocolate Chip,2,14,28,QR
TXN-5924,16/3/2026,9:47,Putrajaya,Ice Blended,Ice Blended Chocolate Chip,2,14,28,Cash
TXN-5944,16/3/2026,9:47,Putrajaya,Milk-based,Latte,1,11,11,QR
TXN-6032,16/3/2026,9:49,Puncak Alam,Milk-based,Cappuccino,1,11,11,QR
TXN-5927,16/3/2026,10:04,Putrajaya,Ice Blended,Ice Blended Chocolate Chip,3,14,42,QR
TXN-5943,16/3/2026,10:07,Putrajaya,Espresso-based,Americano,1,9,9,Cash
TXN-5971,16/3/2026,10:13,Puncak Alam,Milk-based,Mocha,3,12,36,QR
TXN-5988,16/3/2026,10:17,Puncak Alam,Espresso-based,Espresso,1,7,7,QR
TXN-6020,16/3/2026,10:35,Puncak Alam,Milk-based,Mocha,1,12,12,QR
TXN-6014,16/3/2026,10:36,Puncak Alam,Milk-based,Latte,1,11,11,QR
TXN-5974,16/3/2026,10:37,Puncak Alam,Milk-based,Latte,1,11,11,Cash
TXN-6027,16/3/2026,10:47,Puncak Alam,Milk-based,Caramel Macchiato,1,13,13,QR
TXN-5991,16/3/2026,10:50,Puncak Alam,Milk-based,Latte,1,11,11,QR
TXN-6022,16/3/2026,10:53,Puncak Alam,Milk-based,Mocha,2,12,24,Cash
TXN-5949,16/3/2026,11:02,Putrajaya,Milk-based,Caramel Macchiato,1,13,13,QR
TXN-5911,16/3/2026,11:09,Putrajaya,Espresso-based,Espresso,1,7,7,QR
TXN-5984,16/3/2026,11:09,Puncak Alam,Espresso-based,Espresso,1,7,7,QR
TXN-5960,16/3/2026,11:25,Putrajaya,Ice Blended,Ice Blended Chocolate Chip,1,14,14,QR
TXN-6002,16/3/2026,11:31,Puncak Alam,Milk-based,Latte,1,11,11,QR
TXN-6019,16/3/2026,11:32,Puncak Alam,Milk-based,Cappuccino,1,11,11,QR
TXN-5997,16/3/2026,11:35,Puncak Alam,Milk-based,Mocha,1,12,12,Cash
TXN-6031,16/3/2026,11:39,Puncak Alam,Milk-based,Mocha,1,12,12,QR
TXN-5996,16/3/2026,11:56,Puncak Alam,Ice Blended,Ice Blended Chocolate Chip,2,14,28,Cash
TXN-5929,16/3/2026,11:58,Putrajaya,Espresso-based,Americano,1,9,9,Cash
TXN-5980,16/3/2026,11:58,Puncak Alam,Espresso-based,Espresso,1,7,7,Cash
TXN-6017,16/3/2026,12:02,Puncak Alam,Espresso-based,Americano,1,9,9,Cash
TXN-5940,16/3/2026,12:04,Putrajaya,Espresso-based,Americano,1,9,9,Cash
TXN-5922,16/3/2026,12:07,Putrajaya,Espresso-based,Espresso,2,7,14,Cash
TXN-5968,16/3/2026,12:08,Puncak Alam,Milk-based,Cappuccino,1,11,11,QR
TXN-5975,16/3/2026,12:08,Puncak Alam,Espresso-based,Americano,2,9,18,QR
TXN-5923,16/3/2026,12:21,Putrajaya,Milk-based,Cappuccino,1,11,11,QR
TXN-6009,16/3/2026,12:35,Puncak Alam,Espresso-based,Americano,2,9,18,QR
TXN-5992,16/3/2026,12:39,Puncak Alam,Espresso-based,Espresso,1,7,7,QR
TXN-5934,16/3/2026,12:44,Putrajaya,Ice Blended,Ice Blended Chocolate Chip,1,14,14,QR
TXN-5941,16/3/2026,12:48,Putrajaya,Milk-based,Mocha,1,12,12,QR
TXN-5917,16/3/2026,13:15,Putrajaya,Milk-based,Latte,3,11,33,QR
TXN-5973,16/3/2026,13:19,Puncak Alam,Milk-based,Mocha,2,12,24,QR
TXN-5995,16/3/2026,13:26,Puncak Alam,Milk-based,Caramel Macchiato,2,13,26,Cash
TXN-6023,16/3/2026,13:36,Puncak Alam,Milk-based,Caramel Macchiato,2,13,26,QR
TXN-5937,16/3/2026,13:49,Putrajaya,Milk-based,Mocha,1,12,12,QR
TXN-5977,16/3/2026,13:50,Puncak Alam,Milk-based,Mocha,1,12,12,Cash
TXN-6030,16/3/2026,13:51,Puncak Alam,Espresso-based,Espresso,1,7,7,QR
TXN-5919,16/3/2026,14:09,Putrajaya,Milk-based,Mocha,1,12,12,Cash
TXN-5961,16/3/2026,14:17,Puncak Alam,Milk-based,Cappuccino,1,11,11,QR
TXN-5938,16/3/2026,14:25,Putrajaya,Espresso-based,Americano,2,9,18,QR
TXN-6013,16/3/2026,14:25,Puncak Alam,Ice Blended,Ice Blended Chocolate Chip,1,14,14,QR
TXN-5933,16/3/2026,14:29,Putrajaya,Espresso-based,Americano,1,9,9,Cash
TXN-5916,16/3/2026,14:31,Putrajaya,Milk-based,Latte,1,11,11,QR
TXN-5990,16/3/2026,14:33,Puncak Alam,Espresso-based,Espresso,2,7,14,QR
TXN-6015,16/3/2026,14:49,Puncak Alam,Ice Blended,Ice Blended Chocolate Chip,3,14,42,QR
TXN-5918,16/3/2026,14:50,Putrajaya,Espresso-based,Espresso,1,7,7,QR
TXN-6001,16/3/2026,15:01,Puncak Alam,Espresso-based,Espresso,1,7,7,QR
TXN-5945,16/3/2026,15:12,Putrajaya,Espresso-based,Americano,1,9,9,QR
TXN-6018,16/3/2026,15:16,Puncak Alam,Espresso-based,Americano,1,9,9,QR
TXN-5957,16/3/2026,15:33,Putrajaya,Espresso-based,Americano,2,9,18,Cash
TXN-5954,16/3/2026,15:51,Putrajaya,Ice Blended,Ice Blended Chocolate Chip,1,14,14,QR
TXN-5946,16/3/2026,15:54,Putrajaya,Milk-based,Mocha,1,12,12,Cash
TXN-5962,16/3/2026,15:57,Puncak Alam,Milk-based,Mocha,2,12,24,Cash
TXN-6012,16/3/2026,16:15,Puncak Alam,Espresso-based,Espresso,1,7,7,QR
TXN-6025,16/3/2026,16:18,Puncak Alam,Ice Blended,Ice Blended Chocolate Chip,1,14,14,QR
TXN-5935,16/3/2026,16:42,Putrajaya,Espresso-based,Americano,1,9,9,Cash
TXN-6007,16/3/2026,16:44,Puncak Alam,Espresso-based,Espresso,1,7,7,QR
TXN-5981,16/3/2026,16:46,Puncak Alam,Milk-based,Mocha,1,12,12,QR
TXN-5928,16/3/2026,16:55,Putrajaya,Espresso-based,Espresso,1,7,7,Cash
TXN-5972,16/3/2026,17:18,Puncak Alam,Ice Blended,Ice Blended Chocolate Chip,1,14,14,QR
TXN-5966,16/3/2026,17:23,Puncak Alam,Milk-based,Mocha,1,12,12,QR
TXN-5965,16/3/2026,17:51,Puncak Alam,Milk-based,Mocha,1,12,12,QR
TXN-6016,16/3/2026,18:04,Puncak Alam,Ice Blended,Ice Blended Chocolate Chip,1,14,14,QR
TXN-5956,16/3/2026,18:12,Putrajaya,Espresso-based,Americano,1,9,9,QR
TXN-5925,16/3/2026,18:13,Putrajaya,Milk-based,Mocha,2,12,24,QR
TXN-5947,16/3/2026,18:18,Putrajaya,Ice Blended,Ice Blended Chocolate Chip,2,14,28,Cash
TXN-5915,16/3/2026,18:19,Putrajaya,Milk-based,Cappuccino,1,11,11,QR
TXN-6003,16/3/2026,18:21,Puncak Alam,Milk-based,Cappuccino,1,11,11,QR
TXN-6005,16/3/2026,18:22,Puncak Alam,Milk-based,Cappuccino,1,11,11,QR
TXN-5914,16/3/2026,18:33,Putrajaya,Espresso-based,Americano,2,9,18,QR
TXN-6026,16/3/2026,18:39,Puncak Alam,Espresso-based,Americano,2,9,18,QR
TXN-6011,16/3/2026,18:42,Puncak Alam,Ice Blended,Ice Blended Chocolate Chip,1,14,14,Cash
TXN-5920,16/3/2026,18:43,Putrajaya,Espresso-based,Americano,1,9,9,Cash
TXN-5912,16/3/2026,18:47,Putrajaya,Ice Blended,Ice Blended Chocolate Chip,2,14,28,Cash
TXN-5994,16/3/2026,18:52,Puncak Alam,Milk-based,Mocha,2,12,24,QR
TXN-5958,16/3/2026,18:53,Putrajaya,Espresso-based,Espresso,1,7,7,Cash
TXN-5999,16/3/2026,19:01,Puncak Alam,Espresso-based,Espresso,1,7,7,Cash
TXN-6000,16/3/2026,19:21,Puncak Alam,Milk-based,Mocha,1,12,12,Cash
TXN-6006,16/3/2026,19:24,Puncak Alam,Milk-based,Latte,1,11,11,QR
TXN-6004,16/3/2026,19:29,Puncak Alam,Espresso-based,Espresso,2,7,14,QR
TXN-5936,16/3/2026,19:32,Putrajaya,Milk-based,Latte,2,11,22,QR
TXN-5950,16/3/2026,19:34,Putrajaya,Milk-based,Mocha,1,12,12,QR
TXN-5989,16/3/2026,19:38,Puncak Alam,Milk-based,Cappuccino,2,11,22,QR
TXN-6029,16/3/2026,19:47,Puncak Alam,Espresso-based,Espresso,1,7,7,QR
TXN-5970,16/3/2026,19:49,Puncak Alam,Milk-based,Mocha,1,12,12,QR
TXN-6021,16/3/2026,19:50,Puncak Alam,Milk-based,Latte,2,11,22,QR
TXN-5978,16/3/2026,19:51,Puncak Alam,Milk-based,Latte,1,11,11,QR
TXN-5939,16/3/2026,19:52,Putrajaya,Milk-based,Caramel Macchiato,1,13,13,QR
TXN-5932,16/3/2026,19:59,Putrajaya,Milk-based,Mocha,1,12,12,QR
TXN-5952,16/3/2026,20:08,Putrajaya,Milk-based,Latte,1,11,11,QR
TXN-5976,16/3/2026,20:09,Puncak Alam,Espresso-based,Americano,3,9,27,Cash
TXN-5979,16/3/2026,20:22,Puncak Alam,Milk-based,Mocha,4,12,48,Cash
TXN-5959,16/3/2026,20:30,Putrajaya,Espresso-based,Americano,1,9,9,QR
TXN-5955,16/3/2026,20:34,Putrajaya,Espresso-based,Americano,2,9,18,QR
TXN-5967,16/3/2026,20:37,Puncak Alam,Ice Blended,Ice Blended Chocolate Chip,1,14,14,QR
TXN-6028,16/3/2026,20:38,Puncak Alam,Espresso-based,Americano,2,9,18,Cash
TXN-5926,16/3/2026,20:44,Putrajaya,Milk-based,Latte,1,11,11,QR
TXN-5993,16/3/2026,20:54,Puncak Alam,Milk-based,Cappuccino,1,11,11,QR
TXN-5931,16/3/2026,20:59,Putrajaya,Milk-based,Cappuccino,1,11,11,Cash
TXN-6008,16/3/2026,21:01,Puncak Alam,Milk-based,Mocha,1,12,12,QR
TXN-5982,16/3/2026,21:03,Puncak Alam,Ice Blended,Ice Blended Chocolate Chip,1,14,14,QR
TXN-5921,16/3/2026,21:09,Putrajaya,Milk-based,Caramel Macchiato,2,13,26,Cash
TXN-6010,16/3/2026,21:12,Puncak Alam,Espresso-based,Americano,1,9,9,QR
TXN-5964,16/3/2026,21:27,Puncak Alam,Milk-based,Cappuccino,1,11,11,QR
TXN-5913,16/3/2026,21:49,Putrajaya,Espresso-based,Americano,1,9,9,QR
TXN-6042,17/3/2026,8:05,Putrajaya,Espresso-based,Espresso,1,7,7,Cash
TXN-6036,17/3/2026,8:29,Putrajaya,Milk-based,Caramel Macchiato,1,13,13,QR
TXN-6061,17/3/2026,8:33,Putrajaya,Milk-based,Latte,1,11,11,QR
TXN-6067,17/3/2026,8:33,Puncak Alam,Milk-based,Caramel Macchiato,1,13,13,QR
TXN-6091,17/3/2026,8:42,Puncak Alam,Espresso-based,Americano,1,9,9,QR
TXN-6052,17/3/2026,9:09,Putrajaya,Milk-based,Mocha,1,12,12,QR
TXN-6085,17/3/2026,9:55,Puncak Alam,Milk-based,Latte,1,11,11,Cash
TXN-6060,17/3/2026,10:03,Putrajaya,Milk-based,Cappuccino,2,11,22,Cash
TXN-6076,17/3/2026,10:11,Puncak Alam,Milk-based,Latte,1,11,11,QR
TXN-6059,17/3/2026,10:30,Putrajaya,Milk-based,Cappuccino,1,11,11,QR
TXN-6075,17/3/2026,10:37,Puncak Alam,Milk-based,Caramel Macchiato,1,13,13,QR
TXN-6046,17/3/2026,10:49,Putrajaya,Milk-based,Cappuccino,1,11,11,QR
TXN-6050,17/3/2026,10:55,Putrajaya,Milk-based,Latte,1,11,11,QR
TXN-6094,17/3/2026,10:55,Puncak Alam,Milk-based,Mocha,1,12,12,Cash
TXN-6063,17/3/2026,11:12,Putrajaya,Milk-based,Latte,1,11,11,QR
TXN-6095,17/3/2026,11:20,Puncak Alam,Milk-based,Caramel Macchiato,1,13,13,QR
TXN-6086,17/3/2026,11:27,Puncak Alam,Espresso-based,Espresso,1,7,7,QR
TXN-6034,17/3/2026,11:32,Putrajaya,Espresso-based,Espresso,1,7,7,QR
TXN-6080,17/3/2026,11:32,Puncak Alam,Ice Blended,Ice Blended Chocolate Chip,1,14,14,QR
TXN-6077,17/3/2026,11:35,Puncak Alam,Milk-based,Caramel Macchiato,1,13,13,Cash
TXN-6088,17/3/2026,11:46,Puncak Alam,Milk-based,Caramel Macchiato,2,13,26,QR
TXN-6087,17/3/2026,11:47,Puncak Alam,Ice Blended,Ice Blended Chocolate Chip,1,14,14,QR
TXN-6053,17/3/2026,11:56,Putrajaya,Espresso-based,Espresso,1,7,7,Cash
TXN-6069,17/3/2026,12:27,Puncak Alam,Milk-based,Caramel Macchiato,3,13,39,QR
TXN-6093,17/3/2026,12:34,Puncak Alam,Milk-based,Cappuccino,2,11,22,QR
TXN-6048,17/3/2026,12:47,Putrajaya,Ice Blended,Ice Blended Chocolate Chip,2,14,28,Cash
TXN-6057,17/3/2026,12:53,Putrajaya,Milk-based,Caramel Macchiato,2,13,26,Cash
TXN-6041,17/3/2026,13:00,Putrajaya,Milk-based,Latte,1,11,11,Cash
TXN-6039,17/3/2026,13:01,Putrajaya,Espresso-based,Espresso,1,7,7,QR
TXN-6045,17/3/2026,13:03,Putrajaya,Espresso-based,Americano,1,9,9,QR
TXN-6081,17/3/2026,13:06,Puncak Alam,Ice Blended,Ice Blended Chocolate Chip,1,14,14,QR
TXN-6064,17/3/2026,13:55,Putrajaya,Milk-based,Mocha,1,12,12,QR
TXN-6054,17/3/2026,14:01,Putrajaya,Milk-based,Mocha,3,12,36,Cash
TXN-6096,17/3/2026,14:01,Puncak Alam,Espresso-based,Espresso,2,7,14,Cash
TXN-6055,17/3/2026,14:02,Putrajaya,Espresso-based,Espresso,1,7,7,QR
TXN-6074,17/3/2026,14:10,Puncak Alam,Milk-based,Mocha,1,12,12,Cash
TXN-6065,17/3/2026,14:15,Putrajaya,Milk-based,Mocha,1,12,12,Cash
TXN-6058,17/3/2026,14:21,Putrajaya,Milk-based,Caramel Macchiato,3,13,39,QR
TXN-6040,17/3/2026,14:31,Putrajaya,Ice Blended,Ice Blended Chocolate Chip,2,14,28,QR
TXN-6035,17/3/2026,14:37,Putrajaya,Milk-based,Mocha,1,12,12,QR
TXN-6051,17/3/2026,14:43,Putrajaya,Milk-based,Cappuccino,3,11,33,Cash
TXN-6037,17/3/2026,14:45,Putrajaya,Ice Blended,Ice Blended Chocolate Chip,1,14,14,QR
TXN-6073,17/3/2026,14:59,Puncak Alam,Espresso-based,Americano,3,9,27,QR
TXN-6043,17/3/2026,16:17,Putrajaya,Milk-based,Latte,1,11,11,QR
TXN-6044,17/3/2026,16:23,Putrajaya,Milk-based,Mocha,1,12,12,QR
TXN-6084,17/3/2026,16:39,Puncak Alam,Espresso-based,Espresso,1,7,7,QR
TXN-6092,17/3/2026,16:41,Puncak Alam,Espresso-based,Americano,1,9,9,Cash
TXN-6070,17/3/2026,17:03,Puncak Alam,Milk-based,Mocha,1,12,12,Cash
TXN-6071,17/3/2026,17:04,Puncak Alam,Milk-based,Caramel Macchiato,2,13,26,QR
TXN-6056,17/3/2026,17:10,Putrajaya,Ice Blended,Ice Blended Chocolate Chip,2,14,28,Cash
TXN-6072,17/3/2026,17:14,Puncak Alam,Milk-based,Latte,1,11,11,QR
TXN-6066,17/3/2026,17:36,Putrajaya,Milk-based,Cappuccino,1,11,11,Cash
TXN-6068,17/3/2026,17:54,Puncak Alam,Milk-based,Latte,1,11,11,QR
TXN-6047,17/3/2026,18:11,Putrajaya,Milk-based,Cappuccino,3,11,33,Cash
TXN-6038,17/3/2026,18:17,Putrajaya,Ice Blended,Ice Blended Chocolate Chip,3,14,42,QR
TXN-6082,17/3/2026,18:21,Puncak Alam,Milk-based,Latte,1,11,11,Cash
TXN-6089,17/3/2026,18:43,Puncak Alam,Espresso-based,Espresso,1,7,7,QR
TXN-6078,17/3/2026,19:13,Puncak Alam,Milk-based,Caramel Macchiato,2,13,26,QR
TXN-6090,17/3/2026,19:24,Puncak Alam,Espresso-based,Espresso,1,7,7,Cash
TXN-6083,17/3/2026,19:42,Puncak Alam,Espresso-based,Americano,4,9,36,QR
TXN-6049,17/3/2026,20:02,Putrajaya,Milk-based,Latte,1,11,11,QR
TXN-6062,17/3/2026,20:23,Putrajaya,Espresso-based,Americano,2,9,18,QR
TXN-6079,17/3/2026,20:53,Puncak Alam,Milk-based,Latte,2,11,22,QR
TXN-6033,17/3/2026,21:23,Putrajaya,Milk-based,Caramel Macchiato,3,13,39,QR
TXN-6174,18/3/2026,8:00,Puncak Alam,Milk-based,Cappuccino,1,11,11,QR
TXN-6157,18/3/2026,8:03,Putrajaya,Ice Blended,Ice Blended Chocolate Chip,1,14,14,Cash
TXN-6113,18/3/2026,8:09,Putrajaya,Milk-based,Cappuccino,1,11,11,Cash
TXN-6116,18/3/2026,8:32,Putrajaya,Milk-based,Latte,1,11,11,QR
TXN-6166,18/3/2026,8:48,Puncak Alam,Milk-based,Caramel Macchiato,2,13,26,QR
TXN-6103,18/3/2026,9:12,Putrajaya,Ice Blended,Ice Blended Chocolate Chip,1,14,14,Cash
TXN-6143,18/3/2026,9:14,Putrajaya,Milk-based,Caramel Macchiato,2,13,26,Cash
TXN-6135,18/3/2026,9:16,Putrajaya,Ice Blended,Ice Blended Chocolate Chip,2,14,28,QR
TXN-6155,18/3/2026,9:26,Putrajaya,Espresso-based,Americano,1,9,9,QR
TXN-6145,18/3/2026,9:32,Putrajaya,Espresso-based,Americano,2,9,18,QR
TXN-6125,18/3/2026,9:37,Putrajaya,Ice Blended,Ice Blended Chocolate Chip,1,14,14,QR
TXN-6099,18/3/2026,9:40,Putrajaya,Espresso-based,Espresso,1,7,7,Cash
TXN-6190,18/3/2026,9:42,Puncak Alam,Milk-based,Latte,2,11,22,QR
TXN-6153,18/3/2026,9:51,Putrajaya,Milk-based,Caramel Macchiato,2,13,26,Cash
TXN-6097,18/3/2026,9:56,Putrajaya,Milk-based,Caramel Macchiato,1,13,13,Cash
TXN-6194,18/3/2026,9:58,Puncak Alam,Espresso-based,Americano,1,9,9,QR
TXN-6110,18/3/2026,10:05,Putrajaya,Milk-based,Caramel Macchiato,1,13,13,Cash
TXN-6136,18/3/2026,10:12,Putrajaya,Espresso-based,Americano,1,9,9,Cash
TXN-6160,18/3/2026,10:17,Putrajaya,Ice Blended,Ice Blended Chocolate Chip,3,14,42,QR
TXN-6134,18/3/2026,10:18,Putrajaya,Espresso-based,Americano,1,9,9,QR
TXN-6126,18/3/2026,10:24,Putrajaya,Milk-based,Cappuccino,1,11,11,QR
TXN-6130,18/3/2026,10:50,Putrajaya,Milk-based,Caramel Macchiato,3,13,39,QR
TXN-6177,18/3/2026,10:54,Puncak Alam,Ice Blended,Ice Blended Chocolate Chip,1,14,14,Cash
TXN-6179,18/3/2026,11:26,Puncak Alam,Espresso-based,Americano,1,9,9,Cash
TXN-6168,18/3/2026,11:29,Puncak Alam,Espresso-based,Americano,1,9,9,QR
TXN-6108,18/3/2026,11:33,Putrajaya,Milk-based,Caramel Macchiato,1,13,13,Cash
TXN-6167,18/3/2026,11:34,Puncak Alam,Espresso-based,Americano,1,9,9,Cash
TXN-6115,18/3/2026,11:37,Putrajaya,Espresso-based,Americano,1,9,9,QR
TXN-6187,18/3/2026,11:46,Puncak Alam,Espresso-based,Americano,1,9,9,QR
TXN-6159,18/3/2026,12:02,Putrajaya,Milk-based,Mocha,1,12,12,QR
TXN-6118,18/3/2026,12:09,Putrajaya,Espresso-based,Americano,2,9,18,Cash
TXN-6146,18/3/2026,12:16,Putrajaya,Milk-based,Mocha,1,12,12,QR
TXN-6120,18/3/2026,12:24,Putrajaya,Espresso-based,Americano,1,9,9,QR
TXN-6104,18/3/2026,12:37,Putrajaya,Milk-based,Caramel Macchiato,1,13,13,QR
TXN-6144,18/3/2026,12:37,Putrajaya,Ice Blended,Ice Blended Chocolate Chip,2,14,28,QR
TXN-6127,18/3/2026,12:38,Putrajaya,Milk-based,Latte,2,11,22,QR
TXN-6106,18/3/2026,12:41,Putrajaya,Milk-based,Cappuccino,3,11,33,QR
TXN-6181,18/3/2026,13:04,Puncak Alam,Espresso-based,Americano,1,9,9,Cash
TXN-6189,18/3/2026,13:05,Puncak Alam,Ice Blended,Ice Blended Chocolate Chip,1,14,14,QR
TXN-6132,18/3/2026,13:24,Putrajaya,Ice Blended,Ice Blended Chocolate Chip,1,14,14,QR
TXN-6154,18/3/2026,13:32,Putrajaya,Milk-based,Mocha,3,12,36,QR
TXN-6184,18/3/2026,13:51,Puncak Alam,Espresso-based,Americano,1,9,9,QR
TXN-6123,18/3/2026,13:58,Putrajaya,Ice Blended,Ice Blended Chocolate Chip,2,14,28,QR
TXN-6121,18/3/2026,14:23,Putrajaya,Espresso-based,Espresso,2,7,14,Cash
TXN-6192,18/3/2026,14:24,Puncak Alam,Milk-based,Caramel Macchiato,1,13,13,QR
TXN-6122,18/3/2026,14:25,Putrajaya,Milk-based,Cappuccino,1,11,11,Cash
TXN-6165,18/3/2026,14:27,Puncak Alam,Milk-based,Mocha,2,12,24,Cash
TXN-6112,18/3/2026,14:41,Putrajaya,Milk-based,Latte,1,11,11,QR
TXN-6164,18/3/2026,14:58,Puncak Alam,Milk-based,Caramel Macchiato,1,13,13,Cash
TXN-6183,18/3/2026,15:04,Puncak Alam,Milk-based,Cappuccino,2,11,22,QR
TXN-6131,18/3/2026,15:12,Putrajaya,Espresso-based,Espresso,1,7,7,QR
TXN-6100,18/3/2026,15:16,Putrajaya,Milk-based,Latte,1,11,11,Cash
TXN-6105,18/3/2026,15:19,Putrajaya,Milk-based,Caramel Macchiato,2,13,26,QR
TXN-6191,18/3/2026,15:20,Puncak Alam,Milk-based,Latte,2,11,22,QR
TXN-6138,18/3/2026,15:34,Putrajaya,Milk-based,Caramel Macchiato,1,13,13,QR
TXN-6182,18/3/2026,15:47,Puncak Alam,Milk-based,Caramel Macchiato,1,13,13,QR
TXN-6102,18/3/2026,16:02,Putrajaya,Milk-based,Latte,4,11,44,Cash
TXN-6140,18/3/2026,16:08,Putrajaya,Milk-based,Latte,1,11,11,Cash
TXN-6114,18/3/2026,16:10,Putrajaya,Milk-based,Cappuccino,1,11,11,QR
TXN-6133,18/3/2026,16:22,Putrajaya,Espresso-based,Espresso,1,7,7,Cash
TXN-6128,18/3/2026,16:36,Putrajaya,Milk-based,Caramel Macchiato,1,13,13,QR
TXN-6147,18/3/2026,16:36,Putrajaya,Milk-based,Cappuccino,1,11,11,Cash
TXN-6150,18/3/2026,16:37,Putrajaya,Milk-based,Latte,1,11,11,QR
TXN-6129,18/3/2026,16:39,Putrajaya,Milk-based,Caramel Macchiato,1,13,13,Cash
TXN-6152,18/3/2026,16:45,Putrajaya,Ice Blended,Ice Blended Chocolate Chip,2,14,28,QR
TXN-6175,18/3/2026,16:56,Puncak Alam,Milk-based,Latte,1,11,11,QR
TXN-6117,18/3/2026,16:57,Putrajaya,Milk-based,Mocha,1,12,12,QR
TXN-6178,18/3/2026,17:01,Puncak Alam,Espresso-based,Espresso,1,7,7,Cash
TXN-6163,18/3/2026,17:14,Putrajaya,Ice Blended,Ice Blended Chocolate Chip,1,14,14,QR
TXN-6139,18/3/2026,17:17,Putrajaya,Ice Blended,Ice Blended Chocolate Chip,2,14,28,Cash
TXN-6101,18/3/2026,17:20,Putrajaya,Espresso-based,Espresso,1,7,7,QR
TXN-6161,18/3/2026,17:21,Putrajaya,Espresso-based,Espresso,1,7,7,QR
TXN-6180,18/3/2026,17:28,Puncak Alam,Milk-based,Cappuccino,1,11,11,QR
TXN-6098,18/3/2026,17:34,Putrajaya,Ice Blended,Ice Blended Chocolate Chip,1,14,14,QR
TXN-6142,18/3/2026,17:34,Putrajaya,Milk-based,Latte,1,11,11,Cash
TXN-6151,18/3/2026,17:59,Putrajaya,Milk-based,Latte,1,11,11,QR
TXN-6169,18/3/2026,18:08,Puncak Alam,Milk-based,Mocha,1,12,12,QR
TXN-6158,18/3/2026,18:21,Putrajaya,Espresso-based,Americano,2,9,18,Cash
TXN-6172,18/3/2026,18:28,Puncak Alam,Milk-based,Cappuccino,1,11,11,QR
TXN-6109,18/3/2026,18:41,Putrajaya,Milk-based,Latte,1,11,11,QR
TXN-6193,18/3/2026,18:48,Puncak Alam,Milk-based,Latte,1,11,11,QR
TXN-6156,18/3/2026,18:59,Putrajaya,Espresso-based,Americano,3,9,27,QR
TXN-6148,18/3/2026,19:03,Putrajaya,Espresso-based,Americano,3,9,27,Cash
TXN-6107,18/3/2026,19:10,Putrajaya,Milk-based,Latte,1,11,11,QR
TXN-6119,18/3/2026,19:33,Putrajaya,Milk-based,Mocha,4,12,48,Cash
TXN-6170,18/3/2026,19:46,Puncak Alam,Milk-based,Latte,1,11,11,QR
TXN-6137,18/3/2026,19:49,Putrajaya,Milk-based,Caramel Macchiato,1,13,13,Cash
TXN-6171,18/3/2026,20:20,Puncak Alam,Ice Blended,Ice Blended Chocolate Chip,1,14,14,Cash
TXN-6141,18/3/2026,20:23,Putrajaya,Milk-based,Caramel Macchiato,1,13,13,Cash
TXN-6188,18/3/2026,20:40,Puncak Alam,Milk-based,Caramel Macchiato,1,13,13,QR
TXN-6124,18/3/2026,20:54,Putrajaya,Milk-based,Cappuccino,2,11,22,QR
TXN-6111,18/3/2026,21:10,Putrajaya,Milk-based,Caramel Macchiato,1,13,13,Cash
TXN-6162,18/3/2026,21:17,Putrajaya,Milk-based,Cappuccino,1,11,11,QR
TXN-6185,18/3/2026,21:22,Puncak Alam,Ice Blended,Ice Blended Chocolate Chip,1,14,14,QR
TXN-6176,18/3/2026,21:23,Puncak Alam,Milk-based,Mocha,1,12,12,QR
TXN-6186,18/3/2026,21:46,Puncak Alam,Milk-based,Mocha,1,12,12,QR
TXN-6173,18/3/2026,21:52,Puncak Alam,Milk-based,Mocha,1,12,12,QR
TXN-6149,18/3/2026,21:55,Putrajaya,Espresso-based,Americano,2,9,18,Cash
TXN-6250,19/3/2026,8:14,Puncak Alam,Milk-based,Cappuccino,1,11,11,QR
TXN-6257,19/3/2026,8:15,Puncak Alam,Ice Blended,Ice Blended Chocolate Chip,1,14,14,QR
TXN-6260,19/3/2026,8:25,Puncak Alam,Milk-based,Cappuccino,1,11,11,Cash
TXN-6253,19/3/2026,8:32,Puncak Alam,Milk-based,Cappuccino,3,11,33,QR
TXN-6277,19/3/2026,8:36,Puncak Alam,Milk-based,Cappuccino,1,11,11,QR
TXN-6291,19/3/2026,8:37,Puncak Alam,Milk-based,Cappuccino,1,11,11,QR
TXN-6199,19/3/2026,8:53,Putrajaya,Ice Blended,Ice Blended Chocolate Chip,3,14,42,QR
TXN-6224,19/3/2026,9:00,Putrajaya,Milk-based,Cappuccino,1,11,11,QR
TXN-6206,19/3/2026,9:13,Putrajaya,Milk-based,Cappuccino,3,11,33,QR
TXN-6263,19/3/2026,9:18,Puncak Alam,Ice Blended,Ice Blended Chocolate Chip,3,14,42,QR
TXN-6273,19/3/2026,9:20,Puncak Alam,Milk-based,Latte,4,11,44,QR
TXN-6245,19/3/2026,9:29,Puncak Alam,Milk-based,Latte,1,11,11,QR
TXN-6246,19/3/2026,9:36,Puncak Alam,Ice Blended,Ice Blended Chocolate Chip,2,14,28,QR
TXN-6284,19/3/2026,9:40,Puncak Alam,Espresso-based,Americano,1,9,9,QR
TXN-6208,19/3/2026,9:49,Putrajaya,Ice Blended,Ice Blended Chocolate Chip,1,14,14,QR
TXN-6201,19/3/2026,9:59,Putrajaya,Milk-based,Cappuccino,1,11,11,QR
TXN-6213,19/3/2026,10:04,Putrajaya,Milk-based,Cappuccino,1,11,11,Cash
TXN-6228,19/3/2026,10:06,Puncak Alam,Espresso-based,Americano,1,9,9,QR
TXN-6195,19/3/2026,10:21,Putrajaya,Milk-based,Cappuccino,2,11,22,Cash
TXN-6241,19/3/2026,10:22,Puncak Alam,Milk-based,Caramel Macchiato,2,13,26,Cash
TXN-6216,19/3/2026,10:23,Putrajaya,Espresso-based,Americano,2,9,18,QR
TXN-6217,19/3/2026,10:34,Putrajaya,Ice Blended,Ice Blended Chocolate Chip,1,14,14,Cash
TXN-6211,19/3/2026,10:39,Putrajaya,Milk-based,Mocha,1,12,12,QR
TXN-6229,19/3/2026,10:46,Puncak Alam,Espresso-based,Espresso,1,7,7,QR
TXN-6283,19/3/2026,11:16,Puncak Alam,Espresso-based,Espresso,1,7,7,Cash
TXN-6293,19/3/2026,11:21,Puncak Alam,Milk-based,Cappuccino,1,11,11,Cash
TXN-6207,19/3/2026,11:23,Putrajaya,Espresso-based,Espresso,1,7,7,QR
TXN-6214,19/3/2026,11:34,Putrajaya,Milk-based,Caramel Macchiato,1,13,13,QR
TXN-6267,19/3/2026,11:54,Puncak Alam,Milk-based,Cappuccino,1,11,11,QR
TXN-6212,19/3/2026,12:04,Putrajaya,Ice Blended,Ice Blended Chocolate Chip,1,14,14,Cash
TXN-6261,19/3/2026,12:14,Puncak Alam,Espresso-based,Americano,2,9,18,Cash
TXN-6287,19/3/2026,12:15,Puncak Alam,Milk-based,Caramel Macchiato,2,13,26,QR
TXN-6244,19/3/2026,12:30,Puncak Alam,Espresso-based,Americano,1,9,9,QR
TXN-6196,19/3/2026,12:35,Putrajaya,Milk-based,Latte,1,11,11,Cash
TXN-6275,19/3/2026,13:07,Puncak Alam,Espresso-based,Espresso,1,7,7,Cash
TXN-6215,19/3/2026,13:10,Putrajaya,Espresso-based,Americano,2,9,18,QR
TXN-6233,19/3/2026,13:11,Puncak Alam,Milk-based,Caramel Macchiato,1,13,13,QR
TXN-6200,19/3/2026,13:15,Putrajaya,Milk-based,Latte,2,11,22,Cash
TXN-6280,19/3/2026,13:16,Puncak Alam,Espresso-based,Espresso,1,7,7,QR
TXN-6288,19/3/2026,13:16,Puncak Alam,Ice Blended,Ice Blended Chocolate Chip,2,14,28,Cash
TXN-6236,19/3/2026,13:20,Puncak Alam,Milk-based,Cappuccino,2,11,22,QR
TXN-6220,19/3/2026,13:32,Putrajaya,Milk-based,Latte,1,11,11,QR
TXN-6197,19/3/2026,13:34,Putrajaya,Ice Blended,Ice Blended Chocolate Chip,1,14,14,Cash
TXN-6225,19/3/2026,13:45,Putrajaya,Milk-based,Latte,2,11,22,QR
TXN-6247,19/3/2026,13:57,Puncak Alam,Espresso-based,Americano,1,9,9,QR
TXN-6276,19/3/2026,14:12,Puncak Alam,Milk-based,Latte,4,11,44,QR
TXN-6239,19/3/2026,14:16,Puncak Alam,Milk-based,Latte,1,11,11,Cash
TXN-6256,19/3/2026,14:17,Puncak Alam,Espresso-based,Americano,1,9,9,QR
TXN-6232,19/3/2026,14:18,Puncak Alam,Espresso-based,Americano,1,9,9,QR
TXN-6279,19/3/2026,14:18,Puncak Alam,Espresso-based,Espresso,1,7,7,QR
TXN-6238,19/3/2026,14:23,Puncak Alam,Espresso-based,Espresso,1,7,7,QR
TXN-6221,19/3/2026,14:28,Putrajaya,Espresso-based,Americano,1,9,9,QR
TXN-6274,19/3/2026,14:35,Puncak Alam,Espresso-based,Americano,1,9,9,QR
TXN-6198,19/3/2026,14:37,Putrajaya,Milk-based,Cappuccino,2,11,22,Cash
TXN-6226,19/3/2026,14:38,Putrajaya,Milk-based,Latte,4,11,44,QR
TXN-6265,19/3/2026,14:39,Puncak Alam,Espresso-based,Americano,1,9,9,QR
TXN-6237,19/3/2026,15:06,Puncak Alam,Milk-based,Cappuccino,1,11,11,Cash
TXN-6258,19/3/2026,15:13,Puncak Alam,Milk-based,Caramel Macchiato,1,13,13,QR
TXN-6254,19/3/2026,15:22,Puncak Alam,Espresso-based,Espresso,3,7,21,Cash
TXN-6294,19/3/2026,15:31,Puncak Alam,Milk-based,Latte,1,11,11,Cash
TXN-6255,19/3/2026,15:34,Puncak Alam,Espresso-based,Espresso,1,7,7,QR
TXN-6243,19/3/2026,15:36,Puncak Alam,Milk-based,Mocha,1,12,12,QR
TXN-6262,19/3/2026,15:36,Puncak Alam,Milk-based,Cappuccino,1,11,11,QR
TXN-6240,19/3/2026,15:45,Puncak Alam,Milk-based,Mocha,1,12,12,Cash
TXN-6272,19/3/2026,15:55,Puncak Alam,Milk-based,Mocha,1,12,12,QR
TXN-6259,19/3/2026,15:58,Puncak Alam,Milk-based,Caramel Macchiato,1,13,13,QR
TXN-6227,19/3/2026,16:23,Putrajaya,Ice Blended,Ice Blended Chocolate Chip,1,14,14,QR
TXN-6281,19/3/2026,16:26,Puncak Alam,Ice Blended,Ice Blended Chocolate Chip,2,14,28,QR
TXN-6218,19/3/2026,16:32,Putrajaya,Milk-based,Latte,3,11,33,Cash
TXN-6230,19/3/2026,16:43,Puncak Alam,Milk-based,Cappuccino,1,11,11,QR
TXN-6203,19/3/2026,16:56,Putrajaya,Milk-based,Latte,3,11,33,Cash
TXN-6231,19/3/2026,17:01,Puncak Alam,Milk-based,Latte,3,11,33,QR
TXN-6278,19/3/2026,17:03,Puncak Alam,Milk-based,Latte,3,11,33,Cash
TXN-6292,19/3/2026,17:11,Puncak Alam,Espresso-based,Americano,1,9,9,QR
TXN-6249,19/3/2026,17:18,Puncak Alam,Milk-based,Latte,2,11,22,QR
TXN-6205,19/3/2026,17:31,Putrajaya,Milk-based,Mocha,1,12,12,Cash
TXN-6290,19/3/2026,17:56,Puncak Alam,Milk-based,Caramel Macchiato,1,13,13,QR
TXN-6223,19/3/2026,18:08,Putrajaya,Milk-based,Caramel Macchiato,1,13,13,QR
TXN-6234,19/3/2026,18:08,Puncak Alam,Espresso-based,Espresso,1,7,7,QR
TXN-6248,19/3/2026,18:10,Puncak Alam,Milk-based,Latte,1,11,11,QR
TXN-6282,19/3/2026,18:16,Puncak Alam,Milk-based,Mocha,1,12,12,QR
TXN-6242,19/3/2026,18:23,Puncak Alam,Espresso-based,Espresso,1,7,7,QR
TXN-6222,19/3/2026,18:31,Putrajaya,Milk-based,Latte,1,11,11,Cash
TXN-6235,19/3/2026,18:31,Puncak Alam,Milk-based,Latte,1,11,11,QR
TXN-6285,19/3/2026,18:38,Puncak Alam,Milk-based,Caramel Macchiato,3,13,39,QR
TXN-6202,19/3/2026,18:43,Putrajaya,Milk-based,Latte,1,11,11,QR
TXN-6251,19/3/2026,18:43,Puncak Alam,Milk-based,Mocha,1,12,12,QR
TXN-6269,19/3/2026,18:46,Puncak Alam,Milk-based,Latte,1,11,11,Cash
TXN-6266,19/3/2026,18:48,Puncak Alam,Milk-based,Cappuccino,2,11,22,QR
TXN-6268,19/3/2026,18:51,Puncak Alam,Milk-based,Cappuccino,1,11,11,QR
TXN-6219,19/3/2026,18:59,Putrajaya,Espresso-based,Americano,2,9,18,QR
TXN-6295,19/3/2026,19:09,Puncak Alam,Milk-based,Mocha,1,12,12,QR
TXN-6271,19/3/2026,19:32,Puncak Alam,Milk-based,Cappuccino,1,11,11,QR
TXN-6210,19/3/2026,19:35,Putrajaya,Espresso-based,Espresso,3,7,21,Cash
TXN-6252,19/3/2026,20:39,Puncak Alam,Milk-based,Latte,1,11,11,QR
TXN-6204,19/3/2026,20:45,Putrajaya,Espresso-based,Espresso,2,7,14,QR
TXN-6264,19/3/2026,20:46,Puncak Alam,Espresso-based,Espresso,1,7,7,QR
TXN-6289,19/3/2026,20:47,Puncak Alam,Milk-based,Cappuccino,1,11,11,Cash
TXN-6209,19/3/2026,21:30,Putrajaya,Milk-based,Mocha,1,12,12,QR
TXN-6270,19/3/2026,21:34,Puncak Alam,Milk-based,Latte,4,11,44,QR
TXN-6286,19/3/2026,21:46,Puncak Alam,Milk-based,Mocha,1,12,12,QR
TXN-6379,20/3/2026,8:00,Puncak Alam,Milk-based,Cappuccino,1,11,11,QR
TXN-6415,20/3/2026,8:05,Puncak Alam,Espresso-based,Espresso,1,7,7,QR
TXN-6310,20/3/2026,8:06,Putrajaya,Milk-based,Caramel Macchiato,3,13,39,QR
TXN-6318,20/3/2026,8:10,Putrajaya,Ice Blended,Ice Blended Chocolate Chip,1,14,14,QR
TXN-6368,20/3/2026,8:13,Putrajaya,Espresso-based,Espresso,1,7,7,QR
TXN-6308,20/3/2026,8:24,Putrajaya,Espresso-based,Espresso,1,7,7,QR
TXN-6315,20/3/2026,8:25,Putrajaya,Espresso-based,Americano,3,9,27,Cash
TXN-6420,20/3/2026,8:25,Puncak Alam,Espresso-based,Espresso,1,7,7,Cash
TXN-6396,20/3/2026,8:26,Puncak Alam,Ice Blended,Ice Blended Chocolate Chip,1,14,14,QR
TXN-6348,20/3/2026,8:27,Putrajaya,Milk-based,Cappuccino,1,11,11,QR
TXN-6311,20/3/2026,8:33,Putrajaya,Milk-based,Mocha,1,12,12,Cash
TXN-6312,20/3/2026,8:39,Putrajaya,Milk-based,Mocha,1,12,12,QR
TXN-6316,20/3/2026,8:41,Putrajaya,Milk-based,Mocha,1,12,12,QR
TXN-6410,20/3/2026,8:57,Puncak Alam,Milk-based,Caramel Macchiato,3,13,39,QR
TXN-6335,20/3/2026,9:01,Putrajaya,Milk-based,Caramel Macchiato,2,13,26,Cash
TXN-6422,20/3/2026,9:02,Puncak Alam,Milk-based,Caramel Macchiato,1,13,13,QR
TXN-6306,20/3/2026,9:10,Putrajaya,Ice Blended,Ice Blended Chocolate Chip,1,14,14,Cash
TXN-6375,20/3/2026,9:10,Puncak Alam,Milk-based,Caramel Macchiato,1,13,13,QR
TXN-6364,20/3/2026,9:24,Putrajaya,Milk-based,Caramel Macchiato,1,13,13,Cash
TXN-6414,20/3/2026,9:24,Puncak Alam,Milk-based,Cappuccino,1,11,11,QR
TXN-6345,20/3/2026,9:32,Putrajaya,Milk-based,Mocha,1,12,12,Cash
TXN-6343,20/3/2026,9:36,Putrajaya,Ice Blended,Ice Blended Chocolate Chip,1,14,14,QR
TXN-6412,20/3/2026,9:37,Puncak Alam,Milk-based,Mocha,1,12,12,Cash
TXN-6321,20/3/2026,9:42,Putrajaya,Ice Blended,Ice Blended Chocolate Chip,1,14,14,QR
TXN-6346,20/3/2026,10:02,Putrajaya,Milk-based,Cappuccino,1,11,11,QR
TXN-6373,20/3/2026,10:04,Puncak Alam,Milk-based,Latte,3,11,33,QR
TXN-6339,20/3/2026,10:05,Putrajaya,Espresso-based,Americano,2,9,18,QR
TXN-6330,20/3/2026,10:17,Putrajaya,Milk-based,Caramel Macchiato,3,13,39,Cash
TXN-6367,20/3/2026,10:20,Putrajaya,Milk-based,Cappuccino,2,11,22,QR
TXN-6357,20/3/2026,10:36,Putrajaya,Milk-based,Mocha,2,12,24,Cash
TXN-6356,20/3/2026,10:49,Putrajaya,Milk-based,Mocha,1,12,12,QR
TXN-6372,20/3/2026,10:49,Puncak Alam,Ice Blended,Ice Blended Chocolate Chip,2,14,28,Cash
TXN-6326,20/3/2026,10:52,Putrajaya,Milk-based,Mocha,1,12,12,QR
TXN-6344,20/3/2026,10:53,Putrajaya,Milk-based,Cappuccino,4,11,44,QR
TXN-6384,20/3/2026,10:56,Puncak Alam,Milk-based,Cappuccino,1,11,11,Cash
TXN-6362,20/3/2026,11:01,Putrajaya,Milk-based,Mocha,1,12,12,Cash
TXN-6303,20/3/2026,11:24,Putrajaya,Milk-based,Mocha,1,12,12,QR
TXN-6366,20/3/2026,11:26,Putrajaya,Ice Blended,Ice Blended Chocolate Chip,1,14,14,QR
TXN-6351,20/3/2026,11:33,Putrajaya,Ice Blended,Ice Blended Chocolate Chip,1,14,14,QR
TXN-6407,20/3/2026,11:33,Puncak Alam,Espresso-based,Americano,1,9,9,QR
TXN-6305,20/3/2026,11:42,Putrajaya,Espresso-based,Americano,3,9,27,QR
TXN-6361,20/3/2026,11:44,Putrajaya,Milk-based,Mocha,1,12,12,Cash
TXN-6307,20/3/2026,12:00,Putrajaya,Ice Blended,Ice Blended Chocolate Chip,3,14,42,QR
TXN-6324,20/3/2026,12:07,Putrajaya,Milk-based,Cappuccino,4,11,44,Cash
TXN-6406,20/3/2026,12:08,Puncak Alam,Espresso-based,Espresso,4,7,28,Cash
TXN-6299,20/3/2026,12:13,Putrajaya,Milk-based,Caramel Macchiato,1,13,13,QR
TXN-6353,20/3/2026,12:14,Putrajaya,Espresso-based,Americano,1,9,9,QR
TXN-6363,20/3/2026,12:20,Putrajaya,Milk-based,Latte,1,11,11,Cash
TXN-6411,20/3/2026,12:27,Puncak Alam,Milk-based,Mocha,1,12,12,QR
TXN-6328,20/3/2026,12:32,Putrajaya,Milk-based,Caramel Macchiato,1,13,13,QR
TXN-6349,20/3/2026,12:35,Putrajaya,Milk-based,Cappuccino,1,11,11,QR
TXN-6296,20/3/2026,12:42,Putrajaya,Milk-based,Caramel Macchiato,2,13,26,QR
TXN-6365,20/3/2026,12:47,Putrajaya,Milk-based,Latte,1,11,11,QR
TXN-6360,20/3/2026,12:50,Putrajaya,Ice Blended,Ice Blended Chocolate Chip,2,14,28,QR
TXN-6317,20/3/2026,13:09,Putrajaya,Milk-based,Caramel Macchiato,1,13,13,QR
TXN-6359,20/3/2026,13:09,Putrajaya,Espresso-based,Espresso,1,7,7,QR
TXN-6390,20/3/2026,13:14,Puncak Alam,Milk-based,Cappuccino,1,11,11,Cash
TXN-6342,20/3/2026,13:18,Putrajaya,Milk-based,Latte,1,11,11,Cash
TXN-6385,20/3/2026,13:23,Puncak Alam,Espresso-based,Americano,2,9,18,Cash
TXN-6327,20/3/2026,13:38,Putrajaya,Espresso-based,Espresso,1,7,7,QR
TXN-6333,20/3/2026,13:43,Putrajaya,Milk-based,Caramel Macchiato,1,13,13,QR
TXN-6329,20/3/2026,13:47,Putrajaya,Milk-based,Latte,1,11,11,Cash
TXN-6309,20/3/2026,13:52,Putrajaya,Ice Blended,Ice Blended Chocolate Chip,1,14,14,Cash
TXN-6423,20/3/2026,14:13,Puncak Alam,Espresso-based,Americano,2,9,18,QR
TXN-6413,20/3/2026,14:19,Puncak Alam,Milk-based,Cappuccino,1,11,11,QR
TXN-6332,20/3/2026,14:22,Putrajaya,Milk-based,Cappuccino,1,11,11,QR
TXN-6313,20/3/2026,14:28,Putrajaya,Milk-based,Latte,1,11,11,QR
TXN-6381,20/3/2026,14:31,Puncak Alam,Espresso-based,Americano,1,9,9,QR
TXN-6334,20/3/2026,14:37,Putrajaya,Milk-based,Caramel Macchiato,1,13,13,QR
TXN-6383,20/3/2026,14:44,Puncak Alam,Ice Blended,Ice Blended Chocolate Chip,1,14,14,Cash
TXN-6320,20/3/2026,14:45,Putrajaya,Milk-based,Cappuccino,1,11,11,QR
TXN-6392,20/3/2026,14:52,Puncak Alam,Ice Blended,Ice Blended Chocolate Chip,3,14,42,QR
TXN-6297,20/3/2026,14:53,Putrajaya,Milk-based,Cappuccino,1,11,11,Cash
TXN-6371,20/3/2026,15:11,Puncak Alam,Milk-based,Cappuccino,1,11,11,QR
TXN-6387,20/3/2026,15:14,Puncak Alam,Espresso-based,Americano,1,9,9,Cash
TXN-6337,20/3/2026,15:20,Putrajaya,Milk-based,Caramel Macchiato,1,13,13,Cash
TXN-6369,20/3/2026,15:46,Putrajaya,Espresso-based,Espresso,3,7,21,QR
TXN-6395,20/3/2026,15:47,Puncak Alam,Milk-based,Caramel Macchiato,2,13,26,Cash
TXN-6405,20/3/2026,15:52,Puncak Alam,Milk-based,Mocha,1,12,12,QR
TXN-6403,20/3/2026,16:01,Puncak Alam,Milk-based,Cappuccino,2,11,22,QR
TXN-6374,20/3/2026,16:02,Puncak Alam,Milk-based,Latte,2,11,22,QR
TXN-6325,20/3/2026,16:03,Putrajaya,Milk-based,Mocha,1,12,12,Cash
TXN-6409,20/3/2026,16:16,Puncak Alam,Milk-based,Cappuccino,2,11,22,Cash
TXN-6350,20/3/2026,16:20,Putrajaya,Milk-based,Latte,1,11,11,QR
TXN-6355,20/3/2026,16:30,Putrajaya,Milk-based,Latte,2,11,22,QR
TXN-6417,20/3/2026,16:45,Puncak Alam,Milk-based,Mocha,1,12,12,QR
TXN-6389,20/3/2026,16:48,Puncak Alam,Espresso-based,Espresso,1,7,7,QR
TXN-6393,20/3/2026,16:50,Puncak Alam,Milk-based,Caramel Macchiato,1,13,13,QR
TXN-6402,20/3/2026,16:54,Puncak Alam,Milk-based,Latte,1,11,11,QR
TXN-6336,20/3/2026,17:01,Putrajaya,Espresso-based,Americano,2,9,18,QR
TXN-6347,20/3/2026,17:40,Putrajaya,Milk-based,Mocha,1,12,12,QR
TXN-6354,20/3/2026,17:48,Putrajaya,Milk-based,Cappuccino,2,11,22,QR
TXN-6391,20/3/2026,17:56,Puncak Alam,Milk-based,Cappuccino,1,11,11,QR
TXN-6388,20/3/2026,18:02,Puncak Alam,Ice Blended,Ice Blended Chocolate Chip,1,14,14,QR
TXN-6397,20/3/2026,18:06,Puncak Alam,Milk-based,Latte,1,11,11,QR
TXN-6419,20/3/2026,18:09,Puncak Alam,Espresso-based,Americano,1,9,9,Cash
TXN-6358,20/3/2026,18:10,Putrajaya,Ice Blended,Ice Blended Chocolate Chip,3,14,42,QR
TXN-6399,20/3/2026,18:13,Puncak Alam,Milk-based,Caramel Macchiato,1,13,13,Cash
TXN-6314,20/3/2026,18:24,Putrajaya,Milk-based,Latte,3,11,33,QR
TXN-6340,20/3/2026,18:24,Putrajaya,Ice Blended,Ice Blended Chocolate Chip,2,14,28,Cash
TXN-6398,20/3/2026,18:25,Puncak Alam,Espresso-based,Espresso,1,7,7,QR
TXN-6394,20/3/2026,18:26,Puncak Alam,Milk-based,Caramel Macchiato,2,13,26,Cash
TXN-6338,20/3/2026,18:29,Putrajaya,Ice Blended,Ice Blended Chocolate Chip,3,14,42,QR
TXN-6341,20/3/2026,18:31,Putrajaya,Milk-based,Mocha,1,12,12,Cash
TXN-6421,20/3/2026,18:38,Puncak Alam,Espresso-based,Espresso,3,7,21,QR
TXN-6298,20/3/2026,18:55,Putrajaya,Milk-based,Mocha,1,12,12,QR
TXN-6376,20/3/2026,18:55,Puncak Alam,Milk-based,Cappuccino,1,11,11,QR
TXN-6380,20/3/2026,18:58,Puncak Alam,Milk-based,Cappuccino,1,11,11,Cash
TXN-6322,20/3/2026,19:09,Putrajaya,Milk-based,Caramel Macchiato,1,13,13,QR
TXN-6331,20/3/2026,19:12,Putrajaya,Espresso-based,Americano,4,9,36,QR
TXN-6301,20/3/2026,19:13,Putrajaya,Milk-based,Caramel Macchiato,1,13,13,QR
TXN-6377,20/3/2026,19:17,Puncak Alam,Milk-based,Latte,2,11,22,QR
TXN-6300,20/3/2026,19:22,Putrajaya,Milk-based,Mocha,1,12,12,QR
TXN-6400,20/3/2026,19:27,Puncak Alam,Milk-based,Caramel Macchiato,1,13,13,QR
TXN-6323,20/3/2026,19:32,Putrajaya,Espresso-based,Espresso,1,7,7,QR
TXN-6416,20/3/2026,19:50,Puncak Alam,Milk-based,Mocha,2,12,24,QR
TXN-6302,20/3/2026,19:55,Putrajaya,Milk-based,Latte,1,11,11,QR
TXN-6378,20/3/2026,19:56,Puncak Alam,Milk-based,Latte,1,11,11,Cash
TXN-6408,20/3/2026,20:01,Puncak Alam,Espresso-based,Espresso,1,7,7,QR
TXN-6418,20/3/2026,20:03,Puncak Alam,Milk-based,Mocha,2,12,24,QR
TXN-6382,20/3/2026,20:23,Puncak Alam,Milk-based,Cappuccino,3,11,33,QR
TXN-6352,20/3/2026,20:50,Putrajaya,Milk-based,Latte,1,11,11,QR
TXN-6304,20/3/2026,20:54,Putrajaya,Milk-based,Caramel Macchiato,2,13,26,Cash
TXN-6319,20/3/2026,20:54,Putrajaya,Milk-based,Mocha,2,12,24,QR
TXN-6370,20/3/2026,21:08,Putrajaya,Milk-based,Latte,3,11,33,QR
TXN-6386,20/3/2026,21:24,Puncak Alam,Milk-based,Caramel Macchiato,2,13,26,Cash
TXN-6401,20/3/2026,21:34,Puncak Alam,Espresso-based,Espresso,1,7,7,Cash
TXN-6404,20/3/2026,21:45,Puncak Alam,Milk-based,Latte,1,11,11,QR
TXN-6436,21/3/2026,8:10,Putrajaya,Milk-based,Caramel Macchiato,1,13,13,QR
TXN-6440,21/3/2026,8:19,Putrajaya,Espresso-based,Espresso,1,7,7,Cash
TXN-6458,21/3/2026,8:21,Putrajaya,Milk-based,Mocha,1,12,12,QR
TXN-6505,21/3/2026,8:40,Puncak Alam,Milk-based,Cappuccino,1,11,11,QR
TXN-6451,21/3/2026,8:41,Putrajaya,Milk-based,Cappuccino,1,11,11,Cash
TXN-6502,21/3/2026,9:01,Puncak Alam,Milk-based,Caramel Macchiato,1,13,13,QR
TXN-6454,21/3/2026,9:03,Putrajaya,Ice Blended,Ice Blended Chocolate Chip,1,14,14,QR
TXN-6498,21/3/2026,9:05,Puncak Alam,Milk-based,Mocha,1,12,12,QR
TXN-6444,21/3/2026,9:08,Putrajaya,Milk-based,Cappuccino,1,11,11,QR
TXN-6439,21/3/2026,9:27,Putrajaya,Milk-based,Cappuccino,1,11,11,QR
TXN-6460,21/3/2026,9:35,Putrajaya,Espresso-based,Americano,1,9,9,Cash
TXN-6493,21/3/2026,10:05,Puncak Alam,Milk-based,Cappuccino,1,11,11,Cash
TXN-6495,21/3/2026,10:07,Puncak Alam,Espresso-based,Espresso,1,7,7,QR
TXN-6488,21/3/2026,10:09,Puncak Alam,Milk-based,Mocha,1,12,12,QR
TXN-6474,21/3/2026,10:33,Putrajaya,Milk-based,Caramel Macchiato,1,13,13,QR
TXN-6441,21/3/2026,10:47,Putrajaya,Espresso-based,Espresso,1,7,7,QR
TXN-6482,21/3/2026,10:49,Puncak Alam,Milk-based,Cappuccino,1,11,11,QR
TXN-6496,21/3/2026,10:50,Puncak Alam,Milk-based,Cappuccino,3,11,33,Cash
TXN-6487,21/3/2026,10:57,Puncak Alam,Milk-based,Latte,1,11,11,QR
TXN-6463,21/3/2026,10:59,Putrajaya,Milk-based,Cappuccino,1,11,11,Cash
TXN-6468,21/3/2026,11:07,Putrajaya,Milk-based,Latte,2,11,22,QR
TXN-6491,21/3/2026,11:15,Puncak Alam,Milk-based,Latte,3,11,33,Cash
TXN-6456,21/3/2026,11:27,Putrajaya,Milk-based,Mocha,1,12,12,QR
TXN-6499,21/3/2026,11:28,Puncak Alam,Milk-based,Cappuccino,1,11,11,QR
TXN-6457,21/3/2026,11:31,Putrajaya,Milk-based,Latte,1,11,11,QR
TXN-6431,21/3/2026,11:42,Putrajaya,Milk-based,Mocha,3,12,36,QR
TXN-6428,21/3/2026,11:48,Putrajaya,Milk-based,Caramel Macchiato,1,13,13,Cash
TXN-6447,21/3/2026,11:51,Putrajaya,Milk-based,Cappuccino,2,11,22,Cash
TXN-6461,21/3/2026,12:08,Putrajaya,Milk-based,Cappuccino,1,11,11,QR
TXN-6449,21/3/2026,12:10,Putrajaya,Espresso-based,Espresso,1,7,7,QR
TXN-6501,21/3/2026,12:14,Puncak Alam,Espresso-based,Espresso,1,7,7,QR
TXN-6484,21/3/2026,12:15,Puncak Alam,Milk-based,Mocha,2,12,24,QR
TXN-6489,21/3/2026,12:36,Puncak Alam,Espresso-based,Americano,2,9,18,QR
TXN-6438,21/3/2026,12:44,Putrajaya,Milk-based,Caramel Macchiato,2,13,26,Cash
TXN-6467,21/3/2026,13:42,Putrajaya,Milk-based,Mocha,2,12,24,QR
TXN-6450,21/3/2026,13:43,Putrajaya,Espresso-based,Americano,3,9,27,Cash
TXN-6494,21/3/2026,14:23,Puncak Alam,Milk-based,Latte,1,11,11,QR
TXN-6452,21/3/2026,14:31,Putrajaya,Milk-based,Latte,4,11,44,Cash
TXN-6480,21/3/2026,15:00,Puncak Alam,Milk-based,Mocha,2,12,24,QR
TXN-6492,21/3/2026,15:03,Puncak Alam,Espresso-based,Americano,1,9,9,QR
TXN-6486,21/3/2026,15:13,Puncak Alam,Espresso-based,Espresso,1,7,7,QR
TXN-6504,21/3/2026,15:16,Puncak Alam,Milk-based,Cappuccino,1,11,11,QR
TXN-6427,21/3/2026,15:30,Putrajaya,Espresso-based,Americano,2,9,18,Cash
TXN-6465,21/3/2026,15:31,Putrajaya,Milk-based,Caramel Macchiato,1,13,13,QR
TXN-6437,21/3/2026,15:46,Putrajaya,Milk-based,Latte,1,11,11,Cash
TXN-6435,21/3/2026,15:50,Putrajaya,Milk-based,Cappuccino,1,11,11,QR
TXN-6469,21/3/2026,16:11,Putrajaya,Espresso-based,Espresso,1,7,7,QR
TXN-6464,21/3/2026,16:14,Putrajaya,Espresso-based,Americano,1,9,9,QR
TXN-6424,21/3/2026,16:32,Putrajaya,Milk-based,Caramel Macchiato,1,13,13,QR
TXN-6433,21/3/2026,16:44,Putrajaya,Milk-based,Latte,1,11,11,QR
TXN-6500,21/3/2026,17:00,Puncak Alam,Espresso-based,Americano,1,9,9,QR
TXN-6483,21/3/2026,17:01,Puncak Alam,Milk-based,Mocha,3,12,36,Cash
TXN-6432,21/3/2026,17:04,Putrajaya,Milk-based,Latte,3,11,33,QR
TXN-6445,21/3/2026,17:27,Putrajaya,Milk-based,Cappuccino,1,11,11,Cash
TXN-6497,21/3/2026,17:29,Puncak Alam,Ice Blended,Ice Blended Chocolate Chip,3,14,42,QR
TXN-6490,21/3/2026,17:33,Puncak Alam,Espresso-based,Americano,1,9,9,QR
TXN-6466,21/3/2026,17:46,Putrajaya,Ice Blended,Ice Blended Chocolate Chip,1,14,14,QR
TXN-6479,21/3/2026,17:50,Puncak Alam,Milk-based,Caramel Macchiato,2,13,26,Cash
TXN-6503,21/3/2026,17:54,Puncak Alam,Ice Blended,Ice Blended Chocolate Chip,1,14,14,QR
TXN-6443,21/3/2026,18:05,Putrajaya,Milk-based,Cappuccino,1,11,11,QR
TXN-6472,21/3/2026,18:08,Putrajaya,Milk-based,Latte,2,11,22,QR
TXN-6429,21/3/2026,18:18,Putrajaya,Ice Blended,Ice Blended Chocolate Chip,1,14,14,QR
TXN-6471,21/3/2026,18:35,Putrajaya,Milk-based,Cappuccino,1,11,11,Cash
TXN-6434,21/3/2026,18:44,Putrajaya,Milk-based,Cappuccino,1,11,11,QR
TXN-6430,21/3/2026,18:45,Putrajaya,Milk-based,Mocha,2,12,24,QR
TXN-6476,21/3/2026,18:53,Putrajaya,Milk-based,Mocha,2,12,24,QR
TXN-6448,21/3/2026,19:11,Putrajaya,Espresso-based,Espresso,3,7,21,Cash
TXN-6481,21/3/2026,19:22,Puncak Alam,Milk-based,Caramel Macchiato,1,13,13,QR
TXN-6442,21/3/2026,19:26,Putrajaya,Milk-based,Mocha,2,12,24,Cash
TXN-6485,21/3/2026,19:47,Puncak Alam,Espresso-based,Americano,1,9,9,QR
TXN-6425,21/3/2026,19:57,Putrajaya,Milk-based,Cappuccino,1,11,11,QR
TXN-6473,21/3/2026,20:09,Putrajaya,Espresso-based,Espresso,1,7,7,QR
TXN-6426,21/3/2026,20:22,Putrajaya,Ice Blended,Ice Blended Chocolate Chip,1,14,14,Cash
TXN-6477,21/3/2026,20:33,Puncak Alam,Espresso-based,Americano,1,9,9,QR
TXN-6462,21/3/2026,20:38,Putrajaya,Espresso-based,Espresso,1,7,7,QR
TXN-6446,21/3/2026,20:54,Putrajaya,Espresso-based,Espresso,3,7,21,Cash
TXN-6478,21/3/2026,20:56,Puncak Alam,Espresso-based,Americano,3,9,27,Cash
TXN-6459,21/3/2026,21:02,Putrajaya,Ice Blended,Ice Blended Chocolate Chip,1,14,14,Cash
TXN-6506,21/3/2026,21:28,Puncak Alam,Espresso-based,Americano,1,9,9,Cash
TXN-6455,21/3/2026,21:46,Putrajaya,Milk-based,Cappuccino,2,11,22,QR
TXN-6475,21/3/2026,21:48,Putrajaya,Espresso-based,Americano,1,9,9,QR
TXN-6453,21/3/2026,21:50,Putrajaya,Espresso-based,Espresso,2,7,14,QR
TXN-6470,21/3/2026,21:57,Putrajaya,Espresso-based,Americano,1,9,9,Cash
TXN-6545,22/3/2026,8:01,Putrajaya,Milk-based,Latte,1,11,11,QR
TXN-6553,22/3/2026,8:02,Putrajaya,Milk-based,Mocha,1,12,12,QR
TXN-6620,22/3/2026,8:11,Puncak Alam,Milk-based,Caramel Macchiato,1,13,13,QR
TXN-6587,22/3/2026,8:34,Puncak Alam,Milk-based,Latte,1,11,11,QR
TXN-6618,22/3/2026,8:35,Puncak Alam,Espresso-based,Americano,1,9,9,QR
TXN-6511,22/3/2026,8:38,Putrajaya,Milk-based,Latte,1,11,11,QR
TXN-6551,22/3/2026,8:38,Putrajaya,Ice Blended,Ice Blended Chocolate Chip,2,14,28,Cash
TXN-6560,22/3/2026,8:39,Putrajaya,Espresso-based,Espresso,1,7,7,Cash
TXN-6562,22/3/2026,8:51,Putrajaya,Milk-based,Cappuccino,1,11,11,QR
TXN-6613,22/3/2026,9:14,Puncak Alam,Milk-based,Caramel Macchiato,3,13,39,QR
TXN-6548,22/3/2026,9:17,Putrajaya,Milk-based,Cappuccino,1,11,11,QR
TXN-6599,22/3/2026,9:26,Puncak Alam,Espresso-based,Americano,3,9,27,QR
TXN-6514,22/3/2026,9:45,Putrajaya,Milk-based,Cappuccino,1,11,11,Cash
TXN-6547,22/3/2026,9:52,Putrajaya,Espresso-based,Americano,1,9,9,QR
TXN-6589,22/3/2026,10:09,Puncak Alam,Espresso-based,Americano,2,9,18,Cash
TXN-6584,22/3/2026,10:10,Puncak Alam,Espresso-based,Americano,1,9,9,Cash
TXN-6525,22/3/2026,10:28,Putrajaya,Milk-based,Latte,1,11,11,Cash
TXN-6583,22/3/2026,10:30,Puncak Alam,Milk-based,Mocha,1,12,12,QR
TXN-6532,22/3/2026,10:42,Putrajaya,Milk-based,Caramel Macchiato,1,13,13,QR
TXN-6606,22/3/2026,11:01,Puncak Alam,Espresso-based,Espresso,1,7,7,Cash
TXN-6621,22/3/2026,11:05,Puncak Alam,Milk-based,Mocha,3,12,36,QR
TXN-6515,22/3/2026,11:08,Putrajaya,Milk-based,Cappuccino,1,11,11,Cash
TXN-6536,22/3/2026,11:23,Putrajaya,Espresso-based,Americano,1,9,9,QR
TXN-6591,22/3/2026,11:25,Puncak Alam,Ice Blended,Ice Blended Chocolate Chip,1,14,14,Cash
TXN-6537,22/3/2026,11:27,Putrajaya,Milk-based,Latte,1,11,11,QR
TXN-6569,22/3/2026,11:27,Putrajaya,Milk-based,Latte,1,11,11,QR
TXN-6542,22/3/2026,11:39,Putrajaya,Milk-based,Mocha,1,12,12,Cash
TXN-6518,22/3/2026,11:40,Putrajaya,Espresso-based,Americano,1,9,9,Cash
TXN-6517,22/3/2026,11:43,Putrajaya,Milk-based,Mocha,2,12,24,QR
TXN-6571,22/3/2026,11:43,Putrajaya,Espresso-based,Espresso,2,7,14,Cash
TXN-6556,22/3/2026,11:49,Putrajaya,Milk-based,Latte,3,11,33,QR
TXN-6595,22/3/2026,12:06,Puncak Alam,Espresso-based,Espresso,1,7,7,QR
TXN-6568,22/3/2026,12:07,Putrajaya,Milk-based,Mocha,1,12,12,QR
TXN-6552,22/3/2026,12:14,Putrajaya,Espresso-based,Americano,3,9,27,QR
TXN-6524,22/3/2026,12:27,Putrajaya,Milk-based,Cappuccino,1,11,11,Cash
TXN-6597,22/3/2026,12:29,Puncak Alam,Espresso-based,Americano,3,9,27,QR
TXN-6575,22/3/2026,12:44,Putrajaya,Milk-based,Caramel Macchiato,1,13,13,QR
TXN-6572,22/3/2026,12:48,Putrajaya,Milk-based,Mocha,1,12,12,Cash
TXN-6516,22/3/2026,12:50,Putrajaya,Milk-based,Caramel Macchiato,2,13,26,Cash
TXN-6614,22/3/2026,12:51,Puncak Alam,Espresso-based,Espresso,1,7,7,QR
TXN-6625,22/3/2026,12:51,Puncak Alam,Milk-based,Cappuccino,1,11,11,Cash
TXN-6579,22/3/2026,13:04,Putrajaya,Milk-based,Caramel Macchiato,1,13,13,QR
TXN-6530,22/3/2026,13:09,Putrajaya,Milk-based,Caramel Macchiato,1,13,13,Cash
TXN-6590,22/3/2026,13:15,Puncak Alam,Milk-based,Latte,1,11,11,Cash
TXN-6578,22/3/2026,13:36,Putrajaya,Espresso-based,Americano,1,9,9,QR
TXN-6513,22/3/2026,13:37,Putrajaya,Milk-based,Latte,1,11,11,QR
TXN-6526,22/3/2026,13:50,Putrajaya,Espresso-based,Americano,1,9,9,QR
TXN-6543,22/3/2026,13:53,Putrajaya,Milk-based,Caramel Macchiato,1,13,13,QR
TXN-6527,22/3/2026,13:54,Putrajaya,Espresso-based,Americano,1,9,9,QR
TXN-6539,22/3/2026,14:01,Putrajaya,Milk-based,Cappuccino,2,11,22,QR
TXN-6550,22/3/2026,14:09,Putrajaya,Espresso-based,Espresso,1,7,7,Cash
TXN-6593,22/3/2026,14:28,Puncak Alam,Espresso-based,Americano,2,9,18,QR
TXN-6533,22/3/2026,14:39,Putrajaya,Espresso-based,Americano,1,9,9,QR
TXN-6558,22/3/2026,14:57,Putrajaya,Milk-based,Mocha,2,12,24,QR
TXN-6563,22/3/2026,15:12,Putrajaya,Ice Blended,Ice Blended Chocolate Chip,1,14,14,QR
TXN-6555,22/3/2026,15:23,Putrajaya,Milk-based,Caramel Macchiato,1,13,13,Cash
TXN-6528,22/3/2026,15:28,Putrajaya,Espresso-based,Americano,1,9,9,Cash
TXN-6521,22/3/2026,15:37,Putrajaya,Milk-based,Caramel Macchiato,1,13,13,QR
TXN-6531,22/3/2026,15:41,Putrajaya,Espresso-based,Espresso,2,7,14,Cash
TXN-6610,22/3/2026,15:58,Puncak Alam,Milk-based,Caramel Macchiato,1,13,13,QR
TXN-6540,22/3/2026,16:05,Putrajaya,Milk-based,Caramel Macchiato,1,13,13,Cash
TXN-6535,22/3/2026,16:30,Putrajaya,Milk-based,Mocha,3,12,36,QR
TXN-6534,22/3/2026,16:45,Putrajaya,Milk-based,Mocha,1,12,12,QR
TXN-6592,22/3/2026,16:47,Puncak Alam,Espresso-based,Espresso,3,7,21,Cash
TXN-6538,22/3/2026,17:05,Putrajaya,Espresso-based,Americano,1,9,9,Cash
TXN-6557,22/3/2026,17:09,Putrajaya,Milk-based,Latte,1,11,11,QR
TXN-6602,22/3/2026,17:10,Puncak Alam,Milk-based,Latte,2,11,22,QR
TXN-6588,22/3/2026,17:11,Puncak Alam,Milk-based,Caramel Macchiato,1,13,13,Cash
TXN-6585,22/3/2026,17:13,Puncak Alam,Milk-based,Mocha,1,12,12,Cash
TXN-6567,22/3/2026,17:23,Putrajaya,Milk-based,Mocha,3,12,36,QR
TXN-6594,22/3/2026,17:25,Puncak Alam,Milk-based,Latte,1,11,11,QR
TXN-6574,22/3/2026,17:28,Putrajaya,Ice Blended,Ice Blended Chocolate Chip,1,14,14,Cash
TXN-6573,22/3/2026,17:35,Putrajaya,Ice Blended,Ice Blended Chocolate Chip,1,14,14,QR
TXN-6605,22/3/2026,17:37,Puncak Alam,Ice Blended,Ice Blended Chocolate Chip,3,14,42,Cash
TXN-6580,22/3/2026,17:59,Putrajaya,Ice Blended,Ice Blended Chocolate Chip,3,14,42,QR
TXN-6522,22/3/2026,18:00,Putrajaya,Milk-based,Cappuccino,3,11,33,Cash
TXN-6570,22/3/2026,18:02,Putrajaya,Ice Blended,Ice Blended Chocolate Chip,1,14,14,Cash
TXN-6544,22/3/2026,18:33,Putrajaya,Milk-based,Mocha,2,12,24,QR
TXN-6559,22/3/2026,18:34,Putrajaya,Espresso-based,Americano,1,9,9,QR
TXN-6512,22/3/2026,18:36,Putrajaya,Espresso-based,Americano,1,9,9,Cash
TXN-6611,22/3/2026,18:37,Puncak Alam,Milk-based,Caramel Macchiato,4,13,52,QR
TXN-6520,22/3/2026,18:49,Putrajaya,Milk-based,Mocha,3,12,36,QR
TXN-6581,22/3/2026,18:49,Putrajaya,Milk-based,Latte,2,11,22,QR
TXN-6586,22/3/2026,19:17,Puncak Alam,Milk-based,Mocha,1,12,12,Cash
TXN-6529,22/3/2026,19:20,Putrajaya,Milk-based,Mocha,1,12,12,QR
TXN-6541,22/3/2026,19:22,Putrajaya,Milk-based,Caramel Macchiato,1,13,13,QR
TXN-6624,22/3/2026,19:22,Puncak Alam,Ice Blended,Ice Blended Chocolate Chip,1,14,14,Cash
TXN-6566,22/3/2026,19:30,Putrajaya,Milk-based,Cappuccino,1,11,11,Cash
TXN-6577,22/3/2026,19:36,Putrajaya,Milk-based,Cappuccino,1,11,11,QR
TXN-6508,22/3/2026,19:44,Putrajaya,Milk-based,Latte,1,11,11,QR
TXN-6510,22/3/2026,19:44,Putrajaya,Milk-based,Latte,1,11,11,QR
TXN-6626,22/3/2026,19:48,Puncak Alam,Ice Blended,Ice Blended Chocolate Chip,1,14,14,QR
TXN-6564,22/3/2026,19:50,Putrajaya,Milk-based,Latte,1,11,11,QR
TXN-6607,22/3/2026,20:05,Puncak Alam,Milk-based,Cappuccino,3,11,33,Cash
TXN-6561,22/3/2026,20:11,Putrajaya,Milk-based,Caramel Macchiato,1,13,13,QR
TXN-6603,22/3/2026,20:11,Puncak Alam,Espresso-based,Americano,1,9,9,QR
TXN-6615,22/3/2026,20:12,Puncak Alam,Milk-based,Cappuccino,1,11,11,QR
TXN-6576,22/3/2026,20:16,Putrajaya,Milk-based,Mocha,1,12,12,Cash
TXN-6596,22/3/2026,20:16,Puncak Alam,Milk-based,Cappuccino,2,11,22,Cash
TXN-6519,22/3/2026,20:21,Putrajaya,Milk-based,Mocha,1,12,12,Cash
TXN-6619,22/3/2026,20:27,Puncak Alam,Milk-based,Cappuccino,1,11,11,QR
TXN-6509,22/3/2026,20:30,Putrajaya,Milk-based,Mocha,2,12,24,QR
TXN-6554,22/3/2026,20:30,Putrajaya,Espresso-based,Americano,1,9,9,QR
TXN-6523,22/3/2026,20:31,Putrajaya,Espresso-based,Americano,1,9,9,QR
TXN-6609,22/3/2026,20:36,Puncak Alam,Milk-based,Cappuccino,1,11,11,Cash
TXN-6601,22/3/2026,20:47,Puncak Alam,Espresso-based,Espresso,1,7,7,QR
TXN-6549,22/3/2026,20:54,Putrajaya,Milk-based,Mocha,1,12,12,Cash
TXN-6617,22/3/2026,21:00,Puncak Alam,Milk-based,Cappuccino,3,11,33,Cash
TXN-6604,22/3/2026,21:01,Puncak Alam,Ice Blended,Ice Blended Chocolate Chip,2,14,28,QR
TXN-6582,22/3/2026,21:02,Putrajaya,Milk-based,Cappuccino,1,11,11,QR
TXN-6622,22/3/2026,21:03,Puncak Alam,Milk-based,Caramel Macchiato,1,13,13,QR
TXN-6598,22/3/2026,21:04,Puncak Alam,Espresso-based,Espresso,1,7,7,QR
TXN-6608,22/3/2026,21:17,Puncak Alam,Milk-based,Cappuccino,3,11,33,QR
TXN-6623,22/3/2026,21:20,Puncak Alam,Ice Blended,Ice Blended Chocolate Chip,2,14,28,Cash
TXN-6507,22/3/2026,21:24,Putrajaya,Espresso-based,Americano,1,9,9,QR
TXN-6616,22/3/2026,21:35,Puncak Alam,Milk-based,Mocha,1,12,12,QR
TXN-6600,22/3/2026,21:43,Puncak Alam,Espresso-based,Espresso,1,7,7,Cash
TXN-6612,22/3/2026,21:47,Puncak Alam,Milk-based,Mocha,1,12,12,Cash
TXN-6565,22/3/2026,21:50,Putrajaya,Milk-based,Cappuccino,1,11,11,QR
TXN-6546,22/3/2026,21:51,Putrajaya,Milk-based,Latte,2,11,22,QR
TXN-6642,23/3/2026,8:15,Putrajaya,Ice Blended,Ice Blended Chocolate Chip,1,14,14,QR
TXN-6627,23/3/2026,8:20,Putrajaya,Espresso-based,Espresso,1,7,7,QR
TXN-6718,23/3/2026,8:20,Puncak Alam,Milk-based,Cappuccino,2,11,22,Cash
TXN-6634,23/3/2026,8:24,Putrajaya,Espresso-based,Espresso,1,7,7,QR
TXN-6687,23/3/2026,8:27,Puncak Alam,Milk-based,Cappuccino,2,11,22,QR
TXN-6727,23/3/2026,8:32,Puncak Alam,Milk-based,Latte,1,11,11,QR
TXN-6744,23/3/2026,8:46,Puncak Alam,Espresso-based,Espresso,2,7,14,QR
TXN-6710,23/3/2026,8:47,Puncak Alam,Espresso-based,Espresso,2,7,14,Cash
TXN-6647,23/3/2026,8:48,Putrajaya,Milk-based,Latte,1,11,11,Cash
TXN-6673,23/3/2026,8:48,Puncak Alam,Milk-based,Caramel Macchiato,1,13,13,QR
TXN-6630,23/3/2026,8:49,Putrajaya,Milk-based,Latte,1,11,11,QR
TXN-6703,23/3/2026,8:53,Puncak Alam,Milk-based,Cappuccino,1,11,11,QR
TXN-6690,23/3/2026,8:58,Puncak Alam,Espresso-based,Americano,2,9,18,QR
TXN-6656,23/3/2026,9:04,Putrajaya,Milk-based,Mocha,1,12,12,Cash
TXN-6714,23/3/2026,9:10,Puncak Alam,Milk-based,Cappuccino,1,11,11,Cash
TXN-6692,23/3/2026,9:23,Puncak Alam,Milk-based,Latte,1,11,11,Cash
TXN-6716,23/3/2026,9:38,Puncak Alam,Espresso-based,Americano,1,9,9,QR
TXN-6675,23/3/2026,9:47,Puncak Alam,Milk-based,Mocha,4,12,48,QR
TXN-6646,23/3/2026,9:50,Putrajaya,Espresso-based,Espresso,2,7,14,QR
TXN-6688,23/3/2026,9:55,Puncak Alam,Espresso-based,Espresso,1,7,7,QR
TXN-6645,23/3/2026,10:01,Putrajaya,Espresso-based,Espresso,3,7,21,QR
TXN-6631,23/3/2026,10:04,Putrajaya,Milk-based,Mocha,1,12,12,QR
TXN-6699,23/3/2026,10:06,Puncak Alam,Ice Blended,Ice Blended Chocolate Chip,1,14,14,Cash
TXN-6639,23/3/2026,10:15,Putrajaya,Milk-based,Mocha,1,12,12,Cash
TXN-6662,23/3/2026,10:26,Putrajaya,Milk-based,Caramel Macchiato,1,13,13,QR
TXN-6736,23/3/2026,10:29,Puncak Alam,Milk-based,Latte,1,11,11,QR
TXN-6712,23/3/2026,10:32,Puncak Alam,Ice Blended,Ice Blended Chocolate Chip,1,14,14,QR
TXN-6723,23/3/2026,10:35,Puncak Alam,Milk-based,Mocha,1,12,12,Cash
TXN-6652,23/3/2026,10:40,Putrajaya,Espresso-based,Espresso,1,7,7,QR
TXN-6713,23/3/2026,10:46,Puncak Alam,Espresso-based,Espresso,1,7,7,QR
TXN-6676,23/3/2026,10:48,Puncak Alam,Espresso-based,Americano,2,9,18,QR
TXN-6745,23/3/2026,10:48,Puncak Alam,Milk-based,Caramel Macchiato,1,13,13,QR
TXN-6735,23/3/2026,11:02,Puncak Alam,Espresso-based,Espresso,4,7,28,Cash
TXN-6697,23/3/2026,11:09,Puncak Alam,Milk-based,Caramel Macchiato,2,13,26,QR
TXN-6704,23/3/2026,11:11,Puncak Alam,Espresso-based,Espresso,1,7,7,Cash
TXN-6636,23/3/2026,11:14,Putrajaya,Milk-based,Caramel Macchiato,1,13,13,Cash
TXN-6637,23/3/2026,11:29,Putrajaya,Milk-based,Mocha,1,12,12,QR
TXN-6660,23/3/2026,11:39,Putrajaya,Ice Blended,Ice Blended Chocolate Chip,1,14,14,Cash
TXN-6731,23/3/2026,12:00,Puncak Alam,Milk-based,Caramel Macchiato,1,13,13,QR
TXN-6698,23/3/2026,12:05,Puncak Alam,Milk-based,Caramel Macchiato,2,13,26,Cash
TXN-6724,23/3/2026,12:06,Puncak Alam,Milk-based,Cappuccino,1,11,11,QR
TXN-6653,23/3/2026,12:09,Putrajaya,Ice Blended,Ice Blended Chocolate Chip,1,14,14,Cash
TXN-6682,23/3/2026,12:22,Puncak Alam,Espresso-based,Americano,1,9,9,QR
TXN-6715,23/3/2026,12:45,Puncak Alam,Milk-based,Mocha,1,12,12,Cash
TXN-6737,23/3/2026,12:49,Puncak Alam,Milk-based,Cappuccino,2,11,22,QR
TXN-6695,23/3/2026,12:56,Puncak Alam,Milk-based,Latte,1,11,11,QR
TXN-6663,23/3/2026,13:10,Putrajaya,Espresso-based,Espresso,1,7,7,QR
TXN-6730,23/3/2026,13:32,Puncak Alam,Milk-based,Latte,2,11,22,QR
TXN-6685,23/3/2026,13:33,Puncak Alam,Milk-based,Mocha,1,12,12,Cash
TXN-6681,23/3/2026,13:40,Puncak Alam,Milk-based,Cappuccino,4,11,44,QR
TXN-6664,23/3/2026,13:46,Putrajaya,Milk-based,Caramel Macchiato,1,13,13,QR
TXN-6701,23/3/2026,13:50,Puncak Alam,Espresso-based,Americano,2,9,18,QR
TXN-6680,23/3/2026,13:56,Puncak Alam,Milk-based,Cappuccino,1,11,11,QR
TXN-6746,23/3/2026,13:56,Puncak Alam,Milk-based,Latte,1,11,11,QR
TXN-6740,23/3/2026,14:03,Puncak Alam,Espresso-based,Americano,1,9,9,QR
TXN-6632,23/3/2026,14:08,Putrajaya,Milk-based,Mocha,1,12,12,QR
TXN-6693,23/3/2026,14:12,Puncak Alam,Milk-based,Mocha,1,12,12,QR
TXN-6696,23/3/2026,14:12,Puncak Alam,Espresso-based,Espresso,1,7,7,QR
TXN-6717,23/3/2026,14:14,Puncak Alam,Milk-based,Cappuccino,1,11,11,QR
TXN-6691,23/3/2026,14:23,Puncak Alam,Milk-based,Cappuccino,1,11,11,QR
TXN-6672,23/3/2026,14:24,Puncak Alam,Milk-based,Latte,1,11,11,QR
TXN-6641,23/3/2026,14:32,Putrajaya,Milk-based,Latte,1,11,11,Cash
TXN-6679,23/3/2026,14:35,Puncak Alam,Milk-based,Cappuccino,2,11,22,Cash
TXN-6629,23/3/2026,14:37,Putrajaya,Espresso-based,Americano,1,9,9,QR
TXN-6706,23/3/2026,14:38,Puncak Alam,Milk-based,Cappuccino,2,11,22,QR
TXN-6711,23/3/2026,14:44,Puncak Alam,Milk-based,Latte,1,11,11,QR
TXN-6739,23/3/2026,14:49,Puncak Alam,Ice Blended,Ice Blended Chocolate Chip,1,14,14,Cash
TXN-6657,23/3/2026,14:57,Putrajaya,Milk-based,Cappuccino,2,11,22,QR
TXN-6732,23/3/2026,15:05,Puncak Alam,Milk-based,Mocha,3,12,36,QR
TXN-6633,23/3/2026,15:07,Putrajaya,Ice Blended,Ice Blended Chocolate Chip,1,14,14,QR
TXN-6655,23/3/2026,15:11,Putrajaya,Milk-based,Latte,2,11,22,QR
TXN-6700,23/3/2026,15:22,Puncak Alam,Espresso-based,Espresso,2,7,14,QR
TXN-6702,23/3/2026,15:37,Puncak Alam,Milk-based,Mocha,1,12,12,Cash
TXN-6719,23/3/2026,15:44,Puncak Alam,Espresso-based,Espresso,4,7,28,Cash
TXN-6742,23/3/2026,15:49,Puncak Alam,Milk-based,Caramel Macchiato,1,13,13,QR
TXN-6659,23/3/2026,15:51,Putrajaya,Milk-based,Latte,1,11,11,Cash
TXN-6658,23/3/2026,15:56,Putrajaya,Ice Blended,Ice Blended Chocolate Chip,1,14,14,QR
TXN-6668,23/3/2026,16:01,Putrajaya,Milk-based,Latte,1,11,11,QR
TXN-6635,23/3/2026,16:02,Putrajaya,Espresso-based,Espresso,1,7,7,Cash
TXN-6734,23/3/2026,16:02,Puncak Alam,Milk-based,Caramel Macchiato,4,13,52,QR
TXN-6705,23/3/2026,16:05,Puncak Alam,Espresso-based,Americano,1,9,9,Cash
TXN-6677,23/3/2026,16:06,Puncak Alam,Milk-based,Latte,1,11,11,Cash
TXN-6638,23/3/2026,16:21,Putrajaya,Milk-based,Caramel Macchiato,3,13,39,QR
TXN-6640,23/3/2026,16:52,Putrajaya,Espresso-based,Espresso,1,7,7,QR
TXN-6661,23/3/2026,17:11,Putrajaya,Ice Blended,Ice Blended Chocolate Chip,1,14,14,QR
TXN-6686,23/3/2026,17:45,Puncak Alam,Milk-based,Caramel Macchiato,2,13,26,QR
TXN-6743,23/3/2026,17:57,Puncak Alam,Ice Blended,Ice Blended Chocolate Chip,1,14,14,QR
TXN-6671,23/3/2026,18:04,Puncak Alam,Espresso-based,Espresso,1,7,7,Cash
TXN-6648,23/3/2026,18:24,Putrajaya,Milk-based,Cappuccino,2,11,22,QR
TXN-6678,23/3/2026,18:33,Puncak Alam,Ice Blended,Ice Blended Chocolate Chip,1,14,14,QR
TXN-6643,23/3/2026,18:46,Putrajaya,Milk-based,Caramel Macchiato,1,13,13,Cash
TXN-6707,23/3/2026,18:53,Puncak Alam,Milk-based,Cappuccino,1,11,11,QR
TXN-6709,23/3/2026,18:54,Puncak Alam,Ice Blended,Ice Blended Chocolate Chip,1,14,14,QR
TXN-6728,23/3/2026,19:13,Puncak Alam,Espresso-based,Americano,1,9,9,QR
TXN-6654,23/3/2026,19:24,Putrajaya,Ice Blended,Ice Blended Chocolate Chip,2,14,28,QR
TXN-6665,23/3/2026,19:37,Putrajaya,Espresso-based,Americano,1,9,9,Cash
TXN-6726,23/3/2026,19:37,Puncak Alam,Milk-based,Latte,1,11,11,QR
TXN-6729,23/3/2026,19:38,Puncak Alam,Ice Blended,Ice Blended Chocolate Chip,1,14,14,QR
TXN-6684,23/3/2026,19:43,Puncak Alam,Ice Blended,Ice Blended Chocolate Chip,2,14,28,QR
TXN-6666,23/3/2026,19:45,Putrajaya,Espresso-based,Americano,1,9,9,QR
TXN-6644,23/3/2026,19:50,Putrajaya,Milk-based,Latte,1,11,11,Cash
TXN-6674,23/3/2026,19:57,Puncak Alam,Ice Blended,Ice Blended Chocolate Chip,2,14,28,QR
TXN-6651,23/3/2026,19:58,Putrajaya,Milk-based,Latte,1,11,11,QR
TXN-6683,23/3/2026,19:59,Puncak Alam,Espresso-based,Espresso,1,7,7,QR
TXN-6738,23/3/2026,19:59,Puncak Alam,Milk-based,Cappuccino,1,11,11,Cash
TXN-6670,23/3/2026,20:01,Puncak Alam,Espresso-based,Espresso,1,7,7,QR
TXN-6725,23/3/2026,20:03,Puncak Alam,Ice Blended,Ice Blended Chocolate Chip,1,14,14,Cash
TXN-6720,23/3/2026,20:20,Puncak Alam,Milk-based,Caramel Macchiato,1,13,13,Cash
TXN-6741,23/3/2026,20:22,Puncak Alam,Espresso-based,Americano,1,9,9,QR
TXN-6694,23/3/2026,20:28,Puncak Alam,Milk-based,Latte,1,11,11,QR
TXN-6650,23/3/2026,20:35,Putrajaya,Milk-based,Latte,4,11,44,QR
TXN-6733,23/3/2026,20:42,Puncak Alam,Milk-based,Caramel Macchiato,1,13,13,QR
TXN-6667,23/3/2026,20:54,Putrajaya,Espresso-based,Espresso,1,7,7,Cash
TXN-6649,23/3/2026,21:05,Putrajaya,Espresso-based,Espresso,2,7,14,Cash
TXN-6669,23/3/2026,21:07,Puncak Alam,Ice Blended,Ice Blended Chocolate Chip,1,14,14,Cash
TXN-6721,23/3/2026,21:12,Puncak Alam,Milk-based,Cappuccino,4,11,44,QR
TXN-6722,23/3/2026,21:15,Puncak Alam,Ice Blended,Ice Blended Chocolate Chip,1,14,14,QR
TXN-6689,23/3/2026,21:24,Puncak Alam,Milk-based,Mocha,1,12,12,QR
TXN-6628,23/3/2026,21:31,Putrajaya,Milk-based,Latte,1,11,11,Cash
TXN-6708,23/3/2026,21:46,Puncak Alam,Ice Blended,Ice Blended Chocolate Chip,1,14,14,QR
TXN-6794,24/3/2026,8:02,Puncak Alam,Milk-based,Caramel Macchiato,1,13,13,QR
TXN-6816,24/3/2026,8:04,Puncak Alam,Espresso-based,Americano,1,9,9,Cash
TXN-6812,24/3/2026,8:05,Puncak Alam,Milk-based,Latte,2,11,22,QR
TXN-6853,24/3/2026,8:22,Puncak Alam,Milk-based,Mocha,1,12,12,Cash
TXN-6817,24/3/2026,8:32,Puncak Alam,Espresso-based,Americano,1,9,9,QR
TXN-6863,24/3/2026,8:36,Puncak Alam,Milk-based,Cappuccino,1,11,11,QR
TXN-6814,24/3/2026,8:38,Puncak Alam,Milk-based,Latte,1,11,11,QR
TXN-6772,24/3/2026,8:47,Putrajaya,Milk-based,Caramel Macchiato,2,13,26,Cash
TXN-6821,24/3/2026,9:04,Puncak Alam,Milk-based,Mocha,1,12,12,Cash
TXN-6804,24/3/2026,9:06,Puncak Alam,Milk-based,Cappuccino,1,11,11,Cash
TXN-6855,24/3/2026,9:08,Puncak Alam,Milk-based,Caramel Macchiato,2,13,26,Cash
TXN-6864,24/3/2026,9:10,Puncak Alam,Espresso-based,Americano,1,9,9,QR
TXN-6797,24/3/2026,9:12,Puncak Alam,Milk-based,Cappuccino,3,11,33,QR
TXN-6776,24/3/2026,9:20,Putrajaya,Milk-based,Caramel Macchiato,3,13,39,Cash
TXN-6838,24/3/2026,9:22,Puncak Alam,Espresso-based,Americano,1,9,9,QR
TXN-6818,24/3/2026,9:53,Puncak Alam,Ice Blended,Ice Blended Chocolate Chip,1,14,14,QR
TXN-6769,24/3/2026,10:13,Putrajaya,Milk-based,Cappuccino,1,11,11,QR
TXN-6761,24/3/2026,10:15,Putrajaya,Milk-based,Latte,1,11,11,QR
TXN-6826,24/3/2026,10:21,Puncak Alam,Ice Blended,Ice Blended Chocolate Chip,1,14,14,Cash
TXN-6830,24/3/2026,10:28,Puncak Alam,Milk-based,Caramel Macchiato,3,13,39,QR
TXN-6786,24/3/2026,10:37,Putrajaya,Espresso-based,Americano,3,9,27,QR
TXN-6807,24/3/2026,10:38,Puncak Alam,Milk-based,Latte,4,11,44,QR
TXN-6846,24/3/2026,10:39,Puncak Alam,Milk-based,Mocha,1,12,12,QR
TXN-6832,24/3/2026,10:40,Puncak Alam,Milk-based,Latte,1,11,11,Cash
TXN-6792,24/3/2026,10:44,Putrajaya,Ice Blended,Ice Blended Chocolate Chip,3,14,42,QR
TXN-6860,24/3/2026,10:46,Puncak Alam,Milk-based,Latte,2,11,22,QR
TXN-6778,24/3/2026,10:57,Putrajaya,Milk-based,Caramel Macchiato,2,13,26,QR
TXN-6753,24/3/2026,11:02,Putrajaya,Espresso-based,Espresso,1,7,7,QR
TXN-6757,24/3/2026,11:06,Putrajaya,Espresso-based,Espresso,1,7,7,QR
TXN-6842,24/3/2026,11:06,Puncak Alam,Milk-based,Mocha,2,12,24,Cash
TXN-6823,24/3/2026,11:11,Puncak Alam,Espresso-based,Americano,2,9,18,QR
TXN-6856,24/3/2026,11:11,Puncak Alam,Milk-based,Caramel Macchiato,1,13,13,Cash
TXN-6827,24/3/2026,11:14,Puncak Alam,Ice Blended,Ice Blended Chocolate Chip,1,14,14,Cash
TXN-6760,24/3/2026,11:17,Putrajaya,Milk-based,Latte,1,11,11,Cash
TXN-6810,24/3/2026,11:24,Puncak Alam,Milk-based,Latte,1,11,11,QR
TXN-6845,24/3/2026,11:26,Puncak Alam,Milk-based,Caramel Macchiato,1,13,13,Cash
TXN-6787,24/3/2026,11:34,Putrajaya,Milk-based,Caramel Macchiato,1,13,13,QR
TXN-6836,24/3/2026,11:38,Puncak Alam,Ice Blended,Ice Blended Chocolate Chip,1,14,14,Cash
TXN-6799,24/3/2026,11:46,Puncak Alam,Ice Blended,Ice Blended Chocolate Chip,2,14,28,QR
TXN-6749,24/3/2026,11:53,Putrajaya,Espresso-based,Espresso,1,7,7,QR
TXN-6754,24/3/2026,12:14,Putrajaya,Milk-based,Mocha,1,12,12,QR
TXN-6866,24/3/2026,12:20,Puncak Alam,Espresso-based,Espresso,1,7,7,QR
TXN-6765,24/3/2026,12:34,Putrajaya,Milk-based,Cappuccino,2,11,22,Cash
TXN-6758,24/3/2026,12:35,Putrajaya,Espresso-based,Espresso,2,7,14,Cash
TXN-6790,24/3/2026,12:43,Putrajaya,Espresso-based,Americano,1,9,9,QR
TXN-6835,24/3/2026,12:49,Puncak Alam,Milk-based,Caramel Macchiato,1,13,13,Cash
TXN-6768,24/3/2026,12:50,Putrajaya,Milk-based,Caramel Macchiato,1,13,13,QR
TXN-6858,24/3/2026,12:53,Puncak Alam,Milk-based,Mocha,3,12,36,QR
TXN-6777,24/3/2026,13:04,Putrajaya,Espresso-based,Espresso,2,7,14,QR
TXN-6848,24/3/2026,13:20,Puncak Alam,Milk-based,Mocha,1,12,12,QR
TXN-6819,24/3/2026,13:22,Puncak Alam,Espresso-based,Espresso,1,7,7,QR
TXN-6779,24/3/2026,13:25,Putrajaya,Milk-based,Caramel Macchiato,1,13,13,QR
TXN-6815,24/3/2026,13:27,Puncak Alam,Milk-based,Cappuccino,1,11,11,QR
TXN-6806,24/3/2026,13:32,Puncak Alam,Milk-based,Caramel Macchiato,1,13,13,QR
TXN-6839,24/3/2026,13:34,Puncak Alam,Espresso-based,Espresso,1,7,7,QR
TXN-6800,24/3/2026,13:35,Puncak Alam,Milk-based,Caramel Macchiato,4,13,52,QR
TXN-6748,24/3/2026,13:42,Putrajaya,Milk-based,Latte,1,11,11,Cash
TXN-6809,24/3/2026,13:44,Puncak Alam,Milk-based,Cappuccino,2,11,22,QR
TXN-6793,24/3/2026,13:47,Putrajaya,Milk-based,Mocha,1,12,12,QR
TXN-6824,24/3/2026,13:47,Puncak Alam,Milk-based,Latte,2,11,22,Cash
TXN-6833,24/3/2026,14:04,Puncak Alam,Espresso-based,Espresso,1,7,7,Cash
TXN-6861,24/3/2026,14:06,Puncak Alam,Milk-based,Mocha,2,12,24,QR
TXN-6783,24/3/2026,14:07,Putrajaya,Milk-based,Mocha,1,12,12,QR
TXN-6843,24/3/2026,14:09,Puncak Alam,Espresso-based,Americano,1,9,9,Cash
TXN-6780,24/3/2026,14:17,Putrajaya,Espresso-based,Americano,1,9,9,Cash
TXN-6837,24/3/2026,14:17,Puncak Alam,Milk-based,Latte,4,11,44,QR
TXN-6834,24/3/2026,14:32,Puncak Alam,Milk-based,Caramel Macchiato,1,13,13,QR
TXN-6775,24/3/2026,14:35,Putrajaya,Espresso-based,Espresso,1,7,7,Cash
TXN-6865,24/3/2026,14:41,Puncak Alam,Milk-based,Cappuccino,1,11,11,QR
TXN-6862,24/3/2026,14:44,Puncak Alam,Milk-based,Mocha,1,12,12,QR
TXN-6852,24/3/2026,14:53,Puncak Alam,Milk-based,Caramel Macchiato,4,13,52,QR
TXN-6828,24/3/2026,15:07,Puncak Alam,Milk-based,Mocha,1,12,12,QR
TXN-6766,24/3/2026,15:14,Putrajaya,Milk-based,Caramel Macchiato,2,13,26,Cash
TXN-6773,24/3/2026,15:20,Putrajaya,Ice Blended,Ice Blended Chocolate Chip,2,14,28,QR
TXN-6747,24/3/2026,15:21,Putrajaya,Milk-based,Latte,1,11,11,QR
TXN-6762,24/3/2026,15:28,Putrajaya,Milk-based,Mocha,1,12,12,QR
TXN-6751,24/3/2026,15:31,Putrajaya,Milk-based,Latte,1,11,11,QR
TXN-6859,24/3/2026,15:48,Puncak Alam,Espresso-based,Espresso,1,7,7,Cash
TXN-6750,24/3/2026,15:54,Putrajaya,Milk-based,Latte,1,11,11,QR
TXN-6752,24/3/2026,16:03,Putrajaya,Ice Blended,Ice Blended Chocolate Chip,1,14,14,QR
TXN-6785,24/3/2026,16:03,Putrajaya,Milk-based,Caramel Macchiato,1,13,13,QR
TXN-6781,24/3/2026,16:08,Putrajaya,Milk-based,Caramel Macchiato,1,13,13,QR
TXN-6841,24/3/2026,16:11,Puncak Alam,Milk-based,Latte,2,11,22,QR
TXN-6847,24/3/2026,16:12,Puncak Alam,Ice Blended,Ice Blended Chocolate Chip,1,14,14,QR
TXN-6770,24/3/2026,16:13,Putrajaya,Espresso-based,Espresso,1,7,7,QR
TXN-6795,24/3/2026,16:31,Puncak Alam,Espresso-based,Espresso,1,7,7,QR
TXN-6850,24/3/2026,16:33,Puncak Alam,Milk-based,Latte,3,11,33,QR
TXN-6759,24/3/2026,16:36,Putrajaya,Milk-based,Mocha,1,12,12,QR
TXN-6798,24/3/2026,16:49,Puncak Alam,Espresso-based,Espresso,1,7,7,QR
TXN-6820,24/3/2026,17:11,Puncak Alam,Espresso-based,Espresso,1,7,7,QR
TXN-6840,24/3/2026,17:11,Puncak Alam,Milk-based,Mocha,1,12,12,QR
TXN-6805,24/3/2026,17:15,Puncak Alam,Espresso-based,Espresso,1,7,7,QR
TXN-6763,24/3/2026,17:19,Putrajaya,Espresso-based,Espresso,1,7,7,Cash
TXN-6811,24/3/2026,17:21,Puncak Alam,Milk-based,Mocha,1,12,12,QR
TXN-6857,24/3/2026,17:21,Puncak Alam,Ice Blended,Ice Blended Chocolate Chip,1,14,14,QR
TXN-6796,24/3/2026,17:29,Puncak Alam,Ice Blended,Ice Blended Chocolate Chip,1,14,14,QR
TXN-6813,24/3/2026,17:34,Puncak Alam,Espresso-based,Americano,1,9,9,QR
TXN-6784,24/3/2026,18:05,Putrajaya,Milk-based,Mocha,1,12,12,Cash
TXN-6851,24/3/2026,18:10,Puncak Alam,Milk-based,Latte,2,11,22,QR
TXN-6808,24/3/2026,18:25,Puncak Alam,Ice Blended,Ice Blended Chocolate Chip,1,14,14,QR
TXN-6788,24/3/2026,18:33,Putrajaya,Milk-based,Cappuccino,1,11,11,QR
TXN-6782,24/3/2026,18:47,Putrajaya,Milk-based,Caramel Macchiato,1,13,13,QR
TXN-6844,24/3/2026,18:53,Puncak Alam,Espresso-based,Americano,1,9,9,QR
TXN-6829,24/3/2026,18:57,Puncak Alam,Milk-based,Latte,1,11,11,QR
TXN-6774,24/3/2026,19:12,Putrajaya,Milk-based,Mocha,1,12,12,QR
TXN-6831,24/3/2026,19:13,Puncak Alam,Espresso-based,Americano,1,9,9,QR
TXN-6767,24/3/2026,19:14,Putrajaya,Milk-based,Latte,1,11,11,Cash
TXN-6801,24/3/2026,19:17,Puncak Alam,Espresso-based,Americano,1,9,9,Cash
TXN-6764,24/3/2026,19:24,Putrajaya,Milk-based,Mocha,1,12,12,Cash
TXN-6825,24/3/2026,19:27,Puncak Alam,Milk-based,Mocha,2,12,24,QR
TXN-6755,24/3/2026,19:32,Putrajaya,Espresso-based,Americano,1,9,9,QR
TXN-6802,24/3/2026,19:38,Puncak Alam,Espresso-based,Americano,1,9,9,QR
TXN-6803,24/3/2026,19:47,Puncak Alam,Milk-based,Latte,1,11,11,QR
TXN-6849,24/3/2026,20:03,Puncak Alam,Milk-based,Cappuccino,2,11,22,Cash
TXN-6791,24/3/2026,20:22,Putrajaya,Ice Blended,Ice Blended Chocolate Chip,2,14,28,QR
TXN-6854,24/3/2026,20:22,Puncak Alam,Milk-based,Cappuccino,2,11,22,Cash
TXN-6789,24/3/2026,20:30,Putrajaya,Milk-based,Mocha,2,12,24,Cash
TXN-6822,24/3/2026,20:53,Puncak Alam,Milk-based,Cappuccino,3,11,33,Cash
TXN-6771,24/3/2026,21:50,Putrajaya,Milk-based,Cappuccino,1,11,11,Cash
TXN-6756,24/3/2026,21:52,Putrajaya,Milk-based,Latte,3,11,33,Cash
TXN-6871,25/3/2026,8:11,Putrajaya,Milk-based,Caramel Macchiato,2,13,26,Cash
TXN-6908,25/3/2026,8:37,Puncak Alam,Espresso-based,Americano,1,9,9,QR
TXN-6931,25/3/2026,8:56,Puncak Alam,Milk-based,Mocha,1,12,12,Cash
TXN-6924,25/3/2026,9:20,Puncak Alam,Ice Blended,Ice Blended Chocolate Chip,2,14,28,Cash
TXN-6893,25/3/2026,9:31,Putrajaya,Espresso-based,Americano,1,9,9,Cash
TXN-6922,25/3/2026,9:37,Puncak Alam,Milk-based,Mocha,3,12,36,QR
TXN-6933,25/3/2026,9:44,Puncak Alam,Milk-based,Caramel Macchiato,1,13,13,Cash
TXN-6930,25/3/2026,10:03,Puncak Alam,Ice Blended,Ice Blended Chocolate Chip,1,14,14,Cash
TXN-6929,25/3/2026,10:12,Puncak Alam,Milk-based,Mocha,3,12,36,QR
TXN-6900,25/3/2026,10:17,Putrajaya,Espresso-based,Americano,1,9,9,QR
TXN-6919,25/3/2026,10:18,Puncak Alam,Milk-based,Cappuccino,1,11,11,QR
TXN-6869,25/3/2026,10:28,Putrajaya,Milk-based,Cappuccino,1,11,11,QR
TXN-6932,25/3/2026,10:36,Puncak Alam,Espresso-based,Espresso,1,7,7,QR
TXN-6889,25/3/2026,10:39,Putrajaya,Milk-based,Mocha,1,12,12,QR
TXN-6886,25/3/2026,10:58,Putrajaya,Ice Blended,Ice Blended Chocolate Chip,1,14,14,QR
TXN-6940,25/3/2026,11:00,Puncak Alam,Milk-based,Cappuccino,3,11,33,QR
TXN-6905,25/3/2026,11:18,Puncak Alam,Milk-based,Cappuccino,1,11,11,QR
TXN-6903,25/3/2026,11:22,Putrajaya,Milk-based,Caramel Macchiato,2,13,26,QR
TXN-6890,25/3/2026,12:06,Putrajaya,Ice Blended,Ice Blended Chocolate Chip,1,14,14,QR
TXN-6904,25/3/2026,12:09,Putrajaya,Espresso-based,Americano,2,9,18,Cash
TXN-6906,25/3/2026,12:15,Puncak Alam,Espresso-based,Americano,1,9,9,QR
TXN-6882,25/3/2026,12:24,Putrajaya,Espresso-based,Espresso,1,7,7,QR
TXN-6925,25/3/2026,12:40,Puncak Alam,Milk-based,Latte,1,11,11,QR
TXN-6875,25/3/2026,12:41,Putrajaya,Milk-based,Caramel Macchiato,1,13,13,QR
TXN-6883,25/3/2026,12:50,Putrajaya,Espresso-based,Espresso,3,7,21,Cash
TXN-6881,25/3/2026,12:57,Putrajaya,Ice Blended,Ice Blended Chocolate Chip,1,14,14,QR
TXN-6880,25/3/2026,13:00,Putrajaya,Milk-based,Cappuccino,1,11,11,QR
TXN-6891,25/3/2026,13:02,Putrajaya,Milk-based,Mocha,3,12,36,QR
TXN-6867,25/3/2026,13:29,Putrajaya,Milk-based,Caramel Macchiato,1,13,13,QR
TXN-6902,25/3/2026,13:39,Putrajaya,Espresso-based,Espresso,1,7,7,Cash
TXN-6914,25/3/2026,13:44,Puncak Alam,Espresso-based,Americano,1,9,9,QR
TXN-6934,25/3/2026,14:26,Puncak Alam,Espresso-based,Americano,1,9,9,Cash
TXN-6913,25/3/2026,14:28,Puncak Alam,Milk-based,Mocha,3,12,36,QR
TXN-6894,25/3/2026,14:34,Putrajaya,Milk-based,Caramel Macchiato,2,13,26,QR
TXN-6876,25/3/2026,14:50,Putrajaya,Milk-based,Latte,1,11,11,Cash
TXN-6870,25/3/2026,14:56,Putrajaya,Espresso-based,Americano,1,9,9,QR
TXN-6879,25/3/2026,15:02,Putrajaya,Milk-based,Mocha,1,12,12,QR
TXN-6885,25/3/2026,15:06,Putrajaya,Milk-based,Mocha,1,12,12,QR
TXN-6941,25/3/2026,15:15,Puncak Alam,Milk-based,Latte,1,11,11,QR
TXN-6938,25/3/2026,15:22,Puncak Alam,Milk-based,Cappuccino,2,11,22,QR
TXN-6920,25/3/2026,15:48,Puncak Alam,Milk-based,Mocha,1,12,12,QR
TXN-6910,25/3/2026,15:59,Puncak Alam,Milk-based,Cappuccino,1,11,11,Cash
TXN-6868,25/3/2026,16:14,Putrajaya,Espresso-based,Espresso,2,7,14,Cash
TXN-6872,25/3/2026,16:37,Putrajaya,Milk-based,Caramel Macchiato,1,13,13,QR
TXN-6898,25/3/2026,16:58,Putrajaya,Espresso-based,Espresso,1,7,7,QR
TXN-6936,25/3/2026,17:11,Puncak Alam,Espresso-based,Espresso,1,7,7,Cash
TXN-6912,25/3/2026,17:34,Puncak Alam,Milk-based,Cappuccino,2,11,22,QR
TXN-6897,25/3/2026,17:39,Putrajaya,Ice Blended,Ice Blended Chocolate Chip,2,14,28,Cash
TXN-6918,25/3/2026,17:45,Puncak Alam,Milk-based,Cappuccino,1,11,11,QR
TXN-6909,25/3/2026,17:54,Puncak Alam,Milk-based,Latte,1,11,11,QR
TXN-6901,25/3/2026,18:15,Putrajaya,Espresso-based,Americano,1,9,9,Cash
TXN-6874,25/3/2026,18:19,Putrajaya,Espresso-based,Americano,1,9,9,QR
TXN-6884,25/3/2026,18:20,Putrajaya,Ice Blended,Ice Blended Chocolate Chip,1,14,14,QR
TXN-6915,25/3/2026,18:27,Puncak Alam,Milk-based,Caramel Macchiato,1,13,13,QR
TXN-6921,25/3/2026,18:29,Puncak Alam,Milk-based,Cappuccino,2,11,22,QR
TXN-6873,25/3/2026,18:31,Putrajaya,Milk-based,Mocha,2,12,24,QR
TXN-6935,25/3/2026,18:36,Puncak Alam,Milk-based,Mocha,1,12,12,QR
TXN-6892,25/3/2026,18:42,Putrajaya,Milk-based,Caramel Macchiato,2,13,26,QR
TXN-6899,25/3/2026,18:51,Putrajaya,Milk-based,Mocha,3,12,36,QR
TXN-6927,25/3/2026,19:13,Puncak Alam,Milk-based,Latte,1,11,11,QR
TXN-6939,25/3/2026,19:15,Puncak Alam,Milk-based,Cappuccino,1,11,11,Cash
TXN-6907,25/3/2026,19:25,Puncak Alam,Milk-based,Cappuccino,1,11,11,Cash
TXN-6917,25/3/2026,19:25,Puncak Alam,Espresso-based,Espresso,1,7,7,Cash
TXN-6878,25/3/2026,19:52,Putrajaya,Espresso-based,Americano,2,9,18,QR
TXN-6877,25/3/2026,19:59,Putrajaya,Milk-based,Mocha,2,12,24,QR
TXN-6895,25/3/2026,20:19,Putrajaya,Milk-based,Cappuccino,2,11,22,QR
TXN-6937,25/3/2026,20:23,Puncak Alam,Milk-based,Caramel Macchiato,1,13,13,Cash
TXN-6911,25/3/2026,20:35,Puncak Alam,Ice Blended,Ice Blended Chocolate Chip,2,14,28,QR
TXN-6896,25/3/2026,20:42,Putrajaya,Milk-based,Cappuccino,3,11,33,QR
TXN-6928,25/3/2026,20:57,Puncak Alam,Espresso-based,Espresso,2,7,14,QR
TXN-6926,25/3/2026,21:20,Puncak Alam,Milk-based,Cappuccino,3,11,33,QR
TXN-6888,25/3/2026,21:49,Putrajaya,Espresso-based,Americano,2,9,18,QR
TXN-6887,25/3/2026,21:53,Putrajaya,Milk-based,Mocha,2,12,24,QR
TXN-6923,25/3/2026,21:55,Puncak Alam,Milk-based,Latte,1,11,11,QR
TXN-6916,25/3/2026,21:56,Puncak Alam,Milk-based,Mocha,1,12,12,Cash
TXN-7026,26/3/2026,8:13,Puncak Alam,Milk-based,Mocha,1,12,12,QR
TXN-7003,26/3/2026,8:18,Puncak Alam,Milk-based,Caramel Macchiato,2,13,26,Cash
TXN-6982,26/3/2026,8:25,Putrajaya,Milk-based,Mocha,1,12,12,QR
TXN-6960,26/3/2026,8:30,Putrajaya,Milk-based,Latte,1,11,11,Cash
TXN-7020,26/3/2026,8:34,Puncak Alam,Milk-based,Caramel Macchiato,1,13,13,QR
TXN-7000,26/3/2026,8:40,Puncak Alam,Milk-based,Latte,1,11,11,QR
TXN-6958,26/3/2026,8:43,Putrajaya,Espresso-based,Americano,2,9,18,Cash
TXN-7006,26/3/2026,8:52,Puncak Alam,Milk-based,Latte,1,11,11,Cash
TXN-6945,26/3/2026,9:02,Putrajaya,Espresso-based,Americano,1,9,9,QR
TXN-6985,26/3/2026,9:02,Putrajaya,Ice Blended,Ice Blended Chocolate Chip,1,14,14,QR
TXN-6963,26/3/2026,9:10,Putrajaya,Espresso-based,Americano,1,9,9,QR
TXN-6993,26/3/2026,9:10,Puncak Alam,Milk-based,Caramel Macchiato,2,13,26,QR
TXN-7012,26/3/2026,9:36,Puncak Alam,Milk-based,Latte,1,11,11,Cash
TXN-6962,26/3/2026,9:42,Putrajaya,Milk-based,Caramel Macchiato,1,13,13,QR
TXN-6979,26/3/2026,10:11,Putrajaya,Espresso-based,Americano,1,9,9,Cash
TXN-7023,26/3/2026,10:16,Puncak Alam,Espresso-based,Americano,2,9,18,QR
TXN-6957,26/3/2026,10:24,Putrajaya,Milk-based,Caramel Macchiato,2,13,26,Cash
TXN-6988,26/3/2026,10:29,Putrajaya,Espresso-based,Espresso,1,7,7,Cash
TXN-7024,26/3/2026,10:54,Puncak Alam,Milk-based,Caramel Macchiato,1,13,13,QR
TXN-7002,26/3/2026,10:56,Puncak Alam,Espresso-based,Americano,1,9,9,QR
TXN-6944,26/3/2026,10:59,Putrajaya,Espresso-based,Americano,1,9,9,QR
TXN-6989,26/3/2026,11:13,Puncak Alam,Milk-based,Mocha,1,12,12,Cash
TXN-6983,26/3/2026,11:39,Putrajaya,Milk-based,Caramel Macchiato,1,13,13,QR
TXN-6959,26/3/2026,11:45,Putrajaya,Milk-based,Caramel Macchiato,1,13,13,QR
TXN-6984,26/3/2026,12:00,Putrajaya,Milk-based,Caramel Macchiato,1,13,13,QR
TXN-6977,26/3/2026,12:11,Putrajaya,Milk-based,Cappuccino,1,11,11,QR
TXN-6949,26/3/2026,12:17,Putrajaya,Ice Blended,Ice Blended Chocolate Chip,2,14,28,QR
TXN-6946,26/3/2026,12:18,Putrajaya,Milk-based,Mocha,1,12,12,QR
TXN-6972,26/3/2026,12:25,Putrajaya,Espresso-based,Americano,1,9,9,QR
TXN-6999,26/3/2026,12:25,Puncak Alam,Milk-based,Cappuccino,1,11,11,QR
TXN-6996,26/3/2026,12:33,Puncak Alam,Espresso-based,Espresso,1,7,7,Cash
TXN-7018,26/3/2026,12:39,Puncak Alam,Milk-based,Cappuccino,1,11,11,Cash
TXN-7025,26/3/2026,12:53,Puncak Alam,Ice Blended,Ice Blended Chocolate Chip,1,14,14,QR
TXN-6991,26/3/2026,12:59,Puncak Alam,Espresso-based,Americano,3,9,27,QR
TXN-6971,26/3/2026,13:02,Putrajaya,Espresso-based,Espresso,1,7,7,Cash
TXN-6987,26/3/2026,13:20,Putrajaya,Espresso-based,Americano,1,9,9,QR
TXN-6950,26/3/2026,13:22,Putrajaya,Milk-based,Caramel Macchiato,1,13,13,QR
TXN-7028,26/3/2026,13:33,Puncak Alam,Milk-based,Cappuccino,1,11,11,QR
TXN-7021,26/3/2026,13:44,Puncak Alam,Milk-based,Mocha,1,12,12,QR
TXN-6998,26/3/2026,13:50,Puncak Alam,Milk-based,Mocha,1,12,12,QR
TXN-6980,26/3/2026,14:07,Putrajaya,Espresso-based,Espresso,2,7,14,Cash
TXN-6997,26/3/2026,14:15,Puncak Alam,Milk-based,Latte,1,11,11,QR
TXN-6969,26/3/2026,14:36,Putrajaya,Milk-based,Latte,1,11,11,QR
TXN-7005,26/3/2026,14:40,Puncak Alam,Espresso-based,Americano,2,9,18,QR
TXN-6973,26/3/2026,14:46,Putrajaya,Milk-based,Mocha,1,12,12,Cash
TXN-6968,26/3/2026,14:55,Putrajaya,Milk-based,Mocha,2,12,24,Cash
TXN-7010,26/3/2026,14:56,Puncak Alam,Milk-based,Latte,1,11,11,QR
TXN-7014,26/3/2026,14:59,Puncak Alam,Milk-based,Cappuccino,1,11,11,Cash
TXN-7004,26/3/2026,15:04,Puncak Alam,Milk-based,Caramel Macchiato,1,13,13,QR
TXN-6954,26/3/2026,15:28,Putrajaya,Milk-based,Mocha,1,12,12,Cash
TXN-6966,26/3/2026,15:37,Putrajaya,Ice Blended,Ice Blended Chocolate Chip,1,14,14,QR
TXN-6970,26/3/2026,15:40,Putrajaya,Espresso-based,Espresso,3,7,21,Cash
TXN-6986,26/3/2026,15:45,Putrajaya,Milk-based,Latte,2,11,22,QR
TXN-6942,26/3/2026,15:59,Putrajaya,Milk-based,Cappuccino,3,11,33,QR
TXN-7007,26/3/2026,16:22,Puncak Alam,Milk-based,Latte,1,11,11,QR
TXN-6948,26/3/2026,16:24,Putrajaya,Espresso-based,Americano,2,9,18,Cash
TXN-6994,26/3/2026,16:26,Puncak Alam,Milk-based,Latte,3,11,33,QR
TXN-6976,26/3/2026,16:37,Putrajaya,Espresso-based,Americano,2,9,18,QR
TXN-7016,26/3/2026,16:37,Puncak Alam,Milk-based,Cappuccino,1,11,11,Cash
TXN-6965,26/3/2026,16:58,Putrajaya,Milk-based,Caramel Macchiato,2,13,26,QR
TXN-6978,26/3/2026,17:02,Putrajaya,Milk-based,Mocha,1,12,12,QR
TXN-6975,26/3/2026,17:24,Putrajaya,Milk-based,Cappuccino,1,11,11,QR
TXN-6956,26/3/2026,17:27,Putrajaya,Milk-based,Cappuccino,1,11,11,QR
TXN-7008,26/3/2026,17:35,Puncak Alam,Milk-based,Caramel Macchiato,1,13,13,QR
TXN-6990,26/3/2026,17:42,Puncak Alam,Milk-based,Mocha,2,12,24,Cash
TXN-7027,26/3/2026,17:49,Puncak Alam,Milk-based,Caramel Macchiato,3,13,39,QR
TXN-6964,26/3/2026,17:51,Putrajaya,Milk-based,Latte,1,11,11,QR
TXN-7013,26/3/2026,17:57,Puncak Alam,Milk-based,Caramel Macchiato,1,13,13,QR
TXN-7022,26/3/2026,18:08,Puncak Alam,Milk-based,Cappuccino,1,11,11,QR
TXN-7011,26/3/2026,18:12,Puncak Alam,Milk-based,Latte,1,11,11,QR
TXN-7009,26/3/2026,18:23,Puncak Alam,Milk-based,Caramel Macchiato,1,13,13,Cash
TXN-6981,26/3/2026,18:27,Putrajaya,Milk-based,Mocha,2,12,24,Cash
TXN-6952,26/3/2026,18:33,Putrajaya,Ice Blended,Ice Blended Chocolate Chip,2,14,28,QR
TXN-6955,26/3/2026,19:12,Putrajaya,Milk-based,Latte,1,11,11,QR
TXN-7017,26/3/2026,19:21,Puncak Alam,Milk-based,Caramel Macchiato,1,13,13,QR
TXN-7015,26/3/2026,19:33,Puncak Alam,Milk-based,Mocha,1,12,12,QR
TXN-6992,26/3/2026,19:59,Puncak Alam,Milk-based,Latte,1,11,11,Cash
TXN-6951,26/3/2026,20:02,Putrajaya,Milk-based,Cappuccino,1,11,11,Cash
TXN-6953,26/3/2026,20:24,Putrajaya,Milk-based,Mocha,1,12,12,QR
TXN-6974,26/3/2026,20:24,Putrajaya,Milk-based,Cappuccino,1,11,11,Cash
TXN-6943,26/3/2026,20:34,Putrajaya,Milk-based,Cappuccino,1,11,11,QR
TXN-6967,26/3/2026,21:13,Putrajaya,Milk-based,Mocha,2,12,24,QR
TXN-7001,26/3/2026,21:20,Puncak Alam,Milk-based,Latte,1,11,11,QR
TXN-6961,26/3/2026,21:27,Putrajaya,Milk-based,Caramel Macchiato,1,13,13,Cash
TXN-7019,26/3/2026,21:49,Puncak Alam,Milk-based,Cappuccino,2,11,22,Cash
TXN-6947,26/3/2026,21:51,Putrajaya,Espresso-based,Americano,1,9,9,QR
TXN-6995,26/3/2026,21:52,Puncak Alam,Milk-based,Latte,4,11,44,QR
TXN-7090,27/3/2026,8:05,Putrajaya,Ice Blended,Ice Blended Chocolate Chip,2,14,28,QR
TXN-7128,27/3/2026,8:18,Puncak Alam,Milk-based,Caramel Macchiato,1,13,13,QR
TXN-7126,27/3/2026,8:25,Puncak Alam,Milk-based,Mocha,1,12,12,Cash
TXN-7065,27/3/2026,8:30,Putrajaya,Milk-based,Latte,1,11,11,Cash
TXN-7064,27/3/2026,8:35,Putrajaya,Milk-based,Mocha,1,12,12,QR
TXN-7069,27/3/2026,8:36,Putrajaya,Milk-based,Mocha,1,12,12,Cash
TXN-7062,27/3/2026,8:38,Putrajaya,Ice Blended,Ice Blended Chocolate Chip,1,14,14,QR
TXN-7089,27/3/2026,8:40,Putrajaya,Espresso-based,Americano,2,9,18,Cash
TXN-7114,27/3/2026,8:40,Puncak Alam,Espresso-based,Americano,1,9,9,QR
TXN-7100,27/3/2026,9:00,Puncak Alam,Milk-based,Latte,2,11,22,QR
TXN-7056,27/3/2026,9:03,Putrajaya,Milk-based,Latte,1,11,11,QR
TXN-7075,27/3/2026,9:03,Putrajaya,Milk-based,Cappuccino,1,11,11,QR
TXN-7061,27/3/2026,9:10,Putrajaya,Espresso-based,Espresso,2,7,14,QR
TXN-7120,27/3/2026,9:10,Puncak Alam,Milk-based,Caramel Macchiato,1,13,13,QR
TXN-7033,27/3/2026,9:12,Putrajaya,Milk-based,Cappuccino,1,11,11,Cash
TXN-7084,27/3/2026,9:23,Putrajaya,Milk-based,Latte,1,11,11,QR
TXN-7079,27/3/2026,9:27,Putrajaya,Milk-based,Latte,1,11,11,QR
TXN-7037,27/3/2026,9:34,Putrajaya,Espresso-based,Americano,1,9,9,QR
TXN-7091,27/3/2026,9:46,Puncak Alam,Espresso-based,Americano,3,9,27,QR
TXN-7093,27/3/2026,9:50,Puncak Alam,Milk-based,Cappuccino,1,11,11,QR
TXN-7104,27/3/2026,10:01,Puncak Alam,Milk-based,Latte,2,11,22,Cash
TXN-7059,27/3/2026,10:02,Putrajaya,Milk-based,Cappuccino,3,11,33,QR
TXN-7073,27/3/2026,10:21,Putrajaya,Milk-based,Caramel Macchiato,4,13,52,QR
TXN-7105,27/3/2026,10:22,Puncak Alam,Milk-based,Latte,3,11,33,QR
TXN-7110,27/3/2026,10:23,Puncak Alam,Milk-based,Cappuccino,1,11,11,QR
TXN-7063,27/3/2026,10:28,Putrajaya,Espresso-based,Americano,1,9,9,QR
TXN-7057,27/3/2026,10:41,Putrajaya,Espresso-based,Espresso,1,7,7,QR
TXN-7085,27/3/2026,10:46,Putrajaya,Milk-based,Caramel Macchiato,1,13,13,QR
TXN-7112,27/3/2026,10:58,Puncak Alam,Milk-based,Caramel Macchiato,1,13,13,QR
TXN-7066,27/3/2026,11:03,Putrajaya,Milk-based,Latte,1,11,11,Cash
TXN-7054,27/3/2026,11:30,Putrajaya,Milk-based,Mocha,2,12,24,QR
TXN-7031,27/3/2026,11:31,Putrajaya,Milk-based,Mocha,2,12,24,QR
TXN-7049,27/3/2026,11:35,Putrajaya,Espresso-based,Espresso,1,7,7,QR
TXN-7046,27/3/2026,11:42,Putrajaya,Milk-based,Caramel Macchiato,1,13,13,Cash
TXN-7094,27/3/2026,11:45,Puncak Alam,Espresso-based,Americano,1,9,9,Cash
TXN-7122,27/3/2026,11:52,Puncak Alam,Espresso-based,Americano,1,9,9,QR
TXN-7124,27/3/2026,11:56,Puncak Alam,Milk-based,Cappuccino,1,11,11,QR
TXN-7095,27/3/2026,12:01,Puncak Alam,Milk-based,Latte,1,11,11,QR
TXN-7117,27/3/2026,12:05,Puncak Alam,Milk-based,Caramel Macchiato,1,13,13,QR
TXN-7111,27/3/2026,12:13,Puncak Alam,Espresso-based,Espresso,1,7,7,QR
TXN-7116,27/3/2026,12:13,Puncak Alam,Espresso-based,Espresso,1,7,7,QR
TXN-7123,27/3/2026,12:13,Puncak Alam,Milk-based,Latte,1,11,11,Cash
TXN-7130,27/3/2026,12:24,Puncak Alam,Espresso-based,Espresso,1,7,7,Cash
TXN-7048,27/3/2026,12:53,Putrajaya,Ice Blended,Ice Blended Chocolate Chip,2,14,28,QR
TXN-7060,27/3/2026,12:53,Putrajaya,Ice Blended,Ice Blended Chocolate Chip,1,14,14,Cash
TXN-7040,27/3/2026,13:03,Putrajaya,Milk-based,Cappuccino,1,11,11,Cash
TXN-7127,27/3/2026,13:04,Puncak Alam,Milk-based,Caramel Macchiato,1,13,13,QR
TXN-7076,27/3/2026,13:23,Putrajaya,Milk-based,Caramel Macchiato,1,13,13,Cash
TXN-7077,27/3/2026,13:32,Putrajaya,Milk-based,Caramel Macchiato,3,13,39,Cash
TXN-7098,27/3/2026,13:44,Puncak Alam,Ice Blended,Ice Blended Chocolate Chip,1,14,14,QR
TXN-7092,27/3/2026,13:45,Puncak Alam,Ice Blended,Ice Blended Chocolate Chip,1,14,14,QR
TXN-7103,27/3/2026,13:49,Puncak Alam,Ice Blended,Ice Blended Chocolate Chip,2,14,28,Cash
TXN-7108,27/3/2026,13:57,Puncak Alam,Ice Blended,Ice Blended Chocolate Chip,1,14,14,QR
TXN-7097,27/3/2026,14:19,Puncak Alam,Milk-based,Cappuccino,2,11,22,QR
TXN-7051,27/3/2026,14:22,Putrajaya,Espresso-based,Espresso,1,7,7,Cash
TXN-7109,27/3/2026,14:25,Puncak Alam,Espresso-based,Espresso,2,7,14,Cash
TXN-7125,27/3/2026,14:34,Puncak Alam,Espresso-based,Espresso,1,7,7,QR
TXN-7107,27/3/2026,14:44,Puncak Alam,Milk-based,Cappuccino,1,11,11,Cash
TXN-7102,27/3/2026,14:47,Puncak Alam,Milk-based,Cappuccino,1,11,11,Cash
TXN-7099,27/3/2026,14:54,Puncak Alam,Ice Blended,Ice Blended Chocolate Chip,1,14,14,Cash
TXN-7096,27/3/2026,15:03,Puncak Alam,Milk-based,Latte,1,11,11,QR
TXN-7029,27/3/2026,15:12,Putrajaya,Espresso-based,Espresso,3,7,21,QR
TXN-7053,27/3/2026,15:16,Putrajaya,Milk-based,Mocha,1,12,12,Cash
TXN-7050,27/3/2026,15:41,Putrajaya,Milk-based,Caramel Macchiato,2,13,26,Cash
TXN-7101,27/3/2026,15:41,Puncak Alam,Espresso-based,Americano,1,9,9,QR
TXN-7043,27/3/2026,15:43,Putrajaya,Espresso-based,Espresso,1,7,7,QR
TXN-7119,27/3/2026,15:47,Puncak Alam,Ice Blended,Ice Blended Chocolate Chip,1,14,14,QR
TXN-7113,27/3/2026,15:53,Puncak Alam,Milk-based,Cappuccino,1,11,11,QR
TXN-7121,27/3/2026,16:11,Puncak Alam,Milk-based,Mocha,1,12,12,QR
TXN-7067,27/3/2026,16:20,Putrajaya,Milk-based,Latte,1,11,11,QR
TXN-7055,27/3/2026,16:30,Putrajaya,Espresso-based,Americano,2,9,18,QR
TXN-7106,27/3/2026,16:47,Puncak Alam,Milk-based,Cappuccino,1,11,11,Cash
TXN-7068,27/3/2026,16:58,Putrajaya,Milk-based,Caramel Macchiato,3,13,39,Cash
TXN-7086,27/3/2026,17:03,Putrajaya,Milk-based,Latte,2,11,22,QR
TXN-7041,27/3/2026,17:08,Putrajaya,Milk-based,Cappuccino,1,11,11,QR
TXN-7083,27/3/2026,17:12,Putrajaya,Ice Blended,Ice Blended Chocolate Chip,2,14,28,QR
TXN-7038,27/3/2026,17:14,Putrajaya,Milk-based,Mocha,1,12,12,QR
TXN-7087,27/3/2026,17:29,Putrajaya,Milk-based,Caramel Macchiato,1,13,13,QR
TXN-7072,27/3/2026,17:30,Putrajaya,Milk-based,Mocha,1,12,12,QR
TXN-7088,27/3/2026,17:33,Putrajaya,Milk-based,Caramel Macchiato,2,13,26,QR
TXN-7042,27/3/2026,17:42,Putrajaya,Milk-based,Cappuccino,1,11,11,QR
TXN-7118,27/3/2026,17:43,Puncak Alam,Espresso-based,Espresso,2,7,14,Cash
TXN-7034,27/3/2026,17:50,Putrajaya,Milk-based,Latte,2,11,22,QR
TXN-7070,27/3/2026,17:52,Putrajaya,Milk-based,Latte,1,11,11,QR
TXN-7082,27/3/2026,17:59,Putrajaya,Milk-based,Caramel Macchiato,2,13,26,QR
TXN-7032,27/3/2026,18:13,Putrajaya,Espresso-based,Espresso,1,7,7,QR
TXN-7035,27/3/2026,18:19,Putrajaya,Ice Blended,Ice Blended Chocolate Chip,1,14,14,QR
TXN-7030,27/3/2026,18:39,Putrajaya,Espresso-based,Espresso,2,7,14,QR
TXN-7036,27/3/2026,18:48,Putrajaya,Ice Blended,Ice Blended Chocolate Chip,1,14,14,QR
TXN-7071,27/3/2026,19:20,Putrajaya,Espresso-based,Espresso,1,7,7,QR
TXN-7039,27/3/2026,19:26,Putrajaya,Milk-based,Cappuccino,2,11,22,Cash
TXN-7045,27/3/2026,19:32,Putrajaya,Milk-based,Cappuccino,2,11,22,Cash
TXN-7044,27/3/2026,19:55,Putrajaya,Milk-based,Latte,1,11,11,Cash
TXN-7078,27/3/2026,20:01,Putrajaya,Milk-based,Cappuccino,2,11,22,Cash
TXN-7052,27/3/2026,20:24,Putrajaya,Milk-based,Latte,1,11,11,QR
TXN-7080,27/3/2026,20:24,Putrajaya,Ice Blended,Ice Blended Chocolate Chip,1,14,14,Cash
TXN-7129,27/3/2026,20:44,Puncak Alam,Milk-based,Cappuccino,1,11,11,QR
TXN-7131,27/3/2026,20:59,Puncak Alam,Milk-based,Cappuccino,1,11,11,Cash
TXN-7074,27/3/2026,21:04,Putrajaya,Milk-based,Mocha,1,12,12,QR
TXN-7081,27/3/2026,21:14,Putrajaya,Milk-based,Mocha,1,12,12,QR
TXN-7115,27/3/2026,21:23,Puncak Alam,Espresso-based,Espresso,1,7,7,QR
TXN-7058,27/3/2026,21:25,Putrajaya,Milk-based,Latte,2,11,22,Cash
TXN-7047,27/3/2026,21:38,Putrajaya,Milk-based,Caramel Macchiato,1,13,13,QR
TXN-7206,28/3/2026,8:02,Puncak Alam,Ice Blended,Ice Blended Chocolate Chip,1,14,14,QR
TXN-7140,28/3/2026,8:04,Putrajaya,Milk-based,Latte,1,11,11,QR
TXN-7163,28/3/2026,8:14,Putrajaya,Milk-based,Latte,1,11,11,QR
TXN-7227,28/3/2026,8:26,Puncak Alam,Milk-based,Caramel Macchiato,1,13,13,QR
TXN-7166,28/3/2026,8:29,Putrajaya,Espresso-based,Espresso,1,7,7,QR
TXN-7199,28/3/2026,8:31,Puncak Alam,Milk-based,Cappuccino,1,11,11,QR
TXN-7139,28/3/2026,8:54,Putrajaya,Milk-based,Latte,1,11,11,QR
TXN-7242,28/3/2026,9:11,Puncak Alam,Milk-based,Cappuccino,3,11,33,QR
TXN-7200,28/3/2026,9:13,Puncak Alam,Milk-based,Latte,1,11,11,QR
TXN-7162,28/3/2026,9:22,Putrajaya,Ice Blended,Ice Blended Chocolate Chip,2,14,28,Cash
TXN-7142,28/3/2026,9:28,Putrajaya,Milk-based,Caramel Macchiato,1,13,13,Cash
TXN-7158,28/3/2026,9:30,Putrajaya,Espresso-based,Americano,1,9,9,QR
TXN-7192,28/3/2026,9:35,Putrajaya,Espresso-based,Espresso,1,7,7,QR
TXN-7167,28/3/2026,9:37,Putrajaya,Milk-based,Cappuccino,1,11,11,Cash
TXN-7210,28/3/2026,9:41,Puncak Alam,Milk-based,Cappuccino,3,11,33,QR
TXN-7155,28/3/2026,9:43,Putrajaya,Espresso-based,Americano,1,9,9,QR
TXN-7219,28/3/2026,9:51,Puncak Alam,Milk-based,Caramel Macchiato,3,13,39,QR
TXN-7225,28/3/2026,10:01,Puncak Alam,Espresso-based,Americano,1,9,9,Cash
TXN-7203,28/3/2026,10:16,Puncak Alam,Milk-based,Latte,1,11,11,Cash
TXN-7144,28/3/2026,10:25,Putrajaya,Milk-based,Latte,1,11,11,QR
TXN-7169,28/3/2026,10:26,Putrajaya,Ice Blended,Ice Blended Chocolate Chip,3,14,42,QR
TXN-7157,28/3/2026,10:28,Putrajaya,Espresso-based,Espresso,1,7,7,QR
TXN-7175,28/3/2026,10:33,Putrajaya,Ice Blended,Ice Blended Chocolate Chip,3,14,42,QR
TXN-7188,28/3/2026,10:34,Putrajaya,Ice Blended,Ice Blended Chocolate Chip,1,14,14,Cash
TXN-7239,28/3/2026,10:40,Puncak Alam,Espresso-based,Espresso,2,7,14,QR
TXN-7181,28/3/2026,10:44,Putrajaya,Milk-based,Latte,1,11,11,Cash
TXN-7201,28/3/2026,10:57,Puncak Alam,Milk-based,Caramel Macchiato,1,13,13,QR
TXN-7248,28/3/2026,11:02,Puncak Alam,Milk-based,Caramel Macchiato,2,13,26,QR
TXN-7232,28/3/2026,11:13,Puncak Alam,Espresso-based,Americano,2,9,18,QR
TXN-7147,28/3/2026,11:16,Putrajaya,Milk-based,Mocha,1,12,12,Cash
TXN-7221,28/3/2026,11:23,Puncak Alam,Ice Blended,Ice Blended Chocolate Chip,3,14,42,Cash
TXN-7235,28/3/2026,11:34,Puncak Alam,Milk-based,Caramel Macchiato,1,13,13,Cash
TXN-7180,28/3/2026,11:51,Putrajaya,Espresso-based,Espresso,1,7,7,Cash
TXN-7211,28/3/2026,11:55,Puncak Alam,Milk-based,Cappuccino,1,11,11,Cash
TXN-7237,28/3/2026,12:01,Puncak Alam,Espresso-based,Americano,1,9,9,QR
TXN-7159,28/3/2026,12:04,Putrajaya,Ice Blended,Ice Blended Chocolate Chip,1,14,14,QR
TXN-7177,28/3/2026,12:05,Putrajaya,Espresso-based,Americano,1,9,9,QR
TXN-7132,28/3/2026,12:16,Putrajaya,Espresso-based,Americano,2,9,18,QR
TXN-7249,28/3/2026,12:28,Puncak Alam,Milk-based,Mocha,1,12,12,QR
TXN-7136,28/3/2026,12:36,Putrajaya,Milk-based,Mocha,2,12,24,QR
TXN-7164,28/3/2026,12:45,Putrajaya,Ice Blended,Ice Blended Chocolate Chip,1,14,14,Cash
TXN-7172,28/3/2026,12:50,Putrajaya,Milk-based,Caramel Macchiato,2,13,26,QR
TXN-7173,28/3/2026,12:53,Putrajaya,Milk-based,Cappuccino,1,11,11,QR
TXN-7153,28/3/2026,13:17,Putrajaya,Milk-based,Mocha,1,12,12,Cash
TXN-7231,28/3/2026,13:28,Puncak Alam,Milk-based,Latte,1,11,11,QR
TXN-7222,28/3/2026,13:30,Puncak Alam,Milk-based,Caramel Macchiato,1,13,13,QR
TXN-7141,28/3/2026,13:42,Putrajaya,Espresso-based,Americano,2,9,18,Cash
TXN-7212,28/3/2026,13:42,Puncak Alam,Milk-based,Caramel Macchiato,4,13,52,Cash
TXN-7215,28/3/2026,13:54,Puncak Alam,Milk-based,Latte,1,11,11,Cash
TXN-7220,28/3/2026,13:55,Puncak Alam,Milk-based,Caramel Macchiato,1,13,13,QR
TXN-7149,28/3/2026,13:58,Putrajaya,Milk-based,Cappuccino,1,11,11,Cash
TXN-7228,28/3/2026,14:02,Puncak Alam,Milk-based,Caramel Macchiato,1,13,13,QR
TXN-7234,28/3/2026,14:02,Puncak Alam,Ice Blended,Ice Blended Chocolate Chip,2,14,28,QR
TXN-7176,28/3/2026,14:06,Putrajaya,Milk-based,Caramel Macchiato,2,13,26,QR
TXN-7241,28/3/2026,14:12,Puncak Alam,Milk-based,Cappuccino,1,11,11,Cash
TXN-7205,28/3/2026,14:16,Puncak Alam,Milk-based,Latte,1,11,11,Cash
TXN-7218,28/3/2026,14:37,Puncak Alam,Espresso-based,Espresso,1,7,7,Cash
TXN-7133,28/3/2026,14:47,Putrajaya,Milk-based,Cappuccino,3,11,33,Cash
TXN-7217,28/3/2026,14:57,Puncak Alam,Ice Blended,Ice Blended Chocolate Chip,2,14,28,QR
TXN-7213,28/3/2026,15:04,Puncak Alam,Milk-based,Latte,1,11,11,Cash
TXN-7243,28/3/2026,15:05,Puncak Alam,Milk-based,Mocha,1,12,12,Cash
TXN-7190,28/3/2026,15:16,Putrajaya,Milk-based,Mocha,1,12,12,QR
TXN-7196,28/3/2026,15:22,Puncak Alam,Milk-based,Latte,1,11,11,Cash
TXN-7134,28/3/2026,15:25,Putrajaya,Espresso-based,Espresso,1,7,7,QR
TXN-7229,28/3/2026,15:29,Puncak Alam,Ice Blended,Ice Blended Chocolate Chip,2,14,28,Cash
TXN-7161,28/3/2026,15:42,Putrajaya,Milk-based,Mocha,1,12,12,QR
TXN-7138,28/3/2026,15:47,Putrajaya,Espresso-based,Espresso,1,7,7,Cash
TXN-7230,28/3/2026,15:47,Puncak Alam,Espresso-based,Espresso,2,7,14,Cash
TXN-7207,28/3/2026,15:58,Puncak Alam,Ice Blended,Ice Blended Chocolate Chip,1,14,14,QR
TXN-7204,28/3/2026,16:02,Puncak Alam,Espresso-based,Espresso,1,7,7,QR
TXN-7246,28/3/2026,16:06,Puncak Alam,Milk-based,Mocha,2,12,24,QR
TXN-7197,28/3/2026,16:07,Puncak Alam,Milk-based,Cappuccino,1,11,11,QR
TXN-7189,28/3/2026,16:21,Putrajaya,Espresso-based,Espresso,1,7,7,QR
TXN-7179,28/3/2026,16:28,Putrajaya,Ice Blended,Ice Blended Chocolate Chip,1,14,14,QR
TXN-7135,28/3/2026,16:35,Putrajaya,Milk-based,Caramel Macchiato,2,13,26,QR
TXN-7183,28/3/2026,16:35,Putrajaya,Milk-based,Cappuccino,1,11,11,QR
TXN-7216,28/3/2026,16:39,Puncak Alam,Ice Blended,Ice Blended Chocolate Chip,1,14,14,QR
TXN-7187,28/3/2026,16:50,Putrajaya,Espresso-based,Americano,2,9,18,QR
TXN-7174,28/3/2026,16:58,Putrajaya,Espresso-based,Espresso,1,7,7,QR
TXN-7186,28/3/2026,17:10,Putrajaya,Milk-based,Caramel Macchiato,1,13,13,QR
TXN-7236,28/3/2026,17:24,Puncak Alam,Milk-based,Caramel Macchiato,1,13,13,QR
TXN-7214,28/3/2026,17:25,Puncak Alam,Espresso-based,Americano,1,9,9,Cash
TXN-7226,28/3/2026,17:33,Puncak Alam,Milk-based,Caramel Macchiato,1,13,13,Cash
TXN-7240,28/3/2026,17:39,Puncak Alam,Espresso-based,Americano,1,9,9,QR
TXN-7223,28/3/2026,17:42,Puncak Alam,Milk-based,Mocha,2,12,24,QR
TXN-7152,28/3/2026,17:47,Putrajaya,Espresso-based,Americano,1,9,9,QR
TXN-7145,28/3/2026,17:50,Putrajaya,Espresso-based,Americano,2,9,18,Cash
TXN-7171,28/3/2026,17:55,Putrajaya,Espresso-based,Americano,2,9,18,Cash
TXN-7160,28/3/2026,18:37,Putrajaya,Espresso-based,Espresso,1,7,7,QR
TXN-7209,28/3/2026,19:01,Puncak Alam,Milk-based,Cappuccino,1,11,11,Cash
TXN-7156,28/3/2026,19:30,Putrajaya,Milk-based,Caramel Macchiato,1,13,13,QR
TXN-7185,28/3/2026,19:33,Putrajaya,Milk-based,Caramel Macchiato,1,13,13,Cash
TXN-7198,28/3/2026,19:38,Puncak Alam,Espresso-based,Americano,1,9,9,Cash
TXN-7233,28/3/2026,19:42,Puncak Alam,Espresso-based,Espresso,1,7,7,QR
TXN-7193,28/3/2026,19:43,Putrajaya,Milk-based,Latte,1,11,11,Cash
TXN-7224,28/3/2026,19:49,Puncak Alam,Milk-based,Latte,3,11,33,Cash
TXN-7245,28/3/2026,19:50,Puncak Alam,Espresso-based,Espresso,1,7,7,Cash
TXN-7146,28/3/2026,19:51,Putrajaya,Milk-based,Mocha,2,12,24,QR
TXN-7154,28/3/2026,19:54,Putrajaya,Milk-based,Mocha,1,12,12,QR
TXN-7168,28/3/2026,20:09,Putrajaya,Ice Blended,Ice Blended Chocolate Chip,1,14,14,QR
TXN-7148,28/3/2026,20:17,Putrajaya,Milk-based,Latte,3,11,33,Cash
TXN-7178,28/3/2026,20:21,Putrajaya,Milk-based,Cappuccino,2,11,22,Cash
TXN-7202,28/3/2026,20:41,Puncak Alam,Milk-based,Mocha,2,12,24,Cash
TXN-7244,28/3/2026,20:44,Puncak Alam,Milk-based,Mocha,1,12,12,Cash
TXN-7184,28/3/2026,20:45,Putrajaya,Espresso-based,Americano,1,9,9,Cash
TXN-7238,28/3/2026,20:46,Puncak Alam,Milk-based,Cappuccino,1,11,11,QR
TXN-7208,28/3/2026,20:50,Puncak Alam,Milk-based,Latte,1,11,11,QR
TXN-7137,28/3/2026,20:51,Putrajaya,Milk-based,Cappuccino,1,11,11,QR
TXN-7170,28/3/2026,20:52,Putrajaya,Ice Blended,Ice Blended Chocolate Chip,1,14,14,QR
TXN-7191,28/3/2026,20:52,Putrajaya,Milk-based,Cappuccino,1,11,11,QR
TXN-7150,28/3/2026,20:53,Putrajaya,Milk-based,Mocha,1,12,12,Cash
TXN-7182,28/3/2026,20:54,Putrajaya,Milk-based,Mocha,1,12,12,QR
TXN-7165,28/3/2026,20:56,Putrajaya,Milk-based,Latte,1,11,11,QR
TXN-7195,28/3/2026,21:13,Putrajaya,Espresso-based,Americano,1,9,9,QR
TXN-7247,28/3/2026,21:15,Puncak Alam,Ice Blended,Ice Blended Chocolate Chip,2,14,28,QR
TXN-7143,28/3/2026,21:27,Putrajaya,Milk-based,Caramel Macchiato,1,13,13,QR
TXN-7151,28/3/2026,21:31,Putrajaya,Espresso-based,Espresso,1,7,7,Cash
TXN-7194,28/3/2026,21:53,Putrajaya,Ice Blended,Ice Blended Chocolate Chip,2,14,28,QR
TXN-7264,29/3/2026,8:18,Putrajaya,Milk-based,Latte,1,11,11,Cash
TXN-7287,29/3/2026,8:20,Putrajaya,Milk-based,Latte,1,11,11,QR
TXN-7334,29/3/2026,8:28,Puncak Alam,Espresso-based,Espresso,1,7,7,QR
TXN-7274,29/3/2026,8:29,Putrajaya,Milk-based,Cappuccino,1,11,11,Cash
TXN-7328,29/3/2026,8:35,Puncak Alam,Ice Blended,Ice Blended Chocolate Chip,1,14,14,Cash
TXN-7319,29/3/2026,8:47,Putrajaya,Espresso-based,Espresso,1,7,7,QR
TXN-7306,29/3/2026,8:50,Putrajaya,Milk-based,Cappuccino,2,11,22,Cash
TXN-7299,29/3/2026,8:52,Putrajaya,Milk-based,Latte,1,11,11,Cash
TXN-7313,29/3/2026,9:00,Putrajaya,Milk-based,Cappuccino,1,11,11,QR
TXN-7329,29/3/2026,9:06,Puncak Alam,Espresso-based,Espresso,3,7,21,Cash
TXN-7296,29/3/2026,9:41,Putrajaya,Milk-based,Caramel Macchiato,2,13,26,QR
TXN-7257,29/3/2026,9:42,Putrajaya,Milk-based,Caramel Macchiato,1,13,13,QR
TXN-7359,29/3/2026,9:52,Puncak Alam,Milk-based,Caramel Macchiato,2,13,26,QR
TXN-7281,29/3/2026,9:54,Putrajaya,Ice Blended,Ice Blended Chocolate Chip,1,14,14,Cash
TXN-7262,29/3/2026,10:00,Putrajaya,Milk-based,Cappuccino,1,11,11,Cash
TXN-7260,29/3/2026,10:36,Putrajaya,Espresso-based,Espresso,1,7,7,QR
TXN-7252,29/3/2026,10:40,Putrajaya,Ice Blended,Ice Blended Chocolate Chip,3,14,42,QR
TXN-7357,29/3/2026,10:40,Puncak Alam,Milk-based,Cappuccino,2,11,22,Cash
TXN-7261,29/3/2026,10:50,Putrajaya,Milk-based,Caramel Macchiato,1,13,13,QR
TXN-7353,29/3/2026,10:53,Puncak Alam,Espresso-based,Espresso,2,7,14,QR
TXN-7356,29/3/2026,10:56,Puncak Alam,Ice Blended,Ice Blended Chocolate Chip,1,14,14,QR
TXN-7309,29/3/2026,11:07,Putrajaya,Milk-based,Cappuccino,1,11,11,Cash
TXN-7312,29/3/2026,11:27,Putrajaya,Milk-based,Latte,2,11,22,QR
TXN-7333,29/3/2026,11:30,Puncak Alam,Milk-based,Latte,3,11,33,Cash
TXN-7286,29/3/2026,11:32,Putrajaya,Milk-based,Latte,1,11,11,QR
TXN-7295,29/3/2026,11:36,Putrajaya,Espresso-based,Espresso,1,7,7,QR
TXN-7324,29/3/2026,11:52,Puncak Alam,Milk-based,Latte,1,11,11,Cash
TXN-7250,29/3/2026,12:11,Putrajaya,Espresso-based,Espresso,1,7,7,QR
TXN-7345,29/3/2026,12:32,Puncak Alam,Milk-based,Cappuccino,3,11,33,QR
TXN-7256,29/3/2026,12:40,Putrajaya,Ice Blended,Ice Blended Chocolate Chip,1,14,14,Cash
TXN-7351,29/3/2026,12:40,Puncak Alam,Milk-based,Latte,1,11,11,Cash
TXN-7323,29/3/2026,12:45,Puncak Alam,Milk-based,Latte,3,11,33,QR
TXN-7335,29/3/2026,12:54,Puncak Alam,Milk-based,Caramel Macchiato,1,13,13,Cash
TXN-7293,29/3/2026,12:58,Putrajaya,Espresso-based,Americano,1,9,9,QR
TXN-7271,29/3/2026,12:59,Putrajaya,Espresso-based,Americano,1,9,9,QR
TXN-7325,29/3/2026,13:05,Puncak Alam,Milk-based,Mocha,1,12,12,QR
TXN-7305,29/3/2026,13:10,Putrajaya,Milk-based,Cappuccino,3,11,33,Cash
TXN-7355,29/3/2026,13:27,Puncak Alam,Milk-based,Cappuccino,3,11,33,QR
TXN-7276,29/3/2026,13:39,Putrajaya,Ice Blended,Ice Blended Chocolate Chip,1,14,14,QR
TXN-7343,29/3/2026,13:48,Puncak Alam,Milk-based,Caramel Macchiato,1,13,13,QR
TXN-7327,29/3/2026,13:56,Puncak Alam,Milk-based,Caramel Macchiato,2,13,26,QR
TXN-7358,29/3/2026,13:56,Puncak Alam,Espresso-based,Americano,2,9,18,QR
TXN-7304,29/3/2026,13:58,Putrajaya,Espresso-based,Espresso,1,7,7,QR
TXN-7326,29/3/2026,14:06,Puncak Alam,Milk-based,Mocha,1,12,12,Cash
TXN-7278,29/3/2026,14:10,Putrajaya,Espresso-based,Americano,1,9,9,Cash
TXN-7292,29/3/2026,14:29,Putrajaya,Milk-based,Latte,2,11,22,QR
TXN-7322,29/3/2026,15:06,Putrajaya,Milk-based,Cappuccino,3,11,33,QR
TXN-7289,29/3/2026,15:18,Putrajaya,Ice Blended,Ice Blended Chocolate Chip,1,14,14,QR
TXN-7254,29/3/2026,15:26,Putrajaya,Milk-based,Cappuccino,3,11,33,QR
TXN-7297,29/3/2026,15:27,Putrajaya,Espresso-based,Espresso,1,7,7,Cash
TXN-7288,29/3/2026,15:40,Putrajaya,Milk-based,Cappuccino,1,11,11,Cash
TXN-7320,29/3/2026,15:51,Putrajaya,Milk-based,Caramel Macchiato,3,13,39,QR
TXN-7273,29/3/2026,15:52,Putrajaya,Espresso-based,Americano,1,9,9,QR
TXN-7308,29/3/2026,15:56,Putrajaya,Espresso-based,Americano,1,9,9,QR
TXN-7347,29/3/2026,15:59,Puncak Alam,Espresso-based,Americano,1,9,9,Cash
TXN-7337,29/3/2026,16:15,Puncak Alam,Espresso-based,Americano,1,9,9,QR
TXN-7341,29/3/2026,16:16,Puncak Alam,Milk-based,Caramel Macchiato,1,13,13,QR
TXN-7253,29/3/2026,16:17,Putrajaya,Milk-based,Cappuccino,1,11,11,Cash
TXN-7251,29/3/2026,16:27,Putrajaya,Milk-based,Latte,1,11,11,Cash
TXN-7285,29/3/2026,16:29,Putrajaya,Ice Blended,Ice Blended Chocolate Chip,1,14,14,QR
TXN-7294,29/3/2026,16:33,Putrajaya,Milk-based,Latte,1,11,11,Cash
TXN-7275,29/3/2026,16:35,Putrajaya,Milk-based,Latte,1,11,11,QR
TXN-7332,29/3/2026,16:49,Puncak Alam,Espresso-based,Espresso,1,7,7,QR
TXN-7283,29/3/2026,16:55,Putrajaya,Milk-based,Caramel Macchiato,2,13,26,QR
TXN-7310,29/3/2026,16:57,Putrajaya,Milk-based,Cappuccino,1,11,11,Cash
TXN-7346,29/3/2026,17:02,Puncak Alam,Espresso-based,Americano,2,9,18,QR
TXN-7300,29/3/2026,17:06,Putrajaya,Milk-based,Latte,1,11,11,QR
TXN-7350,29/3/2026,17:09,Puncak Alam,Milk-based,Caramel Macchiato,1,13,13,QR
TXN-7336,29/3/2026,17:19,Puncak Alam,Ice Blended,Ice Blended Chocolate Chip,1,14,14,QR
TXN-7339,29/3/2026,17:27,Puncak Alam,Milk-based,Cappuccino,1,11,11,QR
TXN-7316,29/3/2026,17:34,Putrajaya,Espresso-based,Espresso,1,7,7,QR
TXN-7354,29/3/2026,17:38,Puncak Alam,Milk-based,Cappuccino,2,11,22,QR
TXN-7272,29/3/2026,17:55,Putrajaya,Milk-based,Caramel Macchiato,1,13,13,QR
TXN-7315,29/3/2026,18:01,Putrajaya,Milk-based,Mocha,2,12,24,Cash
TXN-7301,29/3/2026,18:04,Putrajaya,Milk-based,Caramel Macchiato,2,13,26,QR
TXN-7277,29/3/2026,18:11,Putrajaya,Espresso-based,Americano,2,9,18,QR
TXN-7263,29/3/2026,18:15,Putrajaya,Ice Blended,Ice Blended Chocolate Chip,1,14,14,QR
TXN-7344,29/3/2026,18:20,Puncak Alam,Ice Blended,Ice Blended Chocolate Chip,2,14,28,QR
TXN-7290,29/3/2026,18:34,Putrajaya,Espresso-based,Americano,1,9,9,QR
TXN-7307,29/3/2026,18:41,Putrajaya,Milk-based,Caramel Macchiato,1,13,13,QR
TXN-7340,29/3/2026,18:41,Puncak Alam,Milk-based,Cappuccino,1,11,11,QR
TXN-7282,29/3/2026,18:43,Putrajaya,Espresso-based,Americano,2,9,18,QR
TXN-7259,29/3/2026,18:47,Putrajaya,Espresso-based,Americano,1,9,9,QR
TXN-7349,29/3/2026,18:52,Puncak Alam,Espresso-based,Americano,1,9,9,Cash
TXN-7291,29/3/2026,18:56,Putrajaya,Espresso-based,Espresso,1,7,7,Cash
TXN-7268,29/3/2026,19:10,Putrajaya,Milk-based,Caramel Macchiato,3,13,39,QR
TXN-7352,29/3/2026,19:14,Puncak Alam,Espresso-based,Espresso,2,7,14,Cash
TXN-7298,29/3/2026,19:16,Putrajaya,Milk-based,Latte,1,11,11,Cash
TXN-7265,29/3/2026,19:20,Putrajaya,Espresso-based,Espresso,1,7,7,QR
TXN-7348,29/3/2026,19:21,Puncak Alam,Milk-based,Caramel Macchiato,1,13,13,Cash
TXN-7317,29/3/2026,19:22,Putrajaya,Milk-based,Cappuccino,1,11,11,QR
TXN-7314,29/3/2026,19:28,Putrajaya,Milk-based,Latte,1,11,11,QR
TXN-7338,29/3/2026,19:28,Puncak Alam,Milk-based,Mocha,1,12,12,QR
TXN-7321,29/3/2026,19:45,Putrajaya,Milk-based,Caramel Macchiato,1,13,13,QR
TXN-7284,29/3/2026,19:54,Putrajaya,Milk-based,Cappuccino,1,11,11,QR
TXN-7267,29/3/2026,20:10,Putrajaya,Milk-based,Latte,2,11,22,QR
TXN-7331,29/3/2026,20:15,Puncak Alam,Espresso-based,Espresso,2,7,14,QR
TXN-7258,29/3/2026,20:20,Putrajaya,Milk-based,Mocha,1,12,12,Cash
TXN-7266,29/3/2026,20:23,Putrajaya,Milk-based,Mocha,1,12,12,QR
TXN-7318,29/3/2026,20:37,Putrajaya,Ice Blended,Ice Blended Chocolate Chip,1,14,14,Cash
TXN-7302,29/3/2026,20:41,Putrajaya,Milk-based,Mocha,1,12,12,QR
TXN-7342,29/3/2026,20:55,Puncak Alam,Milk-based,Cappuccino,1,11,11,Cash
TXN-7303,29/3/2026,20:56,Putrajaya,Milk-based,Cappuccino,1,11,11,Cash
TXN-7279,29/3/2026,20:58,Putrajaya,Milk-based,Cappuccino,1,11,11,QR
TXN-7255,29/3/2026,21:02,Putrajaya,Milk-based,Cappuccino,2,11,22,Cash
TXN-7311,29/3/2026,21:03,Putrajaya,Milk-based,Latte,2,11,22,QR
TXN-7270,29/3/2026,21:15,Putrajaya,Milk-based,Cappuccino,1,11,11,Cash
TXN-7269,29/3/2026,21:34,Putrajaya,Milk-based,Cappuccino,1,11,11,QR
TXN-7330,29/3/2026,21:44,Puncak Alam,Ice Blended,Ice Blended Chocolate Chip,2,14,28,QR
TXN-7280,29/3/2026,21:55,Putrajaya,Espresso-based,Espresso,2,7,14,QR
TXN-7406,30/3/2026,8:57,Puncak Alam,Milk-based,Latte,1,11,11,QR
TXN-7387,30/3/2026,9:00,Putrajaya,Espresso-based,Espresso,2,7,14,Cash
TXN-7425,30/3/2026,9:08,Puncak Alam,Milk-based,Latte,2,11,22,QR
TXN-7413,30/3/2026,9:09,Puncak Alam,Espresso-based,Americano,2,9,18,QR
TXN-7363,30/3/2026,9:28,Putrajaya,Espresso-based,Espresso,3,7,21,QR
TXN-7404,30/3/2026,9:39,Puncak Alam,Espresso-based,Espresso,3,7,21,QR
TXN-7427,30/3/2026,9:53,Puncak Alam,Ice Blended,Ice Blended Chocolate Chip,2,14,28,Cash
TXN-7443,30/3/2026,9:53,Puncak Alam,Espresso-based,Espresso,2,7,14,QR
TXN-7424,30/3/2026,9:54,Puncak Alam,Milk-based,Mocha,1,12,12,Cash
TXN-7365,30/3/2026,10:04,Putrajaya,Milk-based,Mocha,1,12,12,Cash
TXN-7407,30/3/2026,10:09,Puncak Alam,Milk-based,Latte,2,11,22,QR
TXN-7418,30/3/2026,10:12,Puncak Alam,Espresso-based,Espresso,2,7,14,QR
TXN-7437,30/3/2026,10:42,Puncak Alam,Ice Blended,Ice Blended Chocolate Chip,3,14,42,QR
TXN-7374,30/3/2026,11:18,Putrajaya,Milk-based,Cappuccino,2,11,22,Cash
TXN-7422,30/3/2026,11:18,Puncak Alam,Ice Blended,Ice Blended Chocolate Chip,1,14,14,Cash
TXN-7405,30/3/2026,11:48,Puncak Alam,Milk-based,Latte,1,11,11,QR
TXN-7388,30/3/2026,11:51,Putrajaya,Milk-based,Latte,1,11,11,Cash
TXN-7377,30/3/2026,11:57,Putrajaya,Milk-based,Latte,3,11,33,QR
TXN-7441,30/3/2026,11:58,Puncak Alam,Ice Blended,Ice Blended Chocolate Chip,1,14,14,QR
TXN-7431,30/3/2026,12:21,Puncak Alam,Espresso-based,Americano,1,9,9,Cash
TXN-7411,30/3/2026,12:57,Puncak Alam,Milk-based,Mocha,1,12,12,QR
TXN-7429,30/3/2026,12:57,Puncak Alam,Milk-based,Caramel Macchiato,1,13,13,QR
TXN-7423,30/3/2026,12:59,Puncak Alam,Ice Blended,Ice Blended Chocolate Chip,1,14,14,Cash
TXN-7391,30/3/2026,13:09,Putrajaya,Espresso-based,Americano,2,9,18,QR
TXN-7372,30/3/2026,13:16,Putrajaya,Milk-based,Cappuccino,1,11,11,QR
TXN-7376,30/3/2026,13:33,Putrajaya,Ice Blended,Ice Blended Chocolate Chip,2,14,28,QR
TXN-7432,30/3/2026,13:34,Puncak Alam,Milk-based,Latte,1,11,11,Cash
TXN-7445,30/3/2026,13:34,Puncak Alam,Milk-based,Mocha,1,12,12,Cash
TXN-7428,30/3/2026,13:46,Puncak Alam,Espresso-based,Espresso,1,7,7,QR
TXN-7398,30/3/2026,13:55,Puncak Alam,Espresso-based,Americano,1,9,9,QR
TXN-7403,30/3/2026,13:56,Puncak Alam,Milk-based,Mocha,1,12,12,QR
TXN-7408,30/3/2026,14:00,Puncak Alam,Ice Blended,Ice Blended Chocolate Chip,1,14,14,Cash
TXN-7379,30/3/2026,14:12,Putrajaya,Milk-based,Mocha,1,12,12,QR
TXN-7364,30/3/2026,14:14,Putrajaya,Milk-based,Cappuccino,2,11,22,Cash
TXN-7417,30/3/2026,14:16,Puncak Alam,Espresso-based,Espresso,1,7,7,QR
TXN-7360,30/3/2026,14:21,Putrajaya,Milk-based,Latte,1,11,11,QR
TXN-7420,30/3/2026,14:33,Puncak Alam,Espresso-based,Americano,4,9,36,QR
TXN-7419,30/3/2026,14:45,Puncak Alam,Milk-based,Latte,1,11,11,QR
TXN-7410,30/3/2026,14:56,Puncak Alam,Espresso-based,Americano,1,9,9,Cash
TXN-7366,30/3/2026,15:10,Putrajaya,Espresso-based,Americano,2,9,18,QR
TXN-7384,30/3/2026,15:10,Putrajaya,Milk-based,Caramel Macchiato,1,13,13,Cash
TXN-7440,30/3/2026,15:14,Puncak Alam,Espresso-based,Espresso,1,7,7,QR
TXN-7433,30/3/2026,15:27,Puncak Alam,Milk-based,Latte,1,11,11,Cash
TXN-7397,30/3/2026,15:31,Puncak Alam,Milk-based,Caramel Macchiato,1,13,13,Cash
TXN-7444,30/3/2026,15:34,Puncak Alam,Ice Blended,Ice Blended Chocolate Chip,2,14,28,QR
TXN-7389,30/3/2026,15:58,Putrajaya,Milk-based,Mocha,2,12,24,Cash
TXN-7369,30/3/2026,16:04,Putrajaya,Milk-based,Cappuccino,1,11,11,QR
TXN-7436,30/3/2026,16:13,Puncak Alam,Milk-based,Caramel Macchiato,1,13,13,QR
TXN-7426,30/3/2026,16:31,Puncak Alam,Espresso-based,Espresso,1,7,7,QR
TXN-7390,30/3/2026,17:02,Putrajaya,Espresso-based,Americano,2,9,18,Cash
TXN-7386,30/3/2026,17:06,Putrajaya,Milk-based,Latte,1,11,11,QR
TXN-7392,30/3/2026,17:07,Puncak Alam,Ice Blended,Ice Blended Chocolate Chip,2,14,28,Cash
TXN-7383,30/3/2026,17:14,Putrajaya,Milk-based,Cappuccino,1,11,11,Cash
TXN-7399,30/3/2026,17:20,Puncak Alam,Milk-based,Latte,1,11,11,QR
TXN-7362,30/3/2026,17:27,Putrajaya,Ice Blended,Ice Blended Chocolate Chip,1,14,14,QR
TXN-7396,30/3/2026,17:40,Puncak Alam,Espresso-based,Espresso,2,7,14,QR
TXN-7381,30/3/2026,18:02,Putrajaya,Milk-based,Mocha,1,12,12,QR
TXN-7448,30/3/2026,18:08,Puncak Alam,Milk-based,Caramel Macchiato,2,13,26,Cash
TXN-7401,30/3/2026,18:09,Puncak Alam,Ice Blended,Ice Blended Chocolate Chip,1,14,14,QR
TXN-7447,30/3/2026,18:19,Puncak Alam,Milk-based,Cappuccino,2,11,22,QR
TXN-7438,30/3/2026,18:24,Puncak Alam,Ice Blended,Ice Blended Chocolate Chip,1,14,14,QR
TXN-7393,30/3/2026,18:31,Puncak Alam,Espresso-based,Espresso,1,7,7,QR
TXN-7430,30/3/2026,18:32,Puncak Alam,Espresso-based,Espresso,3,7,21,QR
TXN-7380,30/3/2026,18:39,Putrajaya,Ice Blended,Ice Blended Chocolate Chip,1,14,14,QR
TXN-7370,30/3/2026,18:56,Putrajaya,Milk-based,Caramel Macchiato,1,13,13,Cash
TXN-7409,30/3/2026,18:57,Puncak Alam,Milk-based,Latte,1,11,11,Cash
TXN-7415,30/3/2026,18:59,Puncak Alam,Milk-based,Cappuccino,1,11,11,QR
TXN-7378,30/3/2026,19:05,Putrajaya,Espresso-based,Americano,1,9,9,Cash
TXN-7361,30/3/2026,19:13,Putrajaya,Milk-based,Latte,1,11,11,QR
TXN-7412,30/3/2026,19:26,Puncak Alam,Ice Blended,Ice Blended Chocolate Chip,1,14,14,QR
TXN-7394,30/3/2026,19:31,Puncak Alam,Milk-based,Latte,1,11,11,QR
TXN-7414,30/3/2026,19:39,Puncak Alam,Ice Blended,Ice Blended Chocolate Chip,1,14,14,Cash
TXN-7439,30/3/2026,19:41,Puncak Alam,Milk-based,Caramel Macchiato,2,13,26,QR
TXN-7373,30/3/2026,19:42,Putrajaya,Milk-based,Cappuccino,1,11,11,Cash
TXN-7421,30/3/2026,19:49,Puncak Alam,Espresso-based,Americano,1,9,9,QR
TXN-7442,30/3/2026,19:52,Puncak Alam,Ice Blended,Ice Blended Chocolate Chip,1,14,14,QR
TXN-7368,30/3/2026,20:07,Putrajaya,Milk-based,Cappuccino,1,11,11,QR
TXN-7434,30/3/2026,20:09,Puncak Alam,Milk-based,Mocha,1,12,12,Cash
TXN-7435,30/3/2026,20:11,Puncak Alam,Espresso-based,Americano,2,9,18,Cash
TXN-7371,30/3/2026,20:22,Putrajaya,Milk-based,Latte,1,11,11,Cash
TXN-7395,30/3/2026,20:34,Puncak Alam,Milk-based,Caramel Macchiato,2,13,26,QR
TXN-7382,30/3/2026,21:01,Putrajaya,Espresso-based,Americano,3,9,27,QR
TXN-7446,30/3/2026,21:02,Puncak Alam,Espresso-based,Americano,2,9,18,QR
TXN-7375,30/3/2026,21:17,Putrajaya,Ice Blended,Ice Blended Chocolate Chip,2,14,28,QR
TXN-7416,30/3/2026,21:17,Puncak Alam,Milk-based,Caramel Macchiato,2,13,26,QR
TXN-7400,30/3/2026,21:35,Puncak Alam,Milk-based,Caramel Macchiato,3,13,39,QR
TXN-7385,30/3/2026,21:46,Putrajaya,Espresso-based,Espresso,1,7,7,QR
TXN-7367,30/3/2026,21:49,Putrajaya,Milk-based,Caramel Macchiato,1,13,13,QR
TXN-7402,30/3/2026,21:49,Puncak Alam,Espresso-based,Americano,1,9,9,QR
TXN-7485,31/3/2026,8:11,Putrajaya,Milk-based,Caramel Macchiato,1,13,13,QR
TXN-7554,31/3/2026,8:11,Puncak Alam,Milk-based,Cappuccino,1,11,11,Cash
TXN-7502,31/3/2026,8:26,Putrajaya,Milk-based,Cappuccino,1,11,11,QR
TXN-7545,31/3/2026,8:30,Puncak Alam,Milk-based,Latte,1,11,11,Cash
TXN-7496,31/3/2026,8:42,Putrajaya,Espresso-based,Espresso,1,7,7,Cash
TXN-7556,31/3/2026,8:48,Puncak Alam,Milk-based,Caramel Macchiato,1,13,13,QR
TXN-7464,31/3/2026,9:14,Putrajaya,Milk-based,Mocha,1,12,12,Cash
TXN-7486,31/3/2026,9:14,Putrajaya,Milk-based,Latte,1,11,11,QR
TXN-7460,31/3/2026,9:17,Putrajaya,Espresso-based,Americano,1,9,9,Cash
TXN-7472,31/3/2026,9:20,Putrajaya,Espresso-based,Americano,2,9,18,QR
TXN-7514,31/3/2026,9:35,Puncak Alam,Espresso-based,Espresso,2,7,14,QR
TXN-7450,31/3/2026,9:42,Putrajaya,Espresso-based,Americano,1,9,9,QR
TXN-7533,31/3/2026,9:46,Puncak Alam,Milk-based,Caramel Macchiato,4,13,52,Cash
TXN-7469,31/3/2026,10:04,Putrajaya,Espresso-based,Espresso,1,7,7,QR
TXN-7550,31/3/2026,10:20,Puncak Alam,Ice Blended,Ice Blended Chocolate Chip,1,14,14,QR
TXN-7452,31/3/2026,10:23,Putrajaya,Espresso-based,Americano,1,9,9,QR
TXN-7523,31/3/2026,10:32,Puncak Alam,Milk-based,Cappuccino,1,11,11,Cash
TXN-7501,31/3/2026,10:33,Putrajaya,Espresso-based,Americano,1,9,9,QR
TXN-7459,31/3/2026,10:40,Putrajaya,Espresso-based,Americano,1,9,9,Cash
TXN-7483,31/3/2026,10:52,Putrajaya,Milk-based,Latte,1,11,11,QR
TXN-7548,31/3/2026,11:00,Puncak Alam,Espresso-based,Americano,1,9,9,QR
TXN-7466,31/3/2026,11:09,Putrajaya,Milk-based,Latte,2,11,22,QR
TXN-7559,31/3/2026,11:44,Puncak Alam,Milk-based,Caramel Macchiato,1,13,13,QR
TXN-7543,31/3/2026,11:45,Puncak Alam,Milk-based,Mocha,3,12,36,Cash
TXN-7505,31/3/2026,11:53,Putrajaya,Milk-based,Caramel Macchiato,1,13,13,QR
TXN-7537,31/3/2026,11:53,Puncak Alam,Milk-based,Caramel Macchiato,2,13,26,Cash
TXN-7532,31/3/2026,12:06,Puncak Alam,Milk-based,Caramel Macchiato,1,13,13,QR
TXN-7560,31/3/2026,12:10,Puncak Alam,Espresso-based,Americano,1,9,9,QR
TXN-7518,31/3/2026,12:16,Puncak Alam,Milk-based,Cappuccino,1,11,11,Cash
TXN-7475,31/3/2026,12:18,Putrajaya,Espresso-based,Espresso,1,7,7,Cash
TXN-7468,31/3/2026,12:21,Putrajaya,Ice Blended,Ice Blended Chocolate Chip,1,14,14,QR
TXN-7453,31/3/2026,12:36,Putrajaya,Milk-based,Latte,1,11,11,Cash
TXN-7503,31/3/2026,12:38,Putrajaya,Milk-based,Caramel Macchiato,1,13,13,QR
TXN-7544,31/3/2026,12:56,Puncak Alam,Milk-based,Cappuccino,1,11,11,QR
TXN-7484,31/3/2026,13:20,Putrajaya,Milk-based,Latte,1,11,11,Cash
TXN-7470,31/3/2026,13:29,Putrajaya,Ice Blended,Ice Blended Chocolate Chip,1,14,14,QR
TXN-7489,31/3/2026,13:29,Putrajaya,Espresso-based,Americano,1,9,9,QR
TXN-7493,31/3/2026,13:29,Putrajaya,Milk-based,Caramel Macchiato,1,13,13,QR
TXN-7495,31/3/2026,13:31,Putrajaya,Milk-based,Mocha,1,12,12,Cash
TXN-7474,31/3/2026,13:36,Putrajaya,Ice Blended,Ice Blended Chocolate Chip,1,14,14,QR
TXN-7467,31/3/2026,13:41,Putrajaya,Milk-based,Mocha,1,12,12,Cash
TXN-7506,31/3/2026,14:01,Putrajaya,Milk-based,Caramel Macchiato,1,13,13,QR
TXN-7558,31/3/2026,14:01,Puncak Alam,Espresso-based,Espresso,1,7,7,QR
TXN-7547,31/3/2026,14:04,Puncak Alam,Espresso-based,Americano,3,9,27,QR
TXN-7461,31/3/2026,14:05,Putrajaya,Milk-based,Latte,1,11,11,QR
TXN-7520,31/3/2026,14:20,Puncak Alam,Milk-based,Caramel Macchiato,1,13,13,QR
TXN-7481,31/3/2026,14:26,Putrajaya,Ice Blended,Ice Blended Chocolate Chip,1,14,14,QR
TXN-7528,31/3/2026,14:30,Puncak Alam,Milk-based,Mocha,1,12,12,QR
TXN-7487,31/3/2026,14:31,Putrajaya,Milk-based,Mocha,2,12,24,QR
TXN-7516,31/3/2026,14:33,Puncak Alam,Milk-based,Mocha,1,12,12,Cash
TXN-7517,31/3/2026,14:38,Puncak Alam,Milk-based,Mocha,1,12,12,QR
TXN-7455,31/3/2026,14:40,Putrajaya,Ice Blended,Ice Blended Chocolate Chip,1,14,14,QR
TXN-7515,31/3/2026,14:40,Puncak Alam,Milk-based,Cappuccino,2,11,22,QR
TXN-7480,31/3/2026,14:48,Putrajaya,Espresso-based,Americano,1,9,9,Cash
TXN-7492,31/3/2026,14:52,Putrajaya,Espresso-based,Espresso,1,7,7,QR
TXN-7530,31/3/2026,14:52,Puncak Alam,Milk-based,Caramel Macchiato,1,13,13,Cash
TXN-7524,31/3/2026,14:56,Puncak Alam,Espresso-based,Espresso,2,7,14,Cash
TXN-7526,31/3/2026,14:57,Puncak Alam,Milk-based,Latte,2,11,22,QR
TXN-7494,31/3/2026,15:09,Putrajaya,Milk-based,Caramel Macchiato,3,13,39,QR
TXN-7509,31/3/2026,15:29,Putrajaya,Milk-based,Mocha,4,12,48,Cash
TXN-7519,31/3/2026,15:29,Puncak Alam,Milk-based,Caramel Macchiato,1,13,13,Cash
TXN-7538,31/3/2026,15:33,Puncak Alam,Milk-based,Mocha,1,12,12,Cash
TXN-7540,31/3/2026,15:43,Puncak Alam,Espresso-based,Espresso,2,7,14,QR
TXN-7546,31/3/2026,15:44,Puncak Alam,Ice Blended,Ice Blended Chocolate Chip,1,14,14,QR
TXN-7512,31/3/2026,15:49,Putrajaya,Milk-based,Mocha,1,12,12,QR
TXN-7549,31/3/2026,15:50,Puncak Alam,Espresso-based,Americano,1,9,9,QR
TXN-7507,31/3/2026,15:54,Putrajaya,Milk-based,Latte,1,11,11,QR
TXN-7463,31/3/2026,16:00,Putrajaya,Ice Blended,Ice Blended Chocolate Chip,2,14,28,QR
TXN-7499,31/3/2026,16:19,Putrajaya,Milk-based,Latte,1,11,11,QR
TXN-7490,31/3/2026,16:27,Putrajaya,Espresso-based,Espresso,1,7,7,QR
TXN-7473,31/3/2026,16:31,Putrajaya,Espresso-based,Espresso,1,7,7,QR
TXN-7482,31/3/2026,16:37,Putrajaya,Milk-based,Latte,2,11,22,QR
TXN-7535,31/3/2026,16:37,Puncak Alam,Espresso-based,Americano,3,9,27,Cash
TXN-7478,31/3/2026,16:39,Putrajaya,Milk-based,Latte,3,11,33,Cash
TXN-7471,31/3/2026,16:47,Putrajaya,Milk-based,Cappuccino,1,11,11,QR
TXN-7458,31/3/2026,16:52,Putrajaya,Espresso-based,Americano,1,9,9,QR
TXN-7552,31/3/2026,17:04,Puncak Alam,Milk-based,Caramel Macchiato,2,13,26,QR
TXN-7508,31/3/2026,17:07,Putrajaya,Milk-based,Latte,1,11,11,QR
TXN-7553,31/3/2026,17:13,Puncak Alam,Espresso-based,Espresso,1,7,7,QR
TXN-7539,31/3/2026,17:14,Puncak Alam,Ice Blended,Ice Blended Chocolate Chip,2,14,28,QR
TXN-7527,31/3/2026,17:28,Puncak Alam,Milk-based,Latte,2,11,22,QR
TXN-7456,31/3/2026,17:47,Putrajaya,Ice Blended,Ice Blended Chocolate Chip,1,14,14,QR
TXN-7476,31/3/2026,17:47,Putrajaya,Milk-based,Latte,1,11,11,QR
TXN-7449,31/3/2026,17:53,Putrajaya,Milk-based,Caramel Macchiato,2,13,26,QR
TXN-7457,31/3/2026,17:59,Putrajaya,Milk-based,Caramel Macchiato,1,13,13,QR
TXN-7451,31/3/2026,18:08,Putrajaya,Milk-based,Latte,1,11,11,QR
TXN-7500,31/3/2026,18:16,Putrajaya,Milk-based,Caramel Macchiato,2,13,26,QR
TXN-7465,31/3/2026,18:17,Putrajaya,Milk-based,Latte,1,11,11,Cash
TXN-7521,31/3/2026,18:21,Puncak Alam,Ice Blended,Ice Blended Chocolate Chip,4,14,56,QR
TXN-7522,31/3/2026,18:23,Puncak Alam,Ice Blended,Ice Blended Chocolate Chip,1,14,14,Cash
TXN-7534,31/3/2026,18:38,Puncak Alam,Ice Blended,Ice Blended Chocolate Chip,1,14,14,Cash
TXN-7536,31/3/2026,18:39,Puncak Alam,Milk-based,Mocha,1,12,12,QR
TXN-7511,31/3/2026,18:42,Putrajaya,Espresso-based,Espresso,1,7,7,QR
TXN-7557,31/3/2026,18:43,Puncak Alam,Milk-based,Cappuccino,1,11,11,QR
TXN-7525,31/3/2026,18:44,Puncak Alam,Milk-based,Latte,1,11,11,QR
TXN-7551,31/3/2026,18:45,Puncak Alam,Milk-based,Mocha,1,12,12,Cash
TXN-7454,31/3/2026,19:11,Putrajaya,Espresso-based,Americano,3,9,27,QR
TXN-7479,31/3/2026,19:27,Putrajaya,Milk-based,Cappuccino,1,11,11,QR
TXN-7498,31/3/2026,19:34,Putrajaya,Milk-based,Cappuccino,1,11,11,QR
TXN-7488,31/3/2026,19:46,Putrajaya,Milk-based,Latte,2,11,22,Cash
TXN-7541,31/3/2026,19:47,Puncak Alam,Milk-based,Mocha,1,12,12,QR
TXN-7504,31/3/2026,19:50,Putrajaya,Espresso-based,Espresso,1,7,7,QR
TXN-7477,31/3/2026,19:55,Putrajaya,Milk-based,Mocha,1,12,12,QR
TXN-7491,31/3/2026,20:04,Putrajaya,Milk-based,Caramel Macchiato,3,13,39,QR
TXN-7542,31/3/2026,20:15,Puncak Alam,Espresso-based,Espresso,1,7,7,QR
TXN-7510,31/3/2026,20:55,Putrajaya,Espresso-based,Espresso,4,7,28,QR
TXN-7497,31/3/2026,21:14,Putrajaya,Ice Blended,Ice Blended Chocolate Chip,1,14,14,QR
TXN-7531,31/3/2026,21:14,Puncak Alam,Espresso-based,Espresso,1,7,7,Cash
TXN-7462,31/3/2026,21:27,Putrajaya,Milk-based,Mocha,3,12,36,Cash
TXN-7555,31/3/2026,21:33,Puncak Alam,Milk-based,Cappuccino,1,11,11,Cash
TXN-7529,31/3/2026,21:38,Puncak Alam,Ice Blended,Ice Blended Chocolate Chip,1,14,14,QR
TXN-7513,31/3/2026,21:54,Puncak Alam,Espresso-based,Americano,1,9,9,QR
TXN-7632,1/4/2026,8:15,Puncak Alam,Ice Blended,Ice Blended Chocolate Chip,1,14,14,QR
TXN-7603,1/4/2026,8:18,Puncak Alam,Ice Blended,Ice Blended Chocolate Chip,3,14,42,Cash
TXN-7580,1/4/2026,9:46,Putrajaya,Ice Blended,Ice Blended Chocolate Chip,1,14,14,Cash
TXN-7625,1/4/2026,9:55,Puncak Alam,Milk-based,Caramel Macchiato,1,13,13,Cash
TXN-7582,1/4/2026,10:04,Putrajaya,Milk-based,Latte,1,11,11,QR
TXN-7615,1/4/2026,10:10,Puncak Alam,Milk-based,Latte,1,11,11,Cash
TXN-7562,1/4/2026,10:41,Putrajaya,Espresso-based,Americano,1,9,9,QR
TXN-7581,1/4/2026,10:56,Putrajaya,Espresso-based,Americano,3,9,27,QR
TXN-7650,1/4/2026,11:02,Puncak Alam,Milk-based,Latte,1,11,11,Cash
TXN-7601,1/4/2026,11:05,Puncak Alam,Espresso-based,Americano,1,9,9,QR
TXN-7642,1/4/2026,11:20,Puncak Alam,Milk-based,Caramel Macchiato,1,13,13,QR
TXN-7629,1/4/2026,11:30,Puncak Alam,Espresso-based,Espresso,2,7,14,QR
TXN-7645,1/4/2026,11:35,Puncak Alam,Milk-based,Mocha,1,12,12,QR
TXN-7610,1/4/2026,11:42,Puncak Alam,Espresso-based,Espresso,1,7,7,QR
TXN-7577,1/4/2026,11:46,Putrajaya,Milk-based,Cappuccino,1,11,11,Cash
TXN-7565,1/4/2026,11:58,Putrajaya,Espresso-based,Americano,2,9,18,QR
TXN-7579,1/4/2026,11:58,Putrajaya,Ice Blended,Ice Blended Chocolate Chip,1,14,14,QR
TXN-7644,1/4/2026,12:00,Puncak Alam,Milk-based,Caramel Macchiato,1,13,13,Cash
TXN-7631,1/4/2026,12:08,Puncak Alam,Milk-based,Cappuccino,1,11,11,Cash
TXN-7611,1/4/2026,12:12,Puncak Alam,Ice Blended,Ice Blended Chocolate Chip,1,14,14,QR
TXN-7628,1/4/2026,12:27,Puncak Alam,Espresso-based,Espresso,1,7,7,QR
TXN-7618,1/4/2026,12:28,Puncak Alam,Espresso-based,Espresso,1,7,7,Cash
TXN-7590,1/4/2026,12:35,Putrajaya,Espresso-based,Americano,2,9,18,Cash
TXN-7636,1/4/2026,12:39,Puncak Alam,Milk-based,Mocha,1,12,12,QR
TXN-7602,1/4/2026,12:41,Puncak Alam,Ice Blended,Ice Blended Chocolate Chip,1,14,14,Cash
TXN-7621,1/4/2026,12:42,Puncak Alam,Milk-based,Mocha,1,12,12,Cash
TXN-7566,1/4/2026,12:46,Putrajaya,Espresso-based,Espresso,1,7,7,QR
TXN-7623,1/4/2026,12:53,Puncak Alam,Milk-based,Latte,1,11,11,QR
TXN-7592,1/4/2026,12:58,Putrajaya,Espresso-based,Americano,2,9,18,QR
TXN-7613,1/4/2026,13:14,Puncak Alam,Milk-based,Mocha,1,12,12,Cash
TXN-7647,1/4/2026,13:37,Puncak Alam,Milk-based,Cappuccino,1,11,11,Cash
TXN-7600,1/4/2026,13:44,Puncak Alam,Espresso-based,Americano,1,9,9,QR
TXN-7583,1/4/2026,13:50,Putrajaya,Espresso-based,Americano,1,9,9,QR
TXN-7597,1/4/2026,14:32,Puncak Alam,Milk-based,Caramel Macchiato,1,13,13,QR
TXN-7564,1/4/2026,14:36,Putrajaya,Ice Blended,Ice Blended Chocolate Chip,1,14,14,QR
TXN-7609,1/4/2026,14:41,Puncak Alam,Milk-based,Latte,4,11,44,Cash
TXN-7588,1/4/2026,14:42,Putrajaya,Milk-based,Cappuccino,3,11,33,QR
TXN-7578,1/4/2026,14:57,Putrajaya,Espresso-based,Americano,1,9,9,QR
TXN-7638,1/4/2026,15:27,Puncak Alam,Espresso-based,Espresso,1,7,7,QR
TXN-7575,1/4/2026,15:33,Putrajaya,Espresso-based,Americano,1,9,9,QR
TXN-7608,1/4/2026,15:35,Puncak Alam,Milk-based,Mocha,1,12,12,QR
TXN-7637,1/4/2026,15:38,Puncak Alam,Espresso-based,Americano,1,9,9,QR
TXN-7622,1/4/2026,15:43,Puncak Alam,Espresso-based,Americano,1,9,9,QR
TXN-7591,1/4/2026,15:44,Putrajaya,Ice Blended,Ice Blended Chocolate Chip,1,14,14,QR
TXN-7612,1/4/2026,15:54,Puncak Alam,Ice Blended,Ice Blended Chocolate Chip,1,14,14,Cash
TXN-7614,1/4/2026,15:56,Puncak Alam,Ice Blended,Ice Blended Chocolate Chip,4,14,56,QR
TXN-7598,1/4/2026,16:08,Puncak Alam,Milk-based,Cappuccino,1,11,11,Cash
TXN-7595,1/4/2026,16:21,Puncak Alam,Milk-based,Mocha,2,12,24,Cash
TXN-7606,1/4/2026,16:25,Puncak Alam,Milk-based,Cappuccino,1,11,11,QR
TXN-7586,1/4/2026,16:26,Putrajaya,Milk-based,Latte,1,11,11,QR
TXN-7619,1/4/2026,16:27,Puncak Alam,Milk-based,Mocha,1,12,12,Cash
TXN-7596,1/4/2026,16:40,Puncak Alam,Espresso-based,Americano,2,9,18,Cash
TXN-7576,1/4/2026,16:51,Putrajaya,Milk-based,Latte,1,11,11,QR
TXN-7624,1/4/2026,17:17,Puncak Alam,Milk-based,Latte,1,11,11,Cash
TXN-7584,1/4/2026,17:38,Putrajaya,Milk-based,Caramel Macchiato,3,13,39,Cash
TXN-7626,1/4/2026,17:50,Puncak Alam,Milk-based,Cappuccino,2,11,22,QR
TXN-7561,1/4/2026,17:53,Putrajaya,Milk-based,Cappuccino,2,11,22,Cash
TXN-7633,1/4/2026,18:04,Puncak Alam,Milk-based,Latte,1,11,11,Cash
TXN-7630,1/4/2026,18:25,Puncak Alam,Ice Blended,Ice Blended Chocolate Chip,2,14,28,QR
TXN-7573,1/4/2026,18:30,Putrajaya,Milk-based,Latte,1,11,11,Cash
TXN-7605,1/4/2026,18:48,Puncak Alam,Milk-based,Caramel Macchiato,1,13,13,QR
TXN-7587,1/4/2026,18:58,Putrajaya,Ice Blended,Ice Blended Chocolate Chip,1,14,14,Cash
TXN-7570,1/4/2026,18:59,Putrajaya,Ice Blended,Ice Blended Chocolate Chip,1,14,14,Cash
TXN-7627,1/4/2026,19:06,Puncak Alam,Espresso-based,Americano,2,9,18,QR
TXN-7643,1/4/2026,19:11,Puncak Alam,Milk-based,Caramel Macchiato,2,13,26,QR
TXN-7640,1/4/2026,19:13,Puncak Alam,Milk-based,Caramel Macchiato,1,13,13,Cash
TXN-7648,1/4/2026,19:16,Puncak Alam,Espresso-based,Espresso,3,7,21,QR
TXN-7574,1/4/2026,19:17,Putrajaya,Milk-based,Caramel Macchiato,1,13,13,Cash
TXN-7649,1/4/2026,19:38,Puncak Alam,Espresso-based,Americano,1,9,9,Cash
TXN-7635,1/4/2026,19:42,Puncak Alam,Milk-based,Cappuccino,3,11,33,QR
TXN-7567,1/4/2026,19:51,Putrajaya,Milk-based,Mocha,1,12,12,QR
TXN-7646,1/4/2026,19:54,Puncak Alam,Espresso-based,Espresso,1,7,7,Cash
TXN-7616,1/4/2026,20:00,Puncak Alam,Milk-based,Latte,1,11,11,QR
TXN-7639,1/4/2026,20:05,Puncak Alam,Milk-based,Latte,2,11,22,QR
TXN-7589,1/4/2026,20:08,Putrajaya,Milk-based,Mocha,1,12,12,Cash
TXN-7585,1/4/2026,20:13,Putrajaya,Espresso-based,Espresso,2,7,14,Cash
TXN-7641,1/4/2026,20:24,Puncak Alam,Espresso-based,Americano,1,9,9,QR
TXN-7594,1/4/2026,20:34,Puncak Alam,Milk-based,Caramel Macchiato,1,13,13,QR
TXN-7604,1/4/2026,20:52,Puncak Alam,Milk-based,Cappuccino,1,11,11,QR
TXN-7568,1/4/2026,20:59,Putrajaya,Espresso-based,Americano,1,9,9,QR
TXN-7569,1/4/2026,20:59,Putrajaya,Milk-based,Latte,1,11,11,QR
TXN-7572,1/4/2026,20:59,Putrajaya,Espresso-based,Espresso,1,7,7,Cash
TXN-7620,1/4/2026,21:10,Puncak Alam,Milk-based,Mocha,1,12,12,QR
TXN-7634,1/4/2026,21:13,Puncak Alam,Ice Blended,Ice Blended Chocolate Chip,1,14,14,Cash
TXN-7607,1/4/2026,21:16,Puncak Alam,Ice Blended,Ice Blended Chocolate Chip,1,14,14,QR
TXN-7563,1/4/2026,21:32,Putrajaya,Milk-based,Mocha,1,12,12,QR
TXN-7593,1/4/2026,21:34,Puncak Alam,Espresso-based,Espresso,1,7,7,QR
TXN-7617,1/4/2026,21:35,Puncak Alam,Espresso-based,Espresso,1,7,7,Cash
TXN-7571,1/4/2026,21:39,Putrajaya,Milk-based,Caramel Macchiato,2,13,26,QR
TXN-7599,1/4/2026,21:41,Puncak Alam,Milk-based,Cappuccino,1,11,11,Cash
TXN-7724,2/4/2026,8:18,Puncak Alam,Espresso-based,Espresso,2,7,14,Cash
TXN-7756,2/4/2026,8:18,Puncak Alam,Milk-based,Latte,1,11,11,QR
TXN-7733,2/4/2026,8:27,Puncak Alam,Espresso-based,Espresso,1,7,7,QR
TXN-7676,2/4/2026,8:33,Putrajaya,Ice Blended,Ice Blended Chocolate Chip,1,14,14,Cash
TXN-7735,2/4/2026,8:33,Puncak Alam,Espresso-based,Espresso,1,7,7,Cash
TXN-7730,2/4/2026,8:40,Puncak Alam,Espresso-based,Espresso,1,7,7,Cash
TXN-7745,2/4/2026,9:08,Puncak Alam,Milk-based,Latte,1,11,11,QR
TXN-7661,2/4/2026,9:16,Putrajaya,Milk-based,Caramel Macchiato,1,13,13,Cash
TXN-7718,2/4/2026,9:16,Putrajaya,Milk-based,Mocha,2,12,24,QR
TXN-7655,2/4/2026,9:18,Putrajaya,Milk-based,Caramel Macchiato,1,13,13,QR
TXN-7757,2/4/2026,9:19,Puncak Alam,Milk-based,Mocha,1,12,12,QR
TXN-7664,2/4/2026,9:20,Putrajaya,Milk-based,Mocha,1,12,12,QR
TXN-7685,2/4/2026,9:23,Putrajaya,Milk-based,Caramel Macchiato,1,13,13,Cash
TXN-7706,2/4/2026,9:37,Putrajaya,Milk-based,Cappuccino,1,11,11,QR
TXN-7762,2/4/2026,9:45,Puncak Alam,Espresso-based,Americano,2,9,18,QR
TXN-7677,2/4/2026,9:56,Putrajaya,Milk-based,Caramel Macchiato,1,13,13,QR
TXN-7721,2/4/2026,9:56,Puncak Alam,Ice Blended,Ice Blended Chocolate Chip,1,14,14,QR
TXN-7695,2/4/2026,10:05,Putrajaya,Milk-based,Mocha,1,12,12,Cash
TXN-7684,2/4/2026,10:15,Putrajaya,Espresso-based,Espresso,1,7,7,QR
TXN-7711,2/4/2026,10:31,Putrajaya,Milk-based,Cappuccino,1,11,11,Cash
TXN-7764,2/4/2026,10:31,Puncak Alam,Milk-based,Caramel Macchiato,1,13,13,Cash
TXN-7669,2/4/2026,10:36,Putrajaya,Espresso-based,Americano,1,9,9,QR
TXN-7701,2/4/2026,10:38,Putrajaya,Ice Blended,Ice Blended Chocolate Chip,2,14,28,QR
TXN-7665,2/4/2026,10:50,Putrajaya,Milk-based,Caramel Macchiato,1,13,13,QR
TXN-7683,2/4/2026,10:53,Putrajaya,Ice Blended,Ice Blended Chocolate Chip,1,14,14,QR
TXN-7716,2/4/2026,11:01,Putrajaya,Ice Blended,Ice Blended Chocolate Chip,1,14,14,QR
TXN-7688,2/4/2026,11:06,Putrajaya,Milk-based,Caramel Macchiato,1,13,13,QR
TXN-7690,2/4/2026,11:10,Putrajaya,Milk-based,Cappuccino,1,11,11,QR
TXN-7657,2/4/2026,11:14,Putrajaya,Milk-based,Cappuccino,1,11,11,QR
TXN-7693,2/4/2026,11:15,Putrajaya,Milk-based,Mocha,1,12,12,QR
TXN-7731,2/4/2026,11:15,Puncak Alam,Milk-based,Cappuccino,1,11,11,QR
TXN-7679,2/4/2026,11:18,Putrajaya,Milk-based,Mocha,1,12,12,QR
TXN-7651,2/4/2026,11:21,Putrajaya,Milk-based,Caramel Macchiato,3,13,39,QR
TXN-7725,2/4/2026,11:48,Puncak Alam,Ice Blended,Ice Blended Chocolate Chip,1,14,14,QR
TXN-7751,2/4/2026,11:54,Puncak Alam,Milk-based,Mocha,1,12,12,Cash
TXN-7673,2/4/2026,11:58,Putrajaya,Milk-based,Mocha,4,12,48,QR
TXN-7694,2/4/2026,12:02,Putrajaya,Milk-based,Latte,1,11,11,QR
TXN-7671,2/4/2026,12:13,Putrajaya,Milk-based,Caramel Macchiato,1,13,13,QR
TXN-7702,2/4/2026,12:15,Putrajaya,Milk-based,Latte,1,11,11,Cash
TXN-7761,2/4/2026,12:22,Puncak Alam,Milk-based,Cappuccino,2,11,22,Cash
TXN-7672,2/4/2026,12:32,Putrajaya,Milk-based,Cappuccino,1,11,11,Cash
TXN-7662,2/4/2026,12:52,Putrajaya,Milk-based,Mocha,1,12,12,QR
TXN-7652,2/4/2026,13:01,Putrajaya,Espresso-based,Espresso,1,7,7,QR
TXN-7709,2/4/2026,13:02,Putrajaya,Milk-based,Latte,1,11,11,Cash
TXN-7656,2/4/2026,13:16,Putrajaya,Milk-based,Cappuccino,1,11,11,Cash
TXN-7722,2/4/2026,13:25,Puncak Alam,Milk-based,Latte,1,11,11,Cash
TXN-7719,2/4/2026,13:28,Putrajaya,Ice Blended,Ice Blended Chocolate Chip,3,14,42,QR
TXN-7720,2/4/2026,13:33,Puncak Alam,Espresso-based,Americano,1,9,9,Cash
TXN-7663,2/4/2026,13:34,Putrajaya,Espresso-based,Americano,1,9,9,Cash
TXN-7741,2/4/2026,13:35,Puncak Alam,Milk-based,Cappuccino,1,11,11,QR
TXN-7717,2/4/2026,13:41,Putrajaya,Ice Blended,Ice Blended Chocolate Chip,1,14,14,QR
TXN-7675,2/4/2026,13:51,Putrajaya,Espresso-based,Espresso,3,7,21,QR
TXN-7670,2/4/2026,13:52,Putrajaya,Milk-based,Latte,2,11,22,Cash
TXN-7689,2/4/2026,13:57,Putrajaya,Milk-based,Caramel Macchiato,3,13,39,QR
TXN-7680,2/4/2026,14:06,Putrajaya,Milk-based,Mocha,1,12,12,QR
TXN-7723,2/4/2026,14:11,Puncak Alam,Milk-based,Latte,1,11,11,QR
TXN-7668,2/4/2026,14:12,Putrajaya,Espresso-based,Americano,1,9,9,QR
TXN-7704,2/4/2026,14:16,Putrajaya,Milk-based,Mocha,2,12,24,Cash
TXN-7658,2/4/2026,14:44,Putrajaya,Milk-based,Mocha,1,12,12,QR
TXN-7728,2/4/2026,14:44,Puncak Alam,Milk-based,Latte,1,11,11,QR
TXN-7674,2/4/2026,14:50,Putrajaya,Ice Blended,Ice Blended Chocolate Chip,1,14,14,QR
TXN-7749,2/4/2026,14:56,Puncak Alam,Espresso-based,Americano,1,9,9,QR
TXN-7682,2/4/2026,15:01,Putrajaya,Milk-based,Caramel Macchiato,1,13,13,QR
TXN-7754,2/4/2026,15:04,Puncak Alam,Milk-based,Caramel Macchiato,1,13,13,Cash
TXN-7732,2/4/2026,15:06,Puncak Alam,Milk-based,Mocha,3,12,36,QR
TXN-7687,2/4/2026,15:40,Putrajaya,Espresso-based,Americano,1,9,9,Cash
TXN-7765,2/4/2026,15:45,Puncak Alam,Ice Blended,Ice Blended Chocolate Chip,1,14,14,Cash
TXN-7736,2/4/2026,15:46,Puncak Alam,Milk-based,Caramel Macchiato,1,13,13,QR
TXN-7726,2/4/2026,15:54,Puncak Alam,Milk-based,Mocha,2,12,24,QR
TXN-7667,2/4/2026,16:17,Putrajaya,Ice Blended,Ice Blended Chocolate Chip,2,14,28,QR
TXN-7691,2/4/2026,16:40,Putrajaya,Milk-based,Cappuccino,2,11,22,QR
TXN-7729,2/4/2026,16:40,Puncak Alam,Espresso-based,Americano,1,9,9,Cash
TXN-7737,2/4/2026,16:45,Puncak Alam,Milk-based,Mocha,2,12,24,Cash
TXN-7666,2/4/2026,16:57,Putrajaya,Milk-based,Mocha,3,12,36,QR
TXN-7692,2/4/2026,17:10,Putrajaya,Ice Blended,Ice Blended Chocolate Chip,1,14,14,QR
TXN-7699,2/4/2026,17:12,Putrajaya,Milk-based,Caramel Macchiato,1,13,13,Cash
TXN-7753,2/4/2026,17:14,Puncak Alam,Espresso-based,Americano,1,9,9,QR
TXN-7705,2/4/2026,17:22,Putrajaya,Ice Blended,Ice Blended Chocolate Chip,2,14,28,QR
TXN-7747,2/4/2026,17:23,Puncak Alam,Milk-based,Cappuccino,2,11,22,QR
TXN-7700,2/4/2026,17:26,Putrajaya,Milk-based,Latte,3,11,33,Cash
TXN-7712,2/4/2026,17:42,Putrajaya,Milk-based,Mocha,1,12,12,QR
TXN-7766,2/4/2026,17:43,Puncak Alam,Milk-based,Latte,1,11,11,Cash
TXN-7714,2/4/2026,18:00,Putrajaya,Milk-based,Mocha,3,12,36,QR
TXN-7738,2/4/2026,18:01,Puncak Alam,Milk-based,Latte,2,11,22,Cash
TXN-7703,2/4/2026,18:10,Putrajaya,Milk-based,Latte,1,11,11,QR
TXN-7678,2/4/2026,18:11,Putrajaya,Milk-based,Cappuccino,1,11,11,Cash
TXN-7710,2/4/2026,18:11,Putrajaya,Ice Blended,Ice Blended Chocolate Chip,2,14,28,QR
TXN-7660,2/4/2026,18:25,Putrajaya,Ice Blended,Ice Blended Chocolate Chip,1,14,14,QR
TXN-7681,2/4/2026,18:25,Putrajaya,Ice Blended,Ice Blended Chocolate Chip,1,14,14,Cash
TXN-7734,2/4/2026,18:28,Puncak Alam,Milk-based,Mocha,1,12,12,QR
TXN-7750,2/4/2026,18:33,Puncak Alam,Ice Blended,Ice Blended Chocolate Chip,1,14,14,QR
TXN-7742,2/4/2026,18:46,Puncak Alam,Milk-based,Cappuccino,1,11,11,QR
TXN-7686,2/4/2026,19:00,Putrajaya,Espresso-based,Americano,1,9,9,QR
TXN-7696,2/4/2026,19:06,Putrajaya,Espresso-based,Americano,1,9,9,Cash
TXN-7715,2/4/2026,19:09,Putrajaya,Milk-based,Mocha,1,12,12,QR
TXN-7727,2/4/2026,19:13,Puncak Alam,Milk-based,Caramel Macchiato,1,13,13,Cash
TXN-7760,2/4/2026,19:34,Puncak Alam,Espresso-based,Americano,1,9,9,QR
TXN-7744,2/4/2026,19:43,Puncak Alam,Espresso-based,Espresso,1,7,7,QR
TXN-7654,2/4/2026,19:48,Putrajaya,Milk-based,Mocha,1,12,12,Cash
TXN-7763,2/4/2026,20:17,Puncak Alam,Milk-based,Caramel Macchiato,1,13,13,QR
TXN-7698,2/4/2026,20:19,Putrajaya,Espresso-based,Americano,4,9,36,Cash
TXN-7653,2/4/2026,20:20,Putrajaya,Milk-based,Latte,1,11,11,Cash
TXN-7752,2/4/2026,20:36,Puncak Alam,Milk-based,Latte,1,11,11,Cash
TXN-7713,2/4/2026,20:37,Putrajaya,Milk-based,Cappuccino,1,11,11,QR
TXN-7708,2/4/2026,20:40,Putrajaya,Espresso-based,Espresso,1,7,7,Cash
TXN-7697,2/4/2026,20:46,Putrajaya,Milk-based,Cappuccino,1,11,11,QR
TXN-7740,2/4/2026,20:54,Puncak Alam,Milk-based,Cappuccino,1,11,11,Cash
TXN-7659,2/4/2026,21:02,Putrajaya,Milk-based,Mocha,1,12,12,QR
TXN-7758,2/4/2026,21:02,Puncak Alam,Ice Blended,Ice Blended Chocolate Chip,4,14,56,QR
TXN-7739,2/4/2026,21:04,Puncak Alam,Milk-based,Caramel Macchiato,2,13,26,QR
TXN-7755,2/4/2026,21:12,Puncak Alam,Espresso-based,Espresso,1,7,7,QR
TXN-7743,2/4/2026,21:16,Puncak Alam,Milk-based,Caramel Macchiato,1,13,13,QR
TXN-7746,2/4/2026,21:20,Puncak Alam,Milk-based,Mocha,1,12,12,QR
TXN-7759,2/4/2026,21:27,Puncak Alam,Milk-based,Caramel Macchiato,1,13,13,QR
TXN-7748,2/4/2026,21:38,Puncak Alam,Milk-based,Latte,2,11,22,QR
TXN-7707,2/4/2026,21:42,Putrajaya,Milk-based,Latte,4,11,44,Cash
TXN-7788,3/4/2026,8:00,Putrajaya,Milk-based,Caramel Macchiato,1,13,13,QR
TXN-7820,3/4/2026,8:02,Putrajaya,Milk-based,Cappuccino,1,11,11,QR
TXN-7772,3/4/2026,8:03,Putrajaya,Milk-based,Latte,2,11,22,QR
TXN-7769,3/4/2026,8:10,Putrajaya,Espresso-based,Espresso,1,7,7,QR
TXN-7893,3/4/2026,8:22,Puncak Alam,Milk-based,Caramel Macchiato,3,13,39,QR
TXN-7850,3/4/2026,8:24,Puncak Alam,Milk-based,Cappuccino,2,11,22,Cash
TXN-7793,3/4/2026,8:36,Putrajaya,Espresso-based,Espresso,1,7,7,QR
TXN-7888,3/4/2026,8:36,Puncak Alam,Milk-based,Latte,1,11,11,QR
TXN-7800,3/4/2026,8:37,Putrajaya,Milk-based,Latte,1,11,11,QR
TXN-7795,3/4/2026,9:00,Putrajaya,Milk-based,Cappuccino,2,11,22,Cash
TXN-7813,3/4/2026,9:05,Putrajaya,Milk-based,Caramel Macchiato,3,13,39,Cash
TXN-7852,3/4/2026,9:06,Puncak Alam,Milk-based,Mocha,1,12,12,QR
TXN-7837,3/4/2026,9:07,Putrajaya,Milk-based,Latte,1,11,11,QR
TXN-7822,3/4/2026,9:39,Putrajaya,Espresso-based,Americano,1,9,9,QR
TXN-7790,3/4/2026,9:44,Putrajaya,Espresso-based,Espresso,1,7,7,QR
TXN-7860,3/4/2026,9:47,Puncak Alam,Espresso-based,Espresso,1,7,7,QR
TXN-7836,3/4/2026,9:49,Putrajaya,Espresso-based,Espresso,3,7,21,QR
TXN-7787,3/4/2026,9:50,Putrajaya,Milk-based,Mocha,1,12,12,QR
TXN-7821,3/4/2026,9:58,Putrajaya,Milk-based,Mocha,3,12,36,QR
TXN-7789,3/4/2026,10:00,Putrajaya,Ice Blended,Ice Blended Chocolate Chip,1,14,14,QR
TXN-7832,3/4/2026,10:06,Putrajaya,Milk-based,Cappuccino,1,11,11,QR
TXN-7897,3/4/2026,10:15,Puncak Alam,Milk-based,Latte,1,11,11,Cash
TXN-7840,3/4/2026,10:18,Putrajaya,Espresso-based,Americano,3,9,27,Cash
TXN-7861,3/4/2026,10:37,Puncak Alam,Milk-based,Mocha,2,12,24,QR
TXN-7892,3/4/2026,10:40,Puncak Alam,Milk-based,Caramel Macchiato,3,13,39,QR
TXN-7784,3/4/2026,10:44,Putrajaya,Milk-based,Caramel Macchiato,3,13,39,Cash
TXN-7859,3/4/2026,10:47,Puncak Alam,Espresso-based,Espresso,2,7,14,QR
TXN-7796,3/4/2026,10:48,Putrajaya,Espresso-based,Espresso,1,7,7,QR
TXN-7809,3/4/2026,10:49,Putrajaya,Milk-based,Mocha,2,12,24,QR
TXN-7862,3/4/2026,10:53,Puncak Alam,Milk-based,Latte,1,11,11,QR
TXN-7900,3/4/2026,10:58,Puncak Alam,Espresso-based,Americano,2,9,18,QR
TXN-7826,3/4/2026,11:12,Putrajaya,Ice Blended,Ice Blended Chocolate Chip,1,14,14,QR
TXN-7782,3/4/2026,11:18,Putrajaya,Milk-based,Caramel Macchiato,2,13,26,Cash
TXN-7902,3/4/2026,11:28,Puncak Alam,Milk-based,Caramel Macchiato,1,13,13,QR
TXN-7812,3/4/2026,11:49,Putrajaya,Milk-based,Latte,1,11,11,QR
TXN-7780,3/4/2026,11:56,Putrajaya,Espresso-based,Espresso,1,7,7,QR
TXN-7894,3/4/2026,12:05,Puncak Alam,Milk-based,Latte,1,11,11,QR
TXN-7889,3/4/2026,12:15,Puncak Alam,Milk-based,Mocha,2,12,24,QR
TXN-7891,3/4/2026,12:30,Puncak Alam,Espresso-based,Espresso,2,7,14,Cash
TXN-7802,3/4/2026,12:35,Putrajaya,Milk-based,Caramel Macchiato,1,13,13,Cash
TXN-7872,3/4/2026,12:36,Puncak Alam,Ice Blended,Ice Blended Chocolate Chip,1,14,14,QR
TXN-7863,3/4/2026,12:38,Puncak Alam,Espresso-based,Espresso,1,7,7,QR
TXN-7901,3/4/2026,12:49,Puncak Alam,Espresso-based,Americano,3,9,27,Cash
TXN-7767,3/4/2026,12:55,Putrajaya,Milk-based,Cappuccino,1,11,11,QR
TXN-7833,3/4/2026,12:59,Putrajaya,Milk-based,Caramel Macchiato,1,13,13,QR
TXN-7857,3/4/2026,13:06,Puncak Alam,Milk-based,Latte,1,11,11,Cash
TXN-7804,3/4/2026,13:08,Putrajaya,Milk-based,Latte,1,11,11,QR
TXN-7844,3/4/2026,13:10,Putrajaya,Espresso-based,Espresso,1,7,7,QR
TXN-7879,3/4/2026,13:12,Puncak Alam,Milk-based,Caramel Macchiato,2,13,26,QR
TXN-7817,3/4/2026,13:13,Putrajaya,Milk-based,Cappuccino,1,11,11,Cash
TXN-7824,3/4/2026,13:24,Putrajaya,Milk-based,Mocha,1,12,12,Cash
TXN-7829,3/4/2026,13:26,Putrajaya,Ice Blended,Ice Blended Chocolate Chip,1,14,14,QR
TXN-7768,3/4/2026,13:32,Putrajaya,Espresso-based,Espresso,1,7,7,QR
TXN-7843,3/4/2026,13:38,Putrajaya,Milk-based,Caramel Macchiato,1,13,13,Cash
TXN-7792,3/4/2026,13:43,Putrajaya,Milk-based,Caramel Macchiato,1,13,13,Cash
TXN-7830,3/4/2026,13:50,Putrajaya,Milk-based,Latte,2,11,22,QR
TXN-7783,3/4/2026,13:53,Putrajaya,Milk-based,Latte,2,11,22,QR
TXN-7856,3/4/2026,14:05,Puncak Alam,Milk-based,Caramel Macchiato,2,13,26,QR
TXN-7895,3/4/2026,14:10,Puncak Alam,Milk-based,Mocha,1,12,12,Cash
TXN-7779,3/4/2026,14:11,Putrajaya,Ice Blended,Ice Blended Chocolate Chip,1,14,14,Cash
TXN-7869,3/4/2026,14:13,Puncak Alam,Milk-based,Latte,1,11,11,QR
TXN-7848,3/4/2026,14:20,Puncak Alam,Espresso-based,Americano,1,9,9,QR
TXN-7791,3/4/2026,14:25,Putrajaya,Milk-based,Latte,4,11,44,QR
TXN-7828,3/4/2026,14:37,Putrajaya,Ice Blended,Ice Blended Chocolate Chip,1,14,14,QR
TXN-7807,3/4/2026,14:39,Putrajaya,Espresso-based,Espresso,2,7,14,QR
TXN-7849,3/4/2026,14:45,Puncak Alam,Espresso-based,Americano,1,9,9,QR
TXN-7858,3/4/2026,14:49,Puncak Alam,Milk-based,Latte,1,11,11,QR
TXN-7814,3/4/2026,14:50,Putrajaya,Milk-based,Mocha,1,12,12,QR
TXN-7871,3/4/2026,14:54,Puncak Alam,Milk-based,Cappuccino,1,11,11,Cash
TXN-7887,3/4/2026,15:06,Puncak Alam,Milk-based,Mocha,1,12,12,QR
TXN-7875,3/4/2026,15:13,Puncak Alam,Espresso-based,Americano,2,9,18,Cash
TXN-7855,3/4/2026,15:22,Puncak Alam,Ice Blended,Ice Blended Chocolate Chip,1,14,14,QR
TXN-7794,3/4/2026,15:23,Putrajaya,Milk-based,Mocha,1,12,12,Cash
TXN-7831,3/4/2026,15:38,Putrajaya,Milk-based,Caramel Macchiato,1,13,13,QR
TXN-7845,3/4/2026,15:40,Putrajaya,Milk-based,Caramel Macchiato,1,13,13,Cash
TXN-7842,3/4/2026,15:54,Putrajaya,Espresso-based,Americano,1,9,9,QR
TXN-7786,3/4/2026,15:59,Putrajaya,Milk-based,Cappuccino,1,11,11,Cash
TXN-7878,3/4/2026,16:18,Puncak Alam,Milk-based,Cappuccino,1,11,11,QR
TXN-7798,3/4/2026,16:21,Putrajaya,Milk-based,Latte,1,11,11,Cash
TXN-7801,3/4/2026,16:26,Putrajaya,Milk-based,Latte,1,11,11,Cash
TXN-7811,3/4/2026,16:36,Putrajaya,Ice Blended,Ice Blended Chocolate Chip,1,14,14,QR
TXN-7835,3/4/2026,16:46,Putrajaya,Milk-based,Mocha,1,12,12,QR
TXN-7883,3/4/2026,16:47,Puncak Alam,Espresso-based,Americano,1,9,9,QR
TXN-7774,3/4/2026,16:49,Putrajaya,Ice Blended,Ice Blended Chocolate Chip,1,14,14,Cash
TXN-7864,3/4/2026,17:08,Puncak Alam,Milk-based,Caramel Macchiato,2,13,26,QR
TXN-7834,3/4/2026,17:17,Putrajaya,Milk-based,Cappuccino,1,11,11,QR
TXN-7808,3/4/2026,17:24,Putrajaya,Ice Blended,Ice Blended Chocolate Chip,1,14,14,Cash
TXN-7873,3/4/2026,17:42,Puncak Alam,Ice Blended,Ice Blended Chocolate Chip,1,14,14,QR
TXN-7827,3/4/2026,17:43,Putrajaya,Milk-based,Cappuccino,1,11,11,QR
TXN-7819,3/4/2026,17:59,Putrajaya,Milk-based,Caramel Macchiato,1,13,13,QR
TXN-7816,3/4/2026,18:00,Putrajaya,Milk-based,Caramel Macchiato,3,13,39,Cash
TXN-7868,3/4/2026,18:10,Puncak Alam,Milk-based,Cappuccino,1,11,11,QR
TXN-7810,3/4/2026,18:14,Putrajaya,Ice Blended,Ice Blended Chocolate Chip,1,14,14,QR
TXN-7899,3/4/2026,18:25,Puncak Alam,Espresso-based,Espresso,1,7,7,QR
TXN-7876,3/4/2026,18:33,Puncak Alam,Milk-based,Mocha,2,12,24,QR
TXN-7805,3/4/2026,18:35,Putrajaya,Ice Blended,Ice Blended Chocolate Chip,1,14,14,QR
TXN-7884,3/4/2026,18:54,Puncak Alam,Ice Blended,Ice Blended Chocolate Chip,1,14,14,QR
TXN-7825,3/4/2026,18:59,Putrajaya,Espresso-based,Espresso,3,7,21,QR
TXN-7797,3/4/2026,19:00,Putrajaya,Espresso-based,Americano,2,9,18,Cash
TXN-7770,3/4/2026,19:06,Putrajaya,Ice Blended,Ice Blended Chocolate Chip,2,14,28,QR
TXN-7776,3/4/2026,19:08,Putrajaya,Milk-based,Latte,2,11,22,Cash
TXN-7777,3/4/2026,19:28,Putrajaya,Milk-based,Caramel Macchiato,1,13,13,QR
TXN-7823,3/4/2026,19:36,Putrajaya,Milk-based,Latte,1,11,11,QR
TXN-7771,3/4/2026,19:44,Putrajaya,Milk-based,Latte,1,11,11,QR
TXN-7877,3/4/2026,19:49,Puncak Alam,Milk-based,Mocha,1,12,12,QR
TXN-7853,3/4/2026,19:56,Puncak Alam,Milk-based,Mocha,1,12,12,QR
TXN-7838,3/4/2026,20:02,Putrajaya,Milk-based,Mocha,1,12,12,QR
TXN-7847,3/4/2026,20:06,Puncak Alam,Espresso-based,Americano,1,9,9,QR
TXN-7773,3/4/2026,20:09,Putrajaya,Milk-based,Caramel Macchiato,1,13,13,Cash
TXN-7890,3/4/2026,20:12,Puncak Alam,Espresso-based,Americano,1,9,9,QR
TXN-7874,3/4/2026,20:27,Puncak Alam,Milk-based,Caramel Macchiato,3,13,39,QR
TXN-7881,3/4/2026,20:31,Puncak Alam,Milk-based,Latte,2,11,22,QR
TXN-7806,3/4/2026,20:42,Putrajaya,Milk-based,Latte,3,11,33,Cash
TXN-7870,3/4/2026,20:42,Puncak Alam,Ice Blended,Ice Blended Chocolate Chip,1,14,14,Cash
TXN-7886,3/4/2026,20:51,Puncak Alam,Espresso-based,Americano,1,9,9,QR
TXN-7839,3/4/2026,20:56,Putrajaya,Milk-based,Latte,1,11,11,QR
TXN-7854,3/4/2026,20:56,Puncak Alam,Ice Blended,Ice Blended Chocolate Chip,1,14,14,QR
TXN-7785,3/4/2026,21:00,Putrajaya,Milk-based,Latte,1,11,11,QR
TXN-7898,3/4/2026,21:01,Puncak Alam,Milk-based,Latte,1,11,11,QR
TXN-7867,3/4/2026,21:02,Puncak Alam,Espresso-based,Americano,1,9,9,QR
TXN-7851,3/4/2026,21:03,Puncak Alam,Espresso-based,Espresso,3,7,21,QR
TXN-7885,3/4/2026,21:03,Puncak Alam,Milk-based,Mocha,1,12,12,QR
TXN-7882,3/4/2026,21:06,Puncak Alam,Espresso-based,Americano,1,9,9,QR
TXN-7866,3/4/2026,21:07,Puncak Alam,Milk-based,Cappuccino,1,11,11,QR
TXN-7846,3/4/2026,21:12,Putrajaya,Milk-based,Cappuccino,2,11,22,QR
TXN-7775,3/4/2026,21:17,Putrajaya,Milk-based,Cappuccino,1,11,11,QR
TXN-7865,3/4/2026,21:33,Puncak Alam,Milk-based,Caramel Macchiato,3,13,39,QR
TXN-7803,3/4/2026,21:36,Putrajaya,Espresso-based,Espresso,1,7,7,Cash
TXN-7880,3/4/2026,21:40,Puncak Alam,Milk-based,Latte,1,11,11,QR
TXN-7778,3/4/2026,21:43,Putrajaya,Milk-based,Cappuccino,1,11,11,QR
TXN-7815,3/4/2026,21:44,Putrajaya,Milk-based,Caramel Macchiato,1,13,13,QR
TXN-7818,3/4/2026,21:48,Putrajaya,Espresso-based,Espresso,1,7,7,QR
TXN-7781,3/4/2026,21:53,Putrajaya,Milk-based,Latte,3,11,33,Cash
TXN-7841,3/4/2026,21:55,Putrajaya,Milk-based,Latte,4,11,44,Cash
TXN-7896,3/4/2026,21:55,Puncak Alam,Milk-based,Latte,2,11,22,QR
TXN-7799,3/4/2026,21:57,Putrajaya,Ice Blended,Ice Blended Chocolate Chip,2,14,28,QR
TXN-7931,4/4/2026,8:04,Putrajaya,Milk-based,Mocha,1,12,12,Cash
TXN-7973,4/4/2026,8:36,Puncak Alam,Espresso-based,Americano,1,9,9,QR
TXN-7916,4/4/2026,8:47,Putrajaya,Espresso-based,Espresso,1,7,7,Cash
TXN-7903,4/4/2026,8:56,Putrajaya,Milk-based,Latte,4,11,44,Cash
TXN-7965,4/4/2026,9:03,Puncak Alam,Espresso-based,Espresso,1,7,7,Cash
TXN-7979,4/4/2026,9:10,Puncak Alam,Espresso-based,Americano,1,9,9,Cash
TXN-7910,4/4/2026,9:28,Putrajaya,Milk-based,Cappuccino,1,11,11,Cash
TXN-7951,4/4/2026,9:29,Puncak Alam,Ice Blended,Ice Blended Chocolate Chip,1,14,14,Cash
TXN-7963,4/4/2026,9:43,Puncak Alam,Milk-based,Mocha,1,12,12,QR
TXN-7930,4/4/2026,9:45,Putrajaya,Espresso-based,Espresso,1,7,7,QR
TXN-7933,4/4/2026,10:14,Putrajaya,Milk-based,Cappuccino,1,11,11,QR
TXN-7936,4/4/2026,10:27,Putrajaya,Espresso-based,Espresso,1,7,7,QR
TXN-7940,4/4/2026,10:28,Putrajaya,Ice Blended,Ice Blended Chocolate Chip,1,14,14,Cash
TXN-7927,4/4/2026,10:37,Putrajaya,Milk-based,Latte,1,11,11,Cash
TXN-7962,4/4/2026,10:44,Puncak Alam,Milk-based,Caramel Macchiato,1,13,13,QR
TXN-7969,4/4/2026,10:56,Puncak Alam,Milk-based,Mocha,1,12,12,Cash
TXN-7929,4/4/2026,10:59,Putrajaya,Milk-based,Latte,1,11,11,QR
TXN-7922,4/4/2026,11:18,Putrajaya,Espresso-based,Espresso,1,7,7,QR
TXN-7956,4/4/2026,11:35,Puncak Alam,Milk-based,Caramel Macchiato,1,13,13,QR
TXN-7975,4/4/2026,12:23,Puncak Alam,Espresso-based,Americano,1,9,9,QR
TXN-7906,4/4/2026,12:27,Putrajaya,Milk-based,Cappuccino,2,11,22,Cash
TXN-7958,4/4/2026,12:43,Puncak Alam,Milk-based,Latte,1,11,11,QR
TXN-7918,4/4/2026,12:47,Putrajaya,Milk-based,Caramel Macchiato,1,13,13,Cash
TXN-7974,4/4/2026,12:54,Puncak Alam,Espresso-based,Espresso,3,7,21,Cash
TXN-7968,4/4/2026,12:55,Puncak Alam,Ice Blended,Ice Blended Chocolate Chip,1,14,14,QR
TXN-7932,4/4/2026,13:04,Putrajaya,Ice Blended,Ice Blended Chocolate Chip,1,14,14,QR
TXN-7905,4/4/2026,13:07,Putrajaya,Ice Blended,Ice Blended Chocolate Chip,1,14,14,QR
TXN-7917,4/4/2026,13:29,Putrajaya,Espresso-based,Espresso,1,7,7,QR
TXN-7980,4/4/2026,13:34,Puncak Alam,Milk-based,Latte,2,11,22,Cash
TXN-7972,4/4/2026,13:40,Puncak Alam,Milk-based,Mocha,2,12,24,QR
TXN-7960,4/4/2026,13:50,Puncak Alam,Espresso-based,Espresso,3,7,21,QR
TXN-7949,4/4/2026,13:51,Puncak Alam,Espresso-based,Americano,1,9,9,Cash
TXN-7952,4/4/2026,14:19,Puncak Alam,Milk-based,Cappuccino,1,11,11,Cash
TXN-7939,4/4/2026,14:44,Putrajaya,Ice Blended,Ice Blended Chocolate Chip,1,14,14,Cash
TXN-7921,4/4/2026,14:58,Putrajaya,Espresso-based,Espresso,1,7,7,Cash
TXN-7943,4/4/2026,15:09,Putrajaya,Ice Blended,Ice Blended Chocolate Chip,1,14,14,Cash
TXN-7938,4/4/2026,15:16,Putrajaya,Milk-based,Caramel Macchiato,1,13,13,QR
TXN-7904,4/4/2026,15:21,Putrajaya,Ice Blended,Ice Blended Chocolate Chip,1,14,14,Cash
TXN-7926,4/4/2026,15:34,Putrajaya,Ice Blended,Ice Blended Chocolate Chip,1,14,14,QR
TXN-7945,4/4/2026,16:11,Puncak Alam,Ice Blended,Ice Blended Chocolate Chip,1,14,14,Cash
TXN-7950,4/4/2026,16:18,Puncak Alam,Milk-based,Latte,1,11,11,QR
TXN-7981,4/4/2026,16:19,Puncak Alam,Ice Blended,Ice Blended Chocolate Chip,1,14,14,QR
TXN-7967,4/4/2026,16:45,Puncak Alam,Milk-based,Caramel Macchiato,1,13,13,QR
TXN-7970,4/4/2026,16:45,Puncak Alam,Milk-based,Cappuccino,1,11,11,QR
TXN-7955,4/4/2026,16:50,Puncak Alam,Espresso-based,Americano,1,9,9,QR
TXN-7941,4/4/2026,16:57,Putrajaya,Milk-based,Caramel Macchiato,1,13,13,QR
TXN-7964,4/4/2026,17:13,Puncak Alam,Ice Blended,Ice Blended Chocolate Chip,1,14,14,QR
TXN-7948,4/4/2026,17:17,Puncak Alam,Espresso-based,Americano,1,9,9,Cash
TXN-7957,4/4/2026,17:29,Puncak Alam,Milk-based,Mocha,2,12,24,Cash
TXN-7923,4/4/2026,17:37,Putrajaya,Espresso-based,Espresso,2,7,14,QR
TXN-7925,4/4/2026,17:56,Putrajaya,Milk-based,Cappuccino,3,11,33,QR
TXN-7935,4/4/2026,17:56,Putrajaya,Milk-based,Cappuccino,1,11,11,QR
TXN-7908,4/4/2026,18:02,Putrajaya,Milk-based,Cappuccino,1,11,11,QR
TXN-7913,4/4/2026,18:08,Putrajaya,Milk-based,Mocha,2,12,24,QR
TXN-7914,4/4/2026,18:13,Putrajaya,Espresso-based,Americano,1,9,9,QR
TXN-7934,4/4/2026,18:13,Putrajaya,Milk-based,Caramel Macchiato,1,13,13,QR
TXN-7977,4/4/2026,18:26,Puncak Alam,Espresso-based,Americano,1,9,9,QR
TXN-7944,4/4/2026,18:43,Putrajaya,Milk-based,Latte,1,11,11,Cash
TXN-7912,4/4/2026,18:57,Putrajaya,Milk-based,Cappuccino,1,11,11,Cash
TXN-7942,4/4/2026,18:58,Putrajaya,Milk-based,Cappuccino,1,11,11,Cash
TXN-7937,4/4/2026,18:59,Putrajaya,Milk-based,Caramel Macchiato,2,13,26,Cash
TXN-7924,4/4/2026,19:09,Putrajaya,Milk-based,Cappuccino,2,11,22,QR
TXN-7966,4/4/2026,19:09,Puncak Alam,Milk-based,Cappuccino,1,11,11,Cash
TXN-7919,4/4/2026,19:12,Putrajaya,Ice Blended,Ice Blended Chocolate Chip,1,14,14,Cash
TXN-7961,4/4/2026,19:24,Puncak Alam,Espresso-based,Americano,3,9,27,QR
TXN-7982,4/4/2026,19:28,Puncak Alam,Milk-based,Latte,2,11,22,Cash
TXN-7907,4/4/2026,19:47,Putrajaya,Milk-based,Latte,1,11,11,QR
TXN-7978,4/4/2026,20:16,Puncak Alam,Espresso-based,Americano,1,9,9,Cash
TXN-7947,4/4/2026,20:22,Puncak Alam,Milk-based,Mocha,1,12,12,QR
TXN-7959,4/4/2026,20:26,Puncak Alam,Milk-based,Caramel Macchiato,1,13,13,QR
TXN-7928,4/4/2026,20:49,Putrajaya,Espresso-based,Espresso,1,7,7,Cash
TXN-7911,4/4/2026,20:50,Putrajaya,Ice Blended,Ice Blended Chocolate Chip,1,14,14,QR
TXN-7971,4/4/2026,20:54,Puncak Alam,Milk-based,Cappuccino,1,11,11,Cash
TXN-7920,4/4/2026,21:10,Putrajaya,Milk-based,Latte,1,11,11,QR
TXN-7915,4/4/2026,21:22,Putrajaya,Milk-based,Caramel Macchiato,1,13,13,Cash
TXN-7946,4/4/2026,21:36,Puncak Alam,Milk-based,Latte,2,11,22,QR
TXN-7976,4/4/2026,21:37,Puncak Alam,Ice Blended,Ice Blended Chocolate Chip,2,14,28,QR
TXN-7954,4/4/2026,21:39,Puncak Alam,Milk-based,Cappuccino,1,11,11,QR
TXN-7953,4/4/2026,21:44,Puncak Alam,Milk-based,Mocha,1,12,12,Cash
TXN-7909,4/4/2026,21:48,Putrajaya,Milk-based,Caramel Macchiato,1,13,13,QR
TXN-8031,5/4/2026,8:03,Puncak Alam,Milk-based,Caramel Macchiato,3,13,39,Cash
TXN-8046,5/4/2026,8:04,Puncak Alam,Espresso-based,Espresso,1,7,7,Cash
TXN-8004,5/4/2026,8:09,Putrajaya,Espresso-based,Americano,1,9,9,Cash
TXN-8029,5/4/2026,8:12,Puncak Alam,Milk-based,Caramel Macchiato,1,13,13,Cash
TXN-8038,5/4/2026,8:18,Puncak Alam,Espresso-based,Americano,1,9,9,QR
TXN-8078,5/4/2026,8:20,Puncak Alam,Espresso-based,Espresso,1,7,7,Cash
TXN-8045,5/4/2026,8:44,Puncak Alam,Ice Blended,Ice Blended Chocolate Chip,1,14,14,QR
TXN-8035,5/4/2026,8:49,Puncak Alam,Espresso-based,Espresso,2,7,14,Cash
TXN-8011,5/4/2026,8:54,Putrajaya,Ice Blended,Ice Blended Chocolate Chip,1,14,14,QR
TXN-7996,5/4/2026,9:03,Putrajaya,Milk-based,Cappuccino,1,11,11,Cash
TXN-7995,5/4/2026,9:11,Putrajaya,Espresso-based,Espresso,1,7,7,QR
TXN-8006,5/4/2026,9:18,Putrajaya,Espresso-based,Americano,1,9,9,QR
TXN-8055,5/4/2026,9:28,Puncak Alam,Espresso-based,Americano,1,9,9,QR
TXN-7990,5/4/2026,9:58,Putrajaya,Espresso-based,Americano,2,9,18,Cash
TXN-8043,5/4/2026,10:06,Puncak Alam,Milk-based,Cappuccino,1,11,11,Cash
TXN-8080,5/4/2026,10:08,Puncak Alam,Milk-based,Latte,3,11,33,QR
TXN-8084,5/4/2026,10:10,Puncak Alam,Milk-based,Latte,1,11,11,QR
TXN-8063,5/4/2026,10:18,Puncak Alam,Milk-based,Cappuccino,1,11,11,QR
TXN-8062,5/4/2026,10:32,Puncak Alam,Milk-based,Latte,2,11,22,Cash
TXN-8018,5/4/2026,10:42,Puncak Alam,Espresso-based,Espresso,1,7,7,QR
TXN-8032,5/4/2026,10:51,Puncak Alam,Milk-based,Caramel Macchiato,2,13,26,Cash
TXN-8021,5/4/2026,10:52,Puncak Alam,Milk-based,Cappuccino,1,11,11,Cash
TXN-8073,5/4/2026,10:58,Puncak Alam,Milk-based,Caramel Macchiato,1,13,13,QR
TXN-8068,5/4/2026,10:59,Puncak Alam,Milk-based,Cappuccino,1,11,11,Cash
TXN-8048,5/4/2026,11:16,Puncak Alam,Milk-based,Mocha,1,12,12,Cash
TXN-8079,5/4/2026,11:16,Puncak Alam,Milk-based,Caramel Macchiato,3,13,39,QR
TXN-8037,5/4/2026,11:31,Puncak Alam,Milk-based,Caramel Macchiato,2,13,26,Cash
TXN-8017,5/4/2026,11:36,Puncak Alam,Milk-based,Mocha,3,12,36,QR
TXN-7987,5/4/2026,11:41,Putrajaya,Milk-based,Caramel Macchiato,1,13,13,QR
TXN-8065,5/4/2026,11:42,Puncak Alam,Espresso-based,Americano,1,9,9,Cash
TXN-8053,5/4/2026,11:49,Puncak Alam,Espresso-based,Americano,1,9,9,QR
TXN-8022,5/4/2026,12:14,Puncak Alam,Espresso-based,Espresso,1,7,7,QR
TXN-8047,5/4/2026,12:29,Puncak Alam,Milk-based,Mocha,1,12,12,QR
TXN-8016,5/4/2026,12:31,Puncak Alam,Milk-based,Caramel Macchiato,2,13,26,Cash
TXN-8054,5/4/2026,12:46,Puncak Alam,Milk-based,Caramel Macchiato,1,13,13,QR
TXN-8059,5/4/2026,12:46,Puncak Alam,Milk-based,Mocha,1,12,12,Cash
TXN-8064,5/4/2026,13:03,Puncak Alam,Espresso-based,Espresso,1,7,7,QR
TXN-8020,5/4/2026,13:33,Puncak Alam,Milk-based,Mocha,1,12,12,QR
TXN-8083,5/4/2026,13:35,Puncak Alam,Espresso-based,Espresso,1,7,7,QR
TXN-8010,5/4/2026,13:36,Putrajaya,Milk-based,Caramel Macchiato,1,13,13,Cash
TXN-8023,5/4/2026,13:36,Puncak Alam,Espresso-based,Americano,1,9,9,QR
TXN-8082,5/4/2026,13:37,Puncak Alam,Espresso-based,Americano,1,9,9,Cash
TXN-7988,5/4/2026,13:42,Putrajaya,Milk-based,Cappuccino,1,11,11,QR
TXN-8019,5/4/2026,13:43,Puncak Alam,Milk-based,Mocha,2,12,24,Cash
TXN-7997,5/4/2026,13:48,Putrajaya,Milk-based,Mocha,1,12,12,Cash
TXN-8033,5/4/2026,13:55,Puncak Alam,Ice Blended,Ice Blended Chocolate Chip,1,14,14,QR
TXN-8001,5/4/2026,14:02,Putrajaya,Milk-based,Cappuccino,1,11,11,Cash
TXN-8058,5/4/2026,14:04,Puncak Alam,Milk-based,Caramel Macchiato,1,13,13,QR
TXN-8070,5/4/2026,14:11,Puncak Alam,Ice Blended,Ice Blended Chocolate Chip,1,14,14,QR
TXN-8026,5/4/2026,14:18,Puncak Alam,Milk-based,Cappuccino,1,11,11,QR
TXN-8007,5/4/2026,14:19,Putrajaya,Milk-based,Latte,1,11,11,QR
TXN-8040,5/4/2026,14:22,Puncak Alam,Espresso-based,Americano,1,9,9,QR
TXN-8024,5/4/2026,14:27,Puncak Alam,Espresso-based,Espresso,1,7,7,Cash
TXN-8034,5/4/2026,14:30,Puncak Alam,Espresso-based,Espresso,1,7,7,Cash
TXN-7994,5/4/2026,14:51,Putrajaya,Milk-based,Cappuccino,1,11,11,Cash
TXN-8049,5/4/2026,14:57,Puncak Alam,Espresso-based,Espresso,1,7,7,QR
TXN-8005,5/4/2026,15:10,Putrajaya,Milk-based,Caramel Macchiato,1,13,13,QR
TXN-8027,5/4/2026,15:18,Puncak Alam,Milk-based,Mocha,2,12,24,QR
TXN-8000,5/4/2026,15:20,Putrajaya,Milk-based,Cappuccino,1,11,11,QR
TXN-8056,5/4/2026,15:28,Puncak Alam,Espresso-based,Americano,2,9,18,Cash
TXN-8060,5/4/2026,15:33,Puncak Alam,Milk-based,Latte,3,11,33,Cash
TXN-7983,5/4/2026,15:39,Putrajaya,Milk-based,Latte,1,11,11,QR
TXN-8050,5/4/2026,15:49,Puncak Alam,Espresso-based,Americano,1,9,9,QR
TXN-8052,5/4/2026,16:02,Puncak Alam,Espresso-based,Americano,1,9,9,QR
TXN-8003,5/4/2026,16:20,Putrajaya,Ice Blended,Ice Blended Chocolate Chip,1,14,14,QR
TXN-8012,5/4/2026,16:26,Putrajaya,Espresso-based,Americano,1,9,9,QR
TXN-8072,5/4/2026,16:34,Puncak Alam,Espresso-based,Americano,1,9,9,QR
TXN-8044,5/4/2026,16:41,Puncak Alam,Milk-based,Latte,1,11,11,Cash
TXN-7986,5/4/2026,16:52,Putrajaya,Milk-based,Mocha,3,12,36,QR
TXN-7991,5/4/2026,17:07,Putrajaya,Ice Blended,Ice Blended Chocolate Chip,1,14,14,Cash
TXN-7999,5/4/2026,17:30,Putrajaya,Espresso-based,Americano,1,9,9,QR
TXN-8069,5/4/2026,17:48,Puncak Alam,Milk-based,Caramel Macchiato,1,13,13,QR
TXN-8013,5/4/2026,17:49,Puncak Alam,Espresso-based,Americano,1,9,9,QR
TXN-8008,5/4/2026,17:51,Putrajaya,Milk-based,Cappuccino,1,11,11,QR
TXN-8067,5/4/2026,17:53,Puncak Alam,Espresso-based,Espresso,1,7,7,QR
TXN-8066,5/4/2026,17:57,Puncak Alam,Ice Blended,Ice Blended Chocolate Chip,1,14,14,QR
TXN-8074,5/4/2026,18:00,Puncak Alam,Ice Blended,Ice Blended Chocolate Chip,1,14,14,QR
TXN-8081,5/4/2026,18:11,Puncak Alam,Milk-based,Caramel Macchiato,1,13,13,QR
TXN-7984,5/4/2026,18:14,Putrajaya,Espresso-based,Espresso,1,7,7,Cash
TXN-7992,5/4/2026,18:24,Putrajaya,Milk-based,Latte,1,11,11,QR
TXN-7998,5/4/2026,18:37,Putrajaya,Milk-based,Cappuccino,2,11,22,QR
TXN-8002,5/4/2026,18:40,Putrajaya,Espresso-based,Americano,3,9,27,QR
TXN-8077,5/4/2026,18:51,Puncak Alam,Milk-based,Caramel Macchiato,1,13,13,QR
TXN-8041,5/4/2026,18:52,Puncak Alam,Milk-based,Latte,1,11,11,QR
TXN-8042,5/4/2026,18:57,Puncak Alam,Milk-based,Cappuccino,3,11,33,Cash
TXN-7985,5/4/2026,19:03,Putrajaya,Espresso-based,Americano,1,9,9,Cash
TXN-8025,5/4/2026,19:23,Puncak Alam,Milk-based,Caramel Macchiato,3,13,39,QR
TXN-8009,5/4/2026,19:41,Putrajaya,Ice Blended,Ice Blended Chocolate Chip,4,14,56,QR
TXN-8036,5/4/2026,19:46,Puncak Alam,Espresso-based,Espresso,2,7,14,Cash
TXN-8039,5/4/2026,19:59,Puncak Alam,Milk-based,Latte,1,11,11,Cash
TXN-8071,5/4/2026,20:08,Puncak Alam,Milk-based,Caramel Macchiato,1,13,13,QR
TXN-7989,5/4/2026,20:09,Putrajaya,Espresso-based,Espresso,1,7,7,Cash
TXN-8057,5/4/2026,20:14,Puncak Alam,Espresso-based,Americano,1,9,9,QR
TXN-7993,5/4/2026,20:22,Putrajaya,Ice Blended,Ice Blended Chocolate Chip,1,14,14,Cash
TXN-8028,5/4/2026,21:05,Puncak Alam,Milk-based,Mocha,1,12,12,QR
TXN-8051,5/4/2026,21:12,Puncak Alam,Milk-based,Mocha,1,12,12,QR
TXN-8030,5/4/2026,21:38,Puncak Alam,Milk-based,Mocha,2,12,24,QR
TXN-8076,5/4/2026,21:38,Puncak Alam,Milk-based,Caramel Macchiato,1,13,13,QR
TXN-8014,5/4/2026,21:43,Puncak Alam,Milk-based,Caramel Macchiato,1,13,13,Cash
TXN-8061,5/4/2026,21:49,Puncak Alam,Milk-based,Caramel Macchiato,3,13,39,QR
TXN-8075,5/4/2026,21:54,Puncak Alam,Milk-based,Mocha,2,12,24,Cash
TXN-8015,5/4/2026,21:58,Puncak Alam,Espresso-based,Espresso,1,7,7,QR
TXN-8121,6/4/2026,8:13,Puncak Alam,Milk-based,Latte,1,11,11,QR
TXN-8161,6/4/2026,8:13,Puncak Alam,Milk-based,Latte,1,11,11,QR
TXN-8133,6/4/2026,8:14,Puncak Alam,Milk-based,Caramel Macchiato,2,13,26,QR
TXN-8140,6/4/2026,8:20,Puncak Alam,Ice Blended,Ice Blended Chocolate Chip,3,14,42,QR
TXN-8134,6/4/2026,8:25,Puncak Alam,Milk-based,Latte,1,11,11,QR
TXN-8092,6/4/2026,8:28,Putrajaya,Milk-based,Cappuccino,2,11,22,Cash
TXN-8191,6/4/2026,8:30,Puncak Alam,Espresso-based,Espresso,1,7,7,QR
TXN-8136,6/4/2026,8:32,Puncak Alam,Espresso-based,Americano,1,9,9,Cash
TXN-8090,6/4/2026,8:36,Putrajaya,Ice Blended,Ice Blended Chocolate Chip,1,14,14,Cash
TXN-8099,6/4/2026,8:39,Putrajaya,Espresso-based,Americano,1,9,9,Cash
TXN-8124,6/4/2026,8:42,Puncak Alam,Milk-based,Cappuccino,2,11,22,QR
TXN-8147,6/4/2026,8:43,Puncak Alam,Milk-based,Caramel Macchiato,2,13,26,Cash
TXN-8116,6/4/2026,8:44,Putrajaya,Espresso-based,Espresso,1,7,7,QR
TXN-8177,6/4/2026,8:44,Puncak Alam,Milk-based,Caramel Macchiato,1,13,13,QR
TXN-8106,6/4/2026,8:54,Putrajaya,Milk-based,Caramel Macchiato,2,13,26,Cash
TXN-8174,6/4/2026,9:05,Puncak Alam,Milk-based,Caramel Macchiato,1,13,13,QR
TXN-8156,6/4/2026,9:11,Puncak Alam,Milk-based,Cappuccino,2,11,22,Cash
TXN-8166,6/4/2026,9:13,Puncak Alam,Espresso-based,Americano,1,9,9,Cash
TXN-8195,6/4/2026,9:22,Puncak Alam,Espresso-based,Americano,1,9,9,QR
TXN-8154,6/4/2026,9:23,Puncak Alam,Milk-based,Cappuccino,1,11,11,QR
TXN-8194,6/4/2026,9:27,Puncak Alam,Espresso-based,Americano,2,9,18,QR
TXN-8160,6/4/2026,9:32,Puncak Alam,Milk-based,Latte,1,11,11,Cash
TXN-8175,6/4/2026,9:43,Puncak Alam,Espresso-based,Espresso,1,7,7,QR
TXN-8087,6/4/2026,9:52,Putrajaya,Milk-based,Caramel Macchiato,1,13,13,QR
TXN-8190,6/4/2026,9:58,Puncak Alam,Milk-based,Latte,1,11,11,Cash
TXN-8164,6/4/2026,10:21,Puncak Alam,Milk-based,Mocha,3,12,36,QR
TXN-8126,6/4/2026,10:24,Puncak Alam,Espresso-based,Americano,1,9,9,Cash
TXN-8103,6/4/2026,10:33,Putrajaya,Milk-based,Caramel Macchiato,1,13,13,QR
TXN-8097,6/4/2026,10:37,Putrajaya,Milk-based,Latte,1,11,11,QR
TXN-8102,6/4/2026,10:47,Putrajaya,Milk-based,Mocha,2,12,24,Cash
TXN-8128,6/4/2026,10:49,Puncak Alam,Ice Blended,Ice Blended Chocolate Chip,2,14,28,Cash
TXN-8170,6/4/2026,10:54,Puncak Alam,Milk-based,Latte,3,11,33,QR
TXN-8123,6/4/2026,11:02,Puncak Alam,Ice Blended,Ice Blended Chocolate Chip,1,14,14,QR
TXN-8189,6/4/2026,11:03,Puncak Alam,Milk-based,Latte,1,11,11,QR
TXN-8098,6/4/2026,11:04,Putrajaya,Ice Blended,Ice Blended Chocolate Chip,2,14,28,QR
TXN-8187,6/4/2026,11:04,Puncak Alam,Espresso-based,Espresso,1,7,7,Cash
TXN-8139,6/4/2026,11:25,Puncak Alam,Milk-based,Latte,1,11,11,QR
TXN-8109,6/4/2026,11:29,Putrajaya,Milk-based,Latte,3,11,33,Cash
TXN-8146,6/4/2026,11:33,Puncak Alam,Milk-based,Caramel Macchiato,2,13,26,QR
TXN-8125,6/4/2026,11:38,Puncak Alam,Milk-based,Caramel Macchiato,2,13,26,QR
TXN-8141,6/4/2026,11:50,Puncak Alam,Espresso-based,Americano,1,9,9,QR
TXN-8197,6/4/2026,11:54,Puncak Alam,Espresso-based,Americano,1,9,9,QR
TXN-8122,6/4/2026,11:56,Puncak Alam,Milk-based,Latte,1,11,11,QR
TXN-8159,6/4/2026,12:19,Puncak Alam,Milk-based,Cappuccino,1,11,11,QR
TXN-8188,6/4/2026,12:47,Puncak Alam,Ice Blended,Ice Blended Chocolate Chip,1,14,14,QR
TXN-8105,6/4/2026,12:49,Putrajaya,Milk-based,Cappuccino,2,11,22,QR
TXN-8162,6/4/2026,12:49,Puncak Alam,Espresso-based,Espresso,2,7,14,Cash
TXN-8100,6/4/2026,12:58,Putrajaya,Ice Blended,Ice Blended Chocolate Chip,1,14,14,QR
TXN-8155,6/4/2026,13:07,Puncak Alam,Milk-based,Cappuccino,1,11,11,Cash
TXN-8158,6/4/2026,13:18,Puncak Alam,Milk-based,Mocha,1,12,12,QR
TXN-8115,6/4/2026,13:21,Putrajaya,Milk-based,Cappuccino,1,11,11,QR
TXN-8172,6/4/2026,13:29,Puncak Alam,Milk-based,Mocha,1,12,12,QR
TXN-8111,6/4/2026,13:32,Putrajaya,Milk-based,Caramel Macchiato,1,13,13,QR
TXN-8113,6/4/2026,13:59,Putrajaya,Espresso-based,Espresso,1,7,7,Cash
TXN-8131,6/4/2026,14:10,Puncak Alam,Ice Blended,Ice Blended Chocolate Chip,1,14,14,QR
TXN-8089,6/4/2026,14:18,Putrajaya,Milk-based,Latte,1,11,11,QR
TXN-8091,6/4/2026,14:18,Putrajaya,Milk-based,Caramel Macchiato,1,13,13,Cash
TXN-8173,6/4/2026,14:21,Puncak Alam,Milk-based,Latte,2,11,22,QR
TXN-8108,6/4/2026,14:36,Putrajaya,Ice Blended,Ice Blended Chocolate Chip,1,14,14,QR
TXN-8094,6/4/2026,14:49,Putrajaya,Milk-based,Mocha,2,12,24,QR
TXN-8145,6/4/2026,14:49,Puncak Alam,Milk-based,Cappuccino,2,11,22,QR
TXN-8088,6/4/2026,14:51,Putrajaya,Milk-based,Mocha,1,12,12,QR
TXN-8085,6/4/2026,15:03,Putrajaya,Espresso-based,Espresso,4,7,28,QR
TXN-8138,6/4/2026,15:06,Puncak Alam,Milk-based,Cappuccino,1,11,11,QR
TXN-8192,6/4/2026,15:29,Puncak Alam,Espresso-based,Americano,1,9,9,QR
TXN-8101,6/4/2026,15:39,Putrajaya,Ice Blended,Ice Blended Chocolate Chip,2,14,28,Cash
TXN-8150,6/4/2026,15:41,Puncak Alam,Espresso-based,Americano,2,9,18,QR
TXN-8186,6/4/2026,15:47,Puncak Alam,Milk-based,Latte,1,11,11,QR
TXN-8110,6/4/2026,15:50,Putrajaya,Milk-based,Latte,1,11,11,QR
TXN-8185,6/4/2026,15:59,Puncak Alam,Espresso-based,Espresso,1,7,7,QR
TXN-8153,6/4/2026,16:02,Puncak Alam,Ice Blended,Ice Blended Chocolate Chip,1,14,14,Cash
TXN-8193,6/4/2026,16:06,Puncak Alam,Milk-based,Mocha,1,12,12,QR
TXN-8129,6/4/2026,16:08,Puncak Alam,Milk-based,Latte,1,11,11,QR
TXN-8163,6/4/2026,16:09,Puncak Alam,Espresso-based,Espresso,1,7,7,QR
TXN-8114,6/4/2026,16:10,Putrajaya,Milk-based,Caramel Macchiato,1,13,13,Cash
TXN-8086,6/4/2026,16:13,Putrajaya,Milk-based,Mocha,3,12,36,QR
TXN-8181,6/4/2026,16:17,Puncak Alam,Milk-based,Mocha,1,12,12,Cash
TXN-8179,6/4/2026,16:21,Puncak Alam,Milk-based,Mocha,1,12,12,QR
TXN-8152,6/4/2026,16:22,Puncak Alam,Milk-based,Cappuccino,1,11,11,QR
TXN-8157,6/4/2026,16:27,Puncak Alam,Milk-based,Caramel Macchiato,1,13,13,Cash
TXN-8149,6/4/2026,16:31,Puncak Alam,Espresso-based,Espresso,2,7,14,QR
TXN-8151,6/4/2026,16:54,Puncak Alam,Milk-based,Cappuccino,3,11,33,QR
TXN-8168,6/4/2026,17:07,Puncak Alam,Milk-based,Mocha,1,12,12,QR
TXN-8176,6/4/2026,17:07,Puncak Alam,Milk-based,Cappuccino,3,11,33,Cash
TXN-8180,6/4/2026,17:26,Puncak Alam,Milk-based,Latte,1,11,11,Cash
TXN-8112,6/4/2026,18:04,Putrajaya,Espresso-based,Americano,1,9,9,QR
TXN-8171,6/4/2026,18:28,Puncak Alam,Milk-based,Caramel Macchiato,3,13,39,Cash
TXN-8104,6/4/2026,18:40,Putrajaya,Milk-based,Cappuccino,3,11,33,QR
TXN-8107,6/4/2026,18:43,Putrajaya,Milk-based,Cappuccino,1,11,11,QR
TXN-8178,6/4/2026,18:45,Puncak Alam,Milk-based,Mocha,1,12,12,Cash
TXN-8184,6/4/2026,18:47,Puncak Alam,Espresso-based,Americano,1,9,9,QR
TXN-8117,6/4/2026,18:49,Putrajaya,Milk-based,Mocha,2,12,24,QR
TXN-8096,6/4/2026,19:01,Putrajaya,Espresso-based,Espresso,1,7,7,Cash
TXN-8165,6/4/2026,19:07,Puncak Alam,Espresso-based,Espresso,1,7,7,QR
TXN-8182,6/4/2026,19:09,Puncak Alam,Ice Blended,Ice Blended Chocolate Chip,1,14,14,QR
TXN-8144,6/4/2026,19:19,Puncak Alam,Milk-based,Caramel Macchiato,1,13,13,QR
TXN-8169,6/4/2026,19:24,Puncak Alam,Espresso-based,Americano,1,9,9,QR
TXN-8119,6/4/2026,19:36,Putrajaya,Milk-based,Latte,1,11,11,QR
TXN-8183,6/4/2026,19:40,Puncak Alam,Espresso-based,Americano,1,9,9,QR
TXN-8127,6/4/2026,19:53,Puncak Alam,Milk-based,Mocha,1,12,12,QR
TXN-8196,6/4/2026,20:14,Puncak Alam,Milk-based,Cappuccino,2,11,22,Cash
TXN-8130,6/4/2026,20:17,Puncak Alam,Ice Blended,Ice Blended Chocolate Chip,2,14,28,QR
TXN-8120,6/4/2026,20:27,Puncak Alam,Ice Blended,Ice Blended Chocolate Chip,1,14,14,QR
TXN-8167,6/4/2026,20:29,Puncak Alam,Ice Blended,Ice Blended Chocolate Chip,2,14,28,QR
TXN-8095,6/4/2026,20:41,Putrajaya,Ice Blended,Ice Blended Chocolate Chip,2,14,28,Cash
TXN-8137,6/4/2026,20:46,Puncak Alam,Ice Blended,Ice Blended Chocolate Chip,2,14,28,QR
TXN-8142,6/4/2026,20:52,Puncak Alam,Espresso-based,Espresso,1,7,7,QR
TXN-8093,6/4/2026,20:59,Putrajaya,Milk-based,Mocha,1,12,12,QR
TXN-8132,6/4/2026,21:23,Puncak Alam,Milk-based,Latte,3,11,33,Cash
TXN-8148,6/4/2026,21:29,Puncak Alam,Espresso-based,Espresso,1,7,7,QR
TXN-8143,6/4/2026,21:38,Puncak Alam,Espresso-based,Americano,3,9,27,Cash
TXN-8135,6/4/2026,21:39,Puncak Alam,Espresso-based,Espresso,1,7,7,QR
TXN-8118,6/4/2026,21:56,Putrajaya,Ice Blended,Ice Blended Chocolate Chip,1,14,14,QR
TXN-8285,7/4/2026,8:04,Puncak Alam,Milk-based,Cappuccino,1,11,11,QR
TXN-8213,7/4/2026,8:22,Putrajaya,Milk-based,Mocha,1,12,12,QR
TXN-8227,7/4/2026,8:32,Putrajaya,Milk-based,Latte,1,11,11,Cash
TXN-8290,7/4/2026,8:32,Puncak Alam,Milk-based,Latte,1,11,11,QR
TXN-8263,7/4/2026,8:47,Puncak Alam,Milk-based,Cappuccino,1,11,11,QR
TXN-8219,7/4/2026,9:12,Putrajaya,Milk-based,Caramel Macchiato,1,13,13,QR
TXN-8270,7/4/2026,9:12,Puncak Alam,Ice Blended,Ice Blended Chocolate Chip,1,14,14,QR
TXN-8222,7/4/2026,9:15,Putrajaya,Ice Blended,Ice Blended Chocolate Chip,1,14,14,Cash
TXN-8252,7/4/2026,9:21,Puncak Alam,Espresso-based,Americano,1,9,9,Cash
TXN-8266,7/4/2026,9:22,Puncak Alam,Milk-based,Mocha,2,12,24,QR
TXN-8256,7/4/2026,9:26,Puncak Alam,Milk-based,Cappuccino,4,11,44,QR
TXN-8276,7/4/2026,9:30,Puncak Alam,Milk-based,Mocha,3,12,36,QR
TXN-8287,7/4/2026,9:30,Puncak Alam,Ice Blended,Ice Blended Chocolate Chip,1,14,14,QR
TXN-8279,7/4/2026,9:31,Puncak Alam,Milk-based,Cappuccino,1,11,11,QR
TXN-8217,7/4/2026,9:34,Putrajaya,Milk-based,Caramel Macchiato,2,13,26,QR
TXN-8238,7/4/2026,9:35,Puncak Alam,Milk-based,Caramel Macchiato,1,13,13,QR
TXN-8254,7/4/2026,9:41,Puncak Alam,Milk-based,Mocha,1,12,12,Cash
TXN-8204,7/4/2026,9:47,Putrajaya,Espresso-based,Americano,2,9,18,QR
TXN-8280,7/4/2026,9:51,Puncak Alam,Ice Blended,Ice Blended Chocolate Chip,1,14,14,QR
TXN-8224,7/4/2026,10:17,Putrajaya,Milk-based,Cappuccino,3,11,33,Cash
TXN-8260,7/4/2026,10:22,Puncak Alam,Ice Blended,Ice Blended Chocolate Chip,1,14,14,QR
TXN-8207,7/4/2026,10:38,Putrajaya,Espresso-based,Americano,2,9,18,Cash
TXN-8248,7/4/2026,10:40,Puncak Alam,Milk-based,Latte,3,11,33,QR
TXN-8214,7/4/2026,10:45,Putrajaya,Milk-based,Caramel Macchiato,1,13,13,QR
TXN-8273,7/4/2026,11:32,Puncak Alam,Milk-based,Mocha,4,12,48,QR
TXN-8203,7/4/2026,11:38,Putrajaya,Milk-based,Mocha,2,12,24,QR
TXN-8253,7/4/2026,11:42,Puncak Alam,Milk-based,Mocha,3,12,36,QR
TXN-8234,7/4/2026,12:06,Puncak Alam,Espresso-based,Americano,2,9,18,Cash
TXN-8294,7/4/2026,12:09,Puncak Alam,Milk-based,Mocha,1,12,12,Cash
TXN-8286,7/4/2026,12:15,Puncak Alam,Milk-based,Latte,1,11,11,Cash
TXN-8215,7/4/2026,12:20,Putrajaya,Ice Blended,Ice Blended Chocolate Chip,2,14,28,QR
TXN-8202,7/4/2026,12:25,Putrajaya,Milk-based,Cappuccino,1,11,11,QR
TXN-8200,7/4/2026,12:28,Putrajaya,Milk-based,Latte,2,11,22,QR
TXN-8282,7/4/2026,12:28,Puncak Alam,Ice Blended,Ice Blended Chocolate Chip,2,14,28,Cash
TXN-8205,7/4/2026,12:35,Putrajaya,Milk-based,Mocha,1,12,12,QR
TXN-8274,7/4/2026,12:41,Puncak Alam,Milk-based,Caramel Macchiato,1,13,13,Cash
TXN-8299,7/4/2026,12:43,Puncak Alam,Milk-based,Latte,3,11,33,QR
TXN-8230,7/4/2026,12:56,Putrajaya,Milk-based,Cappuccino,1,11,11,QR
TXN-8246,7/4/2026,13:06,Puncak Alam,Milk-based,Mocha,1,12,12,QR
TXN-8212,7/4/2026,13:18,Putrajaya,Milk-based,Latte,1,11,11,QR
TXN-8265,7/4/2026,13:19,Puncak Alam,Milk-based,Caramel Macchiato,1,13,13,QR
TXN-8198,7/4/2026,13:39,Putrajaya,Milk-based,Cappuccino,1,11,11,QR
TXN-8289,7/4/2026,13:54,Puncak Alam,Espresso-based,Americano,1,9,9,QR
TXN-8199,7/4/2026,14:11,Putrajaya,Ice Blended,Ice Blended Chocolate Chip,2,14,28,Cash
TXN-8250,7/4/2026,14:11,Puncak Alam,Milk-based,Cappuccino,1,11,11,QR
TXN-8216,7/4/2026,14:14,Putrajaya,Milk-based,Mocha,1,12,12,QR
TXN-8271,7/4/2026,14:23,Puncak Alam,Milk-based,Cappuccino,1,11,11,Cash
TXN-8225,7/4/2026,14:40,Putrajaya,Ice Blended,Ice Blended Chocolate Chip,1,14,14,QR
TXN-8261,7/4/2026,14:45,Puncak Alam,Milk-based,Mocha,4,12,48,QR
TXN-8272,7/4/2026,14:46,Puncak Alam,Milk-based,Latte,1,11,11,QR
TXN-8244,7/4/2026,14:56,Puncak Alam,Milk-based,Mocha,1,12,12,Cash
TXN-8259,7/4/2026,15:02,Puncak Alam,Milk-based,Cappuccino,1,11,11,Cash
TXN-8283,7/4/2026,15:14,Puncak Alam,Milk-based,Cappuccino,1,11,11,QR
TXN-8226,7/4/2026,15:19,Putrajaya,Milk-based,Caramel Macchiato,1,13,13,QR
TXN-8232,7/4/2026,15:30,Puncak Alam,Espresso-based,Espresso,1,7,7,QR
TXN-8221,7/4/2026,15:37,Putrajaya,Milk-based,Caramel Macchiato,2,13,26,QR
TXN-8201,7/4/2026,15:52,Putrajaya,Milk-based,Latte,1,11,11,Cash
TXN-8241,7/4/2026,15:55,Puncak Alam,Milk-based,Caramel Macchiato,1,13,13,QR
TXN-8242,7/4/2026,15:58,Puncak Alam,Milk-based,Latte,1,11,11,Cash
TXN-8292,7/4/2026,16:09,Puncak Alam,Milk-based,Mocha,3,12,36,Cash
TXN-8278,7/4/2026,16:13,Puncak Alam,Espresso-based,Americano,1,9,9,QR
TXN-8233,7/4/2026,16:17,Puncak Alam,Ice Blended,Ice Blended Chocolate Chip,1,14,14,Cash
TXN-8275,7/4/2026,16:21,Puncak Alam,Milk-based,Caramel Macchiato,2,13,26,Cash
TXN-8258,7/4/2026,16:24,Puncak Alam,Milk-based,Caramel Macchiato,1,13,13,QR
TXN-8235,7/4/2026,16:30,Puncak Alam,Milk-based,Latte,1,11,11,QR
TXN-8298,7/4/2026,16:42,Puncak Alam,Milk-based,Cappuccino,1,11,11,QR
TXN-8264,7/4/2026,16:58,Puncak Alam,Milk-based,Cappuccino,1,11,11,QR
TXN-8229,7/4/2026,17:18,Putrajaya,Milk-based,Latte,1,11,11,QR
TXN-8223,7/4/2026,17:28,Putrajaya,Milk-based,Latte,4,11,44,QR
TXN-8237,7/4/2026,17:36,Puncak Alam,Espresso-based,Espresso,1,7,7,QR
TXN-8245,7/4/2026,17:36,Puncak Alam,Milk-based,Cappuccino,1,11,11,QR
TXN-8206,7/4/2026,17:48,Putrajaya,Milk-based,Cappuccino,2,11,22,QR
TXN-8220,7/4/2026,17:49,Putrajaya,Milk-based,Caramel Macchiato,1,13,13,QR
TXN-8243,7/4/2026,18:10,Puncak Alam,Espresso-based,Espresso,1,7,7,Cash
TXN-8209,7/4/2026,18:18,Putrajaya,Ice Blended,Ice Blended Chocolate Chip,2,14,28,QR
TXN-8268,7/4/2026,18:20,Puncak Alam,Espresso-based,Americano,2,9,18,QR
TXN-8297,7/4/2026,18:20,Puncak Alam,Milk-based,Caramel Macchiato,2,13,26,Cash
TXN-8236,7/4/2026,18:23,Puncak Alam,Milk-based,Caramel Macchiato,1,13,13,QR
TXN-8281,7/4/2026,18:26,Puncak Alam,Milk-based,Cappuccino,1,11,11,QR
TXN-8262,7/4/2026,18:36,Puncak Alam,Milk-based,Caramel Macchiato,1,13,13,QR
TXN-8210,7/4/2026,18:43,Putrajaya,Milk-based,Caramel Macchiato,3,13,39,QR
TXN-8257,7/4/2026,18:54,Puncak Alam,Milk-based,Latte,1,11,11,QR
TXN-8295,7/4/2026,18:57,Puncak Alam,Milk-based,Latte,2,11,22,Cash
TXN-8267,7/4/2026,18:58,Puncak Alam,Milk-based,Latte,3,11,33,QR
TXN-8240,7/4/2026,19:00,Puncak Alam,Espresso-based,Americano,2,9,18,Cash
TXN-8284,7/4/2026,19:20,Puncak Alam,Espresso-based,Espresso,1,7,7,QR
TXN-8277,7/4/2026,19:30,Puncak Alam,Milk-based,Cappuccino,4,11,44,QR
TXN-8231,7/4/2026,19:39,Putrajaya,Ice Blended,Ice Blended Chocolate Chip,1,14,14,Cash
TXN-8249,7/4/2026,19:50,Puncak Alam,Milk-based,Latte,1,11,11,QR
TXN-8218,7/4/2026,20:14,Putrajaya,Milk-based,Caramel Macchiato,2,13,26,Cash
TXN-8291,7/4/2026,20:20,Puncak Alam,Milk-based,Cappuccino,1,11,11,Cash
TXN-8296,7/4/2026,20:20,Puncak Alam,Milk-based,Mocha,1,12,12,QR
TXN-8300,7/4/2026,20:24,Puncak Alam,Milk-based,Cappuccino,1,11,11,QR
TXN-8208,7/4/2026,20:27,Putrajaya,Milk-based,Caramel Macchiato,2,13,26,QR
TXN-8288,7/4/2026,20:56,Puncak Alam,Milk-based,Latte,1,11,11,Cash
TXN-8228,7/4/2026,21:02,Putrajaya,Milk-based,Caramel Macchiato,1,13,13,QR
TXN-8239,7/4/2026,21:12,Puncak Alam,Milk-based,Mocha,1,12,12,QR
TXN-8247,7/4/2026,21:29,Puncak Alam,Ice Blended,Ice Blended Chocolate Chip,1,14,14,QR
TXN-8293,7/4/2026,21:40,Puncak Alam,Milk-based,Mocha,1,12,12,QR
TXN-8301,7/4/2026,21:42,Puncak Alam,Milk-based,Caramel Macchiato,1,13,13,QR
TXN-8269,7/4/2026,21:43,Puncak Alam,Espresso-based,Americano,1,9,9,QR
TXN-8211,7/4/2026,21:46,Putrajaya,Milk-based,Mocha,1,12,12,Cash
TXN-8255,7/4/2026,21:46,Puncak Alam,Milk-based,Mocha,1,12,12,QR
TXN-8251,7/4/2026,21:50,Puncak Alam,Espresso-based,Espresso,1,7,7,Cash
TXN-8385,8/4/2026,8:03,Puncak Alam,Milk-based,Cappuccino,1,11,11,QR
TXN-8325,8/4/2026,8:06,Putrajaya,Espresso-based,Americano,1,9,9,QR
TXN-8359,8/4/2026,8:06,Putrajaya,Milk-based,Caramel Macchiato,1,13,13,QR
TXN-8331,8/4/2026,8:12,Putrajaya,Milk-based,Caramel Macchiato,2,13,26,QR
TXN-8404,8/4/2026,8:17,Puncak Alam,Espresso-based,Espresso,2,7,14,Cash
TXN-8320,8/4/2026,8:27,Putrajaya,Milk-based,Cappuccino,1,11,11,QR
TXN-8375,8/4/2026,8:31,Puncak Alam,Espresso-based,Espresso,2,7,14,QR
TXN-8381,8/4/2026,8:37,Puncak Alam,Milk-based,Caramel Macchiato,1,13,13,QR
TXN-8337,8/4/2026,9:12,Putrajaya,Espresso-based,Americano,1,9,9,QR
TXN-8367,8/4/2026,9:20,Puncak Alam,Milk-based,Cappuccino,2,11,22,QR
TXN-8402,8/4/2026,9:27,Puncak Alam,Milk-based,Caramel Macchiato,2,13,26,Cash
TXN-8428,8/4/2026,9:29,Puncak Alam,Ice Blended,Ice Blended Chocolate Chip,2,14,28,QR
TXN-8431,8/4/2026,9:37,Puncak Alam,Espresso-based,Americano,1,9,9,QR
TXN-8368,8/4/2026,9:41,Puncak Alam,Ice Blended,Ice Blended Chocolate Chip,1,14,14,QR
TXN-8411,8/4/2026,9:43,Puncak Alam,Ice Blended,Ice Blended Chocolate Chip,1,14,14,QR
TXN-8341,8/4/2026,9:45,Putrajaya,Milk-based,Cappuccino,1,11,11,QR
TXN-8364,8/4/2026,9:45,Puncak Alam,Espresso-based,Espresso,1,7,7,QR
TXN-8304,8/4/2026,9:47,Putrajaya,Espresso-based,Americano,1,9,9,QR
TXN-8358,8/4/2026,9:48,Putrajaya,Ice Blended,Ice Blended Chocolate Chip,1,14,14,QR
TXN-8334,8/4/2026,9:49,Putrajaya,Milk-based,Caramel Macchiato,1,13,13,QR
TXN-8373,8/4/2026,9:53,Puncak Alam,Espresso-based,Americano,2,9,18,QR
TXN-8360,8/4/2026,9:55,Putrajaya,Milk-based,Caramel Macchiato,2,13,26,Cash
TXN-8398,8/4/2026,10:03,Puncak Alam,Espresso-based,Espresso,1,7,7,Cash
TXN-8421,8/4/2026,10:03,Puncak Alam,Milk-based,Latte,1,11,11,QR
TXN-8310,8/4/2026,10:11,Putrajaya,Espresso-based,Espresso,1,7,7,Cash
TXN-8338,8/4/2026,10:12,Putrajaya,Milk-based,Latte,1,11,11,QR
TXN-8313,8/4/2026,10:15,Putrajaya,Espresso-based,Americano,1,9,9,QR
TXN-8342,8/4/2026,10:16,Putrajaya,Espresso-based,Espresso,1,7,7,Cash
TXN-8340,8/4/2026,10:19,Putrajaya,Espresso-based,Espresso,3,7,21,QR
TXN-8382,8/4/2026,10:23,Puncak Alam,Milk-based,Mocha,2,12,24,QR
TXN-8316,8/4/2026,10:27,Putrajaya,Milk-based,Cappuccino,1,11,11,Cash
TXN-8371,8/4/2026,10:41,Puncak Alam,Milk-based,Cappuccino,1,11,11,QR
TXN-8423,8/4/2026,10:58,Puncak Alam,Milk-based,Latte,1,11,11,QR
TXN-8336,8/4/2026,11:01,Putrajaya,Milk-based,Latte,3,11,33,Cash
TXN-8305,8/4/2026,11:02,Putrajaya,Milk-based,Caramel Macchiato,1,13,13,Cash
TXN-8401,8/4/2026,11:04,Puncak Alam,Milk-based,Mocha,2,12,24,QR
TXN-8440,8/4/2026,11:07,Puncak Alam,Milk-based,Cappuccino,1,11,11,QR
TXN-8332,8/4/2026,11:11,Putrajaya,Milk-based,Mocha,1,12,12,QR
TXN-8319,8/4/2026,11:36,Putrajaya,Milk-based,Cappuccino,1,11,11,QR
TXN-8307,8/4/2026,11:48,Putrajaya,Milk-based,Caramel Macchiato,2,13,26,QR
TXN-8397,8/4/2026,11:53,Puncak Alam,Milk-based,Cappuccino,1,11,11,Cash
TXN-8312,8/4/2026,11:56,Putrajaya,Milk-based,Mocha,1,12,12,QR
TXN-8438,8/4/2026,12:14,Puncak Alam,Milk-based,Latte,2,11,22,Cash
TXN-8374,8/4/2026,12:27,Puncak Alam,Milk-based,Mocha,1,12,12,Cash
TXN-8330,8/4/2026,12:50,Putrajaya,Milk-based,Mocha,1,12,12,QR
TXN-8321,8/4/2026,12:51,Putrajaya,Espresso-based,Americano,1,9,9,QR
TXN-8361,8/4/2026,12:57,Puncak Alam,Ice Blended,Ice Blended Chocolate Chip,1,14,14,Cash
TXN-8434,8/4/2026,13:03,Puncak Alam,Espresso-based,Espresso,3,7,21,QR
TXN-8345,8/4/2026,13:12,Putrajaya,Espresso-based,Americano,1,9,9,Cash
TXN-8424,8/4/2026,13:29,Puncak Alam,Milk-based,Latte,2,11,22,QR
TXN-8380,8/4/2026,13:30,Puncak Alam,Espresso-based,Espresso,1,7,7,QR
TXN-8379,8/4/2026,13:31,Puncak Alam,Milk-based,Cappuccino,1,11,11,QR
TXN-8435,8/4/2026,13:31,Puncak Alam,Milk-based,Mocha,3,12,36,QR
TXN-8387,8/4/2026,13:40,Puncak Alam,Ice Blended,Ice Blended Chocolate Chip,1,14,14,Cash
TXN-8346,8/4/2026,13:44,Putrajaya,Milk-based,Latte,1,11,11,QR
TXN-8376,8/4/2026,13:54,Puncak Alam,Milk-based,Caramel Macchiato,1,13,13,QR
TXN-8369,8/4/2026,14:15,Puncak Alam,Milk-based,Caramel Macchiato,1,13,13,Cash
TXN-8357,8/4/2026,14:16,Putrajaya,Milk-based,Latte,2,11,22,Cash
TXN-8395,8/4/2026,14:18,Puncak Alam,Milk-based,Latte,3,11,33,QR
TXN-8408,8/4/2026,14:31,Puncak Alam,Ice Blended,Ice Blended Chocolate Chip,1,14,14,QR
TXN-8390,8/4/2026,14:42,Puncak Alam,Espresso-based,Americano,1,9,9,QR
TXN-8323,8/4/2026,14:48,Putrajaya,Espresso-based,Americano,1,9,9,Cash
TXN-8347,8/4/2026,14:59,Putrajaya,Espresso-based,Americano,1,9,9,Cash
TXN-8350,8/4/2026,15:00,Putrajaya,Milk-based,Cappuccino,1,11,11,QR
TXN-8410,8/4/2026,15:16,Puncak Alam,Espresso-based,Espresso,1,7,7,Cash
TXN-8407,8/4/2026,15:21,Puncak Alam,Espresso-based,Americano,1,9,9,QR
TXN-8400,8/4/2026,15:26,Puncak Alam,Milk-based,Caramel Macchiato,1,13,13,Cash
TXN-8418,8/4/2026,15:27,Puncak Alam,Milk-based,Caramel Macchiato,1,13,13,QR
TXN-8396,8/4/2026,15:37,Puncak Alam,Espresso-based,Americano,1,9,9,QR
TXN-8329,8/4/2026,15:39,Putrajaya,Milk-based,Mocha,2,12,24,QR
TXN-8422,8/4/2026,15:40,Puncak Alam,Espresso-based,Espresso,1,7,7,QR
TXN-8416,8/4/2026,15:41,Puncak Alam,Milk-based,Caramel Macchiato,1,13,13,Cash
TXN-8386,8/4/2026,15:47,Puncak Alam,Milk-based,Mocha,1,12,12,QR
TXN-8363,8/4/2026,15:49,Puncak Alam,Espresso-based,Espresso,1,7,7,Cash
TXN-8413,8/4/2026,15:54,Puncak Alam,Espresso-based,Americano,3,9,27,QR
TXN-8429,8/4/2026,16:06,Puncak Alam,Espresso-based,Americano,3,9,27,QR
TXN-8326,8/4/2026,16:07,Putrajaya,Ice Blended,Ice Blended Chocolate Chip,1,14,14,QR
TXN-8414,8/4/2026,16:09,Puncak Alam,Espresso-based,Americano,1,9,9,QR
TXN-8343,8/4/2026,16:14,Putrajaya,Espresso-based,Espresso,1,7,7,QR
TXN-8417,8/4/2026,16:16,Puncak Alam,Milk-based,Cappuccino,1,11,11,Cash
TXN-8378,8/4/2026,16:17,Puncak Alam,Ice Blended,Ice Blended Chocolate Chip,1,14,14,Cash
TXN-8394,8/4/2026,16:17,Puncak Alam,Espresso-based,Espresso,1,7,7,QR
TXN-8392,8/4/2026,16:25,Puncak Alam,Ice Blended,Ice Blended Chocolate Chip,3,14,42,Cash
TXN-8426,8/4/2026,16:31,Puncak Alam,Espresso-based,Espresso,1,7,7,QR
TXN-8327,8/4/2026,16:33,Putrajaya,Milk-based,Cappuccino,1,11,11,Cash
TXN-8437,8/4/2026,16:38,Puncak Alam,Milk-based,Mocha,1,12,12,QR
TXN-8393,8/4/2026,17:01,Puncak Alam,Milk-based,Latte,1,11,11,Cash
TXN-8427,8/4/2026,17:02,Puncak Alam,Espresso-based,Espresso,1,7,7,Cash
TXN-8356,8/4/2026,17:12,Putrajaya,Milk-based,Caramel Macchiato,2,13,26,Cash
TXN-8415,8/4/2026,17:18,Puncak Alam,Milk-based,Caramel Macchiato,1,13,13,QR
TXN-8366,8/4/2026,17:21,Puncak Alam,Espresso-based,Espresso,1,7,7,QR
TXN-8322,8/4/2026,17:24,Putrajaya,Espresso-based,Espresso,3,7,21,Cash
TXN-8409,8/4/2026,17:31,Puncak Alam,Milk-based,Latte,3,11,33,QR
TXN-8362,8/4/2026,17:36,Puncak Alam,Milk-based,Cappuccino,2,11,22,QR
TXN-8384,8/4/2026,17:39,Puncak Alam,Milk-based,Mocha,1,12,12,QR
TXN-8439,8/4/2026,17:49,Puncak Alam,Milk-based,Caramel Macchiato,2,13,26,QR
TXN-8311,8/4/2026,17:52,Putrajaya,Ice Blended,Ice Blended Chocolate Chip,1,14,14,QR
TXN-8348,8/4/2026,17:52,Putrajaya,Espresso-based,Espresso,1,7,7,Cash
TXN-8349,8/4/2026,17:53,Putrajaya,Ice Blended,Ice Blended Chocolate Chip,2,14,28,QR
TXN-8315,8/4/2026,17:54,Putrajaya,Milk-based,Mocha,1,12,12,QR
TXN-8354,8/4/2026,17:59,Putrajaya,Espresso-based,Americano,1,9,9,Cash
TXN-8370,8/4/2026,18:15,Puncak Alam,Espresso-based,Americano,1,9,9,QR
TXN-8406,8/4/2026,18:39,Puncak Alam,Milk-based,Mocha,3,12,36,QR
TXN-8353,8/4/2026,18:45,Putrajaya,Ice Blended,Ice Blended Chocolate Chip,1,14,14,QR
TXN-8324,8/4/2026,18:57,Putrajaya,Milk-based,Caramel Macchiato,1,13,13,QR
TXN-8436,8/4/2026,18:58,Puncak Alam,Milk-based,Mocha,2,12,24,QR
TXN-8403,8/4/2026,19:07,Puncak Alam,Milk-based,Cappuccino,1,11,11,QR
TXN-8420,8/4/2026,19:07,Puncak Alam,Espresso-based,Espresso,1,7,7,QR
TXN-8306,8/4/2026,19:09,Putrajaya,Espresso-based,Americano,1,9,9,QR
TXN-8351,8/4/2026,19:15,Putrajaya,Ice Blended,Ice Blended Chocolate Chip,1,14,14,Cash
TXN-8433,8/4/2026,19:24,Puncak Alam,Milk-based,Cappuccino,1,11,11,Cash
TXN-8432,8/4/2026,19:39,Puncak Alam,Ice Blended,Ice Blended Chocolate Chip,3,14,42,QR
TXN-8399,8/4/2026,19:41,Puncak Alam,Ice Blended,Ice Blended Chocolate Chip,1,14,14,QR
TXN-8383,8/4/2026,19:50,Puncak Alam,Ice Blended,Ice Blended Chocolate Chip,3,14,42,QR
TXN-8328,8/4/2026,19:55,Putrajaya,Ice Blended,Ice Blended Chocolate Chip,1,14,14,QR
TXN-8352,8/4/2026,19:56,Putrajaya,Milk-based,Caramel Macchiato,1,13,13,QR
TXN-8391,8/4/2026,20:01,Puncak Alam,Ice Blended,Ice Blended Chocolate Chip,1,14,14,QR
TXN-8419,8/4/2026,20:05,Puncak Alam,Espresso-based,Espresso,2,7,14,QR
TXN-8344,8/4/2026,20:29,Putrajaya,Milk-based,Mocha,1,12,12,Cash
TXN-8317,8/4/2026,20:31,Putrajaya,Milk-based,Mocha,1,12,12,QR
TXN-8308,8/4/2026,20:44,Putrajaya,Milk-based,Cappuccino,1,11,11,QR
TXN-8333,8/4/2026,20:45,Putrajaya,Milk-based,Caramel Macchiato,1,13,13,QR
TXN-8303,8/4/2026,20:47,Putrajaya,Milk-based,Latte,2,11,22,QR
TXN-8302,8/4/2026,20:49,Putrajaya,Milk-based,Mocha,1,12,12,QR
TXN-8314,8/4/2026,20:49,Putrajaya,Espresso-based,Espresso,1,7,7,QR
TXN-8412,8/4/2026,20:50,Puncak Alam,Milk-based,Cappuccino,2,11,22,QR
TXN-8339,8/4/2026,20:51,Putrajaya,Milk-based,Mocha,1,12,12,Cash
TXN-8377,8/4/2026,20:54,Puncak Alam,Espresso-based,Americano,1,9,9,QR
TXN-8365,8/4/2026,20:55,Puncak Alam,Milk-based,Latte,1,11,11,QR
TXN-8388,8/4/2026,21:17,Puncak Alam,Milk-based,Latte,1,11,11,Cash
TXN-8355,8/4/2026,21:22,Putrajaya,Milk-based,Cappuccino,2,11,22,QR
TXN-8405,8/4/2026,21:26,Puncak Alam,Milk-based,Cappuccino,1,11,11,Cash
TXN-8309,8/4/2026,21:32,Putrajaya,Milk-based,Mocha,1,12,12,QR
TXN-8318,8/4/2026,21:48,Putrajaya,Milk-based,Cappuccino,1,11,11,QR
TXN-8430,8/4/2026,21:50,Puncak Alam,Espresso-based,Americano,1,9,9,Cash
TXN-8372,8/4/2026,21:55,Puncak Alam,Milk-based,Cappuccino,1,11,11,QR
TXN-8389,8/4/2026,21:56,Puncak Alam,Milk-based,Mocha,1,12,12,QR
TXN-8335,8/4/2026,21:57,Putrajaya,Milk-based,Mocha,2,12,24,QR
TXN-8425,8/4/2026,21:58,Puncak Alam,Ice Blended,Ice Blended Chocolate Chip,1,14,14,QR
TXN-8469,9/4/2026,8:00,Putrajaya,Ice Blended,Ice Blended Chocolate Chip,1,14,14,QR
TXN-8483,9/4/2026,8:05,Putrajaya,Milk-based,Mocha,1,12,12,QR
TXN-8443,9/4/2026,8:12,Putrajaya,Espresso-based,Espresso,3,7,21,QR
TXN-8522,9/4/2026,8:15,Puncak Alam,Milk-based,Cappuccino,1,11,11,Cash
TXN-8478,9/4/2026,8:16,Putrajaya,Milk-based,Mocha,1,12,12,Cash
TXN-8476,9/4/2026,8:24,Putrajaya,Milk-based,Cappuccino,1,11,11,QR
TXN-8493,9/4/2026,8:26,Putrajaya,Espresso-based,Americano,1,9,9,QR
TXN-8489,9/4/2026,8:32,Putrajaya,Ice Blended,Ice Blended Chocolate Chip,1,14,14,Cash
TXN-8511,9/4/2026,8:59,Putrajaya,Espresso-based,Espresso,2,7,14,QR
TXN-8447,9/4/2026,9:01,Putrajaya,Milk-based,Latte,1,11,11,QR
TXN-8488,9/4/2026,9:02,Putrajaya,Milk-based,Latte,2,11,22,Cash
TXN-8548,9/4/2026,9:09,Puncak Alam,Ice Blended,Ice Blended Chocolate Chip,1,14,14,Cash
TXN-8453,9/4/2026,9:12,Putrajaya,Milk-based,Cappuccino,2,11,22,Cash
TXN-8499,9/4/2026,9:22,Putrajaya,Espresso-based,Espresso,2,7,14,Cash
TXN-8498,9/4/2026,9:25,Putrajaya,Espresso-based,Americano,2,9,18,QR
TXN-8494,9/4/2026,9:37,Putrajaya,Milk-based,Latte,2,11,22,QR
TXN-8492,9/4/2026,9:57,Putrajaya,Milk-based,Mocha,1,12,12,QR
TXN-8515,9/4/2026,10:00,Puncak Alam,Espresso-based,Americano,1,9,9,Cash
TXN-8458,9/4/2026,10:06,Putrajaya,Espresso-based,Espresso,3,7,21,QR
TXN-8466,9/4/2026,10:07,Putrajaya,Espresso-based,Americano,1,9,9,QR
TXN-8537,9/4/2026,10:19,Puncak Alam,Milk-based,Cappuccino,1,11,11,QR
TXN-8542,9/4/2026,10:31,Puncak Alam,Espresso-based,Americano,1,9,9,QR
TXN-8496,9/4/2026,10:37,Putrajaya,Espresso-based,Espresso,1,7,7,Cash
TXN-8459,9/4/2026,10:38,Putrajaya,Espresso-based,Americano,1,9,9,Cash
TXN-8529,9/4/2026,10:49,Puncak Alam,Ice Blended,Ice Blended Chocolate Chip,1,14,14,Cash
TXN-8547,9/4/2026,10:50,Puncak Alam,Ice Blended,Ice Blended Chocolate Chip,1,14,14,QR
TXN-8441,9/4/2026,10:59,Putrajaya,Milk-based,Latte,3,11,33,Cash
TXN-8540,9/4/2026,11:02,Puncak Alam,Espresso-based,Espresso,1,7,7,Cash
TXN-8491,9/4/2026,11:11,Putrajaya,Espresso-based,Americano,3,9,27,QR
TXN-8506,9/4/2026,11:35,Putrajaya,Ice Blended,Ice Blended Chocolate Chip,1,14,14,Cash
TXN-8500,9/4/2026,11:37,Putrajaya,Milk-based,Cappuccino,1,11,11,QR
TXN-8521,9/4/2026,11:38,Puncak Alam,Milk-based,Cappuccino,1,11,11,Cash
TXN-8482,9/4/2026,11:44,Putrajaya,Milk-based,Mocha,1,12,12,QR
TXN-8507,9/4/2026,11:51,Putrajaya,Ice Blended,Ice Blended Chocolate Chip,2,14,28,QR
TXN-8520,9/4/2026,11:57,Puncak Alam,Milk-based,Mocha,2,12,24,QR
TXN-8472,9/4/2026,11:58,Putrajaya,Milk-based,Mocha,2,12,24,QR
TXN-8475,9/4/2026,12:06,Putrajaya,Espresso-based,Americano,1,9,9,Cash
TXN-8502,9/4/2026,12:26,Putrajaya,Milk-based,Mocha,1,12,12,QR
TXN-8513,9/4/2026,12:57,Puncak Alam,Espresso-based,Americano,1,9,9,QR
TXN-8479,9/4/2026,13:05,Putrajaya,Milk-based,Cappuccino,1,11,11,Cash
TXN-8532,9/4/2026,13:13,Puncak Alam,Milk-based,Caramel Macchiato,1,13,13,Cash
TXN-8484,9/4/2026,13:31,Putrajaya,Milk-based,Mocha,1,12,12,QR
TXN-8514,9/4/2026,13:33,Puncak Alam,Milk-based,Caramel Macchiato,1,13,13,QR
TXN-8524,9/4/2026,13:37,Puncak Alam,Milk-based,Caramel Macchiato,1,13,13,Cash
TXN-8490,9/4/2026,13:40,Putrajaya,Milk-based,Mocha,1,12,12,QR
TXN-8449,9/4/2026,13:48,Putrajaya,Milk-based,Caramel Macchiato,2,13,26,QR
TXN-8450,9/4/2026,13:50,Putrajaya,Espresso-based,Americano,1,9,9,QR
TXN-8536,9/4/2026,13:51,Puncak Alam,Ice Blended,Ice Blended Chocolate Chip,1,14,14,QR
TXN-8503,9/4/2026,13:58,Putrajaya,Espresso-based,Americano,1,9,9,QR
TXN-8508,9/4/2026,14:01,Putrajaya,Ice Blended,Ice Blended Chocolate Chip,3,14,42,QR
TXN-8545,9/4/2026,14:17,Puncak Alam,Espresso-based,Espresso,1,7,7,QR
TXN-8462,9/4/2026,14:19,Putrajaya,Espresso-based,Americano,3,9,27,Cash
TXN-8473,9/4/2026,14:35,Putrajaya,Milk-based,Mocha,2,12,24,QR
TXN-8525,9/4/2026,14:36,Puncak Alam,Milk-based,Caramel Macchiato,2,13,26,QR
TXN-8455,9/4/2026,14:49,Putrajaya,Milk-based,Cappuccino,2,11,22,QR
TXN-8486,9/4/2026,14:52,Putrajaya,Milk-based,Cappuccino,1,11,11,Cash
TXN-8501,9/4/2026,14:58,Putrajaya,Milk-based,Caramel Macchiato,1,13,13,QR
TXN-8452,9/4/2026,15:02,Putrajaya,Espresso-based,Espresso,2,7,14,Cash
TXN-8444,9/4/2026,15:07,Putrajaya,Milk-based,Cappuccino,1,11,11,QR
TXN-8509,9/4/2026,15:09,Putrajaya,Milk-based,Latte,3,11,33,QR
TXN-8457,9/4/2026,15:19,Putrajaya,Ice Blended,Ice Blended Chocolate Chip,1,14,14,QR
TXN-8539,9/4/2026,15:19,Puncak Alam,Milk-based,Cappuccino,1,11,11,QR
TXN-8523,9/4/2026,15:44,Puncak Alam,Espresso-based,Espresso,3,7,21,QR
TXN-8505,9/4/2026,15:50,Putrajaya,Milk-based,Mocha,1,12,12,QR
TXN-8495,9/4/2026,15:53,Putrajaya,Milk-based,Caramel Macchiato,2,13,26,QR
TXN-8481,9/4/2026,15:54,Putrajaya,Milk-based,Cappuccino,1,11,11,Cash
TXN-8461,9/4/2026,16:09,Putrajaya,Milk-based,Mocha,1,12,12,QR
TXN-8465,9/4/2026,16:12,Putrajaya,Milk-based,Mocha,1,12,12,QR
TXN-8468,9/4/2026,16:16,Putrajaya,Espresso-based,Americano,2,9,18,QR
TXN-8442,9/4/2026,16:17,Putrajaya,Milk-based,Latte,2,11,22,QR
TXN-8464,9/4/2026,16:25,Putrajaya,Milk-based,Latte,2,11,22,QR
TXN-8474,9/4/2026,16:30,Putrajaya,Milk-based,Cappuccino,2,11,22,QR
TXN-8527,9/4/2026,16:32,Puncak Alam,Espresso-based,Americano,1,9,9,QR
TXN-8533,9/4/2026,16:33,Puncak Alam,Milk-based,Latte,1,11,11,QR
TXN-8477,9/4/2026,16:44,Putrajaya,Milk-based,Cappuccino,1,11,11,QR
TXN-8460,9/4/2026,16:46,Putrajaya,Milk-based,Cappuccino,2,11,22,QR
TXN-8544,9/4/2026,16:46,Puncak Alam,Espresso-based,Espresso,1,7,7,QR
TXN-8543,9/4/2026,16:50,Puncak Alam,Espresso-based,Americano,1,9,9,QR
TXN-8480,9/4/2026,16:56,Putrajaya,Espresso-based,Americano,1,9,9,QR
TXN-8445,9/4/2026,17:03,Putrajaya,Milk-based,Caramel Macchiato,1,13,13,QR
TXN-8454,9/4/2026,17:48,Putrajaya,Milk-based,Cappuccino,1,11,11,QR
TXN-8446,9/4/2026,17:57,Putrajaya,Espresso-based,Americano,1,9,9,Cash
TXN-8534,9/4/2026,18:08,Puncak Alam,Milk-based,Latte,2,11,22,QR
TXN-8497,9/4/2026,18:13,Putrajaya,Milk-based,Mocha,1,12,12,QR
TXN-8512,9/4/2026,18:16,Puncak Alam,Milk-based,Caramel Macchiato,1,13,13,Cash
TXN-8528,9/4/2026,18:45,Puncak Alam,Milk-based,Caramel Macchiato,1,13,13,Cash
TXN-8541,9/4/2026,18:45,Puncak Alam,Milk-based,Latte,1,11,11,QR
TXN-8519,9/4/2026,18:59,Puncak Alam,Milk-based,Caramel Macchiato,1,13,13,Cash
TXN-8456,9/4/2026,19:03,Putrajaya,Milk-based,Cappuccino,4,11,44,QR
TXN-8485,9/4/2026,19:08,Putrajaya,Milk-based,Caramel Macchiato,1,13,13,QR
TXN-8471,9/4/2026,19:25,Putrajaya,Ice Blended,Ice Blended Chocolate Chip,1,14,14,Cash
TXN-8531,9/4/2026,19:57,Puncak Alam,Milk-based,Mocha,1,12,12,QR
TXN-8451,9/4/2026,20:16,Putrajaya,Espresso-based,Americano,1,9,9,QR
TXN-8535,9/4/2026,20:16,Puncak Alam,Milk-based,Mocha,1,12,12,QR
TXN-8526,9/4/2026,20:31,Puncak Alam,Milk-based,Caramel Macchiato,1,13,13,QR
TXN-8470,9/4/2026,20:36,Putrajaya,Milk-based,Mocha,1,12,12,QR
TXN-8467,9/4/2026,20:40,Putrajaya,Milk-based,Cappuccino,1,11,11,QR
TXN-8510,9/4/2026,20:42,Putrajaya,Espresso-based,Espresso,1,7,7,QR
TXN-8504,9/4/2026,20:55,Putrajaya,Milk-based,Latte,3,11,33,QR
TXN-8546,9/4/2026,21:08,Puncak Alam,Ice Blended,Ice Blended Chocolate Chip,2,14,28,QR
TXN-8530,9/4/2026,21:28,Puncak Alam,Milk-based,Caramel Macchiato,2,13,26,QR
TXN-8463,9/4/2026,21:31,Putrajaya,Ice Blended,Ice Blended Chocolate Chip,1,14,14,QR
TXN-8517,9/4/2026,21:33,Puncak Alam,Milk-based,Caramel Macchiato,1,13,13,Cash
TXN-8487,9/4/2026,21:37,Putrajaya,Milk-based,Latte,2,11,22,QR
TXN-8538,9/4/2026,21:48,Puncak Alam,Espresso-based,Espresso,3,7,21,Cash
TXN-8518,9/4/2026,21:52,Puncak Alam,Milk-based,Cappuccino,2,11,22,QR
TXN-8448,9/4/2026,21:58,Putrajaya,Espresso-based,Espresso,1,7,7,QR
TXN-8516,9/4/2026,21:58,Puncak Alam,Espresso-based,Espresso,2,7,14,Cash
TXN-8604,10/4/2026,8:01,Putrajaya,Milk-based,Cappuccino,1,11,11,Cash
TXN-8591,10/4/2026,8:11,Putrajaya,Milk-based,Cappuccino,1,11,11,Cash
TXN-8605,10/4/2026,8:15,Putrajaya,Milk-based,Latte,1,11,11,Cash
TXN-8609,10/4/2026,8:15,Putrajaya,Milk-based,Cappuccino,2,11,22,QR
TXN-8607,10/4/2026,8:16,Putrajaya,Milk-based,Mocha,3,12,36,QR
TXN-8675,10/4/2026,8:17,Puncak Alam,Milk-based,Cappuccino,2,11,22,QR
TXN-8640,10/4/2026,8:20,Puncak Alam,Espresso-based,Americano,1,9,9,QR
TXN-8602,10/4/2026,8:51,Putrajaya,Milk-based,Caramel Macchiato,3,13,39,QR
TXN-8557,10/4/2026,8:52,Putrajaya,Milk-based,Mocha,3,12,36,Cash
TXN-8682,10/4/2026,9:02,Puncak Alam,Espresso-based,Americano,1,9,9,Cash
TXN-8685,10/4/2026,9:04,Puncak Alam,Ice Blended,Ice Blended Chocolate Chip,1,14,14,QR
TXN-8577,10/4/2026,9:09,Putrajaya,Espresso-based,Americano,1,9,9,QR
TXN-8561,10/4/2026,9:19,Putrajaya,Milk-based,Mocha,1,12,12,QR
TXN-8572,10/4/2026,9:36,Putrajaya,Milk-based,Caramel Macchiato,3,13,39,QR
TXN-8620,10/4/2026,9:36,Puncak Alam,Milk-based,Mocha,1,12,12,Cash
TXN-8638,10/4/2026,9:36,Puncak Alam,Espresso-based,Americano,2,9,18,QR
TXN-8550,10/4/2026,9:45,Putrajaya,Milk-based,Latte,1,11,11,Cash
TXN-8623,10/4/2026,9:46,Puncak Alam,Milk-based,Mocha,2,12,24,QR
TXN-8564,10/4/2026,9:56,Putrajaya,Milk-based,Latte,1,11,11,QR
TXN-8649,10/4/2026,10:04,Puncak Alam,Espresso-based,Americano,1,9,9,Cash
TXN-8614,10/4/2026,10:09,Putrajaya,Espresso-based,Americano,2,9,18,QR
TXN-8660,10/4/2026,10:14,Puncak Alam,Espresso-based,Americano,2,9,18,QR
TXN-8587,10/4/2026,10:17,Putrajaya,Milk-based,Mocha,1,12,12,QR
TXN-8559,10/4/2026,10:45,Putrajaya,Milk-based,Caramel Macchiato,1,13,13,Cash
TXN-8560,10/4/2026,10:50,Putrajaya,Milk-based,Latte,2,11,22,Cash
TXN-8601,10/4/2026,10:52,Putrajaya,Milk-based,Caramel Macchiato,3,13,39,QR
TXN-8579,10/4/2026,10:54,Putrajaya,Ice Blended,Ice Blended Chocolate Chip,2,14,28,QR
TXN-8642,10/4/2026,11:01,Puncak Alam,Espresso-based,Americano,3,9,27,Cash
TXN-8592,10/4/2026,11:08,Putrajaya,Espresso-based,Americano,1,9,9,QR
TXN-8617,10/4/2026,11:13,Puncak Alam,Milk-based,Latte,3,11,33,Cash
TXN-8625,10/4/2026,11:17,Puncak Alam,Milk-based,Mocha,1,12,12,QR
TXN-8563,10/4/2026,11:23,Putrajaya,Espresso-based,Americano,2,9,18,Cash
TXN-8635,10/4/2026,11:31,Puncak Alam,Milk-based,Latte,1,11,11,Cash
TXN-8655,10/4/2026,11:31,Puncak Alam,Milk-based,Caramel Macchiato,1,13,13,Cash
TXN-8628,10/4/2026,11:38,Puncak Alam,Milk-based,Cappuccino,1,11,11,Cash
TXN-8630,10/4/2026,11:39,Puncak Alam,Ice Blended,Ice Blended Chocolate Chip,1,14,14,Cash
TXN-8654,10/4/2026,11:41,Puncak Alam,Milk-based,Latte,1,11,11,QR
TXN-8581,10/4/2026,12:02,Putrajaya,Espresso-based,Americano,1,9,9,QR
TXN-8641,10/4/2026,12:11,Puncak Alam,Milk-based,Cappuccino,3,11,33,Cash
TXN-8653,10/4/2026,12:11,Puncak Alam,Espresso-based,Espresso,4,7,28,QR
TXN-8595,10/4/2026,12:25,Putrajaya,Milk-based,Cappuccino,2,11,22,QR
TXN-8596,10/4/2026,12:26,Putrajaya,Milk-based,Cappuccino,1,11,11,QR
TXN-8661,10/4/2026,12:27,Puncak Alam,Milk-based,Mocha,1,12,12,Cash
TXN-8551,10/4/2026,12:46,Putrajaya,Milk-based,Cappuccino,1,11,11,Cash
TXN-8648,10/4/2026,12:49,Puncak Alam,Milk-based,Cappuccino,1,11,11,QR
TXN-8673,10/4/2026,12:50,Puncak Alam,Milk-based,Latte,1,11,11,QR
TXN-8657,10/4/2026,12:53,Puncak Alam,Ice Blended,Ice Blended Chocolate Chip,2,14,28,QR
TXN-8619,10/4/2026,12:58,Puncak Alam,Ice Blended,Ice Blended Chocolate Chip,1,14,14,QR
TXN-8646,10/4/2026,13:21,Puncak Alam,Milk-based,Caramel Macchiato,1,13,13,QR
TXN-8684,10/4/2026,13:26,Puncak Alam,Ice Blended,Ice Blended Chocolate Chip,1,14,14,Cash
TXN-8626,10/4/2026,13:30,Puncak Alam,Milk-based,Caramel Macchiato,1,13,13,Cash
TXN-8553,10/4/2026,13:35,Putrajaya,Milk-based,Mocha,1,12,12,Cash
TXN-8583,10/4/2026,13:42,Putrajaya,Milk-based,Cappuccino,1,11,11,QR
TXN-8621,10/4/2026,13:46,Puncak Alam,Espresso-based,Espresso,1,7,7,QR
TXN-8576,10/4/2026,13:51,Putrajaya,Espresso-based,Espresso,2,7,14,QR
TXN-8574,10/4/2026,13:56,Putrajaya,Milk-based,Mocha,1,12,12,QR
TXN-8636,10/4/2026,13:59,Puncak Alam,Milk-based,Mocha,3,12,36,QR
TXN-8658,10/4/2026,14:00,Puncak Alam,Ice Blended,Ice Blended Chocolate Chip,2,14,28,QR
TXN-8680,10/4/2026,14:03,Puncak Alam,Milk-based,Mocha,3,12,36,QR
TXN-8594,10/4/2026,14:05,Putrajaya,Milk-based,Cappuccino,1,11,11,Cash
TXN-8598,10/4/2026,14:06,Putrajaya,Espresso-based,Americano,3,9,27,QR
TXN-8570,10/4/2026,14:27,Putrajaya,Milk-based,Caramel Macchiato,1,13,13,QR
TXN-8600,10/4/2026,14:33,Putrajaya,Milk-based,Latte,1,11,11,QR
TXN-8610,10/4/2026,14:48,Putrajaya,Milk-based,Latte,3,11,33,QR
TXN-8568,10/4/2026,14:49,Putrajaya,Milk-based,Caramel Macchiato,1,13,13,QR
TXN-8590,10/4/2026,14:49,Putrajaya,Milk-based,Mocha,4,12,48,Cash
TXN-8672,10/4/2026,14:53,Puncak Alam,Milk-based,Mocha,1,12,12,QR
TXN-8639,10/4/2026,15:02,Puncak Alam,Milk-based,Latte,1,11,11,QR
TXN-8593,10/4/2026,15:05,Putrajaya,Espresso-based,Espresso,1,7,7,Cash
TXN-8556,10/4/2026,15:07,Putrajaya,Milk-based,Mocha,1,12,12,Cash
TXN-8665,10/4/2026,15:09,Puncak Alam,Espresso-based,Espresso,1,7,7,QR
TXN-8666,10/4/2026,15:11,Puncak Alam,Milk-based,Cappuccino,2,11,22,QR
TXN-8552,10/4/2026,15:13,Putrajaya,Milk-based,Caramel Macchiato,1,13,13,Cash
TXN-8582,10/4/2026,15:15,Putrajaya,Milk-based,Cappuccino,2,11,22,Cash
TXN-8679,10/4/2026,15:19,Puncak Alam,Milk-based,Cappuccino,4,11,44,QR
TXN-8652,10/4/2026,15:25,Puncak Alam,Milk-based,Mocha,2,12,24,QR
TXN-8629,10/4/2026,15:52,Puncak Alam,Espresso-based,Espresso,1,7,7,QR
TXN-8671,10/4/2026,15:53,Puncak Alam,Milk-based,Cappuccino,1,11,11,QR
TXN-8627,10/4/2026,15:55,Puncak Alam,Milk-based,Latte,1,11,11,Cash
TXN-8637,10/4/2026,15:55,Puncak Alam,Milk-based,Caramel Macchiato,1,13,13,Cash
TXN-8615,10/4/2026,15:59,Puncak Alam,Espresso-based,Americano,1,9,9,QR
TXN-8573,10/4/2026,16:03,Putrajaya,Espresso-based,Espresso,2,7,14,QR
TXN-8599,10/4/2026,16:03,Putrajaya,Ice Blended,Ice Blended Chocolate Chip,1,14,14,QR
TXN-8566,10/4/2026,16:05,Putrajaya,Espresso-based,Americano,1,9,9,QR
TXN-8580,10/4/2026,16:09,Putrajaya,Ice Blended,Ice Blended Chocolate Chip,1,14,14,QR
TXN-8603,10/4/2026,16:21,Putrajaya,Espresso-based,Espresso,1,7,7,QR
TXN-8647,10/4/2026,16:23,Puncak Alam,Espresso-based,Espresso,1,7,7,Cash
TXN-8597,10/4/2026,16:26,Putrajaya,Milk-based,Latte,1,11,11,QR
TXN-8677,10/4/2026,16:26,Puncak Alam,Espresso-based,Americano,1,9,9,QR
TXN-8634,10/4/2026,16:32,Puncak Alam,Milk-based,Latte,1,11,11,QR
TXN-8622,10/4/2026,16:39,Puncak Alam,Milk-based,Cappuccino,1,11,11,QR
TXN-8676,10/4/2026,16:39,Puncak Alam,Milk-based,Caramel Macchiato,1,13,13,QR
TXN-8569,10/4/2026,16:53,Putrajaya,Milk-based,Mocha,1,12,12,QR
TXN-8589,10/4/2026,16:58,Putrajaya,Milk-based,Latte,1,11,11,QR
TXN-8683,10/4/2026,16:59,Puncak Alam,Ice Blended,Ice Blended Chocolate Chip,1,14,14,QR
TXN-8643,10/4/2026,17:01,Puncak Alam,Espresso-based,Espresso,2,7,14,QR
TXN-8632,10/4/2026,17:08,Puncak Alam,Milk-based,Mocha,1,12,12,QR
TXN-8554,10/4/2026,17:15,Putrajaya,Espresso-based,Americano,1,9,9,QR
TXN-8584,10/4/2026,17:25,Putrajaya,Milk-based,Cappuccino,1,11,11,QR
TXN-8606,10/4/2026,17:31,Putrajaya,Milk-based,Cappuccino,1,11,11,QR
TXN-8662,10/4/2026,18:00,Puncak Alam,Milk-based,Caramel Macchiato,1,13,13,QR
TXN-8616,10/4/2026,18:09,Puncak Alam,Milk-based,Cappuccino,1,11,11,Cash
TXN-8664,10/4/2026,18:09,Puncak Alam,Espresso-based,Americano,1,9,9,QR
TXN-8571,10/4/2026,18:17,Putrajaya,Milk-based,Caramel Macchiato,1,13,13,QR
TXN-8555,10/4/2026,18:21,Putrajaya,Milk-based,Mocha,1,12,12,QR
TXN-8650,10/4/2026,18:21,Puncak Alam,Milk-based,Latte,1,11,11,Cash
TXN-8588,10/4/2026,18:37,Putrajaya,Milk-based,Caramel Macchiato,2,13,26,Cash
TXN-8651,10/4/2026,18:39,Puncak Alam,Milk-based,Latte,1,11,11,QR
TXN-8663,10/4/2026,18:57,Puncak Alam,Milk-based,Mocha,2,12,24,QR
TXN-8558,10/4/2026,18:58,Putrajaya,Milk-based,Caramel Macchiato,1,13,13,QR
TXN-8645,10/4/2026,19:12,Puncak Alam,Milk-based,Caramel Macchiato,1,13,13,QR
TXN-8618,10/4/2026,19:14,Puncak Alam,Milk-based,Cappuccino,2,11,22,QR
TXN-8567,10/4/2026,19:22,Putrajaya,Espresso-based,Americano,2,9,18,Cash
TXN-8644,10/4/2026,19:25,Puncak Alam,Milk-based,Mocha,1,12,12,QR
TXN-8562,10/4/2026,19:29,Putrajaya,Ice Blended,Ice Blended Chocolate Chip,1,14,14,QR
TXN-8659,10/4/2026,19:44,Puncak Alam,Milk-based,Mocha,1,12,12,QR
TXN-8611,10/4/2026,19:50,Putrajaya,Milk-based,Caramel Macchiato,3,13,39,QR
TXN-8667,10/4/2026,19:54,Puncak Alam,Ice Blended,Ice Blended Chocolate Chip,2,14,28,Cash
TXN-8549,10/4/2026,20:04,Putrajaya,Milk-based,Caramel Macchiato,1,13,13,QR
TXN-8674,10/4/2026,20:06,Puncak Alam,Espresso-based,Americano,2,9,18,Cash
TXN-8631,10/4/2026,20:14,Puncak Alam,Espresso-based,Americano,1,9,9,QR
TXN-8586,10/4/2026,20:24,Putrajaya,Espresso-based,Espresso,1,7,7,QR
TXN-8624,10/4/2026,20:28,Puncak Alam,Ice Blended,Ice Blended Chocolate Chip,1,14,14,QR
TXN-8681,10/4/2026,20:28,Puncak Alam,Ice Blended,Ice Blended Chocolate Chip,1,14,14,QR
TXN-8613,10/4/2026,20:32,Putrajaya,Ice Blended,Ice Blended Chocolate Chip,1,14,14,QR
TXN-8578,10/4/2026,20:44,Putrajaya,Espresso-based,Americano,1,9,9,QR
TXN-8585,10/4/2026,20:49,Putrajaya,Milk-based,Latte,1,11,11,Cash
TXN-8565,10/4/2026,20:55,Putrajaya,Espresso-based,Espresso,1,7,7,QR
TXN-8670,10/4/2026,21:00,Puncak Alam,Espresso-based,Espresso,1,7,7,QR
TXN-8633,10/4/2026,21:03,Puncak Alam,Milk-based,Cappuccino,1,11,11,Cash
TXN-8575,10/4/2026,21:08,Putrajaya,Espresso-based,Espresso,1,7,7,QR
TXN-8668,10/4/2026,21:12,Puncak Alam,Milk-based,Latte,1,11,11,Cash
TXN-8656,10/4/2026,21:16,Puncak Alam,Milk-based,Cappuccino,2,11,22,QR
TXN-8669,10/4/2026,21:21,Puncak Alam,Ice Blended,Ice Blended Chocolate Chip,2,14,28,QR
TXN-8678,10/4/2026,21:23,Puncak Alam,Milk-based,Caramel Macchiato,1,13,13,QR
TXN-8612,10/4/2026,21:26,Putrajaya,Milk-based,Cappuccino,1,11,11,Cash
TXN-8608,10/4/2026,21:47,Putrajaya,Espresso-based,Americano,2,9,18,QR
TXN-8723,11/4/2026,8:02,Putrajaya,Espresso-based,Espresso,2,7,14,Cash
TXN-8743,11/4/2026,8:04,Putrajaya,Milk-based,Latte,1,11,11,Cash
TXN-8768,11/4/2026,8:15,Puncak Alam,Espresso-based,Americano,1,9,9,QR
TXN-8708,11/4/2026,8:16,Putrajaya,Milk-based,Mocha,1,12,12,Cash
TXN-8753,11/4/2026,8:26,Putrajaya,Ice Blended,Ice Blended Chocolate Chip,4,14,56,QR
TXN-8686,11/4/2026,8:29,Putrajaya,Espresso-based,Espresso,1,7,7,QR
TXN-8771,11/4/2026,9:01,Puncak Alam,Milk-based,Cappuccino,1,11,11,QR
TXN-8792,11/4/2026,9:13,Puncak Alam,Milk-based,Caramel Macchiato,1,13,13,QR
TXN-8688,11/4/2026,9:19,Putrajaya,Milk-based,Caramel Macchiato,1,13,13,Cash
TXN-8763,11/4/2026,9:53,Puncak Alam,Milk-based,Latte,1,11,11,QR
TXN-8777,11/4/2026,9:54,Puncak Alam,Milk-based,Cappuccino,1,11,11,Cash
TXN-8757,11/4/2026,10:11,Putrajaya,Milk-based,Mocha,1,12,12,QR
TXN-8759,11/4/2026,10:16,Puncak Alam,Espresso-based,Americano,2,9,18,Cash
TXN-8752,11/4/2026,10:18,Putrajaya,Milk-based,Caramel Macchiato,1,13,13,QR
TXN-8781,11/4/2026,10:21,Puncak Alam,Espresso-based,Espresso,3,7,21,QR
TXN-8715,11/4/2026,10:38,Putrajaya,Milk-based,Cappuccino,1,11,11,QR
TXN-8703,11/4/2026,11:00,Putrajaya,Milk-based,Caramel Macchiato,1,13,13,Cash
TXN-8772,11/4/2026,11:01,Puncak Alam,Milk-based,Latte,2,11,22,QR
TXN-8738,11/4/2026,11:14,Putrajaya,Milk-based,Mocha,1,12,12,Cash
TXN-8729,11/4/2026,11:42,Putrajaya,Milk-based,Latte,1,11,11,QR
TXN-8707,11/4/2026,11:43,Putrajaya,Espresso-based,Americano,2,9,18,Cash
TXN-8764,11/4/2026,11:44,Puncak Alam,Milk-based,Caramel Macchiato,1,13,13,QR
TXN-8713,11/4/2026,11:47,Putrajaya,Milk-based,Latte,2,11,22,QR
TXN-8721,11/4/2026,11:55,Putrajaya,Espresso-based,Americano,3,9,27,QR
TXN-8701,11/4/2026,12:00,Putrajaya,Espresso-based,Americano,3,9,27,QR
TXN-8797,11/4/2026,12:04,Puncak Alam,Ice Blended,Ice Blended Chocolate Chip,1,14,14,QR
TXN-8692,11/4/2026,12:12,Putrajaya,Espresso-based,Americano,1,9,9,Cash
TXN-8710,11/4/2026,12:15,Putrajaya,Espresso-based,Americano,1,9,9,QR
TXN-8687,11/4/2026,12:19,Putrajaya,Milk-based,Mocha,1,12,12,QR
TXN-8737,11/4/2026,12:21,Putrajaya,Milk-based,Mocha,2,12,24,Cash
TXN-8699,11/4/2026,12:57,Putrajaya,Milk-based,Mocha,1,12,12,Cash
TXN-8755,11/4/2026,13:00,Putrajaya,Ice Blended,Ice Blended Chocolate Chip,3,14,42,QR
TXN-8778,11/4/2026,13:11,Puncak Alam,Milk-based,Latte,1,11,11,Cash
TXN-8716,11/4/2026,13:12,Putrajaya,Espresso-based,Espresso,2,7,14,QR
TXN-8700,11/4/2026,13:19,Putrajaya,Espresso-based,Espresso,1,7,7,Cash
TXN-8754,11/4/2026,13:26,Putrajaya,Milk-based,Latte,2,11,22,Cash
TXN-8740,11/4/2026,13:28,Putrajaya,Espresso-based,Americano,1,9,9,QR
TXN-8780,11/4/2026,13:28,Puncak Alam,Espresso-based,Espresso,1,7,7,Cash
TXN-8730,11/4/2026,13:29,Putrajaya,Espresso-based,Espresso,1,7,7,QR
TXN-8750,11/4/2026,13:50,Putrajaya,Milk-based,Mocha,1,12,12,QR
TXN-8719,11/4/2026,13:55,Putrajaya,Milk-based,Cappuccino,2,11,22,QR
TXN-8756,11/4/2026,14:02,Putrajaya,Espresso-based,Espresso,1,7,7,QR
TXN-8751,11/4/2026,14:13,Putrajaya,Ice Blended,Ice Blended Chocolate Chip,1,14,14,QR
TXN-8714,11/4/2026,14:18,Putrajaya,Milk-based,Mocha,2,12,24,Cash
TXN-8760,11/4/2026,14:19,Puncak Alam,Milk-based,Mocha,1,12,12,QR
TXN-8717,11/4/2026,14:25,Putrajaya,Espresso-based,Espresso,1,7,7,QR
TXN-8689,11/4/2026,14:28,Putrajaya,Milk-based,Caramel Macchiato,1,13,13,QR
TXN-8748,11/4/2026,14:28,Putrajaya,Espresso-based,Espresso,1,7,7,QR
TXN-8706,11/4/2026,14:30,Putrajaya,Espresso-based,Espresso,4,7,28,QR
TXN-8726,11/4/2026,14:46,Putrajaya,Espresso-based,Americano,1,9,9,QR
TXN-8696,11/4/2026,15:06,Putrajaya,Ice Blended,Ice Blended Chocolate Chip,1,14,14,QR
TXN-8734,11/4/2026,15:12,Putrajaya,Milk-based,Mocha,1,12,12,Cash
TXN-8790,11/4/2026,15:13,Puncak Alam,Milk-based,Caramel Macchiato,1,13,13,QR
TXN-8774,11/4/2026,15:29,Puncak Alam,Ice Blended,Ice Blended Chocolate Chip,1,14,14,QR
TXN-8762,11/4/2026,15:39,Puncak Alam,Espresso-based,Espresso,1,7,7,Cash
TXN-8786,11/4/2026,16:00,Puncak Alam,Espresso-based,Espresso,1,7,7,QR
TXN-8697,11/4/2026,16:05,Putrajaya,Espresso-based,Americano,1,9,9,QR
TXN-8741,11/4/2026,16:05,Putrajaya,Espresso-based,Espresso,1,7,7,QR
TXN-8736,11/4/2026,16:08,Putrajaya,Milk-based,Latte,1,11,11,QR
TXN-8776,11/4/2026,16:27,Puncak Alam,Milk-based,Mocha,3,12,36,Cash
TXN-8739,11/4/2026,16:29,Putrajaya,Milk-based,Caramel Macchiato,1,13,13,QR
TXN-8795,11/4/2026,16:33,Puncak Alam,Milk-based,Cappuccino,1,11,11,QR
TXN-8783,11/4/2026,16:49,Puncak Alam,Espresso-based,Americano,1,9,9,QR
TXN-8698,11/4/2026,16:50,Putrajaya,Espresso-based,Americano,1,9,9,QR
TXN-8712,11/4/2026,16:52,Putrajaya,Milk-based,Mocha,1,12,12,QR
TXN-8746,11/4/2026,16:52,Putrajaya,Espresso-based,Americano,1,9,9,QR
TXN-8711,11/4/2026,17:10,Putrajaya,Espresso-based,Americano,2,9,18,QR
TXN-8798,11/4/2026,17:20,Puncak Alam,Milk-based,Cappuccino,1,11,11,QR
TXN-8749,11/4/2026,17:21,Putrajaya,Milk-based,Latte,1,11,11,QR
TXN-8728,11/4/2026,17:27,Putrajaya,Ice Blended,Ice Blended Chocolate Chip,1,14,14,QR
TXN-8770,11/4/2026,17:27,Puncak Alam,Milk-based,Latte,1,11,11,Cash
TXN-8735,11/4/2026,17:30,Putrajaya,Milk-based,Mocha,1,12,12,Cash
TXN-8785,11/4/2026,17:30,Puncak Alam,Espresso-based,Espresso,1,7,7,QR
TXN-8733,11/4/2026,17:33,Putrajaya,Milk-based,Cappuccino,1,11,11,QR
TXN-8705,11/4/2026,17:35,Putrajaya,Milk-based,Mocha,2,12,24,Cash
TXN-8765,11/4/2026,17:44,Puncak Alam,Espresso-based,Americano,1,9,9,Cash
TXN-8761,11/4/2026,17:49,Puncak Alam,Milk-based,Latte,2,11,22,QR
TXN-8747,11/4/2026,17:55,Putrajaya,Milk-based,Caramel Macchiato,1,13,13,Cash
TXN-8727,11/4/2026,17:56,Putrajaya,Espresso-based,Espresso,1,7,7,Cash
TXN-8779,11/4/2026,18:01,Puncak Alam,Ice Blended,Ice Blended Chocolate Chip,1,14,14,QR
TXN-8758,11/4/2026,18:05,Putrajaya,Espresso-based,Americano,1,9,9,QR
TXN-8691,11/4/2026,18:25,Putrajaya,Milk-based,Caramel Macchiato,3,13,39,QR
TXN-8709,11/4/2026,18:28,Putrajaya,Milk-based,Mocha,1,12,12,QR
TXN-8767,11/4/2026,18:40,Puncak Alam,Ice Blended,Ice Blended Chocolate Chip,1,14,14,QR
TXN-8787,11/4/2026,18:41,Puncak Alam,Espresso-based,Espresso,1,7,7,Cash
TXN-8769,11/4/2026,18:53,Puncak Alam,Milk-based,Mocha,1,12,12,Cash
TXN-8722,11/4/2026,18:54,Putrajaya,Espresso-based,Espresso,2,7,14,QR
TXN-8742,11/4/2026,18:56,Putrajaya,Espresso-based,Espresso,1,7,7,QR
TXN-8782,11/4/2026,19:07,Puncak Alam,Milk-based,Latte,1,11,11,QR
TXN-8794,11/4/2026,19:11,Puncak Alam,Espresso-based,Espresso,2,7,14,QR
TXN-8773,11/4/2026,19:13,Puncak Alam,Milk-based,Cappuccino,1,11,11,QR
TXN-8720,11/4/2026,19:19,Putrajaya,Espresso-based,Espresso,1,7,7,QR
TXN-8784,11/4/2026,19:38,Puncak Alam,Milk-based,Caramel Macchiato,1,13,13,Cash
TXN-8791,11/4/2026,19:54,Puncak Alam,Espresso-based,Espresso,1,7,7,Cash
TXN-8725,11/4/2026,20:29,Putrajaya,Espresso-based,Espresso,2,7,14,Cash
TXN-8704,11/4/2026,20:36,Putrajaya,Ice Blended,Ice Blended Chocolate Chip,1,14,14,Cash
TXN-8745,11/4/2026,20:36,Putrajaya,Milk-based,Mocha,2,12,24,QR
TXN-8789,11/4/2026,20:40,Puncak Alam,Milk-based,Latte,2,11,22,QR
TXN-8693,11/4/2026,20:47,Putrajaya,Espresso-based,Espresso,1,7,7,QR
TXN-8718,11/4/2026,20:48,Putrajaya,Espresso-based,Espresso,3,7,21,QR
TXN-8732,11/4/2026,20:52,Putrajaya,Espresso-based,Americano,1,9,9,QR
TXN-8766,11/4/2026,20:52,Puncak Alam,Ice Blended,Ice Blended Chocolate Chip,2,14,28,QR
TXN-8695,11/4/2026,20:58,Putrajaya,Ice Blended,Ice Blended Chocolate Chip,1,14,14,Cash
TXN-8788,11/4/2026,21:21,Puncak Alam,Espresso-based,Espresso,1,7,7,Cash
TXN-8690,11/4/2026,21:24,Putrajaya,Milk-based,Mocha,3,12,36,QR
TXN-8724,11/4/2026,21:26,Putrajaya,Milk-based,Caramel Macchiato,1,13,13,Cash
TXN-8731,11/4/2026,21:29,Putrajaya,Milk-based,Latte,1,11,11,QR
TXN-8796,11/4/2026,21:38,Puncak Alam,Ice Blended,Ice Blended Chocolate Chip,1,14,14,QR
TXN-8694,11/4/2026,21:42,Putrajaya,Milk-based,Cappuccino,3,11,33,QR
TXN-8793,11/4/2026,21:46,Puncak Alam,Milk-based,Mocha,2,12,24,QR
TXN-8744,11/4/2026,21:48,Putrajaya,Milk-based,Latte,1,11,11,Cash
TXN-8775,11/4/2026,21:48,Puncak Alam,Espresso-based,Espresso,4,7,28,QR
TXN-8702,11/4/2026,21:59,Putrajaya,Espresso-based,Espresso,2,7,14,QR
TXN-8806,12/4/2026,8:19,Putrajaya,Milk-based,Cappuccino,1,11,11,Cash
TXN-8802,12/4/2026,8:23,Putrajaya,Ice Blended,Ice Blended Chocolate Chip,1,14,14,QR
TXN-8856,12/4/2026,8:27,Puncak Alam,Milk-based,Mocha,1,12,12,QR
TXN-8910,12/4/2026,8:29,Puncak Alam,Espresso-based,Espresso,1,7,7,Cash
TXN-8861,12/4/2026,8:34,Puncak Alam,Milk-based,Latte,2,11,22,QR
TXN-8800,12/4/2026,8:40,Putrajaya,Milk-based,Latte,1,11,11,QR
TXN-8853,12/4/2026,8:44,Puncak Alam,Ice Blended,Ice Blended Chocolate Chip,2,14,28,QR
TXN-8851,12/4/2026,9:06,Puncak Alam,Milk-based,Latte,1,11,11,QR
TXN-8833,12/4/2026,9:12,Putrajaya,Milk-based,Latte,1,11,11,QR
TXN-8831,12/4/2026,9:19,Putrajaya,Milk-based,Caramel Macchiato,2,13,26,QR
TXN-8839,12/4/2026,9:21,Puncak Alam,Milk-based,Latte,1,11,11,QR
TXN-8815,12/4/2026,9:27,Putrajaya,Milk-based,Mocha,1,12,12,QR
TXN-8855,12/4/2026,9:36,Puncak Alam,Milk-based,Cappuccino,1,11,11,QR
TXN-8913,12/4/2026,9:37,Puncak Alam,Ice Blended,Ice Blended Chocolate Chip,2,14,28,Cash
TXN-8903,12/4/2026,9:54,Puncak Alam,Milk-based,Caramel Macchiato,1,13,13,QR
TXN-8826,12/4/2026,9:55,Putrajaya,Espresso-based,Espresso,2,7,14,QR
TXN-8829,12/4/2026,10:04,Putrajaya,Espresso-based,Americano,2,9,18,QR
TXN-8814,12/4/2026,10:08,Putrajaya,Espresso-based,Americano,2,9,18,QR
TXN-8911,12/4/2026,10:18,Puncak Alam,Espresso-based,Espresso,1,7,7,QR
TXN-8801,12/4/2026,10:29,Putrajaya,Espresso-based,Americano,1,9,9,QR
TXN-8825,12/4/2026,10:30,Putrajaya,Milk-based,Caramel Macchiato,2,13,26,QR
TXN-8828,12/4/2026,10:32,Putrajaya,Milk-based,Caramel Macchiato,1,13,13,QR
TXN-8880,12/4/2026,10:39,Puncak Alam,Ice Blended,Ice Blended Chocolate Chip,1,14,14,Cash
TXN-8813,12/4/2026,10:45,Putrajaya,Milk-based,Latte,1,11,11,QR
TXN-8849,12/4/2026,10:48,Puncak Alam,Milk-based,Mocha,1,12,12,Cash
TXN-8907,12/4/2026,10:48,Puncak Alam,Milk-based,Latte,3,11,33,QR
TXN-8916,12/4/2026,10:59,Puncak Alam,Espresso-based,Espresso,1,7,7,Cash
TXN-8837,12/4/2026,11:07,Putrajaya,Espresso-based,Americano,1,9,9,Cash
TXN-8893,12/4/2026,11:13,Puncak Alam,Espresso-based,Espresso,1,7,7,Cash
TXN-8873,12/4/2026,11:15,Puncak Alam,Milk-based,Cappuccino,1,11,11,QR
TXN-8808,12/4/2026,11:20,Putrajaya,Ice Blended,Ice Blended Chocolate Chip,1,14,14,QR
TXN-8863,12/4/2026,11:22,Puncak Alam,Espresso-based,Espresso,2,7,14,QR
TXN-8844,12/4/2026,11:30,Puncak Alam,Espresso-based,Americano,2,9,18,Cash
TXN-8838,12/4/2026,11:38,Puncak Alam,Milk-based,Caramel Macchiato,1,13,13,QR
TXN-8883,12/4/2026,11:38,Puncak Alam,Ice Blended,Ice Blended Chocolate Chip,1,14,14,QR
TXN-8842,12/4/2026,11:40,Puncak Alam,Milk-based,Latte,1,11,11,QR
TXN-8879,12/4/2026,11:48,Puncak Alam,Espresso-based,Espresso,4,7,28,QR
TXN-8866,12/4/2026,12:00,Puncak Alam,Milk-based,Cappuccino,1,11,11,Cash
TXN-8804,12/4/2026,12:14,Putrajaya,Milk-based,Caramel Macchiato,1,13,13,QR
TXN-8904,12/4/2026,12:19,Puncak Alam,Milk-based,Mocha,1,12,12,QR
TXN-8843,12/4/2026,12:26,Puncak Alam,Milk-based,Caramel Macchiato,1,13,13,QR
TXN-8848,12/4/2026,12:30,Puncak Alam,Espresso-based,Espresso,1,7,7,Cash
TXN-8890,12/4/2026,12:31,Puncak Alam,Ice Blended,Ice Blended Chocolate Chip,1,14,14,Cash
TXN-8834,12/4/2026,12:32,Putrajaya,Milk-based,Cappuccino,1,11,11,Cash
TXN-8823,12/4/2026,12:35,Putrajaya,Milk-based,Caramel Macchiato,2,13,26,Cash
TXN-8857,12/4/2026,13:05,Puncak Alam,Espresso-based,Americano,1,9,9,QR
TXN-8875,12/4/2026,13:06,Puncak Alam,Milk-based,Caramel Macchiato,1,13,13,Cash
TXN-8881,12/4/2026,13:09,Puncak Alam,Ice Blended,Ice Blended Chocolate Chip,1,14,14,Cash
TXN-8912,12/4/2026,13:12,Puncak Alam,Ice Blended,Ice Blended Chocolate Chip,1,14,14,Cash
TXN-8819,12/4/2026,13:19,Putrajaya,Milk-based,Cappuccino,1,11,11,QR
TXN-8905,12/4/2026,13:25,Puncak Alam,Milk-based,Caramel Macchiato,3,13,39,Cash
TXN-8840,12/4/2026,13:26,Puncak Alam,Ice Blended,Ice Blended Chocolate Chip,1,14,14,QR
TXN-8889,12/4/2026,13:30,Puncak Alam,Espresso-based,Americano,1,9,9,Cash
TXN-8906,12/4/2026,13:47,Puncak Alam,Espresso-based,Americano,1,9,9,Cash
TXN-8908,12/4/2026,14:00,Puncak Alam,Milk-based,Mocha,1,12,12,QR
TXN-8895,12/4/2026,14:01,Puncak Alam,Milk-based,Caramel Macchiato,2,13,26,Cash
TXN-8877,12/4/2026,14:17,Puncak Alam,Milk-based,Cappuccino,1,11,11,Cash
TXN-8897,12/4/2026,14:25,Puncak Alam,Milk-based,Latte,1,11,11,QR
TXN-8882,12/4/2026,14:51,Puncak Alam,Ice Blended,Ice Blended Chocolate Chip,2,14,28,QR
TXN-8827,12/4/2026,14:59,Putrajaya,Milk-based,Mocha,1,12,12,Cash
TXN-8816,12/4/2026,15:00,Putrajaya,Espresso-based,Espresso,1,7,7,Cash
TXN-8822,12/4/2026,15:14,Putrajaya,Milk-based,Latte,1,11,11,QR
TXN-8878,12/4/2026,15:14,Puncak Alam,Milk-based,Caramel Macchiato,1,13,13,Cash
TXN-8891,12/4/2026,15:14,Puncak Alam,Espresso-based,Americano,1,9,9,QR
TXN-8892,12/4/2026,15:14,Puncak Alam,Milk-based,Latte,1,11,11,QR
TXN-8900,12/4/2026,15:17,Puncak Alam,Milk-based,Latte,1,11,11,QR
TXN-8870,12/4/2026,15:35,Puncak Alam,Milk-based,Caramel Macchiato,1,13,13,QR
TXN-8846,12/4/2026,15:42,Puncak Alam,Ice Blended,Ice Blended Chocolate Chip,2,14,28,QR
TXN-8909,12/4/2026,15:46,Puncak Alam,Milk-based,Caramel Macchiato,2,13,26,QR
TXN-8894,12/4/2026,15:48,Puncak Alam,Espresso-based,Espresso,1,7,7,QR
TXN-8803,12/4/2026,15:55,Putrajaya,Milk-based,Mocha,1,12,12,QR
TXN-8799,12/4/2026,16:03,Putrajaya,Ice Blended,Ice Blended Chocolate Chip,1,14,14,QR
TXN-8871,12/4/2026,16:08,Puncak Alam,Milk-based,Cappuccino,1,11,11,QR
TXN-8884,12/4/2026,16:10,Puncak Alam,Milk-based,Cappuccino,2,11,22,QR
TXN-8830,12/4/2026,16:11,Putrajaya,Milk-based,Latte,3,11,33,Cash
TXN-8868,12/4/2026,16:20,Puncak Alam,Milk-based,Mocha,1,12,12,QR
TXN-8872,12/4/2026,16:53,Puncak Alam,Milk-based,Cappuccino,1,11,11,QR
TXN-8845,12/4/2026,17:02,Puncak Alam,Milk-based,Caramel Macchiato,2,13,26,Cash
TXN-8865,12/4/2026,17:02,Puncak Alam,Espresso-based,Americano,1,9,9,QR
TXN-8860,12/4/2026,17:06,Puncak Alam,Milk-based,Mocha,1,12,12,QR
TXN-8862,12/4/2026,17:08,Puncak Alam,Espresso-based,Americano,4,9,36,QR
TXN-8807,12/4/2026,17:16,Putrajaya,Milk-based,Caramel Macchiato,1,13,13,QR
TXN-8847,12/4/2026,17:27,Puncak Alam,Milk-based,Latte,3,11,33,QR
TXN-8898,12/4/2026,17:28,Puncak Alam,Milk-based,Latte,2,11,22,QR
TXN-8869,12/4/2026,17:30,Puncak Alam,Milk-based,Mocha,1,12,12,QR
TXN-8864,12/4/2026,17:49,Puncak Alam,Milk-based,Mocha,1,12,12,QR
TXN-8811,12/4/2026,18:12,Putrajaya,Milk-based,Mocha,1,12,12,QR
TXN-8874,12/4/2026,18:12,Puncak Alam,Milk-based,Cappuccino,1,11,11,QR
TXN-8805,12/4/2026,18:19,Putrajaya,Espresso-based,Espresso,1,7,7,QR
TXN-8876,12/4/2026,18:20,Puncak Alam,Milk-based,Latte,1,11,11,QR
TXN-8859,12/4/2026,18:21,Puncak Alam,Milk-based,Latte,1,11,11,QR
TXN-8858,12/4/2026,18:25,Puncak Alam,Milk-based,Mocha,2,12,24,QR
TXN-8914,12/4/2026,18:25,Puncak Alam,Milk-based,Caramel Macchiato,1,13,13,QR
TXN-8809,12/4/2026,18:31,Putrajaya,Espresso-based,Espresso,1,7,7,QR
TXN-8835,12/4/2026,18:37,Putrajaya,Ice Blended,Ice Blended Chocolate Chip,1,14,14,QR
TXN-8832,12/4/2026,18:39,Putrajaya,Ice Blended,Ice Blended Chocolate Chip,2,14,28,QR
TXN-8886,12/4/2026,18:45,Puncak Alam,Milk-based,Latte,1,11,11,QR
TXN-8818,12/4/2026,18:56,Putrajaya,Ice Blended,Ice Blended Chocolate Chip,1,14,14,QR
TXN-8915,12/4/2026,18:56,Puncak Alam,Espresso-based,Espresso,1,7,7,QR
TXN-8841,12/4/2026,19:03,Puncak Alam,Ice Blended,Ice Blended Chocolate Chip,1,14,14,QR
TXN-8901,12/4/2026,19:09,Puncak Alam,Ice Blended,Ice Blended Chocolate Chip,1,14,14,QR
TXN-8867,12/4/2026,19:10,Puncak Alam,Milk-based,Latte,1,11,11,Cash
TXN-8854,12/4/2026,19:49,Puncak Alam,Milk-based,Cappuccino,1,11,11,QR
TXN-8888,12/4/2026,19:49,Puncak Alam,Milk-based,Cappuccino,1,11,11,Cash
TXN-8896,12/4/2026,19:51,Puncak Alam,Milk-based,Mocha,1,12,12,QR
TXN-8899,12/4/2026,19:54,Puncak Alam,Espresso-based,Americano,2,9,18,QR
TXN-8852,12/4/2026,20:05,Puncak Alam,Milk-based,Caramel Macchiato,1,13,13,Cash
TXN-8821,12/4/2026,20:14,Putrajaya,Espresso-based,Americano,1,9,9,QR
TXN-8885,12/4/2026,20:37,Puncak Alam,Milk-based,Caramel Macchiato,1,13,13,Cash
TXN-8824,12/4/2026,20:52,Putrajaya,Espresso-based,Americano,1,9,9,QR
TXN-8810,12/4/2026,20:56,Putrajaya,Milk-based,Cappuccino,2,11,22,Cash
TXN-8820,12/4/2026,20:57,Putrajaya,Milk-based,Mocha,1,12,12,QR
TXN-8902,12/4/2026,21:26,Puncak Alam,Milk-based,Mocha,1,12,12,Cash
TXN-8887,12/4/2026,21:30,Puncak Alam,Milk-based,Cappuccino,1,11,11,QR
TXN-8817,12/4/2026,21:36,Putrajaya,Espresso-based,Americano,1,9,9,QR
TXN-8812,12/4/2026,21:37,Putrajaya,Ice Blended,Ice Blended Chocolate Chip,1,14,14,QR
TXN-8850,12/4/2026,21:55,Puncak Alam,Espresso-based,Espresso,2,7,14,Cash
TXN-8836,12/4/2026,21:58,Putrajaya,Milk-based,Latte,1,11,11,QR
TXN-8987,13/4/2026,8:00,Puncak Alam,Espresso-based,Americano,1,9,9,Cash
TXN-9006,13/4/2026,8:02,Puncak Alam,Milk-based,Latte,2,11,22,Cash
TXN-9009,13/4/2026,8:06,Puncak Alam,Milk-based,Cappuccino,1,11,11,QR
TXN-8976,13/4/2026,8:18,Puncak Alam,Milk-based,Mocha,2,12,24,QR
TXN-8950,13/4/2026,8:21,Putrajaya,Espresso-based,Espresso,1,7,7,QR
TXN-9013,13/4/2026,8:21,Puncak Alam,Milk-based,Caramel Macchiato,2,13,26,QR
TXN-8981,13/4/2026,8:29,Puncak Alam,Milk-based,Mocha,1,12,12,QR
TXN-8927,13/4/2026,8:43,Putrajaya,Milk-based,Latte,1,11,11,QR
TXN-8920,13/4/2026,8:47,Putrajaya,Ice Blended,Ice Blended Chocolate Chip,1,14,14,QR
TXN-8928,13/4/2026,8:51,Putrajaya,Espresso-based,Espresso,3,7,21,QR
TXN-9003,13/4/2026,8:54,Puncak Alam,Espresso-based,Espresso,2,7,14,QR
TXN-9004,13/4/2026,9:04,Puncak Alam,Milk-based,Cappuccino,1,11,11,QR
TXN-8963,13/4/2026,9:05,Puncak Alam,Espresso-based,Americano,1,9,9,Cash
TXN-9007,13/4/2026,9:15,Puncak Alam,Espresso-based,Espresso,1,7,7,QR
TXN-8934,13/4/2026,9:18,Putrajaya,Espresso-based,Espresso,1,7,7,QR
TXN-8957,13/4/2026,9:18,Putrajaya,Espresso-based,Americano,1,9,9,QR
TXN-8926,13/4/2026,9:19,Putrajaya,Milk-based,Caramel Macchiato,3,13,39,QR
TXN-8961,13/4/2026,9:21,Puncak Alam,Espresso-based,Espresso,1,7,7,Cash
TXN-8935,13/4/2026,9:24,Putrajaya,Milk-based,Latte,1,11,11,QR
TXN-8940,13/4/2026,9:28,Putrajaya,Milk-based,Latte,1,11,11,QR
TXN-8965,13/4/2026,9:32,Puncak Alam,Espresso-based,Americano,1,9,9,QR
TXN-8919,13/4/2026,9:36,Putrajaya,Milk-based,Caramel Macchiato,3,13,39,QR
TXN-8972,13/4/2026,9:39,Puncak Alam,Milk-based,Cappuccino,2,11,22,Cash
TXN-8939,13/4/2026,10:18,Putrajaya,Milk-based,Mocha,1,12,12,Cash
TXN-9014,13/4/2026,10:23,Puncak Alam,Milk-based,Caramel Macchiato,1,13,13,Cash
TXN-9020,13/4/2026,10:28,Puncak Alam,Milk-based,Latte,1,11,11,QR
TXN-8995,13/4/2026,10:36,Puncak Alam,Milk-based,Latte,1,11,11,QR
TXN-8984,13/4/2026,10:50,Puncak Alam,Milk-based,Mocha,1,12,12,Cash
TXN-8951,13/4/2026,10:58,Putrajaya,Milk-based,Cappuccino,2,11,22,Cash
TXN-8953,13/4/2026,11:03,Putrajaya,Milk-based,Latte,1,11,11,Cash
TXN-8969,13/4/2026,11:07,Puncak Alam,Ice Blended,Ice Blended Chocolate Chip,2,14,28,QR
TXN-8947,13/4/2026,11:16,Putrajaya,Milk-based,Caramel Macchiato,1,13,13,Cash
TXN-9017,13/4/2026,11:21,Puncak Alam,Milk-based,Mocha,1,12,12,QR
TXN-9010,13/4/2026,11:35,Puncak Alam,Milk-based,Mocha,1,12,12,Cash
TXN-8979,13/4/2026,12:08,Puncak Alam,Ice Blended,Ice Blended Chocolate Chip,1,14,14,QR
TXN-8948,13/4/2026,12:23,Putrajaya,Ice Blended,Ice Blended Chocolate Chip,1,14,14,QR
TXN-9000,13/4/2026,12:28,Puncak Alam,Milk-based,Latte,2,11,22,QR
TXN-8959,13/4/2026,12:40,Putrajaya,Milk-based,Caramel Macchiato,2,13,26,QR
TXN-8918,13/4/2026,12:41,Putrajaya,Espresso-based,Espresso,2,7,14,QR
TXN-8932,13/4/2026,12:44,Putrajaya,Milk-based,Mocha,1,12,12,QR
TXN-8971,13/4/2026,12:44,Puncak Alam,Espresso-based,Americano,1,9,9,QR
TXN-8956,13/4/2026,12:46,Putrajaya,Milk-based,Mocha,1,12,12,QR
TXN-8968,13/4/2026,12:50,Puncak Alam,Milk-based,Caramel Macchiato,1,13,13,QR
TXN-8929,13/4/2026,12:53,Putrajaya,Espresso-based,Americano,1,9,9,QR
TXN-8958,13/4/2026,12:57,Putrajaya,Ice Blended,Ice Blended Chocolate Chip,1,14,14,QR
TXN-9005,13/4/2026,12:59,Puncak Alam,Espresso-based,Espresso,2,7,14,Cash
TXN-8960,13/4/2026,13:02,Putrajaya,Espresso-based,Espresso,1,7,7,Cash
TXN-8945,13/4/2026,13:26,Putrajaya,Ice Blended,Ice Blended Chocolate Chip,1,14,14,QR
TXN-8922,13/4/2026,13:34,Putrajaya,Espresso-based,Americano,1,9,9,Cash
TXN-8923,13/4/2026,13:42,Putrajaya,Milk-based,Latte,1,11,11,QR
TXN-8992,13/4/2026,13:47,Puncak Alam,Milk-based,Latte,1,11,11,QR
TXN-8944,13/4/2026,13:54,Putrajaya,Milk-based,Mocha,1,12,12,Cash
TXN-8938,13/4/2026,14:03,Putrajaya,Milk-based,Caramel Macchiato,1,13,13,QR
TXN-8930,13/4/2026,14:09,Putrajaya,Espresso-based,Americano,1,9,9,Cash
TXN-8999,13/4/2026,14:16,Puncak Alam,Ice Blended,Ice Blended Chocolate Chip,1,14,14,QR
TXN-8994,13/4/2026,14:26,Puncak Alam,Milk-based,Cappuccino,1,11,11,Cash
TXN-8933,13/4/2026,14:48,Putrajaya,Ice Blended,Ice Blended Chocolate Chip,1,14,14,QR
TXN-8949,13/4/2026,14:54,Putrajaya,Milk-based,Caramel Macchiato,2,13,26,QR
TXN-8954,13/4/2026,15:08,Putrajaya,Milk-based,Latte,1,11,11,QR
TXN-9019,13/4/2026,15:23,Puncak Alam,Milk-based,Cappuccino,1,11,11,QR
TXN-8964,13/4/2026,15:29,Puncak Alam,Milk-based,Cappuccino,1,11,11,QR
TXN-8925,13/4/2026,15:31,Putrajaya,Milk-based,Cappuccino,1,11,11,QR
TXN-9015,13/4/2026,15:31,Puncak Alam,Espresso-based,Americano,1,9,9,Cash
TXN-8941,13/4/2026,15:38,Putrajaya,Ice Blended,Ice Blended Chocolate Chip,1,14,14,QR
TXN-8993,13/4/2026,15:44,Puncak Alam,Milk-based,Caramel Macchiato,1,13,13,QR
TXN-8975,13/4/2026,15:46,Puncak Alam,Ice Blended,Ice Blended Chocolate Chip,1,14,14,QR
TXN-8924,13/4/2026,15:53,Putrajaya,Milk-based,Cappuccino,1,11,11,QR
TXN-8996,13/4/2026,16:18,Puncak Alam,Ice Blended,Ice Blended Chocolate Chip,2,14,28,Cash
TXN-8988,13/4/2026,16:32,Puncak Alam,Milk-based,Cappuccino,1,11,11,Cash
TXN-9018,13/4/2026,16:33,Puncak Alam,Milk-based,Mocha,1,12,12,QR
TXN-8990,13/4/2026,16:54,Puncak Alam,Ice Blended,Ice Blended Chocolate Chip,1,14,14,QR
TXN-9012,13/4/2026,16:57,Puncak Alam,Milk-based,Mocha,2,12,24,Cash
TXN-8982,13/4/2026,17:04,Puncak Alam,Milk-based,Caramel Macchiato,1,13,13,QR
TXN-8986,13/4/2026,17:14,Puncak Alam,Milk-based,Mocha,1,12,12,Cash
TXN-8977,13/4/2026,17:39,Puncak Alam,Milk-based,Cappuccino,1,11,11,QR
TXN-8962,13/4/2026,17:49,Puncak Alam,Milk-based,Caramel Macchiato,1,13,13,QR
TXN-8967,13/4/2026,17:55,Puncak Alam,Milk-based,Cappuccino,1,11,11,QR
TXN-9002,13/4/2026,18:02,Puncak Alam,Milk-based,Mocha,3,12,36,QR
TXN-8937,13/4/2026,18:09,Putrajaya,Milk-based,Cappuccino,1,11,11,QR
TXN-8998,13/4/2026,18:34,Puncak Alam,Milk-based,Latte,1,11,11,QR
TXN-9011,13/4/2026,18:48,Puncak Alam,Milk-based,Latte,2,11,22,QR
TXN-9001,13/4/2026,18:52,Puncak Alam,Milk-based,Cappuccino,1,11,11,Cash
TXN-8983,13/4/2026,18:54,Puncak Alam,Espresso-based,Espresso,1,7,7,QR
TXN-8974,13/4/2026,19:08,Puncak Alam,Ice Blended,Ice Blended Chocolate Chip,1,14,14,QR
TXN-8946,13/4/2026,19:23,Putrajaya,Ice Blended,Ice Blended Chocolate Chip,2,14,28,QR
TXN-8955,13/4/2026,19:48,Putrajaya,Milk-based,Caramel Macchiato,3,13,39,QR
TXN-8936,13/4/2026,20:06,Putrajaya,Milk-based,Latte,3,11,33,QR
TXN-8970,13/4/2026,20:23,Puncak Alam,Espresso-based,Espresso,1,7,7,Cash
TXN-8952,13/4/2026,20:25,Putrajaya,Milk-based,Mocha,1,12,12,QR
TXN-9016,13/4/2026,20:31,Puncak Alam,Ice Blended,Ice Blended Chocolate Chip,1,14,14,Cash
TXN-9008,13/4/2026,20:33,Puncak Alam,Milk-based,Latte,1,11,11,QR
TXN-8931,13/4/2026,20:41,Putrajaya,Milk-based,Mocha,1,12,12,QR
TXN-8991,13/4/2026,20:52,Puncak Alam,Espresso-based,Espresso,3,7,21,QR
TXN-8980,13/4/2026,21:03,Puncak Alam,Milk-based,Mocha,1,12,12,QR
TXN-8978,13/4/2026,21:05,Puncak Alam,Espresso-based,Espresso,1,7,7,Cash
TXN-8921,13/4/2026,21:06,Putrajaya,Espresso-based,Espresso,2,7,14,Cash
TXN-8997,13/4/2026,21:09,Puncak Alam,Milk-based,Latte,1,11,11,QR
TXN-8985,13/4/2026,21:11,Puncak Alam,Milk-based,Latte,1,11,11,Cash
TXN-8942,13/4/2026,21:19,Putrajaya,Espresso-based,Americano,1,9,9,QR
TXN-8966,13/4/2026,21:36,Puncak Alam,Espresso-based,Americano,1,9,9,QR
TXN-8917,13/4/2026,21:51,Putrajaya,Espresso-based,Espresso,1,7,7,QR
TXN-8943,13/4/2026,21:51,Putrajaya,Milk-based,Latte,1,11,11,QR
TXN-8973,13/4/2026,21:58,Puncak Alam,Milk-based,Mocha,1,12,12,Cash
TXN-8989,13/4/2026,21:58,Puncak Alam,Ice Blended,Ice Blended Chocolate Chip,1,14,14,QR
TXN-9102,14/4/2026,8:07,Puncak Alam,Milk-based,Cappuccino,1,11,11,Cash
TXN-9094,14/4/2026,8:09,Puncak Alam,Milk-based,Cappuccino,1,11,11,QR
TXN-9047,14/4/2026,8:18,Putrajaya,Espresso-based,Espresso,1,7,7,Cash
TXN-9021,14/4/2026,8:32,Putrajaya,Milk-based,Cappuccino,1,11,11,QR
TXN-9050,14/4/2026,8:37,Putrajaya,Espresso-based,Espresso,1,7,7,QR
TXN-9119,14/4/2026,8:45,Puncak Alam,Milk-based,Latte,2,11,22,QR
TXN-9090,14/4/2026,8:57,Puncak Alam,Espresso-based,Americano,1,9,9,QR
TXN-9022,14/4/2026,9:04,Putrajaya,Ice Blended,Ice Blended Chocolate Chip,3,14,42,Cash
TXN-9078,14/4/2026,9:06,Puncak Alam,Milk-based,Caramel Macchiato,2,13,26,QR
TXN-9079,14/4/2026,9:08,Puncak Alam,Milk-based,Latte,1,11,11,QR
TXN-9062,14/4/2026,9:12,Putrajaya,Ice Blended,Ice Blended Chocolate Chip,3,14,42,QR
TXN-9087,14/4/2026,9:17,Puncak Alam,Ice Blended,Ice Blended Chocolate Chip,1,14,14,Cash
TXN-9023,14/4/2026,9:21,Putrajaya,Milk-based,Cappuccino,2,11,22,QR
TXN-9103,14/4/2026,9:28,Puncak Alam,Espresso-based,Americano,1,9,9,QR
TXN-9042,14/4/2026,9:31,Putrajaya,Milk-based,Mocha,1,12,12,QR
TXN-9036,14/4/2026,9:35,Putrajaya,Ice Blended,Ice Blended Chocolate Chip,2,14,28,Cash
TXN-9121,14/4/2026,9:41,Puncak Alam,Ice Blended,Ice Blended Chocolate Chip,1,14,14,QR
TXN-9106,14/4/2026,10:06,Puncak Alam,Espresso-based,Espresso,1,7,7,QR
TXN-9110,14/4/2026,10:13,Puncak Alam,Milk-based,Latte,2,11,22,QR
TXN-9075,14/4/2026,10:15,Puncak Alam,Milk-based,Cappuccino,1,11,11,Cash
TXN-9098,14/4/2026,10:16,Puncak Alam,Espresso-based,Americano,4,9,36,QR
TXN-9114,14/4/2026,10:22,Puncak Alam,Milk-based,Cappuccino,3,11,33,Cash
TXN-9118,14/4/2026,10:27,Puncak Alam,Milk-based,Caramel Macchiato,1,13,13,QR
TXN-9111,14/4/2026,10:32,Puncak Alam,Ice Blended,Ice Blended Chocolate Chip,3,14,42,Cash
TXN-9113,14/4/2026,10:32,Puncak Alam,Milk-based,Mocha,1,12,12,QR
TXN-9071,14/4/2026,10:36,Puncak Alam,Ice Blended,Ice Blended Chocolate Chip,2,14,28,Cash
TXN-9081,14/4/2026,10:46,Puncak Alam,Milk-based,Caramel Macchiato,1,13,13,QR
TXN-9112,14/4/2026,10:54,Puncak Alam,Espresso-based,Americano,1,9,9,QR
TXN-9126,14/4/2026,10:55,Puncak Alam,Ice Blended,Ice Blended Chocolate Chip,2,14,28,Cash
TXN-9132,14/4/2026,11:02,Puncak Alam,Milk-based,Cappuccino,1,11,11,Cash
TXN-9088,14/4/2026,11:03,Puncak Alam,Ice Blended,Ice Blended Chocolate Chip,1,14,14,QR
TXN-9104,14/4/2026,11:06,Puncak Alam,Milk-based,Latte,1,11,11,QR
TXN-9141,14/4/2026,11:23,Puncak Alam,Milk-based,Latte,1,11,11,QR
TXN-9135,14/4/2026,11:37,Puncak Alam,Milk-based,Latte,1,11,11,QR
TXN-9139,14/4/2026,11:43,Puncak Alam,Espresso-based,Espresso,2,7,14,QR
TXN-9048,14/4/2026,11:54,Putrajaya,Milk-based,Cappuccino,1,11,11,QR
TXN-9120,14/4/2026,11:56,Puncak Alam,Milk-based,Cappuccino,1,11,11,QR
TXN-9059,14/4/2026,12:08,Putrajaya,Espresso-based,Americano,1,9,9,QR
TXN-9101,14/4/2026,12:09,Puncak Alam,Milk-based,Caramel Macchiato,1,13,13,Cash
TXN-9138,14/4/2026,12:11,Puncak Alam,Espresso-based,Espresso,1,7,7,QR
TXN-9149,14/4/2026,12:12,Puncak Alam,Milk-based,Mocha,2,12,24,QR
TXN-9143,14/4/2026,12:30,Puncak Alam,Espresso-based,Americano,2,9,18,QR
TXN-9026,14/4/2026,12:33,Putrajaya,Espresso-based,Americano,1,9,9,Cash
TXN-9068,14/4/2026,12:41,Putrajaya,Milk-based,Latte,1,11,11,QR
TXN-9108,14/4/2026,12:48,Puncak Alam,Milk-based,Cappuccino,4,11,44,QR
TXN-9116,14/4/2026,13:03,Puncak Alam,Espresso-based,Espresso,2,7,14,Cash
TXN-9115,14/4/2026,13:12,Puncak Alam,Espresso-based,Espresso,1,7,7,Cash
TXN-9072,14/4/2026,13:14,Puncak Alam,Milk-based,Caramel Macchiato,1,13,13,Cash
TXN-9055,14/4/2026,13:25,Putrajaya,Milk-based,Mocha,1,12,12,Cash
TXN-9148,14/4/2026,13:31,Puncak Alam,Milk-based,Cappuccino,1,11,11,QR
TXN-9049,14/4/2026,13:40,Putrajaya,Milk-based,Mocha,1,12,12,Cash
TXN-9044,14/4/2026,13:52,Putrajaya,Milk-based,Mocha,1,12,12,QR
TXN-9028,14/4/2026,14:03,Putrajaya,Espresso-based,Americano,1,9,9,QR
TXN-9051,14/4/2026,14:03,Putrajaya,Milk-based,Latte,1,11,11,QR
TXN-9045,14/4/2026,14:26,Putrajaya,Milk-based,Caramel Macchiato,1,13,13,QR
TXN-9034,14/4/2026,14:27,Putrajaya,Milk-based,Mocha,1,12,12,Cash
TXN-9125,14/4/2026,14:28,Puncak Alam,Milk-based,Cappuccino,1,11,11,QR
TXN-9052,14/4/2026,14:29,Putrajaya,Milk-based,Latte,1,11,11,Cash
TXN-9089,14/4/2026,14:32,Puncak Alam,Milk-based,Mocha,2,12,24,QR
TXN-9093,14/4/2026,14:41,Puncak Alam,Espresso-based,Americano,2,9,18,QR
TXN-9105,14/4/2026,14:41,Puncak Alam,Milk-based,Mocha,3,12,36,QR
TXN-9065,14/4/2026,14:47,Putrajaya,Milk-based,Caramel Macchiato,1,13,13,QR
TXN-9035,14/4/2026,14:53,Putrajaya,Milk-based,Latte,1,11,11,QR
TXN-9146,14/4/2026,15:01,Puncak Alam,Milk-based,Caramel Macchiato,2,13,26,Cash
TXN-9084,14/4/2026,15:04,Puncak Alam,Milk-based,Caramel Macchiato,1,13,13,QR
TXN-9069,14/4/2026,15:10,Putrajaya,Milk-based,Caramel Macchiato,1,13,13,QR
TXN-9117,14/4/2026,15:15,Puncak Alam,Milk-based,Mocha,1,12,12,QR
TXN-9086,14/4/2026,15:18,Puncak Alam,Milk-based,Mocha,3,12,36,QR
TXN-9097,14/4/2026,15:34,Puncak Alam,Espresso-based,Espresso,3,7,21,QR
TXN-9096,14/4/2026,15:42,Puncak Alam,Milk-based,Caramel Macchiato,2,13,26,Cash
TXN-9043,14/4/2026,15:43,Putrajaya,Espresso-based,Espresso,1,7,7,QR
TXN-9099,14/4/2026,16:09,Puncak Alam,Milk-based,Latte,1,11,11,Cash
TXN-9039,14/4/2026,16:11,Putrajaya,Milk-based,Latte,1,11,11,QR
TXN-9131,14/4/2026,16:20,Puncak Alam,Espresso-based,Espresso,1,7,7,QR
TXN-9057,14/4/2026,16:26,Putrajaya,Milk-based,Mocha,2,12,24,QR
TXN-9074,14/4/2026,16:30,Puncak Alam,Milk-based,Cappuccino,3,11,33,QR
TXN-9025,14/4/2026,16:37,Putrajaya,Espresso-based,Americano,1,9,9,QR
TXN-9147,14/4/2026,16:40,Puncak Alam,Milk-based,Mocha,1,12,12,Cash
TXN-9091,14/4/2026,16:49,Puncak Alam,Espresso-based,Espresso,1,7,7,Cash
TXN-9077,14/4/2026,16:52,Puncak Alam,Ice Blended,Ice Blended Chocolate Chip,1,14,14,Cash
TXN-9145,14/4/2026,16:56,Puncak Alam,Milk-based,Caramel Macchiato,2,13,26,QR
TXN-9127,14/4/2026,17:03,Puncak Alam,Milk-based,Cappuccino,1,11,11,QR
TXN-9046,14/4/2026,17:07,Putrajaya,Milk-based,Latte,1,11,11,Cash
TXN-9033,14/4/2026,17:11,Putrajaya,Milk-based,Mocha,1,12,12,QR
TXN-9129,14/4/2026,17:12,Puncak Alam,Espresso-based,Espresso,1,7,7,Cash
TXN-9058,14/4/2026,17:14,Putrajaya,Espresso-based,Espresso,1,7,7,Cash
TXN-9123,14/4/2026,17:15,Puncak Alam,Espresso-based,Espresso,1,7,7,Cash
TXN-9070,14/4/2026,17:36,Putrajaya,Milk-based,Caramel Macchiato,1,13,13,QR
TXN-9133,14/4/2026,17:43,Puncak Alam,Milk-based,Caramel Macchiato,1,13,13,QR
TXN-9076,14/4/2026,18:12,Puncak Alam,Milk-based,Latte,1,11,11,QR
TXN-9067,14/4/2026,18:14,Putrajaya,Ice Blended,Ice Blended Chocolate Chip,1,14,14,QR
TXN-9037,14/4/2026,18:22,Putrajaya,Ice Blended,Ice Blended Chocolate Chip,1,14,14,Cash
TXN-9053,14/4/2026,18:35,Putrajaya,Milk-based,Caramel Macchiato,1,13,13,QR
TXN-9082,14/4/2026,18:53,Puncak Alam,Espresso-based,Espresso,1,7,7,QR
TXN-9136,14/4/2026,19:11,Puncak Alam,Milk-based,Caramel Macchiato,1,13,13,QR
TXN-9073,14/4/2026,19:15,Puncak Alam,Milk-based,Caramel Macchiato,1,13,13,Cash
TXN-9024,14/4/2026,19:18,Putrajaya,Milk-based,Cappuccino,1,11,11,QR
TXN-9095,14/4/2026,19:21,Puncak Alam,Espresso-based,Americano,1,9,9,QR
TXN-9137,14/4/2026,19:29,Puncak Alam,Espresso-based,Espresso,1,7,7,QR
TXN-9100,14/4/2026,19:33,Puncak Alam,Espresso-based,Espresso,2,7,14,QR
TXN-9054,14/4/2026,19:34,Putrajaya,Espresso-based,Americano,1,9,9,QR
TXN-9080,14/4/2026,19:43,Puncak Alam,Ice Blended,Ice Blended Chocolate Chip,1,14,14,QR
TXN-9063,14/4/2026,19:46,Putrajaya,Ice Blended,Ice Blended Chocolate Chip,4,14,56,Cash
TXN-9060,14/4/2026,19:55,Putrajaya,Milk-based,Latte,1,11,11,QR
TXN-9032,14/4/2026,20:00,Putrajaya,Milk-based,Latte,1,11,11,Cash
TXN-9064,14/4/2026,20:01,Putrajaya,Milk-based,Mocha,1,12,12,Cash
TXN-9083,14/4/2026,20:01,Puncak Alam,Espresso-based,Americano,3,9,27,Cash
TXN-9085,14/4/2026,20:03,Puncak Alam,Milk-based,Latte,1,11,11,QR
TXN-9038,14/4/2026,20:10,Putrajaya,Milk-based,Caramel Macchiato,1,13,13,QR
TXN-9027,14/4/2026,20:11,Putrajaya,Espresso-based,Americano,1,9,9,QR
TXN-9107,14/4/2026,20:18,Puncak Alam,Milk-based,Caramel Macchiato,1,13,13,Cash
TXN-9128,14/4/2026,20:21,Puncak Alam,Milk-based,Caramel Macchiato,1,13,13,QR
TXN-9041,14/4/2026,20:22,Putrajaya,Milk-based,Cappuccino,1,11,11,QR
TXN-9122,14/4/2026,20:24,Puncak Alam,Ice Blended,Ice Blended Chocolate Chip,1,14,14,Cash
TXN-9030,14/4/2026,20:32,Putrajaya,Espresso-based,Americano,1,9,9,QR
TXN-9130,14/4/2026,20:37,Puncak Alam,Espresso-based,Espresso,1,7,7,QR
TXN-9029,14/4/2026,20:50,Putrajaya,Espresso-based,Americano,1,9,9,QR
TXN-9109,14/4/2026,21:01,Puncak Alam,Milk-based,Mocha,3,12,36,QR
TXN-9144,14/4/2026,21:02,Puncak Alam,Milk-based,Mocha,1,12,12,QR
TXN-9134,14/4/2026,21:16,Puncak Alam,Milk-based,Cappuccino,1,11,11,QR
TXN-9124,14/4/2026,21:21,Puncak Alam,Milk-based,Latte,1,11,11,QR
TXN-9140,14/4/2026,21:24,Puncak Alam,Espresso-based,Espresso,3,7,21,QR
TXN-9056,14/4/2026,21:35,Putrajaya,Espresso-based,Americano,2,9,18,Cash
TXN-9142,14/4/2026,21:36,Puncak Alam,Espresso-based,Americano,1,9,9,QR
TXN-9066,14/4/2026,21:38,Putrajaya,Milk-based,Cappuccino,1,11,11,QR
TXN-9061,14/4/2026,21:45,Putrajaya,Milk-based,Mocha,3,12,36,Cash
TXN-9040,14/4/2026,21:53,Putrajaya,Espresso-based,Espresso,1,7,7,Cash
TXN-9092,14/4/2026,21:58,Puncak Alam,Espresso-based,Americano,1,9,9,QR
TXN-9031,14/4/2026,21:59,Putrajaya,Ice Blended,Ice Blended Chocolate Chip,1,14,14,Cash
TXN-9276,15/4/2026,8:00,Puncak Alam,Milk-based,Cappuccino,2,11,22,QR
TXN-9252,15/4/2026,8:01,Puncak Alam,Milk-based,Caramel Macchiato,1,13,13,QR
TXN-9196,15/4/2026,8:05,Putrajaya,Milk-based,Latte,1,11,11,QR
TXN-9257,15/4/2026,8:07,Puncak Alam,Milk-based,Latte,2,11,22,QR
TXN-9271,15/4/2026,8:16,Puncak Alam,Ice Blended,Ice Blended Chocolate Chip,1,14,14,QR
TXN-9248,15/4/2026,8:18,Puncak Alam,Espresso-based,Espresso,4,7,28,QR
TXN-9287,15/4/2026,8:18,Puncak Alam,Milk-based,Cappuccino,1,11,11,Cash
TXN-9262,15/4/2026,8:28,Puncak Alam,Milk-based,Caramel Macchiato,2,13,26,QR
TXN-9186,15/4/2026,8:41,Putrajaya,Milk-based,Latte,2,11,22,QR
TXN-9264,15/4/2026,8:47,Puncak Alam,Ice Blended,Ice Blended Chocolate Chip,3,14,42,QR
TXN-9259,15/4/2026,8:50,Puncak Alam,Milk-based,Latte,1,11,11,QR
TXN-9233,15/4/2026,8:57,Puncak Alam,Espresso-based,Americano,2,9,18,Cash
TXN-9251,15/4/2026,9:01,Puncak Alam,Milk-based,Latte,2,11,22,QR
TXN-9263,15/4/2026,9:05,Puncak Alam,Milk-based,Mocha,1,12,12,QR
TXN-9288,15/4/2026,9:07,Puncak Alam,Milk-based,Latte,1,11,11,QR
TXN-9164,15/4/2026,9:08,Putrajaya,Milk-based,Latte,2,11,22,QR
TXN-9277,15/4/2026,9:11,Puncak Alam,Milk-based,Latte,2,11,22,QR
TXN-9207,15/4/2026,9:16,Putrajaya,Milk-based,Cappuccino,1,11,11,QR
TXN-9205,15/4/2026,9:28,Putrajaya,Milk-based,Cappuccino,1,11,11,Cash
TXN-9150,15/4/2026,9:45,Putrajaya,Milk-based,Latte,1,11,11,QR
TXN-9240,15/4/2026,9:53,Puncak Alam,Espresso-based,Espresso,2,7,14,QR
TXN-9278,15/4/2026,9:53,Puncak Alam,Ice Blended,Ice Blended Chocolate Chip,1,14,14,QR
TXN-9158,15/4/2026,10:03,Putrajaya,Milk-based,Cappuccino,1,11,11,QR
TXN-9238,15/4/2026,10:13,Puncak Alam,Milk-based,Latte,1,11,11,Cash
TXN-9266,15/4/2026,10:14,Puncak Alam,Espresso-based,Espresso,2,7,14,QR
TXN-9172,15/4/2026,10:15,Putrajaya,Milk-based,Cappuccino,3,11,33,Cash
TXN-9217,15/4/2026,10:17,Putrajaya,Milk-based,Latte,1,11,11,QR
TXN-9155,15/4/2026,10:21,Putrajaya,Ice Blended,Ice Blended Chocolate Chip,1,14,14,Cash
TXN-9161,15/4/2026,10:37,Putrajaya,Milk-based,Mocha,1,12,12,QR
TXN-9175,15/4/2026,10:38,Putrajaya,Milk-based,Cappuccino,1,11,11,QR
TXN-9226,15/4/2026,10:38,Puncak Alam,Milk-based,Caramel Macchiato,1,13,13,QR
TXN-9246,15/4/2026,10:43,Puncak Alam,Espresso-based,Americano,1,9,9,QR
TXN-9187,15/4/2026,10:59,Putrajaya,Espresso-based,Americano,1,9,9,Cash
TXN-9234,15/4/2026,11:03,Puncak Alam,Espresso-based,Espresso,1,7,7,QR
TXN-9169,15/4/2026,11:06,Putrajaya,Milk-based,Caramel Macchiato,1,13,13,Cash
TXN-9176,15/4/2026,11:06,Putrajaya,Milk-based,Caramel Macchiato,1,13,13,QR
TXN-9197,15/4/2026,11:21,Putrajaya,Milk-based,Cappuccino,1,11,11,QR
TXN-9239,15/4/2026,11:27,Puncak Alam,Milk-based,Mocha,2,12,24,QR
TXN-9283,15/4/2026,11:38,Puncak Alam,Espresso-based,Espresso,1,7,7,Cash
TXN-9255,15/4/2026,11:40,Puncak Alam,Ice Blended,Ice Blended Chocolate Chip,1,14,14,QR
TXN-9242,15/4/2026,11:48,Puncak Alam,Milk-based,Cappuccino,1,11,11,Cash
TXN-9198,15/4/2026,11:50,Putrajaya,Ice Blended,Ice Blended Chocolate Chip,1,14,14,QR
TXN-9221,15/4/2026,12:15,Putrajaya,Milk-based,Latte,1,11,11,QR
TXN-9249,15/4/2026,12:37,Puncak Alam,Espresso-based,Americano,2,9,18,Cash
TXN-9241,15/4/2026,12:44,Puncak Alam,Espresso-based,Americano,1,9,9,QR
TXN-9203,15/4/2026,12:55,Putrajaya,Milk-based,Caramel Macchiato,2,13,26,QR
TXN-9168,15/4/2026,13:00,Putrajaya,Espresso-based,Espresso,3,7,21,Cash
TXN-9166,15/4/2026,13:04,Putrajaya,Espresso-based,Espresso,1,7,7,QR
TXN-9159,15/4/2026,13:13,Putrajaya,Ice Blended,Ice Blended Chocolate Chip,1,14,14,QR
TXN-9189,15/4/2026,13:20,Putrajaya,Espresso-based,Espresso,1,7,7,QR
TXN-9236,15/4/2026,13:20,Puncak Alam,Milk-based,Mocha,3,12,36,QR
TXN-9250,15/4/2026,13:25,Puncak Alam,Milk-based,Mocha,2,12,24,Cash
TXN-9218,15/4/2026,13:32,Putrajaya,Milk-based,Cappuccino,2,11,22,QR
TXN-9174,15/4/2026,13:33,Putrajaya,Milk-based,Caramel Macchiato,1,13,13,Cash
TXN-9228,15/4/2026,13:35,Puncak Alam,Milk-based,Mocha,1,12,12,QR
TXN-9254,15/4/2026,13:38,Puncak Alam,Espresso-based,Americano,1,9,9,QR
TXN-9273,15/4/2026,13:41,Puncak Alam,Espresso-based,Espresso,1,7,7,QR
TXN-9208,15/4/2026,13:50,Putrajaya,Milk-based,Caramel Macchiato,2,13,26,QR
TXN-9195,15/4/2026,13:53,Putrajaya,Espresso-based,Americano,1,9,9,Cash
TXN-9181,15/4/2026,13:56,Putrajaya,Milk-based,Cappuccino,1,11,11,Cash
TXN-9213,15/4/2026,14:01,Putrajaya,Milk-based,Cappuccino,1,11,11,QR
TXN-9275,15/4/2026,14:15,Puncak Alam,Milk-based,Latte,1,11,11,QR
TXN-9286,15/4/2026,14:15,Puncak Alam,Milk-based,Caramel Macchiato,1,13,13,Cash
TXN-9191,15/4/2026,14:27,Putrajaya,Ice Blended,Ice Blended Chocolate Chip,3,14,42,QR
TXN-9183,15/4/2026,14:31,Putrajaya,Milk-based,Caramel Macchiato,1,13,13,QR
TXN-9152,15/4/2026,14:53,Putrajaya,Ice Blended,Ice Blended Chocolate Chip,1,14,14,QR
TXN-9280,15/4/2026,14:54,Puncak Alam,Milk-based,Caramel Macchiato,1,13,13,QR
TXN-9231,15/4/2026,14:56,Puncak Alam,Ice Blended,Ice Blended Chocolate Chip,3,14,42,QR
TXN-9279,15/4/2026,14:57,Puncak Alam,Milk-based,Latte,1,11,11,QR
TXN-9160,15/4/2026,15:22,Putrajaya,Milk-based,Mocha,1,12,12,QR
TXN-9256,15/4/2026,15:37,Puncak Alam,Milk-based,Caramel Macchiato,3,13,39,Cash
TXN-9229,15/4/2026,15:40,Puncak Alam,Espresso-based,Espresso,1,7,7,Cash
TXN-9270,15/4/2026,15:40,Puncak Alam,Espresso-based,Americano,2,9,18,QR
TXN-9258,15/4/2026,15:45,Puncak Alam,Milk-based,Latte,3,11,33,Cash
TXN-9180,15/4/2026,15:54,Putrajaya,Espresso-based,Americano,2,9,18,QR
TXN-9220,15/4/2026,15:58,Putrajaya,Milk-based,Mocha,1,12,12,QR
TXN-9281,15/4/2026,16:02,Puncak Alam,Milk-based,Cappuccino,1,11,11,QR
TXN-9210,15/4/2026,16:16,Putrajaya,Milk-based,Cappuccino,1,11,11,Cash
TXN-9209,15/4/2026,16:20,Putrajaya,Espresso-based,Espresso,1,7,7,QR
TXN-9179,15/4/2026,16:22,Putrajaya,Espresso-based,Espresso,1,7,7,QR
TXN-9265,15/4/2026,16:22,Puncak Alam,Espresso-based,Espresso,1,7,7,QR
TXN-9151,15/4/2026,16:24,Putrajaya,Espresso-based,Americano,1,9,9,QR
TXN-9173,15/4/2026,16:31,Putrajaya,Espresso-based,Americano,1,9,9,QR
TXN-9237,15/4/2026,16:47,Puncak Alam,Ice Blended,Ice Blended Chocolate Chip,1,14,14,Cash
TXN-9223,15/4/2026,16:48,Putrajaya,Ice Blended,Ice Blended Chocolate Chip,1,14,14,QR
TXN-9156,15/4/2026,16:49,Putrajaya,Milk-based,Caramel Macchiato,1,13,13,QR
TXN-9193,15/4/2026,16:57,Putrajaya,Ice Blended,Ice Blended Chocolate Chip,1,14,14,Cash
TXN-9222,15/4/2026,16:57,Putrajaya,Milk-based,Latte,1,11,11,QR
TXN-9269,15/4/2026,17:02,Puncak Alam,Milk-based,Latte,1,11,11,Cash
TXN-9204,15/4/2026,17:06,Putrajaya,Milk-based,Mocha,1,12,12,QR
TXN-9253,15/4/2026,17:09,Puncak Alam,Milk-based,Mocha,1,12,12,QR
TXN-9171,15/4/2026,17:15,Putrajaya,Milk-based,Caramel Macchiato,2,13,26,Cash
TXN-9215,15/4/2026,17:20,Putrajaya,Ice Blended,Ice Blended Chocolate Chip,1,14,14,QR
TXN-9167,15/4/2026,17:23,Putrajaya,Milk-based,Mocha,3,12,36,QR
TXN-9274,15/4/2026,17:35,Puncak Alam,Espresso-based,Americano,1,9,9,Cash
TXN-9154,15/4/2026,17:36,Putrajaya,Espresso-based,Espresso,1,7,7,QR
TXN-9214,15/4/2026,17:36,Putrajaya,Espresso-based,Americano,3,9,27,QR
TXN-9190,15/4/2026,17:45,Putrajaya,Espresso-based,Americano,1,9,9,QR
TXN-9170,15/4/2026,17:56,Putrajaya,Milk-based,Cappuccino,2,11,22,Cash
TXN-9188,15/4/2026,18:01,Putrajaya,Milk-based,Mocha,1,12,12,QR
TXN-9243,15/4/2026,18:04,Puncak Alam,Ice Blended,Ice Blended Chocolate Chip,1,14,14,Cash
TXN-9232,15/4/2026,18:06,Puncak Alam,Ice Blended,Ice Blended Chocolate Chip,3,14,42,Cash
TXN-9200,15/4/2026,18:08,Putrajaya,Milk-based,Caramel Macchiato,1,13,13,Cash
TXN-9178,15/4/2026,18:09,Putrajaya,Espresso-based,Espresso,2,7,14,QR
TXN-9202,15/4/2026,18:20,Putrajaya,Milk-based,Latte,2,11,22,QR
TXN-9245,15/4/2026,18:33,Puncak Alam,Milk-based,Mocha,1,12,12,QR
TXN-9227,15/4/2026,18:34,Puncak Alam,Ice Blended,Ice Blended Chocolate Chip,1,14,14,QR
TXN-9162,15/4/2026,18:36,Putrajaya,Espresso-based,Americano,1,9,9,QR
TXN-9182,15/4/2026,18:48,Putrajaya,Milk-based,Latte,1,11,11,Cash
TXN-9163,15/4/2026,18:55,Putrajaya,Milk-based,Caramel Macchiato,1,13,13,QR
TXN-9185,15/4/2026,18:57,Putrajaya,Espresso-based,Americano,1,9,9,Cash
TXN-9206,15/4/2026,19:17,Putrajaya,Espresso-based,Americano,1,9,9,Cash
TXN-9153,15/4/2026,19:22,Putrajaya,Milk-based,Mocha,1,12,12,QR
TXN-9235,15/4/2026,19:22,Puncak Alam,Milk-based,Caramel Macchiato,2,13,26,QR
TXN-9165,15/4/2026,19:31,Putrajaya,Espresso-based,Espresso,1,7,7,QR
TXN-9260,15/4/2026,19:34,Puncak Alam,Espresso-based,Espresso,3,7,21,QR
TXN-9194,15/4/2026,19:35,Putrajaya,Milk-based,Caramel Macchiato,1,13,13,Cash
TXN-9230,15/4/2026,19:35,Puncak Alam,Milk-based,Cappuccino,4,11,44,QR
TXN-9282,15/4/2026,19:38,Puncak Alam,Milk-based,Cappuccino,1,11,11,Cash
TXN-9157,15/4/2026,19:42,Putrajaya,Espresso-based,Americano,1,9,9,QR
TXN-9199,15/4/2026,19:46,Putrajaya,Milk-based,Latte,2,11,22,QR
TXN-9261,15/4/2026,19:51,Puncak Alam,Espresso-based,Espresso,1,7,7,Cash
TXN-9267,15/4/2026,19:54,Puncak Alam,Milk-based,Mocha,1,12,12,QR
TXN-9184,15/4/2026,20:01,Putrajaya,Milk-based,Caramel Macchiato,1,13,13,QR
TXN-9285,15/4/2026,20:01,Puncak Alam,Milk-based,Caramel Macchiato,1,13,13,QR
TXN-9201,15/4/2026,20:09,Putrajaya,Milk-based,Latte,3,11,33,QR
TXN-9244,15/4/2026,20:10,Puncak Alam,Milk-based,Mocha,1,12,12,QR
TXN-9272,15/4/2026,20:17,Puncak Alam,Milk-based,Cappuccino,2,11,22,QR
TXN-9284,15/4/2026,20:30,Puncak Alam,Milk-based,Latte,1,11,11,Cash
TXN-9212,15/4/2026,20:37,Putrajaya,Espresso-based,Espresso,3,7,21,QR
TXN-9268,15/4/2026,20:44,Puncak Alam,Espresso-based,Americano,1,9,9,QR
TXN-9192,15/4/2026,20:53,Putrajaya,Milk-based,Caramel Macchiato,1,13,13,QR
TXN-9216,15/4/2026,20:58,Putrajaya,Espresso-based,Americano,2,9,18,QR
TXN-9219,15/4/2026,21:00,Putrajaya,Milk-based,Cappuccino,1,11,11,Cash
TXN-9177,15/4/2026,21:03,Putrajaya,Espresso-based,Espresso,1,7,7,QR
TXN-9289,15/4/2026,21:04,Puncak Alam,Milk-based,Latte,2,11,22,QR
TXN-9247,15/4/2026,21:06,Puncak Alam,Milk-based,Caramel Macchiato,1,13,13,Cash
TXN-9225,15/4/2026,21:35,Puncak Alam,Milk-based,Caramel Macchiato,1,13,13,QR
TXN-9211,15/4/2026,21:40,Putrajaya,Espresso-based,Americano,3,9,27,Cash
TXN-9224,15/4/2026,21:52,Puncak Alam,Milk-based,Latte,1,11,11,QR
TXN-9296,16/4/2026,8:01,Putrajaya,Ice Blended,Ice Blended Chocolate Chip,2,14,28,Cash
TXN-9292,16/4/2026,8:17,Putrajaya,Ice Blended,Ice Blended Chocolate Chip,1,14,14,QR
TXN-9304,16/4/2026,8:26,Putrajaya,Milk-based,Caramel Macchiato,1,13,13,Cash
TXN-9386,16/4/2026,8:40,Puncak Alam,Ice Blended,Ice Blended Chocolate Chip,1,14,14,QR
TXN-9373,16/4/2026,8:48,Puncak Alam,Milk-based,Latte,1,11,11,QR
TXN-9372,16/4/2026,8:49,Puncak Alam,Milk-based,Cappuccino,1,11,11,QR
TXN-9326,16/4/2026,8:50,Putrajaya,Milk-based,Cappuccino,1,11,11,QR
TXN-9398,16/4/2026,8:50,Puncak Alam,Milk-based,Latte,1,11,11,QR
TXN-9352,16/4/2026,8:51,Puncak Alam,Milk-based,Mocha,1,12,12,QR
TXN-9346,16/4/2026,8:52,Puncak Alam,Ice Blended,Ice Blended Chocolate Chip,1,14,14,QR
TXN-9316,16/4/2026,8:57,Putrajaya,Milk-based,Mocha,1,12,12,QR
TXN-9400,16/4/2026,9:01,Puncak Alam,Espresso-based,Americano,1,9,9,QR
TXN-9401,16/4/2026,9:09,Puncak Alam,Milk-based,Latte,3,11,33,Cash
TXN-9336,16/4/2026,9:11,Putrajaya,Milk-based,Latte,1,11,11,QR
TXN-9325,16/4/2026,9:12,Putrajaya,Espresso-based,Espresso,1,7,7,QR
TXN-9369,16/4/2026,9:14,Puncak Alam,Milk-based,Caramel Macchiato,1,13,13,QR
TXN-9318,16/4/2026,9:17,Putrajaya,Espresso-based,Espresso,1,7,7,Cash
TXN-9395,16/4/2026,9:22,Puncak Alam,Milk-based,Caramel Macchiato,1,13,13,Cash
TXN-9389,16/4/2026,9:26,Puncak Alam,Milk-based,Caramel Macchiato,3,13,39,QR
TXN-9356,16/4/2026,9:27,Puncak Alam,Milk-based,Cappuccino,1,11,11,QR
TXN-9298,16/4/2026,9:31,Putrajaya,Milk-based,Cappuccino,2,11,22,QR
TXN-9299,16/4/2026,9:41,Putrajaya,Milk-based,Cappuccino,1,11,11,Cash
TXN-9390,16/4/2026,9:48,Puncak Alam,Milk-based,Latte,1,11,11,Cash
TXN-9374,16/4/2026,10:07,Puncak Alam,Milk-based,Caramel Macchiato,3,13,39,QR
TXN-9392,16/4/2026,10:08,Puncak Alam,Milk-based,Caramel Macchiato,1,13,13,QR
TXN-9319,16/4/2026,10:10,Putrajaya,Ice Blended,Ice Blended Chocolate Chip,1,14,14,QR
TXN-9376,16/4/2026,10:13,Puncak Alam,Milk-based,Latte,2,11,22,QR
TXN-9307,16/4/2026,10:16,Putrajaya,Espresso-based,Espresso,2,7,14,Cash
TXN-9363,16/4/2026,10:34,Puncak Alam,Ice Blended,Ice Blended Chocolate Chip,1,14,14,QR
TXN-9379,16/4/2026,10:41,Puncak Alam,Milk-based,Cappuccino,1,11,11,Cash
TXN-9339,16/4/2026,10:50,Putrajaya,Espresso-based,Espresso,1,7,7,QR
TXN-9380,16/4/2026,10:54,Puncak Alam,Milk-based,Cappuccino,1,11,11,Cash
TXN-9313,16/4/2026,11:13,Putrajaya,Milk-based,Mocha,1,12,12,QR
TXN-9360,16/4/2026,11:16,Puncak Alam,Milk-based,Latte,2,11,22,QR
TXN-9370,16/4/2026,11:19,Puncak Alam,Espresso-based,Espresso,1,7,7,QR
TXN-9399,16/4/2026,11:26,Puncak Alam,Espresso-based,Americano,1,9,9,Cash
TXN-9344,16/4/2026,11:29,Puncak Alam,Espresso-based,Americano,1,9,9,QR
TXN-9341,16/4/2026,11:37,Puncak Alam,Milk-based,Caramel Macchiato,2,13,26,QR
TXN-9382,16/4/2026,11:38,Puncak Alam,Ice Blended,Ice Blended Chocolate Chip,2,14,28,QR
TXN-9383,16/4/2026,11:54,Puncak Alam,Ice Blended,Ice Blended Chocolate Chip,4,14,56,QR
TXN-9394,16/4/2026,12:01,Puncak Alam,Espresso-based,Americano,1,9,9,QR
TXN-9291,16/4/2026,12:09,Putrajaya,Milk-based,Cappuccino,1,11,11,QR
TXN-9350,16/4/2026,12:13,Puncak Alam,Ice Blended,Ice Blended Chocolate Chip,1,14,14,QR
TXN-9333,16/4/2026,12:19,Putrajaya,Milk-based,Mocha,1,12,12,QR
TXN-9340,16/4/2026,12:38,Putrajaya,Espresso-based,Espresso,1,7,7,QR
TXN-9351,16/4/2026,12:41,Puncak Alam,Milk-based,Cappuccino,1,11,11,QR
TXN-9393,16/4/2026,12:57,Puncak Alam,Milk-based,Latte,1,11,11,QR
TXN-9303,16/4/2026,13:08,Putrajaya,Ice Blended,Ice Blended Chocolate Chip,1,14,14,QR
TXN-9357,16/4/2026,13:22,Puncak Alam,Espresso-based,Espresso,3,7,21,QR
TXN-9349,16/4/2026,13:28,Puncak Alam,Ice Blended,Ice Blended Chocolate Chip,2,14,28,Cash
TXN-9327,16/4/2026,13:39,Putrajaya,Espresso-based,Espresso,1,7,7,QR
TXN-9342,16/4/2026,13:42,Puncak Alam,Milk-based,Cappuccino,3,11,33,Cash
TXN-9384,16/4/2026,13:43,Puncak Alam,Espresso-based,Espresso,1,7,7,QR
TXN-9301,16/4/2026,13:50,Putrajaya,Ice Blended,Ice Blended Chocolate Chip,2,14,28,Cash
TXN-9366,16/4/2026,13:53,Puncak Alam,Ice Blended,Ice Blended Chocolate Chip,1,14,14,QR
TXN-9358,16/4/2026,14:02,Puncak Alam,Ice Blended,Ice Blended Chocolate Chip,1,14,14,Cash
TXN-9397,16/4/2026,14:19,Puncak Alam,Milk-based,Cappuccino,2,11,22,QR
TXN-9391,16/4/2026,14:22,Puncak Alam,Milk-based,Cappuccino,1,11,11,Cash
TXN-9295,16/4/2026,14:52,Putrajaya,Espresso-based,Americano,1,9,9,QR
TXN-9335,16/4/2026,15:10,Putrajaya,Milk-based,Cappuccino,1,11,11,QR
TXN-9371,16/4/2026,15:16,Puncak Alam,Espresso-based,Espresso,3,7,21,QR
TXN-9305,16/4/2026,15:20,Putrajaya,Milk-based,Mocha,1,12,12,Cash
TXN-9343,16/4/2026,15:20,Puncak Alam,Milk-based,Cappuccino,1,11,11,QR
TXN-9355,16/4/2026,15:34,Puncak Alam,Espresso-based,Espresso,1,7,7,Cash
TXN-9396,16/4/2026,15:36,Puncak Alam,Milk-based,Caramel Macchiato,1,13,13,QR
TXN-9377,16/4/2026,15:38,Puncak Alam,Milk-based,Cappuccino,1,11,11,QR
TXN-9331,16/4/2026,15:42,Putrajaya,Espresso-based,Espresso,1,7,7,QR
TXN-9375,16/4/2026,15:52,Puncak Alam,Espresso-based,Espresso,1,7,7,QR
TXN-9324,16/4/2026,16:02,Putrajaya,Milk-based,Latte,3,11,33,QR
TXN-9337,16/4/2026,16:28,Putrajaya,Milk-based,Cappuccino,1,11,11,Cash
TXN-9294,16/4/2026,16:37,Putrajaya,Ice Blended,Ice Blended Chocolate Chip,1,14,14,QR
TXN-9359,16/4/2026,16:47,Puncak Alam,Milk-based,Latte,1,11,11,Cash
TXN-9354,16/4/2026,16:53,Puncak Alam,Milk-based,Caramel Macchiato,1,13,13,QR
TXN-9314,16/4/2026,16:55,Putrajaya,Espresso-based,Espresso,1,7,7,QR
TXN-9306,16/4/2026,17:01,Putrajaya,Milk-based,Caramel Macchiato,1,13,13,QR
TXN-9302,16/4/2026,17:21,Putrajaya,Milk-based,Cappuccino,1,11,11,QR
TXN-9308,16/4/2026,17:30,Putrajaya,Milk-based,Mocha,1,12,12,QR
TXN-9334,16/4/2026,17:32,Putrajaya,Espresso-based,Americano,2,9,18,Cash
TXN-9321,16/4/2026,17:50,Putrajaya,Milk-based,Caramel Macchiato,2,13,26,Cash
TXN-9338,16/4/2026,18:03,Putrajaya,Espresso-based,Americano,1,9,9,Cash
TXN-9387,16/4/2026,18:10,Puncak Alam,Milk-based,Cappuccino,1,11,11,QR
TXN-9353,16/4/2026,18:19,Puncak Alam,Espresso-based,Americano,1,9,9,QR
TXN-9364,16/4/2026,18:23,Puncak Alam,Milk-based,Caramel Macchiato,2,13,26,QR
TXN-9328,16/4/2026,18:25,Putrajaya,Espresso-based,Americano,1,9,9,QR
TXN-9365,16/4/2026,18:33,Puncak Alam,Milk-based,Cappuccino,2,11,22,Cash
TXN-9311,16/4/2026,18:41,Putrajaya,Milk-based,Latte,1,11,11,QR
TXN-9347,16/4/2026,18:50,Puncak Alam,Milk-based,Caramel Macchiato,1,13,13,QR
TXN-9315,16/4/2026,18:53,Putrajaya,Milk-based,Mocha,1,12,12,QR
TXN-9322,16/4/2026,18:56,Putrajaya,Milk-based,Mocha,2,12,24,QR
TXN-9368,16/4/2026,19:00,Puncak Alam,Milk-based,Cappuccino,1,11,11,QR
TXN-9323,16/4/2026,19:03,Putrajaya,Milk-based,Caramel Macchiato,1,13,13,QR
TXN-9330,16/4/2026,19:20,Putrajaya,Ice Blended,Ice Blended Chocolate Chip,1,14,14,QR
TXN-9345,16/4/2026,19:27,Puncak Alam,Milk-based,Caramel Macchiato,3,13,39,QR
TXN-9320,16/4/2026,19:31,Putrajaya,Espresso-based,Americano,1,9,9,Cash
TXN-9348,16/4/2026,19:31,Puncak Alam,Milk-based,Mocha,1,12,12,QR
TXN-9293,16/4/2026,19:39,Putrajaya,Milk-based,Caramel Macchiato,1,13,13,Cash
TXN-9362,16/4/2026,19:45,Puncak Alam,Milk-based,Mocha,1,12,12,QR
TXN-9361,16/4/2026,19:46,Puncak Alam,Milk-based,Cappuccino,1,11,11,Cash
TXN-9378,16/4/2026,20:00,Puncak Alam,Milk-based,Cappuccino,1,11,11,Cash
TXN-9300,16/4/2026,20:11,Putrajaya,Milk-based,Latte,1,11,11,Cash
TXN-9310,16/4/2026,20:17,Putrajaya,Milk-based,Mocha,1,12,12,QR
TXN-9312,16/4/2026,20:17,Putrajaya,Espresso-based,Espresso,1,7,7,Cash
TXN-9297,16/4/2026,20:53,Putrajaya,Espresso-based,Espresso,1,7,7,QR
TXN-9290,16/4/2026,20:59,Putrajaya,Milk-based,Latte,1,11,11,QR
TXN-9309,16/4/2026,21:03,Putrajaya,Milk-based,Mocha,2,12,24,QR
TXN-9332,16/4/2026,21:13,Putrajaya,Milk-based,Cappuccino,1,11,11,QR
TXN-9388,16/4/2026,21:23,Puncak Alam,Milk-based,Cappuccino,1,11,11,QR
TXN-9385,16/4/2026,21:27,Puncak Alam,Ice Blended,Ice Blended Chocolate Chip,1,14,14,QR
TXN-9367,16/4/2026,21:42,Puncak Alam,Ice Blended,Ice Blended Chocolate Chip,1,14,14,Cash
TXN-9317,16/4/2026,21:43,Putrajaya,Milk-based,Caramel Macchiato,1,13,13,QR
TXN-9329,16/4/2026,21:51,Putrajaya,Milk-based,Mocha,1,12,12,QR
TXN-9381,16/4/2026,21:57,Puncak Alam,Milk-based,Caramel Macchiato,1,13,13,Cash
TXN-9473,17/4/2026,8:13,Putrajaya,Milk-based,Caramel Macchiato,1,13,13,QR
TXN-9540,17/4/2026,8:15,Puncak Alam,Milk-based,Mocha,1,12,12,QR
TXN-9454,17/4/2026,8:21,Putrajaya,Ice Blended,Ice Blended Chocolate Chip,1,14,14,QR
TXN-9517,17/4/2026,8:25,Puncak Alam,Ice Blended,Ice Blended Chocolate Chip,1,14,14,Cash
TXN-9506,17/4/2026,8:28,Puncak Alam,Milk-based,Cappuccino,1,11,11,QR
TXN-9481,17/4/2026,8:38,Putrajaya,Espresso-based,Espresso,1,7,7,QR
TXN-9443,17/4/2026,9:00,Putrajaya,Espresso-based,Americano,1,9,9,QR
TXN-9417,17/4/2026,9:05,Putrajaya,Milk-based,Latte,1,11,11,Cash
TXN-9500,17/4/2026,9:11,Puncak Alam,Espresso-based,Espresso,1,7,7,Cash
TXN-9513,17/4/2026,9:14,Puncak Alam,Espresso-based,Americano,1,9,9,QR
TXN-9482,17/4/2026,9:19,Puncak Alam,Espresso-based,Americano,1,9,9,QR
TXN-9543,17/4/2026,9:20,Puncak Alam,Milk-based,Cappuccino,3,11,33,QR
TXN-9502,17/4/2026,9:27,Puncak Alam,Milk-based,Latte,1,11,11,QR
TXN-9498,17/4/2026,9:28,Puncak Alam,Milk-based,Cappuccino,2,11,22,QR
TXN-9436,17/4/2026,9:37,Putrajaya,Espresso-based,Americano,1,9,9,Cash
TXN-9426,17/4/2026,9:39,Putrajaya,Ice Blended,Ice Blended Chocolate Chip,2,14,28,QR
TXN-9534,17/4/2026,9:43,Puncak Alam,Espresso-based,Americano,4,9,36,Cash
TXN-9403,17/4/2026,9:44,Putrajaya,Espresso-based,Americano,1,9,9,Cash
TXN-9554,17/4/2026,9:45,Puncak Alam,Ice Blended,Ice Blended Chocolate Chip,4,14,56,QR
TXN-9545,17/4/2026,9:52,Puncak Alam,Espresso-based,Americano,3,9,27,QR
TXN-9499,17/4/2026,9:58,Puncak Alam,Espresso-based,Americano,1,9,9,QR
TXN-9528,17/4/2026,9:58,Puncak Alam,Ice Blended,Ice Blended Chocolate Chip,3,14,42,QR
TXN-9424,17/4/2026,10:14,Putrajaya,Milk-based,Caramel Macchiato,1,13,13,Cash
TXN-9456,17/4/2026,10:16,Putrajaya,Espresso-based,Americano,2,9,18,Cash
TXN-9477,17/4/2026,10:23,Putrajaya,Milk-based,Mocha,2,12,24,QR
TXN-9445,17/4/2026,10:39,Putrajaya,Milk-based,Cappuccino,1,11,11,Cash
TXN-9555,17/4/2026,10:42,Puncak Alam,Espresso-based,Americano,2,9,18,QR
TXN-9421,17/4/2026,10:43,Putrajaya,Ice Blended,Ice Blended Chocolate Chip,1,14,14,QR
TXN-9519,17/4/2026,10:43,Puncak Alam,Espresso-based,Americano,2,9,18,Cash
TXN-9405,17/4/2026,10:46,Putrajaya,Milk-based,Caramel Macchiato,1,13,13,QR
TXN-9455,17/4/2026,10:48,Putrajaya,Ice Blended,Ice Blended Chocolate Chip,1,14,14,Cash
TXN-9533,17/4/2026,10:48,Puncak Alam,Milk-based,Cappuccino,4,11,44,QR
TXN-9422,17/4/2026,10:57,Putrajaya,Ice Blended,Ice Blended Chocolate Chip,1,14,14,QR
TXN-9471,17/4/2026,10:57,Putrajaya,Milk-based,Cappuccino,1,11,11,Cash
TXN-9446,17/4/2026,10:58,Putrajaya,Espresso-based,Americano,3,9,27,Cash
TXN-9414,17/4/2026,11:09,Putrajaya,Espresso-based,Americano,1,9,9,QR
TXN-9503,17/4/2026,11:16,Puncak Alam,Milk-based,Mocha,3,12,36,Cash
TXN-9427,17/4/2026,11:27,Putrajaya,Milk-based,Mocha,4,12,48,QR
TXN-9509,17/4/2026,11:39,Puncak Alam,Milk-based,Caramel Macchiato,2,13,26,QR
TXN-9542,17/4/2026,11:39,Puncak Alam,Milk-based,Mocha,2,12,24,Cash
TXN-9462,17/4/2026,11:45,Putrajaya,Milk-based,Latte,2,11,22,Cash
TXN-9552,17/4/2026,11:45,Puncak Alam,Milk-based,Cappuccino,1,11,11,Cash
TXN-9406,17/4/2026,11:48,Putrajaya,Milk-based,Cappuccino,1,11,11,QR
TXN-9467,17/4/2026,11:53,Putrajaya,Ice Blended,Ice Blended Chocolate Chip,1,14,14,QR
TXN-9511,17/4/2026,11:58,Puncak Alam,Milk-based,Mocha,1,12,12,QR
TXN-9453,17/4/2026,12:11,Putrajaya,Milk-based,Mocha,1,12,12,QR
TXN-9419,17/4/2026,12:17,Putrajaya,Espresso-based,Americano,3,9,27,QR
TXN-9486,17/4/2026,12:17,Puncak Alam,Espresso-based,Americano,1,9,9,Cash
TXN-9485,17/4/2026,12:21,Puncak Alam,Milk-based,Caramel Macchiato,1,13,13,QR
TXN-9466,17/4/2026,12:28,Putrajaya,Milk-based,Cappuccino,1,11,11,QR
TXN-9461,17/4/2026,12:31,Putrajaya,Ice Blended,Ice Blended Chocolate Chip,1,14,14,Cash
TXN-9504,17/4/2026,12:38,Puncak Alam,Espresso-based,Espresso,1,7,7,QR
TXN-9518,17/4/2026,12:40,Puncak Alam,Milk-based,Caramel Macchiato,1,13,13,QR
TXN-9525,17/4/2026,12:40,Puncak Alam,Milk-based,Mocha,2,12,24,QR
TXN-9464,17/4/2026,12:56,Putrajaya,Espresso-based,Americano,2,9,18,QR
TXN-9547,17/4/2026,12:57,Puncak Alam,Milk-based,Cappuccino,1,11,11,QR
TXN-9516,17/4/2026,13:01,Puncak Alam,Espresso-based,Americano,1,9,9,QR
TXN-9541,17/4/2026,13:03,Puncak Alam,Milk-based,Caramel Macchiato,1,13,13,QR
TXN-9449,17/4/2026,13:04,Putrajaya,Milk-based,Latte,1,11,11,Cash
TXN-9494,17/4/2026,13:04,Puncak Alam,Milk-based,Cappuccino,3,11,33,QR
TXN-9432,17/4/2026,13:18,Putrajaya,Milk-based,Cappuccino,1,11,11,QR
TXN-9529,17/4/2026,13:40,Puncak Alam,Espresso-based,Espresso,2,7,14,QR
TXN-9551,17/4/2026,13:43,Puncak Alam,Milk-based,Cappuccino,1,11,11,QR
TXN-9536,17/4/2026,13:57,Puncak Alam,Milk-based,Latte,1,11,11,QR
TXN-9546,17/4/2026,14:13,Puncak Alam,Ice Blended,Ice Blended Chocolate Chip,1,14,14,QR
TXN-9439,17/4/2026,14:21,Putrajaya,Milk-based,Latte,3,11,33,QR
TXN-9469,17/4/2026,14:21,Putrajaya,Milk-based,Cappuccino,2,11,22,Cash
TXN-9430,17/4/2026,14:23,Putrajaya,Milk-based,Cappuccino,2,11,22,Cash
TXN-9451,17/4/2026,14:28,Putrajaya,Milk-based,Caramel Macchiato,2,13,26,QR
TXN-9553,17/4/2026,14:36,Puncak Alam,Espresso-based,Americano,2,9,18,QR
TXN-9470,17/4/2026,14:42,Putrajaya,Ice Blended,Ice Blended Chocolate Chip,1,14,14,QR
TXN-9468,17/4/2026,14:50,Putrajaya,Ice Blended,Ice Blended Chocolate Chip,1,14,14,QR
TXN-9508,17/4/2026,15:09,Puncak Alam,Milk-based,Caramel Macchiato,1,13,13,QR
TXN-9507,17/4/2026,15:15,Puncak Alam,Milk-based,Latte,1,11,11,QR
TXN-9458,17/4/2026,15:17,Putrajaya,Milk-based,Mocha,1,12,12,QR
TXN-9527,17/4/2026,15:25,Puncak Alam,Ice Blended,Ice Blended Chocolate Chip,1,14,14,Cash
TXN-9438,17/4/2026,15:35,Putrajaya,Milk-based,Cappuccino,1,11,11,QR
TXN-9480,17/4/2026,15:38,Putrajaya,Milk-based,Caramel Macchiato,2,13,26,QR
TXN-9544,17/4/2026,15:39,Puncak Alam,Ice Blended,Ice Blended Chocolate Chip,1,14,14,QR
TXN-9402,17/4/2026,15:48,Putrajaya,Milk-based,Cappuccino,1,11,11,QR
TXN-9501,17/4/2026,15:53,Puncak Alam,Espresso-based,Americano,2,9,18,Cash
TXN-9412,17/4/2026,16:03,Putrajaya,Milk-based,Cappuccino,3,11,33,QR
TXN-9475,17/4/2026,16:07,Putrajaya,Milk-based,Latte,1,11,11,QR
TXN-9476,17/4/2026,16:20,Putrajaya,Milk-based,Caramel Macchiato,1,13,13,QR
TXN-9465,17/4/2026,16:21,Putrajaya,Milk-based,Latte,1,11,11,Cash
TXN-9418,17/4/2026,16:24,Putrajaya,Milk-based,Latte,2,11,22,QR
TXN-9521,17/4/2026,16:30,Puncak Alam,Espresso-based,Americano,1,9,9,QR
TXN-9463,17/4/2026,16:34,Putrajaya,Milk-based,Caramel Macchiato,4,13,52,QR
TXN-9524,17/4/2026,16:37,Puncak Alam,Ice Blended,Ice Blended Chocolate Chip,1,14,14,QR
TXN-9420,17/4/2026,16:39,Putrajaya,Espresso-based,Americano,3,9,27,QR
TXN-9531,17/4/2026,16:44,Puncak Alam,Ice Blended,Ice Blended Chocolate Chip,1,14,14,QR
TXN-9539,17/4/2026,16:46,Puncak Alam,Espresso-based,Americano,1,9,9,QR
TXN-9434,17/4/2026,16:47,Putrajaya,Milk-based,Latte,1,11,11,QR
TXN-9435,17/4/2026,16:47,Putrajaya,Milk-based,Mocha,1,12,12,QR
TXN-9459,17/4/2026,16:47,Putrajaya,Espresso-based,Espresso,1,7,7,QR
TXN-9510,17/4/2026,16:50,Puncak Alam,Milk-based,Mocha,1,12,12,QR
TXN-9408,17/4/2026,16:51,Putrajaya,Milk-based,Latte,1,11,11,Cash
TXN-9440,17/4/2026,16:57,Putrajaya,Milk-based,Mocha,1,12,12,Cash
TXN-9512,17/4/2026,17:18,Puncak Alam,Milk-based,Cappuccino,3,11,33,QR
TXN-9496,17/4/2026,17:23,Puncak Alam,Milk-based,Cappuccino,1,11,11,QR
TXN-9487,17/4/2026,17:25,Puncak Alam,Espresso-based,Americano,1,9,9,QR
TXN-9433,17/4/2026,17:33,Putrajaya,Espresso-based,Espresso,1,7,7,QR
TXN-9548,17/4/2026,17:40,Puncak Alam,Milk-based,Mocha,3,12,36,Cash
TXN-9448,17/4/2026,17:41,Putrajaya,Espresso-based,Espresso,2,7,14,Cash
TXN-9493,17/4/2026,17:48,Puncak Alam,Espresso-based,Americano,2,9,18,QR
TXN-9441,17/4/2026,17:50,Putrajaya,Milk-based,Caramel Macchiato,1,13,13,Cash
TXN-9450,17/4/2026,17:54,Putrajaya,Milk-based,Latte,1,11,11,QR
TXN-9550,17/4/2026,17:54,Puncak Alam,Espresso-based,Espresso,2,7,14,Cash
TXN-9452,17/4/2026,17:59,Putrajaya,Milk-based,Latte,1,11,11,QR
TXN-9538,17/4/2026,18:00,Puncak Alam,Milk-based,Mocha,1,12,12,QR
TXN-9425,17/4/2026,18:10,Putrajaya,Espresso-based,Americano,1,9,9,QR
TXN-9423,17/4/2026,18:12,Putrajaya,Milk-based,Cappuccino,1,11,11,QR
TXN-9523,17/4/2026,18:12,Puncak Alam,Ice Blended,Ice Blended Chocolate Chip,1,14,14,Cash
TXN-9489,17/4/2026,18:13,Puncak Alam,Milk-based,Latte,1,11,11,QR
TXN-9549,17/4/2026,18:13,Puncak Alam,Milk-based,Cappuccino,1,11,11,QR
TXN-9495,17/4/2026,18:16,Puncak Alam,Milk-based,Caramel Macchiato,2,13,26,QR
TXN-9437,17/4/2026,18:22,Putrajaya,Milk-based,Caramel Macchiato,1,13,13,QR
TXN-9490,17/4/2026,18:30,Puncak Alam,Espresso-based,Espresso,1,7,7,QR
TXN-9514,17/4/2026,18:31,Puncak Alam,Milk-based,Mocha,1,12,12,Cash
TXN-9416,17/4/2026,18:32,Putrajaya,Milk-based,Caramel Macchiato,2,13,26,QR
TXN-9429,17/4/2026,18:37,Putrajaya,Ice Blended,Ice Blended Chocolate Chip,1,14,14,QR
TXN-9479,17/4/2026,18:40,Putrajaya,Espresso-based,Espresso,1,7,7,QR
TXN-9428,17/4/2026,18:42,Putrajaya,Milk-based,Mocha,1,12,12,QR
TXN-9444,17/4/2026,18:44,Putrajaya,Milk-based,Mocha,3,12,36,QR
TXN-9484,17/4/2026,18:44,Puncak Alam,Milk-based,Mocha,1,12,12,QR
TXN-9488,17/4/2026,19:01,Puncak Alam,Milk-based,Caramel Macchiato,1,13,13,QR
TXN-9535,17/4/2026,19:03,Puncak Alam,Espresso-based,Espresso,1,7,7,QR
TXN-9431,17/4/2026,19:08,Putrajaya,Milk-based,Caramel Macchiato,1,13,13,QR
TXN-9410,17/4/2026,19:19,Putrajaya,Espresso-based,Espresso,1,7,7,QR
TXN-9505,17/4/2026,19:19,Puncak Alam,Milk-based,Latte,1,11,11,QR
TXN-9520,17/4/2026,19:25,Puncak Alam,Espresso-based,Americano,1,9,9,Cash
TXN-9407,17/4/2026,19:48,Putrajaya,Milk-based,Mocha,1,12,12,QR
TXN-9532,17/4/2026,19:50,Puncak Alam,Milk-based,Caramel Macchiato,1,13,13,QR
TXN-9478,17/4/2026,20:01,Putrajaya,Milk-based,Caramel Macchiato,1,13,13,Cash
TXN-9515,17/4/2026,20:12,Puncak Alam,Milk-based,Mocha,1,12,12,Cash
TXN-9530,17/4/2026,20:12,Puncak Alam,Ice Blended,Ice Blended Chocolate Chip,1,14,14,Cash
TXN-9492,17/4/2026,20:17,Puncak Alam,Ice Blended,Ice Blended Chocolate Chip,2,14,28,QR
TXN-9497,17/4/2026,20:20,Puncak Alam,Espresso-based,Espresso,1,7,7,QR
TXN-9415,17/4/2026,20:27,Putrajaya,Milk-based,Cappuccino,2,11,22,QR
TXN-9413,17/4/2026,20:36,Putrajaya,Milk-based,Latte,3,11,33,QR
TXN-9457,17/4/2026,20:37,Putrajaya,Ice Blended,Ice Blended Chocolate Chip,1,14,14,QR
TXN-9483,17/4/2026,20:46,Puncak Alam,Milk-based,Mocha,2,12,24,Cash
TXN-9460,17/4/2026,20:51,Putrajaya,Espresso-based,Espresso,1,7,7,QR
TXN-9472,17/4/2026,20:52,Putrajaya,Espresso-based,Espresso,1,7,7,QR
TXN-9442,17/4/2026,21:01,Putrajaya,Espresso-based,Espresso,3,7,21,Cash
TXN-9474,17/4/2026,21:14,Putrajaya,Milk-based,Mocha,1,12,12,QR
TXN-9537,17/4/2026,21:15,Puncak Alam,Espresso-based,Americano,1,9,9,QR
TXN-9491,17/4/2026,21:16,Puncak Alam,Milk-based,Mocha,1,12,12,QR
TXN-9411,17/4/2026,21:18,Putrajaya,Ice Blended,Ice Blended Chocolate Chip,1,14,14,QR
TXN-9522,17/4/2026,21:20,Puncak Alam,Milk-based,Cappuccino,1,11,11,QR
TXN-9404,17/4/2026,21:25,Putrajaya,Milk-based,Cappuccino,2,11,22,QR
TXN-9526,17/4/2026,21:41,Puncak Alam,Espresso-based,Espresso,1,7,7,Cash
TXN-9447,17/4/2026,21:46,Putrajaya,Milk-based,Mocha,2,12,24,QR
TXN-9409,17/4/2026,21:51,Putrajaya,Milk-based,Mocha,3,12,36,Cash
TXN-9614,18/4/2026,8:11,Putrajaya,Milk-based,Latte,1,11,11,Cash
TXN-9660,18/4/2026,8:17,Puncak Alam,Milk-based,Cappuccino,1,11,11,QR
TXN-9563,18/4/2026,8:18,Putrajaya,Espresso-based,Espresso,1,7,7,QR
TXN-9679,18/4/2026,8:19,Puncak Alam,Ice Blended,Ice Blended Chocolate Chip,1,14,14,Cash
TXN-9630,18/4/2026,8:25,Putrajaya,Espresso-based,Americano,1,9,9,Cash
TXN-9608,18/4/2026,8:31,Putrajaya,Milk-based,Latte,1,11,11,QR
TXN-9668,18/4/2026,8:45,Puncak Alam,Milk-based,Mocha,2,12,24,QR
TXN-9603,18/4/2026,8:48,Putrajaya,Espresso-based,Americano,1,9,9,Cash
TXN-9617,18/4/2026,8:49,Putrajaya,Espresso-based,Espresso,1,7,7,QR
TXN-9652,18/4/2026,9:02,Puncak Alam,Espresso-based,Americano,2,9,18,QR
TXN-9591,18/4/2026,9:06,Putrajaya,Ice Blended,Ice Blended Chocolate Chip,1,14,14,QR
TXN-9618,18/4/2026,9:17,Putrajaya,Ice Blended,Ice Blended Chocolate Chip,1,14,14,QR
TXN-9581,18/4/2026,9:20,Putrajaya,Espresso-based,Espresso,3,7,21,QR
TXN-9582,18/4/2026,9:25,Putrajaya,Milk-based,Caramel Macchiato,1,13,13,QR
TXN-9670,18/4/2026,9:28,Puncak Alam,Milk-based,Mocha,2,12,24,QR
TXN-9597,18/4/2026,9:35,Putrajaya,Milk-based,Mocha,1,12,12,QR
TXN-9665,18/4/2026,9:35,Puncak Alam,Espresso-based,Espresso,1,7,7,QR
TXN-9663,18/4/2026,9:41,Puncak Alam,Espresso-based,Americano,1,9,9,QR
TXN-9592,18/4/2026,9:52,Putrajaya,Milk-based,Cappuccino,1,11,11,QR
TXN-9610,18/4/2026,10:01,Putrajaya,Milk-based,Cappuccino,1,11,11,QR
TXN-9639,18/4/2026,10:02,Puncak Alam,Espresso-based,Americano,3,9,27,QR
TXN-9629,18/4/2026,10:08,Putrajaya,Milk-based,Mocha,1,12,12,QR
TXN-9599,18/4/2026,10:11,Putrajaya,Ice Blended,Ice Blended Chocolate Chip,1,14,14,QR
TXN-9589,18/4/2026,10:17,Putrajaya,Milk-based,Latte,1,11,11,QR
TXN-9656,18/4/2026,10:18,Puncak Alam,Ice Blended,Ice Blended Chocolate Chip,2,14,28,QR
TXN-9637,18/4/2026,10:20,Puncak Alam,Milk-based,Mocha,1,12,12,QR
TXN-9612,18/4/2026,10:45,Putrajaya,Ice Blended,Ice Blended Chocolate Chip,1,14,14,QR
TXN-9570,18/4/2026,10:52,Putrajaya,Milk-based,Caramel Macchiato,1,13,13,QR
TXN-9658,18/4/2026,11:05,Puncak Alam,Ice Blended,Ice Blended Chocolate Chip,1,14,14,QR
TXN-9657,18/4/2026,11:09,Puncak Alam,Espresso-based,Americano,1,9,9,Cash
TXN-9680,18/4/2026,11:10,Puncak Alam,Milk-based,Latte,1,11,11,QR
TXN-9634,18/4/2026,11:14,Puncak Alam,Milk-based,Cappuccino,1,11,11,Cash
TXN-9595,18/4/2026,11:16,Putrajaya,Espresso-based,Espresso,1,7,7,Cash
TXN-9558,18/4/2026,11:20,Putrajaya,Espresso-based,Espresso,1,7,7,Cash
TXN-9675,18/4/2026,11:21,Puncak Alam,Milk-based,Latte,1,11,11,Cash
TXN-9671,18/4/2026,11:32,Puncak Alam,Milk-based,Mocha,3,12,36,QR
TXN-9578,18/4/2026,11:35,Putrajaya,Milk-based,Latte,1,11,11,Cash
TXN-9604,18/4/2026,11:50,Putrajaya,Milk-based,Cappuccino,2,11,22,Cash
TXN-9574,18/4/2026,12:21,Putrajaya,Milk-based,Mocha,2,12,24,Cash
TXN-9644,18/4/2026,12:27,Puncak Alam,Milk-based,Cappuccino,1,11,11,QR
TXN-9569,18/4/2026,12:32,Putrajaya,Milk-based,Cappuccino,2,11,22,QR
TXN-9623,18/4/2026,12:55,Putrajaya,Milk-based,Mocha,1,12,12,QR
TXN-9586,18/4/2026,12:58,Putrajaya,Espresso-based,Americano,1,9,9,QR
TXN-9556,18/4/2026,13:05,Putrajaya,Milk-based,Caramel Macchiato,1,13,13,QR
TXN-9676,18/4/2026,13:06,Puncak Alam,Espresso-based,Americano,2,9,18,QR
TXN-9624,18/4/2026,13:12,Putrajaya,Milk-based,Cappuccino,1,11,11,Cash
TXN-9672,18/4/2026,13:15,Puncak Alam,Milk-based,Caramel Macchiato,2,13,26,Cash
TXN-9568,18/4/2026,13:17,Putrajaya,Milk-based,Caramel Macchiato,1,13,13,Cash
TXN-9650,18/4/2026,13:17,Puncak Alam,Ice Blended,Ice Blended Chocolate Chip,3,14,42,QR
TXN-9615,18/4/2026,13:22,Putrajaya,Espresso-based,Espresso,1,7,7,QR
TXN-9626,18/4/2026,13:30,Putrajaya,Espresso-based,Americano,1,9,9,QR
TXN-9654,18/4/2026,13:32,Puncak Alam,Ice Blended,Ice Blended Chocolate Chip,1,14,14,QR
TXN-9633,18/4/2026,13:35,Puncak Alam,Milk-based,Cappuccino,2,11,22,QR
TXN-9667,18/4/2026,13:45,Puncak Alam,Milk-based,Caramel Macchiato,1,13,13,Cash
TXN-9669,18/4/2026,13:48,Puncak Alam,Ice Blended,Ice Blended Chocolate Chip,1,14,14,QR
TXN-9609,18/4/2026,13:52,Putrajaya,Espresso-based,Espresso,2,7,14,QR
TXN-9646,18/4/2026,13:56,Puncak Alam,Milk-based,Cappuccino,1,11,11,QR
TXN-9575,18/4/2026,13:58,Putrajaya,Milk-based,Latte,2,11,22,QR
TXN-9579,18/4/2026,14:00,Putrajaya,Ice Blended,Ice Blended Chocolate Chip,1,14,14,QR
TXN-9564,18/4/2026,14:07,Putrajaya,Milk-based,Mocha,2,12,24,QR
TXN-9567,18/4/2026,14:31,Putrajaya,Milk-based,Cappuccino,1,11,11,Cash
TXN-9662,18/4/2026,14:40,Puncak Alam,Ice Blended,Ice Blended Chocolate Chip,2,14,28,QR
TXN-9653,18/4/2026,14:56,Puncak Alam,Espresso-based,Americano,1,9,9,QR
TXN-9636,18/4/2026,15:14,Puncak Alam,Milk-based,Mocha,1,12,12,QR
TXN-9638,18/4/2026,15:19,Puncak Alam,Milk-based,Cappuccino,1,11,11,Cash
TXN-9628,18/4/2026,15:31,Putrajaya,Espresso-based,Espresso,2,7,14,QR
TXN-9643,18/4/2026,15:46,Puncak Alam,Espresso-based,Espresso,2,7,14,QR
TXN-9602,18/4/2026,15:56,Putrajaya,Espresso-based,Espresso,2,7,14,QR
TXN-9647,18/4/2026,15:57,Puncak Alam,Ice Blended,Ice Blended Chocolate Chip,3,14,42,QR
TXN-9566,18/4/2026,15:58,Putrajaya,Espresso-based,Espresso,1,7,7,QR
TXN-9576,18/4/2026,16:01,Putrajaya,Milk-based,Mocha,1,12,12,QR
TXN-9631,18/4/2026,16:06,Puncak Alam,Milk-based,Latte,1,11,11,Cash
TXN-9642,18/4/2026,16:11,Puncak Alam,Milk-based,Caramel Macchiato,2,13,26,Cash
TXN-9588,18/4/2026,16:36,Putrajaya,Espresso-based,Espresso,1,7,7,QR
TXN-9619,18/4/2026,16:43,Putrajaya,Espresso-based,Americano,1,9,9,QR
TXN-9587,18/4/2026,16:44,Putrajaya,Ice Blended,Ice Blended Chocolate Chip,1,14,14,QR
TXN-9573,18/4/2026,16:45,Putrajaya,Milk-based,Cappuccino,2,11,22,QR
TXN-9584,18/4/2026,16:57,Putrajaya,Milk-based,Caramel Macchiato,1,13,13,Cash
TXN-9607,18/4/2026,16:57,Putrajaya,Milk-based,Caramel Macchiato,4,13,52,Cash
TXN-9622,18/4/2026,17:14,Putrajaya,Ice Blended,Ice Blended Chocolate Chip,1,14,14,QR
TXN-9590,18/4/2026,17:17,Putrajaya,Milk-based,Mocha,3,12,36,Cash
TXN-9620,18/4/2026,17:17,Putrajaya,Milk-based,Cappuccino,1,11,11,QR
TXN-9655,18/4/2026,17:24,Puncak Alam,Milk-based,Latte,1,11,11,Cash
TXN-9572,18/4/2026,17:27,Putrajaya,Espresso-based,Espresso,1,7,7,QR
TXN-9561,18/4/2026,17:28,Putrajaya,Milk-based,Cappuccino,1,11,11,Cash
TXN-9613,18/4/2026,17:44,Putrajaya,Milk-based,Cappuccino,1,11,11,QR
TXN-9611,18/4/2026,18:05,Putrajaya,Espresso-based,Espresso,1,7,7,QR
TXN-9645,18/4/2026,18:06,Puncak Alam,Milk-based,Caramel Macchiato,2,13,26,QR
TXN-9605,18/4/2026,18:27,Putrajaya,Espresso-based,Americano,1,9,9,QR
TXN-9674,18/4/2026,18:36,Puncak Alam,Milk-based,Cappuccino,1,11,11,Cash
TXN-9625,18/4/2026,18:48,Putrajaya,Espresso-based,Americano,1,9,9,QR
TXN-9559,18/4/2026,18:49,Putrajaya,Espresso-based,Americano,1,9,9,QR
TXN-9632,18/4/2026,18:57,Puncak Alam,Espresso-based,Espresso,1,7,7,Cash
TXN-9562,18/4/2026,18:58,Putrajaya,Ice Blended,Ice Blended Chocolate Chip,1,14,14,QR
TXN-9596,18/4/2026,18:58,Putrajaya,Espresso-based,Americano,1,9,9,Cash
TXN-9557,18/4/2026,19:03,Putrajaya,Milk-based,Cappuccino,2,11,22,Cash
TXN-9678,18/4/2026,19:09,Puncak Alam,Espresso-based,Americano,1,9,9,QR
TXN-9598,18/4/2026,19:26,Putrajaya,Milk-based,Cappuccino,4,11,44,Cash
TXN-9666,18/4/2026,19:31,Puncak Alam,Milk-based,Mocha,1,12,12,QR
TXN-9560,18/4/2026,19:43,Putrajaya,Espresso-based,Espresso,2,7,14,QR
TXN-9641,18/4/2026,19:44,Puncak Alam,Ice Blended,Ice Blended Chocolate Chip,3,14,42,Cash
TXN-9621,18/4/2026,19:51,Putrajaya,Milk-based,Cappuccino,1,11,11,QR
TXN-9648,18/4/2026,19:54,Puncak Alam,Milk-based,Cappuccino,1,11,11,QR
TXN-9659,18/4/2026,19:57,Puncak Alam,Milk-based,Mocha,1,12,12,Cash
TXN-9577,18/4/2026,20:00,Putrajaya,Milk-based,Latte,2,11,22,QR
TXN-9583,18/4/2026,20:01,Putrajaya,Milk-based,Mocha,2,12,24,Cash
TXN-9601,18/4/2026,20:06,Putrajaya,Milk-based,Mocha,1,12,12,QR
TXN-9661,18/4/2026,20:17,Puncak Alam,Ice Blended,Ice Blended Chocolate Chip,1,14,14,QR
TXN-9664,18/4/2026,20:17,Puncak Alam,Espresso-based,Espresso,1,7,7,QR
TXN-9616,18/4/2026,20:26,Putrajaya,Milk-based,Caramel Macchiato,1,13,13,Cash
TXN-9649,18/4/2026,20:36,Puncak Alam,Espresso-based,Americano,2,9,18,QR
TXN-9594,18/4/2026,20:39,Putrajaya,Espresso-based,Americano,1,9,9,QR
TXN-9606,18/4/2026,20:39,Putrajaya,Milk-based,Cappuccino,2,11,22,QR
TXN-9585,18/4/2026,20:48,Putrajaya,Milk-based,Caramel Macchiato,1,13,13,QR
TXN-9580,18/4/2026,20:56,Putrajaya,Milk-based,Caramel Macchiato,1,13,13,QR
TXN-9593,18/4/2026,21:03,Putrajaya,Milk-based,Latte,1,11,11,QR
TXN-9627,18/4/2026,21:14,Putrajaya,Milk-based,Mocha,1,12,12,Cash
TXN-9600,18/4/2026,21:16,Putrajaya,Milk-based,Cappuccino,2,11,22,QR
TXN-9635,18/4/2026,21:18,Puncak Alam,Milk-based,Mocha,1,12,12,Cash
TXN-9640,18/4/2026,21:19,Puncak Alam,Milk-based,Mocha,1,12,12,QR
TXN-9677,18/4/2026,21:20,Puncak Alam,Ice Blended,Ice Blended Chocolate Chip,1,14,14,Cash
TXN-9673,18/4/2026,21:25,Puncak Alam,Milk-based,Latte,1,11,11,QR
TXN-9571,18/4/2026,21:33,Putrajaya,Espresso-based,Espresso,1,7,7,QR
TXN-9565,18/4/2026,21:48,Putrajaya,Milk-based,Latte,2,11,22,Cash
TXN-9651,18/4/2026,21:56,Puncak Alam,Milk-based,Cappuccino,1,11,11,QR
TXN-9758,19/4/2026,8:08,Puncak Alam,Milk-based,Latte,1,11,11,QR
TXN-9762,19/4/2026,8:08,Puncak Alam,Milk-based,Cappuccino,1,11,11,Cash
TXN-9741,19/4/2026,8:17,Putrajaya,Milk-based,Mocha,1,12,12,QR
TXN-9690,19/4/2026,8:20,Putrajaya,Espresso-based,Americano,1,9,9,QR
TXN-9707,19/4/2026,8:34,Putrajaya,Ice Blended,Ice Blended Chocolate Chip,1,14,14,QR
TXN-9764,19/4/2026,8:45,Puncak Alam,Milk-based,Latte,1,11,11,QR
TXN-9728,19/4/2026,8:46,Putrajaya,Espresso-based,Americano,1,9,9,QR
TXN-9699,19/4/2026,9:03,Putrajaya,Milk-based,Latte,1,11,11,Cash
TXN-9777,19/4/2026,9:05,Puncak Alam,Espresso-based,Americano,1,9,9,QR
TXN-9747,19/4/2026,9:23,Putrajaya,Espresso-based,Americano,3,9,27,QR
TXN-9726,19/4/2026,9:32,Putrajaya,Ice Blended,Ice Blended Chocolate Chip,3,14,42,QR
TXN-9689,19/4/2026,9:45,Putrajaya,Milk-based,Latte,1,11,11,Cash
TXN-9735,19/4/2026,9:54,Putrajaya,Milk-based,Caramel Macchiato,2,13,26,Cash
TXN-9771,19/4/2026,9:54,Puncak Alam,Ice Blended,Ice Blended Chocolate Chip,3,14,42,QR
TXN-9759,19/4/2026,10:01,Puncak Alam,Ice Blended,Ice Blended Chocolate Chip,1,14,14,Cash
TXN-9767,19/4/2026,10:01,Puncak Alam,Milk-based,Caramel Macchiato,2,13,26,QR
TXN-9731,19/4/2026,10:02,Putrajaya,Espresso-based,Americano,3,9,27,Cash
TXN-9756,19/4/2026,10:05,Puncak Alam,Milk-based,Cappuccino,1,11,11,QR
TXN-9773,19/4/2026,10:07,Puncak Alam,Milk-based,Caramel Macchiato,2,13,26,QR
TXN-9739,19/4/2026,10:13,Putrajaya,Milk-based,Latte,1,11,11,QR
TXN-9744,19/4/2026,10:15,Putrajaya,Milk-based,Mocha,1,12,12,QR
TXN-9746,19/4/2026,10:17,Putrajaya,Espresso-based,Espresso,3,7,21,QR
TXN-9723,19/4/2026,10:21,Putrajaya,Espresso-based,Americano,1,9,9,Cash
TXN-9738,19/4/2026,10:30,Putrajaya,Espresso-based,Americano,3,9,27,QR
TXN-9737,19/4/2026,10:31,Putrajaya,Ice Blended,Ice Blended Chocolate Chip,1,14,14,QR
TXN-9730,19/4/2026,10:39,Putrajaya,Ice Blended,Ice Blended Chocolate Chip,1,14,14,Cash
TXN-9753,19/4/2026,10:41,Puncak Alam,Milk-based,Caramel Macchiato,2,13,26,QR
TXN-9729,19/4/2026,10:48,Putrajaya,Milk-based,Caramel Macchiato,1,13,13,Cash
TXN-9743,19/4/2026,10:48,Putrajaya,Ice Blended,Ice Blended Chocolate Chip,3,14,42,Cash
TXN-9710,19/4/2026,10:52,Putrajaya,Milk-based,Cappuccino,1,11,11,QR
TXN-9705,19/4/2026,11:02,Putrajaya,Espresso-based,Americano,1,9,9,QR
TXN-9682,19/4/2026,11:08,Putrajaya,Milk-based,Cappuccino,3,11,33,QR
TXN-9755,19/4/2026,11:09,Puncak Alam,Milk-based,Caramel Macchiato,1,13,13,Cash
TXN-9701,19/4/2026,11:11,Putrajaya,Espresso-based,Espresso,1,7,7,Cash
TXN-9693,19/4/2026,11:31,Putrajaya,Ice Blended,Ice Blended Chocolate Chip,1,14,14,Cash
TXN-9691,19/4/2026,11:37,Putrajaya,Espresso-based,Americano,1,9,9,QR
TXN-9734,19/4/2026,11:56,Putrajaya,Milk-based,Mocha,1,12,12,QR
TXN-9686,19/4/2026,12:00,Putrajaya,Milk-based,Mocha,2,12,24,QR
TXN-9761,19/4/2026,12:05,Puncak Alam,Espresso-based,Espresso,1,7,7,Cash
TXN-9772,19/4/2026,12:05,Puncak Alam,Milk-based,Caramel Macchiato,1,13,13,Cash
TXN-9783,19/4/2026,12:25,Puncak Alam,Milk-based,Latte,2,11,22,QR
TXN-9775,19/4/2026,12:27,Puncak Alam,Milk-based,Mocha,1,12,12,QR
TXN-9685,19/4/2026,12:30,Putrajaya,Espresso-based,Espresso,1,7,7,QR
TXN-9696,19/4/2026,12:36,Putrajaya,Milk-based,Cappuccino,1,11,11,Cash
TXN-9700,19/4/2026,12:51,Putrajaya,Milk-based,Cappuccino,1,11,11,QR
TXN-9760,19/4/2026,12:56,Puncak Alam,Milk-based,Cappuccino,2,11,22,Cash
TXN-9697,19/4/2026,13:09,Putrajaya,Milk-based,Latte,1,11,11,QR
TXN-9733,19/4/2026,13:09,Putrajaya,Milk-based,Mocha,2,12,24,QR
TXN-9752,19/4/2026,13:11,Puncak Alam,Milk-based,Cappuccino,1,11,11,QR
TXN-9768,19/4/2026,13:11,Puncak Alam,Ice Blended,Ice Blended Chocolate Chip,2,14,28,Cash
TXN-9683,19/4/2026,13:15,Putrajaya,Espresso-based,Espresso,1,7,7,QR
TXN-9721,19/4/2026,13:16,Putrajaya,Espresso-based,Espresso,2,7,14,QR
TXN-9776,19/4/2026,13:22,Puncak Alam,Milk-based,Mocha,1,12,12,QR
TXN-9713,19/4/2026,13:40,Putrajaya,Ice Blended,Ice Blended Chocolate Chip,1,14,14,Cash
TXN-9684,19/4/2026,13:47,Putrajaya,Espresso-based,Espresso,1,7,7,QR
TXN-9720,19/4/2026,13:51,Putrajaya,Milk-based,Cappuccino,1,11,11,QR
TXN-9765,19/4/2026,13:52,Puncak Alam,Milk-based,Cappuccino,3,11,33,QR
TXN-9704,19/4/2026,13:55,Putrajaya,Milk-based,Mocha,1,12,12,QR
TXN-9786,19/4/2026,14:06,Puncak Alam,Milk-based,Latte,1,11,11,Cash
TXN-9712,19/4/2026,14:21,Putrajaya,Ice Blended,Ice Blended Chocolate Chip,1,14,14,QR
TXN-9745,19/4/2026,14:21,Putrajaya,Milk-based,Latte,4,11,44,QR
TXN-9687,19/4/2026,14:25,Putrajaya,Milk-based,Mocha,1,12,12,QR
TXN-9711,19/4/2026,14:26,Putrajaya,Milk-based,Mocha,2,12,24,QR
TXN-9787,19/4/2026,14:39,Puncak Alam,Milk-based,Mocha,2,12,24,QR
TXN-9681,19/4/2026,14:54,Putrajaya,Milk-based,Cappuccino,1,11,11,QR
TXN-9692,19/4/2026,14:54,Putrajaya,Espresso-based,Americano,2,9,18,QR
TXN-9757,19/4/2026,15:14,Puncak Alam,Milk-based,Caramel Macchiato,1,13,13,QR
TXN-9778,19/4/2026,15:32,Puncak Alam,Milk-based,Latte,1,11,11,QR
TXN-9754,19/4/2026,15:40,Puncak Alam,Milk-based,Cappuccino,1,11,11,QR
TXN-9751,19/4/2026,15:48,Puncak Alam,Espresso-based,Americano,1,9,9,QR
TXN-9784,19/4/2026,15:48,Puncak Alam,Ice Blended,Ice Blended Chocolate Chip,2,14,28,QR
TXN-9781,19/4/2026,15:55,Puncak Alam,Milk-based,Latte,1,11,11,QR
TXN-9766,19/4/2026,16:12,Puncak Alam,Milk-based,Mocha,4,12,48,QR
TXN-9688,19/4/2026,16:21,Putrajaya,Milk-based,Caramel Macchiato,2,13,26,Cash
TXN-9742,19/4/2026,16:21,Putrajaya,Milk-based,Cappuccino,2,11,22,QR
TXN-9716,19/4/2026,16:34,Putrajaya,Espresso-based,Americano,3,9,27,Cash
TXN-9694,19/4/2026,16:35,Putrajaya,Espresso-based,Americano,1,9,9,QR
TXN-9780,19/4/2026,16:36,Puncak Alam,Ice Blended,Ice Blended Chocolate Chip,1,14,14,Cash
TXN-9732,19/4/2026,16:48,Putrajaya,Ice Blended,Ice Blended Chocolate Chip,1,14,14,QR
TXN-9763,19/4/2026,16:50,Puncak Alam,Milk-based,Mocha,1,12,12,QR
TXN-9718,19/4/2026,17:01,Putrajaya,Ice Blended,Ice Blended Chocolate Chip,1,14,14,QR
TXN-9695,19/4/2026,17:17,Putrajaya,Ice Blended,Ice Blended Chocolate Chip,3,14,42,Cash
TXN-9709,19/4/2026,17:18,Putrajaya,Espresso-based,Espresso,3,7,21,QR
TXN-9719,19/4/2026,17:26,Putrajaya,Milk-based,Mocha,1,12,12,Cash
TXN-9717,19/4/2026,17:34,Putrajaya,Milk-based,Latte,1,11,11,Cash
TXN-9769,19/4/2026,17:40,Puncak Alam,Espresso-based,Espresso,1,7,7,QR
TXN-9770,19/4/2026,17:57,Puncak Alam,Espresso-based,Americano,2,9,18,Cash
TXN-9724,19/4/2026,17:58,Putrajaya,Ice Blended,Ice Blended Chocolate Chip,1,14,14,QR
TXN-9725,19/4/2026,18:06,Putrajaya,Ice Blended,Ice Blended Chocolate Chip,1,14,14,QR
TXN-9715,19/4/2026,18:09,Putrajaya,Ice Blended,Ice Blended Chocolate Chip,1,14,14,QR
TXN-9782,19/4/2026,18:14,Puncak Alam,Milk-based,Mocha,2,12,24,QR
TXN-9706,19/4/2026,18:25,Putrajaya,Milk-based,Mocha,1,12,12,QR
TXN-9749,19/4/2026,18:32,Puncak Alam,Ice Blended,Ice Blended Chocolate Chip,1,14,14,QR
TXN-9779,19/4/2026,18:55,Puncak Alam,Espresso-based,Americano,2,9,18,QR
TXN-9714,19/4/2026,19:11,Putrajaya,Ice Blended,Ice Blended Chocolate Chip,2,14,28,QR
TXN-9785,19/4/2026,19:12,Puncak Alam,Milk-based,Caramel Macchiato,1,13,13,QR
TXN-9702,19/4/2026,19:15,Putrajaya,Milk-based,Caramel Macchiato,1,13,13,QR
TXN-9774,19/4/2026,19:15,Puncak Alam,Espresso-based,Americano,1,9,9,QR
TXN-9708,19/4/2026,19:23,Putrajaya,Espresso-based,Espresso,1,7,7,Cash
TXN-9698,19/4/2026,19:50,Putrajaya,Milk-based,Mocha,1,12,12,QR
TXN-9736,19/4/2026,20:32,Putrajaya,Milk-based,Mocha,1,12,12,QR
TXN-9788,19/4/2026,20:51,Puncak Alam,Milk-based,Cappuccino,1,11,11,QR
TXN-9750,19/4/2026,21:06,Puncak Alam,Milk-based,Latte,1,11,11,QR
TXN-9722,19/4/2026,21:07,Putrajaya,Milk-based,Mocha,3,12,36,Cash
TXN-9740,19/4/2026,21:12,Putrajaya,Milk-based,Mocha,1,12,12,QR
TXN-9703,19/4/2026,21:23,Putrajaya,Milk-based,Caramel Macchiato,1,13,13,QR
TXN-9789,19/4/2026,21:28,Puncak Alam,Milk-based,Caramel Macchiato,3,13,39,QR
TXN-9748,19/4/2026,21:47,Puncak Alam,Milk-based,Mocha,1,12,12,Cash
TXN-9727,19/4/2026,21:48,Putrajaya,Espresso-based,Americano,3,9,27,Cash
TXN-9864,20/4/2026,8:01,Putrajaya,Milk-based,Latte,1,11,11,Cash
TXN-9863,20/4/2026,8:24,Putrajaya,Milk-based,Caramel Macchiato,1,13,13,QR
TXN-9805,20/4/2026,8:30,Putrajaya,Espresso-based,Espresso,1,7,7,Cash
TXN-9790,20/4/2026,8:33,Putrajaya,Espresso-based,Espresso,1,7,7,QR
TXN-9803,20/4/2026,8:37,Putrajaya,Milk-based,Latte,1,11,11,QR
TXN-9860,20/4/2026,8:38,Putrajaya,Milk-based,Latte,1,11,11,QR
TXN-9872,20/4/2026,8:42,Puncak Alam,Espresso-based,Americano,2,9,18,QR
TXN-9833,20/4/2026,8:51,Putrajaya,Milk-based,Caramel Macchiato,1,13,13,QR
TXN-9852,20/4/2026,8:53,Putrajaya,Milk-based,Caramel Macchiato,4,13,52,QR
TXN-9903,20/4/2026,9:10,Puncak Alam,Milk-based,Caramel Macchiato,1,13,13,QR
TXN-9816,20/4/2026,9:13,Putrajaya,Ice Blended,Ice Blended Chocolate Chip,1,14,14,QR
TXN-9855,20/4/2026,9:15,Putrajaya,Milk-based,Mocha,3,12,36,QR
TXN-9866,20/4/2026,9:16,Putrajaya,Espresso-based,Americano,1,9,9,QR
TXN-9794,20/4/2026,9:17,Putrajaya,Ice Blended,Ice Blended Chocolate Chip,4,14,56,Cash
TXN-9814,20/4/2026,9:18,Putrajaya,Espresso-based,Espresso,1,7,7,QR
TXN-9881,20/4/2026,9:18,Puncak Alam,Milk-based,Cappuccino,2,11,22,QR
TXN-9822,20/4/2026,9:38,Putrajaya,Espresso-based,Espresso,1,7,7,QR
TXN-9913,20/4/2026,9:38,Puncak Alam,Espresso-based,Espresso,3,7,21,QR
TXN-9896,20/4/2026,9:39,Puncak Alam,Espresso-based,Americano,2,9,18,QR
TXN-9880,20/4/2026,9:41,Puncak Alam,Espresso-based,Espresso,1,7,7,QR
TXN-9890,20/4/2026,9:53,Puncak Alam,Espresso-based,Espresso,1,7,7,QR
TXN-9846,20/4/2026,9:58,Putrajaya,Ice Blended,Ice Blended Chocolate Chip,1,14,14,Cash
TXN-9919,20/4/2026,10:00,Puncak Alam,Ice Blended,Ice Blended Chocolate Chip,1,14,14,Cash
TXN-9791,20/4/2026,10:06,Putrajaya,Milk-based,Mocha,1,12,12,QR
TXN-9801,20/4/2026,10:13,Putrajaya,Milk-based,Latte,2,11,22,QR
TXN-9812,20/4/2026,10:16,Putrajaya,Milk-based,Cappuccino,1,11,11,QR
TXN-9898,20/4/2026,10:16,Puncak Alam,Milk-based,Mocha,1,12,12,QR
TXN-9904,20/4/2026,10:29,Puncak Alam,Milk-based,Caramel Macchiato,1,13,13,QR
TXN-9845,20/4/2026,10:32,Putrajaya,Milk-based,Latte,1,11,11,QR
TXN-9878,20/4/2026,10:35,Puncak Alam,Ice Blended,Ice Blended Chocolate Chip,3,14,42,QR
TXN-9831,20/4/2026,10:36,Putrajaya,Ice Blended,Ice Blended Chocolate Chip,3,14,42,QR
TXN-9844,20/4/2026,10:46,Putrajaya,Milk-based,Caramel Macchiato,2,13,26,QR
TXN-9851,20/4/2026,10:50,Putrajaya,Espresso-based,Americano,1,9,9,QR
TXN-9804,20/4/2026,11:02,Putrajaya,Milk-based,Latte,1,11,11,Cash
TXN-9902,20/4/2026,11:10,Puncak Alam,Ice Blended,Ice Blended Chocolate Chip,2,14,28,Cash
TXN-9802,20/4/2026,11:18,Putrajaya,Milk-based,Caramel Macchiato,1,13,13,Cash
TXN-9889,20/4/2026,11:36,Puncak Alam,Ice Blended,Ice Blended Chocolate Chip,1,14,14,QR
TXN-9815,20/4/2026,11:40,Putrajaya,Ice Blended,Ice Blended Chocolate Chip,1,14,14,QR
TXN-9850,20/4/2026,11:40,Putrajaya,Espresso-based,Americano,1,9,9,Cash
TXN-9837,20/4/2026,11:49,Putrajaya,Milk-based,Caramel Macchiato,2,13,26,QR
TXN-9874,20/4/2026,11:55,Puncak Alam,Milk-based,Cappuccino,1,11,11,QR
TXN-9930,20/4/2026,11:59,Puncak Alam,Espresso-based,Americano,1,9,9,QR
TXN-9873,20/4/2026,12:00,Puncak Alam,Espresso-based,Americano,1,9,9,QR
TXN-9921,20/4/2026,12:01,Puncak Alam,Ice Blended,Ice Blended Chocolate Chip,4,14,56,Cash
TXN-9797,20/4/2026,12:08,Putrajaya,Milk-based,Caramel Macchiato,1,13,13,QR
TXN-9821,20/4/2026,12:14,Putrajaya,Espresso-based,Americano,1,9,9,QR
TXN-9819,20/4/2026,12:19,Putrajaya,Espresso-based,Americano,1,9,9,QR
TXN-9827,20/4/2026,12:21,Putrajaya,Milk-based,Cappuccino,4,11,44,QR
TXN-9912,20/4/2026,12:23,Puncak Alam,Milk-based,Cappuccino,2,11,22,QR
TXN-9832,20/4/2026,12:46,Putrajaya,Ice Blended,Ice Blended Chocolate Chip,1,14,14,QR
TXN-9853,20/4/2026,12:57,Putrajaya,Espresso-based,Americano,2,9,18,QR
TXN-9909,20/4/2026,13:16,Puncak Alam,Milk-based,Cappuccino,1,11,11,Cash
TXN-9858,20/4/2026,13:17,Putrajaya,Espresso-based,Americano,1,9,9,Cash
TXN-9838,20/4/2026,13:25,Putrajaya,Milk-based,Caramel Macchiato,1,13,13,QR
TXN-9885,20/4/2026,13:27,Puncak Alam,Espresso-based,Americano,1,9,9,Cash
TXN-9868,20/4/2026,13:30,Putrajaya,Milk-based,Cappuccino,1,11,11,QR
TXN-9795,20/4/2026,13:38,Putrajaya,Ice Blended,Ice Blended Chocolate Chip,1,14,14,QR
TXN-9807,20/4/2026,13:42,Putrajaya,Espresso-based,Americano,1,9,9,QR
TXN-9857,20/4/2026,13:49,Putrajaya,Milk-based,Caramel Macchiato,1,13,13,Cash
TXN-9869,20/4/2026,13:55,Puncak Alam,Milk-based,Caramel Macchiato,2,13,26,QR
TXN-9793,20/4/2026,13:58,Putrajaya,Milk-based,Caramel Macchiato,1,13,13,Cash
TXN-9818,20/4/2026,14:04,Putrajaya,Ice Blended,Ice Blended Chocolate Chip,1,14,14,QR
TXN-9908,20/4/2026,14:05,Puncak Alam,Espresso-based,Americano,1,9,9,Cash
TXN-9901,20/4/2026,14:07,Puncak Alam,Milk-based,Mocha,1,12,12,QR
TXN-9916,20/4/2026,14:10,Puncak Alam,Espresso-based,Espresso,1,7,7,Cash
TXN-9809,20/4/2026,14:14,Putrajaya,Espresso-based,Espresso,1,7,7,Cash
TXN-9927,20/4/2026,14:20,Puncak Alam,Milk-based,Caramel Macchiato,1,13,13,QR
TXN-9888,20/4/2026,14:21,Puncak Alam,Espresso-based,Americano,1,9,9,QR
TXN-9900,20/4/2026,14:27,Puncak Alam,Milk-based,Caramel Macchiato,1,13,13,QR
TXN-9848,20/4/2026,14:39,Putrajaya,Milk-based,Mocha,1,12,12,QR
TXN-9906,20/4/2026,14:45,Puncak Alam,Milk-based,Cappuccino,2,11,22,QR
TXN-9905,20/4/2026,14:53,Puncak Alam,Milk-based,Mocha,1,12,12,QR
TXN-9871,20/4/2026,15:08,Puncak Alam,Ice Blended,Ice Blended Chocolate Chip,2,14,28,Cash
TXN-9811,20/4/2026,15:24,Putrajaya,Milk-based,Caramel Macchiato,1,13,13,Cash
TXN-9843,20/4/2026,15:32,Putrajaya,Milk-based,Mocha,1,12,12,QR
TXN-9825,20/4/2026,15:45,Putrajaya,Ice Blended,Ice Blended Chocolate Chip,1,14,14,QR
TXN-9924,20/4/2026,15:47,Puncak Alam,Milk-based,Latte,2,11,22,QR
TXN-9920,20/4/2026,15:53,Puncak Alam,Milk-based,Cappuccino,2,11,22,Cash
TXN-9854,20/4/2026,15:55,Putrajaya,Espresso-based,Americano,1,9,9,QR
TXN-9800,20/4/2026,15:56,Putrajaya,Milk-based,Caramel Macchiato,1,13,13,Cash
TXN-9870,20/4/2026,15:59,Puncak Alam,Milk-based,Caramel Macchiato,3,13,39,Cash
TXN-9922,20/4/2026,15:59,Puncak Alam,Milk-based,Caramel Macchiato,1,13,13,Cash
TXN-9918,20/4/2026,16:04,Puncak Alam,Milk-based,Latte,2,11,22,Cash
TXN-9894,20/4/2026,16:08,Puncak Alam,Espresso-based,Americano,1,9,9,QR
TXN-9917,20/4/2026,16:08,Puncak Alam,Espresso-based,Americano,1,9,9,QR
TXN-9907,20/4/2026,16:11,Puncak Alam,Espresso-based,Americano,1,9,9,QR
TXN-9841,20/4/2026,16:16,Putrajaya,Milk-based,Latte,1,11,11,QR
TXN-9867,20/4/2026,16:21,Putrajaya,Espresso-based,Espresso,2,7,14,Cash
TXN-9856,20/4/2026,16:24,Putrajaya,Espresso-based,Americano,1,9,9,QR
TXN-9925,20/4/2026,16:24,Puncak Alam,Espresso-based,Americano,1,9,9,Cash
TXN-9828,20/4/2026,16:25,Putrajaya,Milk-based,Mocha,2,12,24,Cash
TXN-9893,20/4/2026,16:27,Puncak Alam,Milk-based,Mocha,2,12,24,QR
TXN-9895,20/4/2026,16:31,Puncak Alam,Ice Blended,Ice Blended Chocolate Chip,1,14,14,QR
TXN-9817,20/4/2026,16:35,Putrajaya,Ice Blended,Ice Blended Chocolate Chip,1,14,14,Cash
TXN-9926,20/4/2026,16:44,Puncak Alam,Milk-based,Caramel Macchiato,1,13,13,QR
TXN-9899,20/4/2026,16:46,Puncak Alam,Milk-based,Caramel Macchiato,3,13,39,QR
TXN-9792,20/4/2026,16:49,Putrajaya,Espresso-based,Americano,1,9,9,QR
TXN-9826,20/4/2026,16:50,Putrajaya,Milk-based,Caramel Macchiato,2,13,26,QR
TXN-9879,20/4/2026,16:51,Puncak Alam,Espresso-based,Espresso,2,7,14,QR
TXN-9823,20/4/2026,16:58,Putrajaya,Milk-based,Cappuccino,1,11,11,QR
TXN-9820,20/4/2026,17:06,Putrajaya,Milk-based,Caramel Macchiato,2,13,26,QR
TXN-9839,20/4/2026,17:16,Putrajaya,Ice Blended,Ice Blended Chocolate Chip,1,14,14,QR
TXN-9915,20/4/2026,17:37,Puncak Alam,Espresso-based,Americano,1,9,9,Cash
TXN-9877,20/4/2026,18:06,Puncak Alam,Espresso-based,Americano,2,9,18,QR
TXN-9884,20/4/2026,18:30,Puncak Alam,Milk-based,Mocha,1,12,12,QR
TXN-9882,20/4/2026,18:33,Puncak Alam,Milk-based,Cappuccino,4,11,44,QR
TXN-9813,20/4/2026,18:37,Putrajaya,Milk-based,Latte,1,11,11,Cash
TXN-9892,20/4/2026,18:42,Puncak Alam,Milk-based,Latte,1,11,11,Cash
TXN-9842,20/4/2026,18:43,Putrajaya,Espresso-based,Americano,1,9,9,QR
TXN-9859,20/4/2026,18:56,Putrajaya,Espresso-based,Americano,2,9,18,QR
TXN-9824,20/4/2026,19:00,Putrajaya,Espresso-based,Americano,1,9,9,QR
TXN-9836,20/4/2026,19:09,Putrajaya,Milk-based,Caramel Macchiato,1,13,13,QR
TXN-9798,20/4/2026,19:11,Putrajaya,Milk-based,Latte,1,11,11,Cash
TXN-9928,20/4/2026,19:11,Puncak Alam,Milk-based,Mocha,2,12,24,QR
TXN-9808,20/4/2026,19:14,Putrajaya,Ice Blended,Ice Blended Chocolate Chip,2,14,28,QR
TXN-9847,20/4/2026,19:33,Putrajaya,Ice Blended,Ice Blended Chocolate Chip,1,14,14,QR
TXN-9891,20/4/2026,19:33,Puncak Alam,Espresso-based,Espresso,1,7,7,QR
TXN-9849,20/4/2026,19:34,Putrajaya,Espresso-based,Americano,3,9,27,Cash
TXN-9806,20/4/2026,19:48,Putrajaya,Milk-based,Caramel Macchiato,3,13,39,QR
TXN-9796,20/4/2026,19:53,Putrajaya,Milk-based,Latte,1,11,11,QR
TXN-9830,20/4/2026,19:56,Putrajaya,Milk-based,Cappuccino,3,11,33,Cash
TXN-9910,20/4/2026,20:01,Puncak Alam,Milk-based,Latte,1,11,11,QR
TXN-9923,20/4/2026,20:02,Puncak Alam,Milk-based,Latte,1,11,11,QR
TXN-9876,20/4/2026,20:12,Puncak Alam,Milk-based,Mocha,1,12,12,QR
TXN-9865,20/4/2026,20:16,Putrajaya,Milk-based,Cappuccino,1,11,11,Cash
TXN-9829,20/4/2026,20:19,Putrajaya,Milk-based,Mocha,1,12,12,QR
TXN-9810,20/4/2026,20:22,Putrajaya,Espresso-based,Americano,1,9,9,QR
TXN-9914,20/4/2026,20:22,Puncak Alam,Milk-based,Caramel Macchiato,1,13,13,Cash
TXN-9929,20/4/2026,20:41,Puncak Alam,Ice Blended,Ice Blended Chocolate Chip,1,14,14,QR
TXN-9862,20/4/2026,20:45,Putrajaya,Espresso-based,Espresso,3,7,21,Cash
TXN-9840,20/4/2026,20:53,Putrajaya,Milk-based,Latte,4,11,44,QR
TXN-9799,20/4/2026,21:13,Putrajaya,Milk-based,Caramel Macchiato,1,13,13,QR
TXN-9861,20/4/2026,21:16,Putrajaya,Milk-based,Cappuccino,1,11,11,Cash
TXN-9875,20/4/2026,21:29,Puncak Alam,Espresso-based,Espresso,1,7,7,Cash
TXN-9835,20/4/2026,21:37,Putrajaya,Milk-based,Caramel Macchiato,1,13,13,QR
TXN-9883,20/4/2026,21:42,Puncak Alam,Milk-based,Latte,1,11,11,Cash
TXN-9897,20/4/2026,21:43,Puncak Alam,Ice Blended,Ice Blended Chocolate Chip,1,14,14,QR
TXN-9911,20/4/2026,21:45,Puncak Alam,Ice Blended,Ice Blended Chocolate Chip,1,14,14,Cash
TXN-9834,20/4/2026,21:46,Putrajaya,Milk-based,Caramel Macchiato,1,13,13,QR
TXN-9886,20/4/2026,21:49,Puncak Alam,Espresso-based,Espresso,3,7,21,QR
TXN-9887,20/4/2026,21:55,Puncak Alam,Espresso-based,Espresso,1,7,7,Cash
TXN-10000,21/4/2026,8:08,Puncak Alam,Espresso-based,Espresso,1,7,7,Cash
TXN-9935,21/4/2026,8:29,Putrajaya,Milk-based,Cappuccino,2,11,22,QR
TXN-9931,21/4/2026,8:30,Putrajaya,Ice Blended,Ice Blended Chocolate Chip,3,14,42,QR
TXN-9946,21/4/2026,8:39,Putrajaya,Espresso-based,Espresso,1,7,7,Cash
TXN-9947,21/4/2026,8:44,Putrajaya,Espresso-based,Espresso,2,7,14,QR
TXN-9986,21/4/2026,8:47,Putrajaya,Milk-based,Latte,1,11,11,QR
TXN-9990,21/4/2026,8:52,Putrajaya,Milk-based,Latte,1,11,11,QR
TXN-9958,21/4/2026,9:06,Putrajaya,Milk-based,Mocha,1,12,12,Cash
TXN-9979,21/4/2026,9:15,Putrajaya,Milk-based,Caramel Macchiato,1,13,13,Cash
TXN-9962,21/4/2026,9:30,Putrajaya,Ice Blended,Ice Blended Chocolate Chip,1,14,14,Cash
TXN-10009,21/4/2026,9:58,Puncak Alam,Espresso-based,Americano,1,9,9,QR
TXN-9956,21/4/2026,10:01,Putrajaya,Milk-based,Cappuccino,3,11,33,QR
TXN-9949,21/4/2026,10:02,Putrajaya,Milk-based,Mocha,2,12,24,QR
TXN-10006,21/4/2026,10:07,Puncak Alam,Ice Blended,Ice Blended Chocolate Chip,2,14,28,Cash
TXN-9943,21/4/2026,10:11,Putrajaya,Espresso-based,Espresso,3,7,21,QR
TXN-9954,21/4/2026,10:20,Putrajaya,Espresso-based,Espresso,1,7,7,QR
TXN-9978,21/4/2026,10:28,Putrajaya,Milk-based,Cappuccino,2,11,22,QR
TXN-9989,21/4/2026,10:28,Putrajaya,Espresso-based,Americano,1,9,9,Cash
TXN-10020,21/4/2026,10:52,Puncak Alam,Espresso-based,Espresso,1,7,7,QR
TXN-9945,21/4/2026,10:57,Putrajaya,Milk-based,Cappuccino,3,11,33,QR
TXN-9985,21/4/2026,11:04,Putrajaya,Milk-based,Latte,1,11,11,QR
TXN-9999,21/4/2026,11:04,Puncak Alam,Ice Blended,Ice Blended Chocolate Chip,1,14,14,Cash
TXN-10015,21/4/2026,11:04,Puncak Alam,Ice Blended,Ice Blended Chocolate Chip,1,14,14,QR
TXN-9960,21/4/2026,11:05,Putrajaya,Espresso-based,Espresso,3,7,21,QR
TXN-10016,21/4/2026,11:10,Puncak Alam,Milk-based,Cappuccino,2,11,22,Cash
TXN-9997,21/4/2026,11:22,Puncak Alam,Ice Blended,Ice Blended Chocolate Chip,1,14,14,QR
TXN-9955,21/4/2026,11:38,Putrajaya,Espresso-based,Americano,1,9,9,QR
TXN-10027,21/4/2026,11:44,Puncak Alam,Milk-based,Cappuccino,1,11,11,QR
TXN-9939,21/4/2026,11:54,Putrajaya,Milk-based,Latte,1,11,11,QR
TXN-10021,21/4/2026,11:54,Puncak Alam,Ice Blended,Ice Blended Chocolate Chip,2,14,28,QR
TXN-9937,21/4/2026,12:08,Putrajaya,Milk-based,Mocha,1,12,12,QR
TXN-9982,21/4/2026,12:17,Putrajaya,Milk-based,Mocha,1,12,12,Cash
TXN-10032,21/4/2026,12:32,Puncak Alam,Espresso-based,Americano,2,9,18,Cash
TXN-10040,21/4/2026,12:48,Puncak Alam,Milk-based,Cappuccino,2,11,22,QR
TXN-9984,21/4/2026,12:50,Putrajaya,Milk-based,Cappuccino,2,11,22,Cash
TXN-9993,21/4/2026,13:00,Putrajaya,Milk-based,Cappuccino,2,11,22,QR
TXN-9974,21/4/2026,13:06,Putrajaya,Espresso-based,Americano,1,9,9,Cash
TXN-10019,21/4/2026,13:34,Puncak Alam,Milk-based,Mocha,1,12,12,QR
TXN-10003,21/4/2026,13:38,Puncak Alam,Espresso-based,Americano,1,9,9,QR
TXN-9996,21/4/2026,13:42,Putrajaya,Ice Blended,Ice Blended Chocolate Chip,2,14,28,QR
TXN-9959,21/4/2026,13:45,Putrajaya,Milk-based,Cappuccino,1,11,11,QR
TXN-10034,21/4/2026,13:49,Puncak Alam,Espresso-based,Americano,1,9,9,Cash
TXN-9948,21/4/2026,13:57,Putrajaya,Espresso-based,Espresso,1,7,7,QR
TXN-10025,21/4/2026,14:06,Puncak Alam,Milk-based,Latte,1,11,11,Cash
TXN-9977,21/4/2026,14:21,Putrajaya,Milk-based,Cappuccino,1,11,11,Cash
TXN-10008,21/4/2026,14:22,Puncak Alam,Milk-based,Latte,4,11,44,Cash
TXN-9951,21/4/2026,14:48,Putrajaya,Milk-based,Cappuccino,1,11,11,QR
TXN-9967,21/4/2026,14:49,Putrajaya,Espresso-based,Espresso,4,7,28,QR
TXN-10013,21/4/2026,15:05,Puncak Alam,Milk-based,Caramel Macchiato,1,13,13,QR
TXN-10014,21/4/2026,15:07,Puncak Alam,Ice Blended,Ice Blended Chocolate Chip,2,14,28,QR
TXN-9972,21/4/2026,15:09,Putrajaya,Milk-based,Caramel Macchiato,3,13,39,QR
TXN-9942,21/4/2026,15:10,Putrajaya,Espresso-based,Americano,1,9,9,QR
TXN-10036,21/4/2026,15:24,Puncak Alam,Milk-based,Cappuccino,1,11,11,Cash
TXN-9963,21/4/2026,15:25,Putrajaya,Milk-based,Mocha,1,12,12,QR
TXN-9938,21/4/2026,15:30,Putrajaya,Milk-based,Cappuccino,3,11,33,QR
TXN-10037,21/4/2026,15:30,Puncak Alam,Espresso-based,Americano,1,9,9,QR
TXN-9932,21/4/2026,15:31,Putrajaya,Milk-based,Latte,1,11,11,QR
TXN-10029,21/4/2026,15:34,Puncak Alam,Milk-based,Mocha,2,12,24,QR
TXN-9966,21/4/2026,15:40,Putrajaya,Espresso-based,Espresso,1,7,7,QR
TXN-9961,21/4/2026,16:01,Putrajaya,Milk-based,Mocha,1,12,12,QR
TXN-10012,21/4/2026,16:03,Puncak Alam,Espresso-based,Espresso,1,7,7,QR
TXN-9987,21/4/2026,16:04,Putrajaya,Espresso-based,Espresso,2,7,14,Cash
TXN-9934,21/4/2026,16:14,Putrajaya,Milk-based,Cappuccino,1,11,11,QR
TXN-9998,21/4/2026,16:16,Puncak Alam,Ice Blended,Ice Blended Chocolate Chip,3,14,42,QR
TXN-9995,21/4/2026,16:19,Putrajaya,Milk-based,Caramel Macchiato,1,13,13,QR
TXN-9970,21/4/2026,16:20,Putrajaya,Espresso-based,Americano,1,9,9,QR
TXN-9988,21/4/2026,16:20,Putrajaya,Milk-based,Cappuccino,3,11,33,QR
TXN-9952,21/4/2026,16:22,Putrajaya,Milk-based,Cappuccino,1,11,11,QR
TXN-9950,21/4/2026,16:26,Putrajaya,Milk-based,Cappuccino,2,11,22,QR
TXN-10024,21/4/2026,16:27,Puncak Alam,Ice Blended,Ice Blended Chocolate Chip,1,14,14,QR
TXN-9936,21/4/2026,16:29,Putrajaya,Milk-based,Cappuccino,1,11,11,QR
TXN-10004,21/4/2026,16:34,Puncak Alam,Milk-based,Latte,2,11,22,Cash
TXN-9965,21/4/2026,16:35,Putrajaya,Milk-based,Caramel Macchiato,1,13,13,QR
TXN-10022,21/4/2026,16:35,Puncak Alam,Ice Blended,Ice Blended Chocolate Chip,2,14,28,QR
TXN-10017,21/4/2026,16:46,Puncak Alam,Milk-based,Latte,1,11,11,QR
TXN-9944,21/4/2026,16:48,Putrajaya,Espresso-based,Espresso,1,7,7,QR
TXN-10001,21/4/2026,17:08,Puncak Alam,Ice Blended,Ice Blended Chocolate Chip,1,14,14,Cash
TXN-9953,21/4/2026,17:18,Putrajaya,Milk-based,Mocha,1,12,12,QR
TXN-9976,21/4/2026,17:21,Putrajaya,Ice Blended,Ice Blended Chocolate Chip,1,14,14,QR
TXN-9975,21/4/2026,17:31,Putrajaya,Milk-based,Cappuccino,1,11,11,Cash
TXN-10030,21/4/2026,17:43,Puncak Alam,Milk-based,Mocha,1,12,12,QR
TXN-10039,21/4/2026,17:46,Puncak Alam,Milk-based,Latte,2,11,22,QR
TXN-9968,21/4/2026,17:47,Putrajaya,Milk-based,Latte,1,11,11,Cash
TXN-9957,21/4/2026,17:53,Putrajaya,Milk-based,Mocha,2,12,24,QR
TXN-10035,21/4/2026,17:55,Puncak Alam,Milk-based,Caramel Macchiato,1,13,13,QR
TXN-9980,21/4/2026,18:11,Putrajaya,Milk-based,Latte,1,11,11,QR
TXN-9969,21/4/2026,18:13,Putrajaya,Milk-based,Cappuccino,1,11,11,QR
TXN-9981,21/4/2026,18:17,Putrajaya,Ice Blended,Ice Blended Chocolate Chip,2,14,28,Cash
TXN-10011,21/4/2026,18:20,Puncak Alam,Espresso-based,Americano,2,9,18,Cash
TXN-9941,21/4/2026,18:35,Putrajaya,Milk-based,Cappuccino,1,11,11,QR
TXN-9940,21/4/2026,18:54,Putrajaya,Milk-based,Latte,1,11,11,Cash
TXN-10033,21/4/2026,18:56,Puncak Alam,Milk-based,Cappuccino,1,11,11,Cash
TXN-9994,21/4/2026,19:08,Putrajaya,Espresso-based,Americano,1,9,9,Cash
TXN-10028,21/4/2026,19:17,Puncak Alam,Milk-based,Mocha,2,12,24,QR
TXN-9971,21/4/2026,19:37,Putrajaya,Milk-based,Latte,1,11,11,QR
TXN-10018,21/4/2026,19:41,Puncak Alam,Milk-based,Cappuccino,1,11,11,QR
TXN-9991,21/4/2026,19:46,Putrajaya,Milk-based,Cappuccino,1,11,11,QR
TXN-9964,21/4/2026,20:02,Putrajaya,Milk-based,Latte,1,11,11,QR
TXN-10007,21/4/2026,20:24,Puncak Alam,Espresso-based,Espresso,2,7,14,Cash
TXN-9992,21/4/2026,20:25,Putrajaya,Milk-based,Caramel Macchiato,1,13,13,QR
TXN-10010,21/4/2026,20:26,Puncak Alam,Espresso-based,Americano,1,9,9,QR
TXN-10031,21/4/2026,20:34,Puncak Alam,Milk-based,Cappuccino,1,11,11,QR
TXN-10002,21/4/2026,20:55,Puncak Alam,Ice Blended,Ice Blended Chocolate Chip,1,14,14,QR
TXN-10005,21/4/2026,21:00,Puncak Alam,Milk-based,Mocha,1,12,12,QR
TXN-9973,21/4/2026,21:01,Putrajaya,Milk-based,Cappuccino,2,11,22,Cash
TXN-9983,21/4/2026,21:06,Putrajaya,Ice Blended,Ice Blended Chocolate Chip,1,14,14,QR
TXN-10023,21/4/2026,21:37,Puncak Alam,Milk-based,Cappuccino,3,11,33,QR
TXN-10038,21/4/2026,21:42,Puncak Alam,Milk-based,Latte,2,11,22,Cash
TXN-9933,21/4/2026,21:48,Putrajaya,Milk-based,Latte,1,11,11,QR
TXN-10026,21/4/2026,21:58,Puncak Alam,Milk-based,Latte,2,11,22,QR
TXN-10075,22/4/2026,8:06,Putrajaya,Milk-based,Mocha,1,12,12,Cash
TXN-10082,22/4/2026,8:09,Putrajaya,Milk-based,Latte,1,11,11,QR
TXN-10062,22/4/2026,8:10,Putrajaya,Milk-based,Mocha,1,12,12,QR
TXN-10112,22/4/2026,8:12,Puncak Alam,Espresso-based,Espresso,1,7,7,QR
TXN-10072,22/4/2026,8:22,Putrajaya,Milk-based,Cappuccino,2,11,22,QR
TXN-10157,22/4/2026,8:28,Puncak Alam,Espresso-based,Espresso,1,7,7,QR
TXN-10148,22/4/2026,8:33,Puncak Alam,Milk-based,Latte,1,11,11,QR
TXN-10076,22/4/2026,8:39,Putrajaya,Milk-based,Caramel Macchiato,2,13,26,QR
TXN-10103,22/4/2026,8:46,Putrajaya,Ice Blended,Ice Blended Chocolate Chip,2,14,28,QR
TXN-10150,22/4/2026,9:06,Puncak Alam,Ice Blended,Ice Blended Chocolate Chip,1,14,14,QR
TXN-10152,22/4/2026,9:10,Puncak Alam,Ice Blended,Ice Blended Chocolate Chip,1,14,14,Cash
TXN-10097,22/4/2026,9:26,Putrajaya,Ice Blended,Ice Blended Chocolate Chip,1,14,14,QR
TXN-10151,22/4/2026,9:27,Puncak Alam,Milk-based,Cappuccino,1,11,11,QR
TXN-10084,22/4/2026,9:28,Putrajaya,Espresso-based,Espresso,1,7,7,QR
TXN-10049,22/4/2026,9:39,Putrajaya,Espresso-based,Americano,1,9,9,QR
TXN-10140,22/4/2026,9:39,Puncak Alam,Espresso-based,Americano,2,9,18,QR
TXN-10098,22/4/2026,9:49,Putrajaya,Milk-based,Caramel Macchiato,1,13,13,Cash
TXN-10056,22/4/2026,9:50,Putrajaya,Espresso-based,Espresso,2,7,14,QR
TXN-10153,22/4/2026,9:51,Puncak Alam,Ice Blended,Ice Blended Chocolate Chip,1,14,14,QR
TXN-10106,22/4/2026,9:53,Putrajaya,Milk-based,Latte,2,11,22,QR
TXN-10177,22/4/2026,10:02,Puncak Alam,Milk-based,Caramel Macchiato,2,13,26,Cash
TXN-10147,22/4/2026,10:17,Puncak Alam,Milk-based,Caramel Macchiato,2,13,26,QR
TXN-10169,22/4/2026,10:34,Puncak Alam,Ice Blended,Ice Blended Chocolate Chip,1,14,14,QR
TXN-10146,22/4/2026,10:36,Puncak Alam,Milk-based,Latte,1,11,11,QR
TXN-10058,22/4/2026,10:57,Putrajaya,Milk-based,Latte,1,11,11,QR
TXN-10130,22/4/2026,10:57,Puncak Alam,Milk-based,Caramel Macchiato,1,13,13,Cash
TXN-10134,22/4/2026,10:59,Puncak Alam,Espresso-based,Americano,1,9,9,QR
TXN-10143,22/4/2026,10:59,Puncak Alam,Milk-based,Mocha,1,12,12,QR
TXN-10141,22/4/2026,11:03,Puncak Alam,Espresso-based,Espresso,1,7,7,Cash
TXN-10104,22/4/2026,11:05,Putrajaya,Espresso-based,Americano,1,9,9,QR
TXN-10162,22/4/2026,11:08,Puncak Alam,Milk-based,Caramel Macchiato,2,13,26,Cash
TXN-10114,22/4/2026,11:11,Puncak Alam,Espresso-based,Espresso,1,7,7,QR
TXN-10116,22/4/2026,11:11,Puncak Alam,Ice Blended,Ice Blended Chocolate Chip,1,14,14,Cash
TXN-10173,22/4/2026,11:16,Puncak Alam,Milk-based,Latte,2,11,22,Cash
TXN-10158,22/4/2026,11:19,Puncak Alam,Milk-based,Cappuccino,3,11,33,Cash
TXN-10122,22/4/2026,11:22,Puncak Alam,Milk-based,Cappuccino,1,11,11,QR
TXN-10137,22/4/2026,11:24,Puncak Alam,Milk-based,Latte,1,11,11,Cash
TXN-10110,22/4/2026,11:26,Putrajaya,Espresso-based,Americano,1,9,9,Cash
TXN-10128,22/4/2026,11:26,Puncak Alam,Milk-based,Latte,1,11,11,Cash
TXN-10163,22/4/2026,11:46,Puncak Alam,Espresso-based,Espresso,1,7,7,Cash
TXN-10160,22/4/2026,11:48,Puncak Alam,Milk-based,Latte,1,11,11,QR
TXN-10081,22/4/2026,12:04,Putrajaya,Milk-based,Cappuccino,1,11,11,QR
TXN-10121,22/4/2026,12:04,Puncak Alam,Espresso-based,Americano,1,9,9,QR
TXN-10044,22/4/2026,12:05,Putrajaya,Ice Blended,Ice Blended Chocolate Chip,1,14,14,QR
TXN-10090,22/4/2026,12:28,Putrajaya,Espresso-based,Espresso,1,7,7,QR
TXN-10127,22/4/2026,12:32,Puncak Alam,Milk-based,Cappuccino,1,11,11,QR
TXN-10142,22/4/2026,12:41,Puncak Alam,Ice Blended,Ice Blended Chocolate Chip,3,14,42,Cash
TXN-10046,22/4/2026,12:52,Putrajaya,Espresso-based,Espresso,1,7,7,QR
TXN-10068,22/4/2026,12:55,Putrajaya,Espresso-based,Espresso,1,7,7,QR
TXN-10041,22/4/2026,12:59,Putrajaya,Milk-based,Caramel Macchiato,1,13,13,QR
TXN-10093,22/4/2026,13:20,Putrajaya,Milk-based,Mocha,1,12,12,Cash
TXN-10055,22/4/2026,13:23,Putrajaya,Milk-based,Mocha,2,12,24,QR
TXN-10080,22/4/2026,13:40,Putrajaya,Milk-based,Cappuccino,1,11,11,QR
TXN-10170,22/4/2026,13:49,Puncak Alam,Ice Blended,Ice Blended Chocolate Chip,4,14,56,Cash
TXN-10095,22/4/2026,13:52,Putrajaya,Milk-based,Caramel Macchiato,1,13,13,QR
TXN-10174,22/4/2026,13:52,Puncak Alam,Ice Blended,Ice Blended Chocolate Chip,1,14,14,QR
TXN-10099,22/4/2026,14:01,Putrajaya,Ice Blended,Ice Blended Chocolate Chip,1,14,14,QR
TXN-10096,22/4/2026,14:08,Putrajaya,Milk-based,Cappuccino,1,11,11,QR
TXN-10042,22/4/2026,14:10,Putrajaya,Ice Blended,Ice Blended Chocolate Chip,1,14,14,Cash
TXN-10166,22/4/2026,14:32,Puncak Alam,Milk-based,Caramel Macchiato,1,13,13,QR
TXN-10156,22/4/2026,14:51,Puncak Alam,Espresso-based,Americano,1,9,9,Cash
TXN-10094,22/4/2026,14:53,Putrajaya,Milk-based,Caramel Macchiato,1,13,13,QR
TXN-10088,22/4/2026,14:54,Putrajaya,Espresso-based,Espresso,3,7,21,Cash
TXN-10051,22/4/2026,14:59,Putrajaya,Milk-based,Mocha,2,12,24,QR
TXN-10123,22/4/2026,14:59,Puncak Alam,Milk-based,Caramel Macchiato,3,13,39,Cash
TXN-10165,22/4/2026,15:05,Puncak Alam,Milk-based,Caramel Macchiato,1,13,13,QR
TXN-10125,22/4/2026,15:12,Puncak Alam,Milk-based,Cappuccino,1,11,11,QR
TXN-10063,22/4/2026,15:25,Putrajaya,Milk-based,Mocha,1,12,12,QR
TXN-10119,22/4/2026,15:43,Puncak Alam,Milk-based,Latte,1,11,11,Cash
TXN-10164,22/4/2026,15:55,Puncak Alam,Milk-based,Latte,1,11,11,Cash
TXN-10074,22/4/2026,15:59,Putrajaya,Milk-based,Latte,2,11,22,Cash
TXN-10178,22/4/2026,15:59,Puncak Alam,Milk-based,Caramel Macchiato,1,13,13,QR
TXN-10135,22/4/2026,16:00,Puncak Alam,Milk-based,Caramel Macchiato,1,13,13,QR
TXN-10117,22/4/2026,16:01,Puncak Alam,Espresso-based,Espresso,1,7,7,QR
TXN-10120,22/4/2026,16:05,Puncak Alam,Milk-based,Cappuccino,1,11,11,QR
TXN-10133,22/4/2026,16:07,Puncak Alam,Milk-based,Mocha,1,12,12,Cash
TXN-10144,22/4/2026,16:07,Puncak Alam,Ice Blended,Ice Blended Chocolate Chip,1,14,14,QR
TXN-10086,22/4/2026,16:10,Putrajaya,Milk-based,Latte,1,11,11,QR
TXN-10113,22/4/2026,16:29,Puncak Alam,Ice Blended,Ice Blended Chocolate Chip,1,14,14,QR
TXN-10159,22/4/2026,16:41,Puncak Alam,Milk-based,Latte,1,11,11,Cash
TXN-10129,22/4/2026,16:42,Puncak Alam,Milk-based,Latte,2,11,22,QR
TXN-10077,22/4/2026,16:50,Putrajaya,Milk-based,Cappuccino,2,11,22,QR
TXN-10175,22/4/2026,16:51,Puncak Alam,Milk-based,Caramel Macchiato,2,13,26,Cash
TXN-10124,22/4/2026,16:52,Puncak Alam,Espresso-based,Espresso,1,7,7,QR
TXN-10048,22/4/2026,16:58,Putrajaya,Milk-based,Mocha,1,12,12,Cash
TXN-10047,22/4/2026,16:59,Putrajaya,Milk-based,Mocha,1,12,12,QR
TXN-10118,22/4/2026,17:06,Puncak Alam,Milk-based,Latte,1,11,11,QR
TXN-10105,22/4/2026,17:07,Putrajaya,Milk-based,Cappuccino,1,11,11,QR
TXN-10108,22/4/2026,17:10,Putrajaya,Milk-based,Caramel Macchiato,1,13,13,QR
TXN-10155,22/4/2026,17:27,Puncak Alam,Ice Blended,Ice Blended Chocolate Chip,1,14,14,QR
TXN-10052,22/4/2026,17:39,Putrajaya,Espresso-based,Americano,1,9,9,QR
TXN-10176,22/4/2026,17:39,Puncak Alam,Ice Blended,Ice Blended Chocolate Chip,3,14,42,QR
TXN-10073,22/4/2026,17:40,Putrajaya,Milk-based,Mocha,1,12,12,Cash
TXN-10131,22/4/2026,17:42,Puncak Alam,Milk-based,Mocha,1,12,12,Cash
TXN-10065,22/4/2026,17:43,Putrajaya,Espresso-based,Americano,2,9,18,QR
TXN-10054,22/4/2026,17:51,Putrajaya,Espresso-based,Espresso,1,7,7,Cash
TXN-10172,22/4/2026,17:57,Puncak Alam,Milk-based,Cappuccino,2,11,22,QR
TXN-10053,22/4/2026,17:58,Putrajaya,Espresso-based,Americano,1,9,9,QR
TXN-10057,22/4/2026,18:08,Putrajaya,Ice Blended,Ice Blended Chocolate Chip,2,14,28,QR
TXN-10064,22/4/2026,18:09,Putrajaya,Milk-based,Caramel Macchiato,2,13,26,QR
TXN-10109,22/4/2026,18:10,Putrajaya,Milk-based,Caramel Macchiato,1,13,13,QR
TXN-10161,22/4/2026,18:13,Puncak Alam,Milk-based,Cappuccino,1,11,11,QR
TXN-10167,22/4/2026,18:13,Puncak Alam,Milk-based,Latte,3,11,33,QR
TXN-10132,22/4/2026,18:26,Puncak Alam,Ice Blended,Ice Blended Chocolate Chip,1,14,14,Cash
TXN-10091,22/4/2026,18:41,Putrajaya,Milk-based,Latte,2,11,22,QR
TXN-10138,22/4/2026,18:44,Puncak Alam,Milk-based,Latte,1,11,11,Cash
TXN-10145,22/4/2026,18:46,Puncak Alam,Ice Blended,Ice Blended Chocolate Chip,1,14,14,QR
TXN-10061,22/4/2026,19:00,Putrajaya,Milk-based,Latte,3,11,33,Cash
TXN-10101,22/4/2026,19:00,Putrajaya,Milk-based,Caramel Macchiato,1,13,13,QR
TXN-10100,22/4/2026,19:02,Putrajaya,Milk-based,Caramel Macchiato,1,13,13,QR
TXN-10115,22/4/2026,19:02,Puncak Alam,Milk-based,Caramel Macchiato,2,13,26,Cash
TXN-10171,22/4/2026,19:09,Puncak Alam,Milk-based,Caramel Macchiato,3,13,39,Cash
TXN-10149,22/4/2026,19:12,Puncak Alam,Ice Blended,Ice Blended Chocolate Chip,1,14,14,QR
TXN-10050,22/4/2026,19:19,Putrajaya,Espresso-based,Americano,1,9,9,Cash
TXN-10136,22/4/2026,19:19,Puncak Alam,Espresso-based,Americano,1,9,9,QR
TXN-10085,22/4/2026,19:20,Putrajaya,Espresso-based,Espresso,1,7,7,QR
TXN-10078,22/4/2026,19:21,Putrajaya,Milk-based,Caramel Macchiato,1,13,13,Cash
TXN-10087,22/4/2026,19:24,Putrajaya,Milk-based,Latte,2,11,22,QR
TXN-10071,22/4/2026,19:34,Putrajaya,Ice Blended,Ice Blended Chocolate Chip,4,14,56,QR
TXN-10107,22/4/2026,19:45,Putrajaya,Espresso-based,Espresso,2,7,14,Cash
TXN-10079,22/4/2026,19:49,Putrajaya,Milk-based,Cappuccino,1,11,11,QR
TXN-10083,22/4/2026,19:49,Putrajaya,Ice Blended,Ice Blended Chocolate Chip,2,14,28,Cash
TXN-10126,22/4/2026,19:49,Puncak Alam,Milk-based,Mocha,1,12,12,Cash
TXN-10111,22/4/2026,19:57,Putrajaya,Espresso-based,Espresso,1,7,7,QR
TXN-10168,22/4/2026,20:02,Puncak Alam,Milk-based,Cappuccino,2,11,22,Cash
TXN-10139,22/4/2026,20:07,Puncak Alam,Espresso-based,Espresso,3,7,21,Cash
TXN-10092,22/4/2026,20:21,Putrajaya,Milk-based,Cappuccino,1,11,11,Cash
TXN-10070,22/4/2026,20:31,Putrajaya,Ice Blended,Ice Blended Chocolate Chip,1,14,14,Cash
TXN-10102,22/4/2026,20:35,Putrajaya,Espresso-based,Americano,1,9,9,QR
TXN-10089,22/4/2026,21:01,Putrajaya,Milk-based,Cappuccino,2,11,22,QR
TXN-10067,22/4/2026,21:02,Putrajaya,Ice Blended,Ice Blended Chocolate Chip,1,14,14,Cash
TXN-10154,22/4/2026,21:05,Puncak Alam,Milk-based,Cappuccino,1,11,11,QR
TXN-10066,22/4/2026,21:09,Putrajaya,Milk-based,Mocha,1,12,12,QR
TXN-10045,22/4/2026,21:15,Putrajaya,Milk-based,Mocha,1,12,12,QR
TXN-10069,22/4/2026,21:24,Putrajaya,Milk-based,Latte,1,11,11,Cash
TXN-10060,22/4/2026,21:37,Putrajaya,Ice Blended,Ice Blended Chocolate Chip,1,14,14,QR
TXN-10059,22/4/2026,21:55,Putrajaya,Milk-based,Cappuccino,1,11,11,Cash
TXN-10043,22/4/2026,21:56,Putrajaya,Milk-based,Cappuccino,2,11,22,QR
TXN-10211,23/4/2026,8:02,Putrajaya,Espresso-based,Americano,4,9,36,Cash
TXN-10254,23/4/2026,8:10,Puncak Alam,Espresso-based,Americano,1,9,9,Cash
TXN-10263,23/4/2026,8:18,Puncak Alam,Milk-based,Mocha,1,12,12,QR
TXN-10249,23/4/2026,8:21,Puncak Alam,Milk-based,Mocha,1,12,12,QR
TXN-10308,23/4/2026,8:25,Puncak Alam,Espresso-based,Espresso,2,7,14,QR
TXN-10252,23/4/2026,8:40,Puncak Alam,Milk-based,Cappuccino,1,11,11,QR
TXN-10251,23/4/2026,8:44,Puncak Alam,Milk-based,Latte,1,11,11,QR
TXN-10296,23/4/2026,8:45,Puncak Alam,Milk-based,Cappuccino,1,11,11,QR
TXN-10242,23/4/2026,9:07,Puncak Alam,Espresso-based,Americano,4,9,36,QR
TXN-10277,23/4/2026,9:19,Puncak Alam,Milk-based,Cappuccino,1,11,11,Cash
TXN-10303,23/4/2026,9:32,Puncak Alam,Espresso-based,Americano,1,9,9,QR
TXN-10213,23/4/2026,9:38,Putrajaya,Milk-based,Caramel Macchiato,1,13,13,Cash
TXN-10191,23/4/2026,9:43,Putrajaya,Ice Blended,Ice Blended Chocolate Chip,2,14,28,QR
TXN-10273,23/4/2026,9:45,Puncak Alam,Ice Blended,Ice Blended Chocolate Chip,4,14,56,QR
TXN-10279,23/4/2026,9:47,Puncak Alam,Espresso-based,Americano,3,9,27,QR
TXN-10204,23/4/2026,9:49,Putrajaya,Espresso-based,Americano,1,9,9,QR
TXN-10240,23/4/2026,9:55,Putrajaya,Espresso-based,Espresso,2,7,14,QR
TXN-10184,23/4/2026,10:04,Putrajaya,Espresso-based,Americano,1,9,9,Cash
TXN-10230,23/4/2026,10:04,Putrajaya,Espresso-based,Espresso,1,7,7,QR
TXN-10236,23/4/2026,10:08,Putrajaya,Milk-based,Cappuccino,1,11,11,QR
TXN-10266,23/4/2026,10:15,Puncak Alam,Milk-based,Cappuccino,3,11,33,Cash
TXN-10233,23/4/2026,10:16,Putrajaya,Milk-based,Caramel Macchiato,1,13,13,Cash
TXN-10250,23/4/2026,10:36,Puncak Alam,Milk-based,Mocha,2,12,24,QR
TXN-10226,23/4/2026,10:40,Putrajaya,Espresso-based,Espresso,2,7,14,QR
TXN-10183,23/4/2026,10:43,Putrajaya,Milk-based,Mocha,1,12,12,QR
TXN-10271,23/4/2026,10:44,Puncak Alam,Milk-based,Latte,2,11,22,QR
TXN-10280,23/4/2026,10:45,Puncak Alam,Espresso-based,Espresso,2,7,14,QR
TXN-10278,23/4/2026,10:47,Puncak Alam,Espresso-based,Americano,4,9,36,QR
TXN-10286,23/4/2026,10:47,Puncak Alam,Milk-based,Cappuccino,1,11,11,QR
TXN-10228,23/4/2026,10:56,Putrajaya,Espresso-based,Espresso,1,7,7,Cash
TXN-10260,23/4/2026,11:01,Puncak Alam,Milk-based,Latte,1,11,11,QR
TXN-10187,23/4/2026,11:07,Putrajaya,Milk-based,Mocha,1,12,12,Cash
TXN-10285,23/4/2026,11:10,Puncak Alam,Milk-based,Latte,2,11,22,QR
TXN-10301,23/4/2026,11:10,Puncak Alam,Milk-based,Caramel Macchiato,1,13,13,QR
TXN-10298,23/4/2026,11:18,Puncak Alam,Milk-based,Mocha,3,12,36,Cash
TXN-10203,23/4/2026,11:29,Putrajaya,Espresso-based,Americano,1,9,9,QR
TXN-10214,23/4/2026,11:33,Putrajaya,Ice Blended,Ice Blended Chocolate Chip,1,14,14,QR
TXN-10300,23/4/2026,11:48,Puncak Alam,Espresso-based,Espresso,1,7,7,QR
TXN-10199,23/4/2026,11:51,Putrajaya,Milk-based,Caramel Macchiato,1,13,13,Cash
TXN-10234,23/4/2026,11:51,Putrajaya,Espresso-based,Americano,2,9,18,QR
TXN-10292,23/4/2026,11:51,Puncak Alam,Ice Blended,Ice Blended Chocolate Chip,1,14,14,Cash
TXN-10195,23/4/2026,12:00,Putrajaya,Espresso-based,Americano,2,9,18,Cash
TXN-10209,23/4/2026,12:09,Putrajaya,Milk-based,Caramel Macchiato,1,13,13,Cash
TXN-10297,23/4/2026,12:09,Puncak Alam,Milk-based,Cappuccino,1,11,11,QR
TXN-10229,23/4/2026,12:15,Putrajaya,Espresso-based,Espresso,1,7,7,QR
TXN-10272,23/4/2026,12:18,Puncak Alam,Milk-based,Mocha,3,12,36,Cash
TXN-10290,23/4/2026,12:21,Puncak Alam,Espresso-based,Americano,1,9,9,QR
TXN-10197,23/4/2026,12:31,Putrajaya,Espresso-based,Americano,2,9,18,QR
TXN-10304,23/4/2026,12:32,Puncak Alam,Espresso-based,Americano,1,9,9,QR
TXN-10302,23/4/2026,12:39,Puncak Alam,Espresso-based,Espresso,1,7,7,QR
TXN-10295,23/4/2026,12:54,Puncak Alam,Espresso-based,Espresso,1,7,7,QR
TXN-10275,23/4/2026,12:56,Puncak Alam,Ice Blended,Ice Blended Chocolate Chip,1,14,14,QR
TXN-10283,23/4/2026,13:10,Puncak Alam,Espresso-based,Americano,1,9,9,Cash
TXN-10281,23/4/2026,13:16,Puncak Alam,Milk-based,Mocha,3,12,36,QR
TXN-10180,23/4/2026,13:22,Putrajaya,Espresso-based,Americano,1,9,9,QR
TXN-10222,23/4/2026,13:36,Putrajaya,Espresso-based,Americano,2,9,18,QR
TXN-10256,23/4/2026,13:38,Puncak Alam,Espresso-based,Espresso,1,7,7,Cash
TXN-10235,23/4/2026,13:40,Putrajaya,Milk-based,Cappuccino,1,11,11,QR
TXN-10206,23/4/2026,14:21,Putrajaya,Milk-based,Mocha,1,12,12,QR
TXN-10198,23/4/2026,14:25,Putrajaya,Milk-based,Mocha,1,12,12,QR
TXN-10218,23/4/2026,14:35,Putrajaya,Espresso-based,Espresso,2,7,14,QR
TXN-10245,23/4/2026,14:37,Puncak Alam,Milk-based,Latte,3,11,33,Cash
TXN-10274,23/4/2026,14:41,Puncak Alam,Espresso-based,Americano,1,9,9,QR
TXN-10247,23/4/2026,14:56,Puncak Alam,Milk-based,Caramel Macchiato,1,13,13,QR
TXN-10299,23/4/2026,15:00,Puncak Alam,Espresso-based,Espresso,1,7,7,Cash
TXN-10200,23/4/2026,15:04,Putrajaya,Milk-based,Caramel Macchiato,1,13,13,QR
TXN-10208,23/4/2026,15:06,Putrajaya,Ice Blended,Ice Blended Chocolate Chip,1,14,14,QR
TXN-10262,23/4/2026,15:11,Puncak Alam,Milk-based,Caramel Macchiato,1,13,13,QR
TXN-10243,23/4/2026,15:12,Puncak Alam,Ice Blended,Ice Blended Chocolate Chip,1,14,14,QR
TXN-10239,23/4/2026,15:15,Putrajaya,Milk-based,Cappuccino,1,11,11,QR
TXN-10205,23/4/2026,15:19,Putrajaya,Ice Blended,Ice Blended Chocolate Chip,1,14,14,QR
TXN-10212,23/4/2026,15:20,Putrajaya,Milk-based,Latte,2,11,22,QR
TXN-10241,23/4/2026,15:27,Puncak Alam,Milk-based,Caramel Macchiato,1,13,13,Cash
TXN-10293,23/4/2026,15:34,Puncak Alam,Espresso-based,Americano,1,9,9,QR
TXN-10264,23/4/2026,15:37,Puncak Alam,Ice Blended,Ice Blended Chocolate Chip,2,14,28,QR
TXN-10287,23/4/2026,15:47,Puncak Alam,Ice Blended,Ice Blended Chocolate Chip,1,14,14,QR
TXN-10193,23/4/2026,15:49,Putrajaya,Ice Blended,Ice Blended Chocolate Chip,2,14,28,QR
TXN-10207,23/4/2026,15:51,Putrajaya,Milk-based,Cappuccino,1,11,11,QR
TXN-10255,23/4/2026,15:55,Puncak Alam,Ice Blended,Ice Blended Chocolate Chip,1,14,14,QR
TXN-10265,23/4/2026,15:57,Puncak Alam,Milk-based,Cappuccino,1,11,11,QR
TXN-10189,23/4/2026,16:26,Putrajaya,Espresso-based,Espresso,3,7,21,Cash
TXN-10225,23/4/2026,16:30,Putrajaya,Espresso-based,Americano,1,9,9,QR
TXN-10289,23/4/2026,16:33,Puncak Alam,Milk-based,Cappuccino,1,11,11,QR
TXN-10202,23/4/2026,16:39,Putrajaya,Espresso-based,Americano,1,9,9,QR
TXN-10237,23/4/2026,16:46,Putrajaya,Espresso-based,Espresso,2,7,14,Cash
TXN-10276,23/4/2026,16:47,Puncak Alam,Milk-based,Caramel Macchiato,1,13,13,QR
TXN-10210,23/4/2026,17:03,Putrajaya,Milk-based,Mocha,3,12,36,QR
TXN-10268,23/4/2026,17:08,Puncak Alam,Espresso-based,Espresso,1,7,7,QR
TXN-10282,23/4/2026,17:17,Puncak Alam,Milk-based,Caramel Macchiato,1,13,13,QR
TXN-10224,23/4/2026,17:23,Putrajaya,Milk-based,Latte,1,11,11,QR
TXN-10267,23/4/2026,17:37,Puncak Alam,Milk-based,Latte,2,11,22,QR
TXN-10291,23/4/2026,17:38,Puncak Alam,Espresso-based,Americano,2,9,18,Cash
TXN-10196,23/4/2026,17:50,Putrajaya,Milk-based,Cappuccino,3,11,33,Cash
TXN-10259,23/4/2026,17:52,Puncak Alam,Milk-based,Mocha,1,12,12,QR
TXN-10186,23/4/2026,17:57,Putrajaya,Milk-based,Latte,1,11,11,QR
TXN-10294,23/4/2026,17:57,Puncak Alam,Milk-based,Mocha,1,12,12,QR
TXN-10185,23/4/2026,18:10,Putrajaya,Milk-based,Cappuccino,1,11,11,QR
TXN-10269,23/4/2026,18:13,Puncak Alam,Milk-based,Mocha,1,12,12,QR
TXN-10220,23/4/2026,18:15,Putrajaya,Espresso-based,Americano,1,9,9,QR
TXN-10221,23/4/2026,18:20,Putrajaya,Milk-based,Cappuccino,1,11,11,QR
TXN-10261,23/4/2026,18:26,Puncak Alam,Milk-based,Cappuccino,1,11,11,Cash
TXN-10179,23/4/2026,18:53,Putrajaya,Milk-based,Mocha,1,12,12,QR
TXN-10253,23/4/2026,19:01,Puncak Alam,Milk-based,Cappuccino,1,11,11,QR
TXN-10216,23/4/2026,19:05,Putrajaya,Milk-based,Latte,1,11,11,QR
TXN-10258,23/4/2026,19:05,Puncak Alam,Milk-based,Latte,1,11,11,Cash
TXN-10244,23/4/2026,19:12,Puncak Alam,Milk-based,Latte,1,11,11,QR
TXN-10257,23/4/2026,19:27,Puncak Alam,Espresso-based,Espresso,1,7,7,Cash
TXN-10231,23/4/2026,19:32,Putrajaya,Espresso-based,Americano,1,9,9,QR
TXN-10310,23/4/2026,19:42,Puncak Alam,Milk-based,Cappuccino,2,11,22,QR
TXN-10238,23/4/2026,19:45,Putrajaya,Milk-based,Cappuccino,1,11,11,Cash
TXN-10188,23/4/2026,19:52,Putrajaya,Ice Blended,Ice Blended Chocolate Chip,1,14,14,QR
TXN-10223,23/4/2026,19:53,Putrajaya,Espresso-based,Americano,3,9,27,QR
TXN-10182,23/4/2026,19:57,Putrajaya,Milk-based,Caramel Macchiato,1,13,13,Cash
TXN-10248,23/4/2026,20:01,Puncak Alam,Ice Blended,Ice Blended Chocolate Chip,2,14,28,Cash
TXN-10232,23/4/2026,20:02,Putrajaya,Milk-based,Mocha,1,12,12,QR
TXN-10181,23/4/2026,20:08,Putrajaya,Milk-based,Mocha,1,12,12,QR
TXN-10284,23/4/2026,20:17,Puncak Alam,Espresso-based,Espresso,2,7,14,QR
TXN-10227,23/4/2026,20:41,Putrajaya,Milk-based,Caramel Macchiato,3,13,39,QR
TXN-10217,23/4/2026,20:49,Putrajaya,Ice Blended,Ice Blended Chocolate Chip,1,14,14,QR
TXN-10270,23/4/2026,20:52,Puncak Alam,Milk-based,Caramel Macchiato,1,13,13,Cash
TXN-10219,23/4/2026,20:57,Putrajaya,Milk-based,Mocha,1,12,12,QR
TXN-10307,23/4/2026,20:58,Puncak Alam,Milk-based,Mocha,1,12,12,QR
TXN-10309,23/4/2026,21:00,Puncak Alam,Milk-based,Mocha,1,12,12,QR
TXN-10215,23/4/2026,21:06,Putrajaya,Milk-based,Mocha,1,12,12,QR
TXN-10192,23/4/2026,21:09,Putrajaya,Ice Blended,Ice Blended Chocolate Chip,1,14,14,QR
TXN-10246,23/4/2026,21:11,Puncak Alam,Milk-based,Cappuccino,2,11,22,Cash
TXN-10305,23/4/2026,21:14,Puncak Alam,Ice Blended,Ice Blended Chocolate Chip,1,14,14,QR
TXN-10190,23/4/2026,21:28,Putrajaya,Milk-based,Mocha,2,12,24,Cash
TXN-10306,23/4/2026,21:28,Puncak Alam,Milk-based,Mocha,1,12,12,QR
TXN-10194,23/4/2026,21:42,Putrajaya,Milk-based,Cappuccino,1,11,11,QR
TXN-10288,23/4/2026,21:53,Puncak Alam,Espresso-based,Espresso,2,7,14,QR
TXN-10201,23/4/2026,21:55,Putrajaya,Espresso-based,Espresso,2,7,14,Cash
TXN-10367,24/4/2026,8:00,Puncak Alam,Espresso-based,Espresso,3,7,21,QR
TXN-10376,24/4/2026,8:02,Puncak Alam,Milk-based,Caramel Macchiato,2,13,26,Cash
TXN-10348,24/4/2026,8:22,Putrajaya,Espresso-based,Espresso,1,7,7,Cash
TXN-10360,24/4/2026,8:22,Putrajaya,Milk-based,Mocha,1,12,12,QR
TXN-10356,24/4/2026,8:32,Putrajaya,Espresso-based,Americano,3,9,27,QR
TXN-10318,24/4/2026,8:33,Putrajaya,Milk-based,Caramel Macchiato,2,13,26,QR
TXN-10378,24/4/2026,8:33,Puncak Alam,Milk-based,Mocha,4,12,48,Cash
TXN-10350,24/4/2026,8:39,Putrajaya,Milk-based,Mocha,1,12,12,Cash
TXN-10382,24/4/2026,8:43,Puncak Alam,Milk-based,Cappuccino,1,11,11,QR
TXN-10396,24/4/2026,8:47,Puncak Alam,Espresso-based,Americano,2,9,18,QR
TXN-10390,24/4/2026,8:51,Puncak Alam,Milk-based,Cappuccino,1,11,11,Cash
TXN-10405,24/4/2026,9:11,Puncak Alam,Milk-based,Caramel Macchiato,1,13,13,QR
TXN-10321,24/4/2026,9:25,Putrajaya,Milk-based,Mocha,1,12,12,QR
TXN-10391,24/4/2026,9:28,Puncak Alam,Milk-based,Caramel Macchiato,3,13,39,QR
TXN-10329,24/4/2026,9:49,Putrajaya,Milk-based,Latte,1,11,11,QR
TXN-10381,24/4/2026,9:56,Puncak Alam,Milk-based,Cappuccino,4,11,44,QR
TXN-10374,24/4/2026,9:57,Puncak Alam,Milk-based,Caramel Macchiato,1,13,13,QR
TXN-10339,24/4/2026,10:00,Putrajaya,Ice Blended,Ice Blended Chocolate Chip,1,14,14,Cash
TXN-10402,24/4/2026,10:01,Puncak Alam,Milk-based,Cappuccino,1,11,11,QR
TXN-10314,24/4/2026,10:13,Putrajaya,Milk-based,Mocha,3,12,36,Cash
TXN-10395,24/4/2026,10:38,Puncak Alam,Milk-based,Mocha,1,12,12,QR
TXN-10411,24/4/2026,10:42,Puncak Alam,Milk-based,Latte,3,11,33,QR
TXN-10316,24/4/2026,10:48,Putrajaya,Milk-based,Cappuccino,1,11,11,Cash
TXN-10315,24/4/2026,11:18,Putrajaya,Ice Blended,Ice Blended Chocolate Chip,1,14,14,QR
TXN-10353,24/4/2026,11:29,Putrajaya,Ice Blended,Ice Blended Chocolate Chip,2,14,28,Cash
TXN-10371,24/4/2026,11:36,Puncak Alam,Milk-based,Cappuccino,1,11,11,QR
TXN-10319,24/4/2026,11:39,Putrajaya,Milk-based,Cappuccino,1,11,11,QR
TXN-10397,24/4/2026,11:58,Puncak Alam,Ice Blended,Ice Blended Chocolate Chip,1,14,14,Cash
TXN-10326,24/4/2026,11:59,Putrajaya,Milk-based,Mocha,1,12,12,QR
TXN-10385,24/4/2026,12:04,Puncak Alam,Espresso-based,Americano,2,9,18,QR
TXN-10332,24/4/2026,12:14,Putrajaya,Espresso-based,Espresso,1,7,7,QR
TXN-10394,24/4/2026,12:21,Puncak Alam,Milk-based,Caramel Macchiato,2,13,26,Cash
TXN-10398,24/4/2026,12:21,Puncak Alam,Espresso-based,Espresso,1,7,7,QR
TXN-10404,24/4/2026,12:23,Puncak Alam,Milk-based,Mocha,1,12,12,QR
TXN-10368,24/4/2026,12:28,Puncak Alam,Espresso-based,Americano,1,9,9,Cash
TXN-10338,24/4/2026,12:34,Putrajaya,Milk-based,Cappuccino,1,11,11,QR
TXN-10328,24/4/2026,12:43,Putrajaya,Espresso-based,Americano,1,9,9,Cash
TXN-10401,24/4/2026,13:12,Puncak Alam,Milk-based,Caramel Macchiato,1,13,13,QR
TXN-10409,24/4/2026,13:44,Puncak Alam,Espresso-based,Americano,1,9,9,Cash
TXN-10393,24/4/2026,13:48,Puncak Alam,Espresso-based,Espresso,3,7,21,Cash
TXN-10383,24/4/2026,13:58,Puncak Alam,Milk-based,Cappuccino,1,11,11,QR
TXN-10334,24/4/2026,14:05,Putrajaya,Espresso-based,Espresso,4,7,28,QR
TXN-10361,24/4/2026,14:05,Putrajaya,Espresso-based,Americano,1,9,9,QR
TXN-10343,24/4/2026,14:11,Putrajaya,Milk-based,Mocha,1,12,12,Cash
TXN-10325,24/4/2026,14:25,Putrajaya,Milk-based,Mocha,1,12,12,Cash
TXN-10410,24/4/2026,14:32,Puncak Alam,Milk-based,Mocha,1,12,12,QR
TXN-10330,24/4/2026,14:34,Putrajaya,Milk-based,Cappuccino,1,11,11,QR
TXN-10358,24/4/2026,14:42,Putrajaya,Espresso-based,Americano,1,9,9,Cash
TXN-10351,24/4/2026,14:45,Putrajaya,Milk-based,Caramel Macchiato,1,13,13,QR
TXN-10412,24/4/2026,14:49,Puncak Alam,Milk-based,Cappuccino,2,11,22,Cash
TXN-10345,24/4/2026,15:04,Putrajaya,Milk-based,Caramel Macchiato,1,13,13,Cash
TXN-10349,24/4/2026,15:04,Putrajaya,Espresso-based,Americano,3,9,27,QR
TXN-10363,24/4/2026,15:06,Puncak Alam,Espresso-based,Espresso,1,7,7,QR
TXN-10399,24/4/2026,15:13,Puncak Alam,Milk-based,Caramel Macchiato,1,13,13,QR
TXN-10387,24/4/2026,15:17,Puncak Alam,Espresso-based,Espresso,1,7,7,QR
TXN-10327,24/4/2026,15:26,Putrajaya,Espresso-based,Americano,3,9,27,QR
TXN-10373,24/4/2026,15:43,Puncak Alam,Espresso-based,Espresso,1,7,7,Cash
TXN-10355,24/4/2026,15:55,Putrajaya,Milk-based,Cappuccino,1,11,11,Cash
TXN-10320,24/4/2026,15:56,Putrajaya,Ice Blended,Ice Blended Chocolate Chip,1,14,14,QR
TXN-10388,24/4/2026,15:57,Puncak Alam,Milk-based,Cappuccino,1,11,11,QR
TXN-10357,24/4/2026,16:01,Putrajaya,Espresso-based,Americano,1,9,9,QR
TXN-10362,24/4/2026,16:10,Puncak Alam,Milk-based,Latte,2,11,22,QR
TXN-10335,24/4/2026,16:12,Putrajaya,Milk-based,Caramel Macchiato,1,13,13,QR
TXN-10372,24/4/2026,16:20,Puncak Alam,Espresso-based,Americano,1,9,9,Cash
TXN-10324,24/4/2026,16:32,Putrajaya,Milk-based,Cappuccino,1,11,11,QR
TXN-10352,24/4/2026,16:50,Putrajaya,Milk-based,Latte,1,11,11,Cash
TXN-10341,24/4/2026,16:53,Putrajaya,Ice Blended,Ice Blended Chocolate Chip,1,14,14,QR
TXN-10344,24/4/2026,16:55,Putrajaya,Milk-based,Caramel Macchiato,2,13,26,QR
TXN-10322,24/4/2026,16:57,Putrajaya,Espresso-based,Espresso,1,7,7,QR
TXN-10406,24/4/2026,16:59,Puncak Alam,Milk-based,Cappuccino,1,11,11,QR
TXN-10369,24/4/2026,17:02,Puncak Alam,Espresso-based,Espresso,1,7,7,QR
TXN-10365,24/4/2026,17:06,Puncak Alam,Milk-based,Latte,3,11,33,QR
TXN-10400,24/4/2026,17:27,Puncak Alam,Milk-based,Latte,1,11,11,Cash
TXN-10331,24/4/2026,17:38,Putrajaya,Espresso-based,Americano,3,9,27,Cash
TXN-10366,24/4/2026,17:42,Puncak Alam,Ice Blended,Ice Blended Chocolate Chip,1,14,14,QR
TXN-10384,24/4/2026,17:55,Puncak Alam,Milk-based,Cappuccino,1,11,11,QR
TXN-10337,24/4/2026,18:02,Putrajaya,Milk-based,Mocha,1,12,12,QR
TXN-10364,24/4/2026,18:04,Puncak Alam,Milk-based,Latte,1,11,11,QR
TXN-10408,24/4/2026,18:06,Puncak Alam,Milk-based,Mocha,1,12,12,Cash
TXN-10407,24/4/2026,18:15,Puncak Alam,Ice Blended,Ice Blended Chocolate Chip,1,14,14,QR
TXN-10375,24/4/2026,18:16,Puncak Alam,Espresso-based,Espresso,1,7,7,Cash
TXN-10336,24/4/2026,18:27,Putrajaya,Milk-based,Caramel Macchiato,2,13,26,QR
TXN-10342,24/4/2026,18:57,Putrajaya,Milk-based,Cappuccino,2,11,22,QR
TXN-10377,24/4/2026,19:18,Puncak Alam,Espresso-based,Espresso,1,7,7,QR
TXN-10354,24/4/2026,19:20,Putrajaya,Milk-based,Mocha,2,12,24,QR
TXN-10413,24/4/2026,19:25,Puncak Alam,Espresso-based,Espresso,2,7,14,QR
TXN-10323,24/4/2026,19:39,Putrajaya,Milk-based,Mocha,1,12,12,Cash
TXN-10340,24/4/2026,19:48,Putrajaya,Milk-based,Mocha,1,12,12,QR
TXN-10386,24/4/2026,19:49,Puncak Alam,Ice Blended,Ice Blended Chocolate Chip,1,14,14,QR
TXN-10313,24/4/2026,19:56,Putrajaya,Espresso-based,Americano,2,9,18,QR
TXN-10333,24/4/2026,20:17,Putrajaya,Milk-based,Latte,1,11,11,QR
TXN-10392,24/4/2026,20:18,Puncak Alam,Ice Blended,Ice Blended Chocolate Chip,1,14,14,Cash
TXN-10380,24/4/2026,20:23,Puncak Alam,Milk-based,Mocha,1,12,12,QR
TXN-10370,24/4/2026,20:24,Puncak Alam,Milk-based,Cappuccino,3,11,33,QR
TXN-10311,24/4/2026,20:49,Putrajaya,Milk-based,Latte,2,11,22,QR
TXN-10379,24/4/2026,20:57,Puncak Alam,Milk-based,Caramel Macchiato,1,13,13,QR
TXN-10317,24/4/2026,21:00,Putrajaya,Espresso-based,Americano,1,9,9,Cash
TXN-10389,24/4/2026,21:09,Puncak Alam,Milk-based,Mocha,2,12,24,QR
TXN-10403,24/4/2026,21:12,Puncak Alam,Milk-based,Mocha,2,12,24,Cash
TXN-10312,24/4/2026,21:30,Putrajaya,Ice Blended,Ice Blended Chocolate Chip,3,14,42,Cash
TXN-10347,24/4/2026,21:41,Putrajaya,Milk-based,Caramel Macchiato,1,13,13,QR
TXN-10359,24/4/2026,21:44,Putrajaya,Espresso-based,Espresso,1,7,7,QR
TXN-10346,24/4/2026,21:53,Putrajaya,Ice Blended,Ice Blended Chocolate Chip,1,14,14,Cash
TXN-10489,25/4/2026,8:02,Puncak Alam,Milk-based,Caramel Macchiato,1,13,13,Cash
TXN-10461,25/4/2026,8:08,Puncak Alam,Milk-based,Caramel Macchiato,1,13,13,QR
TXN-10479,25/4/2026,8:13,Puncak Alam,Milk-based,Caramel Macchiato,1,13,13,QR
TXN-10451,25/4/2026,8:33,Puncak Alam,Milk-based,Latte,1,11,11,QR
TXN-10415,25/4/2026,8:43,Putrajaya,Espresso-based,Americano,1,9,9,Cash
TXN-10440,25/4/2026,8:43,Putrajaya,Milk-based,Caramel Macchiato,1,13,13,Cash
TXN-10434,25/4/2026,8:45,Putrajaya,Milk-based,Cappuccino,1,11,11,QR
TXN-10504,25/4/2026,8:52,Puncak Alam,Espresso-based,Espresso,1,7,7,QR
TXN-10500,25/4/2026,9:05,Puncak Alam,Espresso-based,Americano,1,9,9,QR
TXN-10445,25/4/2026,9:06,Putrajaya,Milk-based,Cappuccino,1,11,11,QR
TXN-10450,25/4/2026,9:11,Puncak Alam,Espresso-based,Americano,2,9,18,QR
TXN-10416,25/4/2026,9:14,Putrajaya,Milk-based,Latte,1,11,11,QR
TXN-10454,25/4/2026,9:34,Puncak Alam,Milk-based,Mocha,1,12,12,Cash
TXN-10456,25/4/2026,9:54,Puncak Alam,Espresso-based,Espresso,1,7,7,Cash
TXN-10473,25/4/2026,10:14,Puncak Alam,Espresso-based,Espresso,2,7,14,QR
TXN-10474,25/4/2026,10:22,Puncak Alam,Milk-based,Mocha,3,12,36,QR
TXN-10476,25/4/2026,10:24,Puncak Alam,Espresso-based,Espresso,1,7,7,Cash
TXN-10509,25/4/2026,10:25,Puncak Alam,Milk-based,Latte,1,11,11,QR
TXN-10414,25/4/2026,10:32,Putrajaya,Milk-based,Mocha,1,12,12,QR
TXN-10417,25/4/2026,10:32,Putrajaya,Espresso-based,Americano,1,9,9,Cash
TXN-10435,25/4/2026,10:41,Putrajaya,Milk-based,Latte,1,11,11,QR
TXN-10468,25/4/2026,10:56,Puncak Alam,Espresso-based,Espresso,1,7,7,QR
TXN-10465,25/4/2026,11:05,Puncak Alam,Ice Blended,Ice Blended Chocolate Chip,1,14,14,QR
TXN-10443,25/4/2026,11:13,Putrajaya,Milk-based,Cappuccino,1,11,11,QR
TXN-10420,25/4/2026,11:26,Putrajaya,Milk-based,Mocha,1,12,12,QR
TXN-10459,25/4/2026,11:28,Puncak Alam,Milk-based,Caramel Macchiato,4,13,52,QR
TXN-10444,25/4/2026,11:50,Putrajaya,Milk-based,Mocha,1,12,12,Cash
TXN-10495,25/4/2026,11:53,Puncak Alam,Milk-based,Caramel Macchiato,1,13,13,Cash
TXN-10480,25/4/2026,12:11,Puncak Alam,Milk-based,Cappuccino,1,11,11,Cash
TXN-10424,25/4/2026,12:53,Putrajaya,Milk-based,Latte,3,11,33,QR
TXN-10457,25/4/2026,12:56,Puncak Alam,Ice Blended,Ice Blended Chocolate Chip,2,14,28,QR
TXN-10462,25/4/2026,13:10,Puncak Alam,Espresso-based,Espresso,3,7,21,QR
TXN-10426,25/4/2026,13:21,Putrajaya,Ice Blended,Ice Blended Chocolate Chip,3,14,42,QR
TXN-10428,25/4/2026,13:30,Putrajaya,Milk-based,Cappuccino,2,11,22,QR
TXN-10490,25/4/2026,13:41,Puncak Alam,Espresso-based,Americano,1,9,9,Cash
TXN-10419,25/4/2026,14:32,Putrajaya,Milk-based,Latte,1,11,11,QR
TXN-10493,25/4/2026,14:33,Puncak Alam,Milk-based,Caramel Macchiato,1,13,13,Cash
TXN-10487,25/4/2026,15:02,Puncak Alam,Milk-based,Mocha,3,12,36,Cash
TXN-10498,25/4/2026,15:19,Puncak Alam,Espresso-based,Americano,2,9,18,QR
TXN-10423,25/4/2026,15:29,Putrajaya,Ice Blended,Ice Blended Chocolate Chip,2,14,28,Cash
TXN-10442,25/4/2026,15:31,Putrajaya,Espresso-based,Americano,3,9,27,QR
TXN-10505,25/4/2026,15:33,Puncak Alam,Espresso-based,Americano,1,9,9,QR
TXN-10503,25/4/2026,15:36,Puncak Alam,Espresso-based,Americano,3,9,27,Cash
TXN-10448,25/4/2026,15:54,Putrajaya,Espresso-based,Americano,3,9,27,QR
TXN-10452,25/4/2026,16:03,Puncak Alam,Milk-based,Cappuccino,1,11,11,Cash
TXN-10437,25/4/2026,16:05,Putrajaya,Milk-based,Cappuccino,1,11,11,Cash
TXN-10510,25/4/2026,16:11,Puncak Alam,Milk-based,Mocha,1,12,12,QR
TXN-10467,25/4/2026,16:18,Puncak Alam,Milk-based,Mocha,1,12,12,QR
TXN-10499,25/4/2026,16:18,Puncak Alam,Espresso-based,Americano,1,9,9,Cash
TXN-10466,25/4/2026,16:22,Puncak Alam,Milk-based,Cappuccino,1,11,11,QR
TXN-10431,25/4/2026,16:33,Putrajaya,Milk-based,Cappuccino,1,11,11,Cash
TXN-10453,25/4/2026,16:34,Puncak Alam,Milk-based,Cappuccino,1,11,11,QR
TXN-10472,25/4/2026,16:43,Puncak Alam,Espresso-based,Espresso,2,7,14,QR
TXN-10430,25/4/2026,16:46,Putrajaya,Espresso-based,Espresso,1,7,7,QR
TXN-10447,25/4/2026,16:50,Putrajaya,Milk-based,Caramel Macchiato,2,13,26,QR
TXN-10506,25/4/2026,16:54,Puncak Alam,Milk-based,Latte,1,11,11,Cash
TXN-10471,25/4/2026,17:00,Puncak Alam,Milk-based,Caramel Macchiato,1,13,13,QR
TXN-10501,25/4/2026,17:00,Puncak Alam,Espresso-based,Americano,1,9,9,QR
TXN-10508,25/4/2026,17:18,Puncak Alam,Milk-based,Caramel Macchiato,1,13,13,Cash
TXN-10492,25/4/2026,17:31,Puncak Alam,Espresso-based,Americano,2,9,18,QR
TXN-10438,25/4/2026,17:37,Putrajaya,Milk-based,Cappuccino,2,11,22,QR
TXN-10507,25/4/2026,17:54,Puncak Alam,Espresso-based,Espresso,1,7,7,QR
TXN-10432,25/4/2026,17:57,Putrajaya,Milk-based,Caramel Macchiato,1,13,13,QR
TXN-10469,25/4/2026,17:58,Puncak Alam,Espresso-based,Americano,1,9,9,QR
TXN-10463,25/4/2026,18:15,Puncak Alam,Milk-based,Mocha,1,12,12,QR
TXN-10441,25/4/2026,18:18,Putrajaya,Milk-based,Latte,1,11,11,Cash
TXN-10484,25/4/2026,18:25,Puncak Alam,Milk-based,Cappuccino,1,11,11,QR
TXN-10458,25/4/2026,18:31,Puncak Alam,Milk-based,Caramel Macchiato,1,13,13,QR
TXN-10478,25/4/2026,18:36,Puncak Alam,Espresso-based,Espresso,1,7,7,QR
TXN-10425,25/4/2026,18:42,Putrajaya,Espresso-based,Americano,2,9,18,QR
TXN-10475,25/4/2026,18:51,Puncak Alam,Ice Blended,Ice Blended Chocolate Chip,1,14,14,QR
TXN-10418,25/4/2026,19:06,Putrajaya,Ice Blended,Ice Blended Chocolate Chip,2,14,28,QR
TXN-10429,25/4/2026,19:24,Putrajaya,Espresso-based,Espresso,2,7,14,QR
TXN-10481,25/4/2026,19:28,Puncak Alam,Espresso-based,Americano,3,9,27,QR
TXN-10488,25/4/2026,19:37,Puncak Alam,Espresso-based,Americano,1,9,9,QR
TXN-10511,25/4/2026,19:38,Puncak Alam,Milk-based,Latte,3,11,33,QR
TXN-10433,25/4/2026,19:46,Putrajaya,Milk-based,Cappuccino,1,11,11,Cash
TXN-10502,25/4/2026,19:48,Puncak Alam,Espresso-based,Americano,1,9,9,QR
TXN-10477,25/4/2026,19:55,Puncak Alam,Espresso-based,Americano,3,9,27,QR
TXN-10486,25/4/2026,20:00,Puncak Alam,Milk-based,Latte,1,11,11,QR
TXN-10439,25/4/2026,20:05,Putrajaya,Milk-based,Mocha,1,12,12,QR
TXN-10446,25/4/2026,20:06,Putrajaya,Milk-based,Mocha,1,12,12,Cash
TXN-10449,25/4/2026,20:06,Putrajaya,Espresso-based,Americano,2,9,18,Cash
TXN-10485,25/4/2026,20:09,Puncak Alam,Espresso-based,Espresso,1,7,7,QR
TXN-10482,25/4/2026,20:13,Puncak Alam,Milk-based,Latte,1,11,11,Cash
TXN-10494,25/4/2026,20:21,Puncak Alam,Ice Blended,Ice Blended Chocolate Chip,1,14,14,QR
TXN-10496,25/4/2026,20:24,Puncak Alam,Espresso-based,Espresso,1,7,7,QR
TXN-10470,25/4/2026,20:29,Puncak Alam,Ice Blended,Ice Blended Chocolate Chip,2,14,28,Cash
TXN-10497,25/4/2026,20:33,Puncak Alam,Milk-based,Mocha,1,12,12,QR
TXN-10421,25/4/2026,20:47,Putrajaya,Espresso-based,Americano,1,9,9,QR
TXN-10464,25/4/2026,20:56,Puncak Alam,Milk-based,Cappuccino,1,11,11,QR
TXN-10483,25/4/2026,21:00,Puncak Alam,Milk-based,Caramel Macchiato,2,13,26,Cash
TXN-10422,25/4/2026,21:16,Putrajaya,Milk-based,Caramel Macchiato,1,13,13,QR
TXN-10427,25/4/2026,21:18,Putrajaya,Milk-based,Mocha,2,12,24,QR
TXN-10460,25/4/2026,21:37,Puncak Alam,Espresso-based,Americano,1,9,9,QR
TXN-10491,25/4/2026,21:54,Puncak Alam,Espresso-based,Espresso,1,7,7,Cash
TXN-10455,25/4/2026,21:55,Puncak Alam,Milk-based,Cappuccino,2,11,22,QR
TXN-10436,25/4/2026,21:56,Putrajaya,Milk-based,Latte,1,11,11,QR
TXN-10514,26/4/2026,8:02,Putrajaya,Milk-based,Latte,1,11,11,QR
TXN-10600,26/4/2026,8:05,Puncak Alam,Milk-based,Latte,1,11,11,QR
TXN-10528,26/4/2026,8:08,Putrajaya,Milk-based,Mocha,1,12,12,QR
TXN-10522,26/4/2026,8:16,Putrajaya,Espresso-based,Espresso,1,7,7,QR
TXN-10547,26/4/2026,8:25,Putrajaya,Ice Blended,Ice Blended Chocolate Chip,1,14,14,QR
TXN-10590,26/4/2026,8:32,Puncak Alam,Espresso-based,Espresso,3,7,21,Cash
TXN-10542,26/4/2026,8:33,Putrajaya,Milk-based,Caramel Macchiato,1,13,13,QR
TXN-10555,26/4/2026,8:33,Putrajaya,Milk-based,Cappuccino,2,11,22,QR
TXN-10552,26/4/2026,8:36,Putrajaya,Ice Blended,Ice Blended Chocolate Chip,2,14,28,QR
TXN-10571,26/4/2026,8:37,Putrajaya,Ice Blended,Ice Blended Chocolate Chip,1,14,14,Cash
TXN-10608,26/4/2026,8:47,Puncak Alam,Espresso-based,Americano,4,9,36,QR
TXN-10594,26/4/2026,8:54,Puncak Alam,Milk-based,Caramel Macchiato,3,13,39,QR
TXN-10553,26/4/2026,9:03,Putrajaya,Milk-based,Latte,1,11,11,Cash
TXN-10593,26/4/2026,9:05,Puncak Alam,Espresso-based,Espresso,1,7,7,Cash
TXN-10536,26/4/2026,9:12,Putrajaya,Espresso-based,Espresso,1,7,7,Cash
TXN-10606,26/4/2026,9:17,Puncak Alam,Milk-based,Latte,1,11,11,Cash
TXN-10550,26/4/2026,9:51,Putrajaya,Espresso-based,Americano,2,9,18,Cash
TXN-10603,26/4/2026,9:51,Puncak Alam,Milk-based,Cappuccino,1,11,11,QR
TXN-10564,26/4/2026,9:53,Putrajaya,Ice Blended,Ice Blended Chocolate Chip,2,14,28,QR
TXN-10569,26/4/2026,10:09,Putrajaya,Milk-based,Cappuccino,1,11,11,QR
TXN-10578,26/4/2026,10:34,Putrajaya,Milk-based,Latte,1,11,11,Cash
TXN-10581,26/4/2026,10:40,Puncak Alam,Ice Blended,Ice Blended Chocolate Chip,1,14,14,QR
TXN-10563,26/4/2026,11:01,Putrajaya,Milk-based,Mocha,1,12,12,Cash
TXN-10583,26/4/2026,11:24,Puncak Alam,Milk-based,Caramel Macchiato,1,13,13,QR
TXN-10554,26/4/2026,11:35,Putrajaya,Milk-based,Mocha,1,12,12,QR
TXN-10591,26/4/2026,11:45,Puncak Alam,Ice Blended,Ice Blended Chocolate Chip,1,14,14,QR
TXN-10607,26/4/2026,12:27,Puncak Alam,Espresso-based,Americano,1,9,9,Cash
TXN-10565,26/4/2026,12:29,Putrajaya,Espresso-based,Americano,4,9,36,QR
TXN-10598,26/4/2026,12:34,Puncak Alam,Milk-based,Caramel Macchiato,1,13,13,Cash
TXN-10559,26/4/2026,12:41,Putrajaya,Milk-based,Caramel Macchiato,3,13,39,QR
TXN-10592,26/4/2026,12:43,Puncak Alam,Milk-based,Cappuccino,4,11,44,QR
TXN-10562,26/4/2026,12:47,Putrajaya,Milk-based,Caramel Macchiato,1,13,13,QR
TXN-10595,26/4/2026,12:56,Puncak Alam,Milk-based,Caramel Macchiato,1,13,13,QR
TXN-10604,26/4/2026,12:57,Puncak Alam,Milk-based,Mocha,1,12,12,QR
TXN-10601,26/4/2026,12:58,Puncak Alam,Milk-based,Caramel Macchiato,1,13,13,QR
TXN-10585,26/4/2026,13:03,Puncak Alam,Espresso-based,Americano,1,9,9,QR
TXN-10524,26/4/2026,13:25,Putrajaya,Milk-based,Mocha,2,12,24,QR
TXN-10567,26/4/2026,13:28,Putrajaya,Espresso-based,Espresso,1,7,7,Cash
TXN-10535,26/4/2026,13:30,Putrajaya,Espresso-based,Americano,1,9,9,Cash
TXN-10515,26/4/2026,13:32,Putrajaya,Milk-based,Caramel Macchiato,2,13,26,Cash
TXN-10558,26/4/2026,13:32,Putrajaya,Milk-based,Mocha,2,12,24,Cash
TXN-10602,26/4/2026,13:33,Puncak Alam,Espresso-based,Americano,2,9,18,QR
TXN-10521,26/4/2026,13:34,Putrajaya,Espresso-based,Americano,2,9,18,QR
TXN-10570,26/4/2026,13:47,Putrajaya,Milk-based,Cappuccino,1,11,11,QR
TXN-10551,26/4/2026,13:57,Putrajaya,Ice Blended,Ice Blended Chocolate Chip,1,14,14,Cash
TXN-10527,26/4/2026,14:22,Putrajaya,Ice Blended,Ice Blended Chocolate Chip,1,14,14,QR
TXN-10531,26/4/2026,14:54,Putrajaya,Milk-based,Mocha,1,12,12,QR
TXN-10566,26/4/2026,15:20,Putrajaya,Milk-based,Mocha,2,12,24,QR
TXN-10572,26/4/2026,15:34,Putrajaya,Milk-based,Caramel Macchiato,3,13,39,Cash
TXN-10560,26/4/2026,15:51,Putrajaya,Milk-based,Mocha,2,12,24,QR
TXN-10513,26/4/2026,15:54,Putrajaya,Ice Blended,Ice Blended Chocolate Chip,1,14,14,QR
TXN-10577,26/4/2026,16:06,Putrajaya,Milk-based,Mocha,1,12,12,Cash
TXN-10540,26/4/2026,16:09,Putrajaya,Milk-based,Caramel Macchiato,1,13,13,QR
TXN-10538,26/4/2026,16:22,Putrajaya,Espresso-based,Espresso,1,7,7,Cash
TXN-10541,26/4/2026,16:23,Putrajaya,Espresso-based,Espresso,1,7,7,QR
TXN-10605,26/4/2026,16:28,Puncak Alam,Milk-based,Latte,2,11,22,QR
TXN-10586,26/4/2026,16:36,Puncak Alam,Milk-based,Mocha,1,12,12,QR
TXN-10582,26/4/2026,16:37,Puncak Alam,Milk-based,Caramel Macchiato,2,13,26,Cash
TXN-10597,26/4/2026,16:46,Puncak Alam,Milk-based,Caramel Macchiato,1,13,13,QR
TXN-10568,26/4/2026,16:50,Putrajaya,Milk-based,Cappuccino,2,11,22,QR
TXN-10532,26/4/2026,16:54,Putrajaya,Milk-based,Latte,1,11,11,QR
TXN-10561,26/4/2026,16:56,Putrajaya,Milk-based,Cappuccino,1,11,11,Cash
TXN-10579,26/4/2026,17:04,Puncak Alam,Milk-based,Cappuccino,1,11,11,QR
TXN-10546,26/4/2026,17:05,Putrajaya,Espresso-based,Espresso,1,7,7,Cash
TXN-10584,26/4/2026,17:12,Puncak Alam,Milk-based,Caramel Macchiato,2,13,26,QR
TXN-10599,26/4/2026,17:20,Puncak Alam,Milk-based,Caramel Macchiato,2,13,26,QR
TXN-10517,26/4/2026,17:37,Putrajaya,Milk-based,Latte,1,11,11,Cash
TXN-10580,26/4/2026,17:56,Puncak Alam,Milk-based,Cappuccino,1,11,11,Cash
TXN-10526,26/4/2026,18:03,Putrajaya,Milk-based,Latte,2,11,22,QR
TXN-10557,26/4/2026,18:10,Putrajaya,Ice Blended,Ice Blended Chocolate Chip,2,14,28,QR
TXN-10534,26/4/2026,18:24,Putrajaya,Ice Blended,Ice Blended Chocolate Chip,1,14,14,QR
TXN-10545,26/4/2026,18:44,Putrajaya,Milk-based,Caramel Macchiato,4,13,52,QR
TXN-10520,26/4/2026,18:50,Putrajaya,Milk-based,Caramel Macchiato,1,13,13,Cash
TXN-10530,26/4/2026,19:05,Putrajaya,Ice Blended,Ice Blended Chocolate Chip,1,14,14,QR
TXN-10548,26/4/2026,19:08,Putrajaya,Milk-based,Cappuccino,2,11,22,QR
TXN-10525,26/4/2026,19:11,Putrajaya,Espresso-based,Espresso,1,7,7,Cash
TXN-10533,26/4/2026,19:11,Putrajaya,Milk-based,Cappuccino,1,11,11,QR
TXN-10539,26/4/2026,19:12,Putrajaya,Espresso-based,Americano,1,9,9,QR
TXN-10543,26/4/2026,19:18,Putrajaya,Milk-based,Cappuccino,1,11,11,QR
TXN-10523,26/4/2026,19:26,Putrajaya,Ice Blended,Ice Blended Chocolate Chip,1,14,14,Cash
TXN-10588,26/4/2026,19:29,Puncak Alam,Milk-based,Caramel Macchiato,1,13,13,QR
TXN-10512,26/4/2026,19:45,Putrajaya,Milk-based,Caramel Macchiato,1,13,13,Cash
TXN-10589,26/4/2026,20:05,Puncak Alam,Milk-based,Latte,2,11,22,QR
TXN-10596,26/4/2026,20:28,Puncak Alam,Ice Blended,Ice Blended Chocolate Chip,1,14,14,Cash
TXN-10529,26/4/2026,20:42,Putrajaya,Espresso-based,Americano,2,9,18,QR
TXN-10587,26/4/2026,20:50,Puncak Alam,Ice Blended,Ice Blended Chocolate Chip,2,14,28,Cash
TXN-10576,26/4/2026,21:12,Putrajaya,Milk-based,Caramel Macchiato,1,13,13,QR
TXN-10575,26/4/2026,21:19,Putrajaya,Milk-based,Caramel Macchiato,1,13,13,QR
TXN-10549,26/4/2026,21:21,Putrajaya,Milk-based,Cappuccino,1,11,11,QR
TXN-10556,26/4/2026,21:23,Putrajaya,Milk-based,Cappuccino,4,11,44,QR
TXN-10537,26/4/2026,21:26,Putrajaya,Ice Blended,Ice Blended Chocolate Chip,1,14,14,Cash
TXN-10573,26/4/2026,21:27,Putrajaya,Milk-based,Caramel Macchiato,1,13,13,QR
TXN-10518,26/4/2026,21:29,Putrajaya,Espresso-based,Americano,1,9,9,QR
TXN-10516,26/4/2026,21:36,Putrajaya,Milk-based,Caramel Macchiato,1,13,13,QR
TXN-10519,26/4/2026,21:45,Putrajaya,Milk-based,Cappuccino,1,11,11,QR
TXN-10544,26/4/2026,21:52,Putrajaya,Milk-based,Latte,2,11,22,QR
TXN-10574,26/4/2026,21:52,Putrajaya,Espresso-based,Americano,1,9,9,Cash
TXN-10636,27/4/2026,8:00,Putrajaya,Espresso-based,Espresso,1,7,7,QR
TXN-10664,27/4/2026,8:03,Puncak Alam,Milk-based,Mocha,1,12,12,QR
TXN-10685,27/4/2026,8:08,Puncak Alam,Espresso-based,Americano,1,9,9,QR
TXN-10689,27/4/2026,8:23,Puncak Alam,Espresso-based,Espresso,1,7,7,QR
TXN-10614,27/4/2026,8:28,Putrajaya,Espresso-based,Americano,2,9,18,QR
TXN-10637,27/4/2026,8:28,Putrajaya,Milk-based,Cappuccino,1,11,11,QR
TXN-10633,27/4/2026,8:42,Putrajaya,Milk-based,Caramel Macchiato,3,13,39,Cash
TXN-10679,27/4/2026,8:44,Puncak Alam,Espresso-based,Espresso,2,7,14,QR
TXN-10646,27/4/2026,8:56,Putrajaya,Espresso-based,Americano,4,9,36,QR
TXN-10704,27/4/2026,9:06,Puncak Alam,Milk-based,Mocha,3,12,36,Cash
TXN-10620,27/4/2026,9:07,Putrajaya,Espresso-based,Americano,1,9,9,Cash
TXN-10635,27/4/2026,9:31,Putrajaya,Milk-based,Cappuccino,2,11,22,QR
TXN-10669,27/4/2026,9:41,Puncak Alam,Milk-based,Mocha,2,12,24,QR
TXN-10628,27/4/2026,9:53,Putrajaya,Milk-based,Caramel Macchiato,2,13,26,QR
TXN-10656,27/4/2026,9:53,Puncak Alam,Milk-based,Mocha,2,12,24,Cash
TXN-10686,27/4/2026,10:06,Puncak Alam,Milk-based,Caramel Macchiato,1,13,13,QR
TXN-10618,27/4/2026,10:09,Putrajaya,Milk-based,Cappuccino,1,11,11,Cash
TXN-10715,27/4/2026,10:19,Puncak Alam,Ice Blended,Ice Blended Chocolate Chip,1,14,14,QR
TXN-10616,27/4/2026,10:23,Putrajaya,Espresso-based,Americano,1,9,9,QR
TXN-10698,27/4/2026,10:45,Puncak Alam,Espresso-based,Americano,1,9,9,QR
TXN-10644,27/4/2026,11:03,Putrajaya,Milk-based,Caramel Macchiato,1,13,13,QR
TXN-10705,27/4/2026,11:06,Puncak Alam,Milk-based,Latte,1,11,11,QR
TXN-10708,27/4/2026,11:11,Puncak Alam,Milk-based,Cappuccino,1,11,11,Cash
TXN-10670,27/4/2026,11:13,Puncak Alam,Espresso-based,Espresso,1,7,7,Cash
TXN-10714,27/4/2026,11:17,Puncak Alam,Espresso-based,Americano,1,9,9,QR
TXN-10645,27/4/2026,11:25,Putrajaya,Espresso-based,Espresso,1,7,7,QR
TXN-10711,27/4/2026,11:28,Puncak Alam,Espresso-based,Espresso,1,7,7,Cash
TXN-10682,27/4/2026,11:36,Puncak Alam,Espresso-based,Espresso,1,7,7,QR
TXN-10684,27/4/2026,11:38,Puncak Alam,Espresso-based,Americano,2,9,18,Cash
TXN-10692,27/4/2026,11:45,Puncak Alam,Milk-based,Latte,1,11,11,QR
TXN-10681,27/4/2026,12:03,Puncak Alam,Milk-based,Latte,2,11,22,Cash
TXN-10688,27/4/2026,12:07,Puncak Alam,Milk-based,Caramel Macchiato,3,13,39,Cash
TXN-10702,27/4/2026,12:18,Puncak Alam,Milk-based,Mocha,1,12,12,Cash
TXN-10617,27/4/2026,12:20,Putrajaya,Milk-based,Caramel Macchiato,1,13,13,QR
TXN-10627,27/4/2026,12:28,Putrajaya,Milk-based,Mocha,1,12,12,QR
TXN-10680,27/4/2026,12:31,Puncak Alam,Milk-based,Mocha,2,12,24,QR
TXN-10643,27/4/2026,12:36,Putrajaya,Milk-based,Mocha,1,12,12,Cash
TXN-10657,27/4/2026,12:44,Puncak Alam,Milk-based,Mocha,1,12,12,QR
TXN-10638,27/4/2026,12:56,Putrajaya,Milk-based,Mocha,1,12,12,QR
TXN-10650,27/4/2026,13:05,Putrajaya,Milk-based,Caramel Macchiato,3,13,39,QR
TXN-10683,27/4/2026,13:09,Puncak Alam,Milk-based,Cappuccino,2,11,22,QR
TXN-10624,27/4/2026,13:10,Putrajaya,Espresso-based,Espresso,1,7,7,Cash
TXN-10671,27/4/2026,13:11,Puncak Alam,Milk-based,Caramel Macchiato,1,13,13,QR
TXN-10652,27/4/2026,13:17,Putrajaya,Milk-based,Caramel Macchiato,1,13,13,QR
TXN-10629,27/4/2026,13:33,Putrajaya,Milk-based,Mocha,1,12,12,Cash
TXN-10674,27/4/2026,13:51,Puncak Alam,Espresso-based,Espresso,1,7,7,QR
TXN-10699,27/4/2026,13:55,Puncak Alam,Milk-based,Mocha,1,12,12,QR
TXN-10667,27/4/2026,13:59,Puncak Alam,Espresso-based,Espresso,1,7,7,Cash
TXN-10626,27/4/2026,14:02,Putrajaya,Milk-based,Cappuccino,1,11,11,QR
TXN-10647,27/4/2026,14:09,Putrajaya,Milk-based,Caramel Macchiato,1,13,13,QR
TXN-10676,27/4/2026,14:14,Puncak Alam,Milk-based,Cappuccino,1,11,11,QR
TXN-10625,27/4/2026,14:17,Putrajaya,Ice Blended,Ice Blended Chocolate Chip,1,14,14,QR
TXN-10612,27/4/2026,14:20,Putrajaya,Milk-based,Caramel Macchiato,1,13,13,Cash
TXN-10610,27/4/2026,14:24,Putrajaya,Espresso-based,Espresso,1,7,7,QR
TXN-10691,27/4/2026,14:33,Puncak Alam,Milk-based,Cappuccino,1,11,11,QR
TXN-10695,27/4/2026,14:33,Puncak Alam,Milk-based,Latte,1,11,11,QR
TXN-10662,27/4/2026,14:48,Puncak Alam,Milk-based,Caramel Macchiato,1,13,13,Cash
TXN-10696,27/4/2026,14:57,Puncak Alam,Milk-based,Mocha,2,12,24,QR
TXN-10609,27/4/2026,15:07,Putrajaya,Espresso-based,Americano,1,9,9,QR
TXN-10666,27/4/2026,15:15,Puncak Alam,Milk-based,Latte,1,11,11,QR
TXN-10658,27/4/2026,15:20,Puncak Alam,Milk-based,Mocha,2,12,24,QR
TXN-10613,27/4/2026,15:37,Putrajaya,Milk-based,Caramel Macchiato,1,13,13,QR
TXN-10630,27/4/2026,15:43,Putrajaya,Milk-based,Mocha,1,12,12,Cash
TXN-10706,27/4/2026,15:47,Puncak Alam,Ice Blended,Ice Blended Chocolate Chip,1,14,14,QR
TXN-10639,27/4/2026,16:03,Putrajaya,Ice Blended,Ice Blended Chocolate Chip,1,14,14,QR
TXN-10718,27/4/2026,16:11,Puncak Alam,Milk-based,Latte,2,11,22,QR
TXN-10651,27/4/2026,16:44,Putrajaya,Espresso-based,Espresso,1,7,7,Cash
TXN-10694,27/4/2026,16:47,Puncak Alam,Milk-based,Cappuccino,1,11,11,Cash
TXN-10649,27/4/2026,16:53,Putrajaya,Ice Blended,Ice Blended Chocolate Chip,1,14,14,QR
TXN-10619,27/4/2026,17:18,Putrajaya,Espresso-based,Americano,1,9,9,QR
TXN-10648,27/4/2026,17:21,Putrajaya,Milk-based,Mocha,1,12,12,QR
TXN-10621,27/4/2026,17:32,Putrajaya,Ice Blended,Ice Blended Chocolate Chip,2,14,28,QR
TXN-10655,27/4/2026,17:51,Puncak Alam,Milk-based,Mocha,4,12,48,Cash
TXN-10713,27/4/2026,17:58,Puncak Alam,Milk-based,Mocha,1,12,12,QR
TXN-10690,27/4/2026,18:01,Puncak Alam,Espresso-based,Americano,2,9,18,QR
TXN-10675,27/4/2026,18:07,Puncak Alam,Espresso-based,Espresso,2,7,14,QR
TXN-10672,27/4/2026,18:13,Puncak Alam,Espresso-based,Americano,1,9,9,Cash
TXN-10640,27/4/2026,18:26,Putrajaya,Espresso-based,Espresso,3,7,21,QR
TXN-10707,27/4/2026,18:37,Puncak Alam,Milk-based,Latte,2,11,22,Cash
TXN-10678,27/4/2026,18:44,Puncak Alam,Milk-based,Latte,1,11,11,QR
TXN-10634,27/4/2026,19:05,Putrajaya,Espresso-based,Americano,1,9,9,Cash
TXN-10697,27/4/2026,19:12,Puncak Alam,Milk-based,Cappuccino,2,11,22,Cash
TXN-10623,27/4/2026,19:14,Putrajaya,Espresso-based,Americano,3,9,27,QR
TXN-10653,27/4/2026,19:32,Putrajaya,Milk-based,Latte,1,11,11,QR
TXN-10632,27/4/2026,19:37,Putrajaya,Milk-based,Latte,1,11,11,QR
TXN-10654,27/4/2026,19:37,Putrajaya,Milk-based,Cappuccino,1,11,11,Cash
TXN-10693,27/4/2026,19:39,Puncak Alam,Milk-based,Mocha,1,12,12,QR
TXN-10661,27/4/2026,19:42,Puncak Alam,Milk-based,Latte,1,11,11,QR
TXN-10631,27/4/2026,19:51,Putrajaya,Espresso-based,Espresso,1,7,7,QR
TXN-10642,27/4/2026,19:55,Putrajaya,Milk-based,Caramel Macchiato,1,13,13,QR
TXN-10611,27/4/2026,20:02,Putrajaya,Milk-based,Cappuccino,2,11,22,QR
TXN-10668,27/4/2026,20:09,Puncak Alam,Milk-based,Cappuccino,2,11,22,Cash
TXN-10673,27/4/2026,20:14,Puncak Alam,Milk-based,Caramel Macchiato,1,13,13,QR
TXN-10659,27/4/2026,20:17,Puncak Alam,Espresso-based,Americano,3,9,27,Cash
TXN-10615,27/4/2026,20:19,Putrajaya,Ice Blended,Ice Blended Chocolate Chip,1,14,14,QR
TXN-10719,27/4/2026,20:28,Puncak Alam,Milk-based,Latte,2,11,22,QR
TXN-10660,27/4/2026,20:41,Puncak Alam,Espresso-based,Americano,1,9,9,QR
TXN-10665,27/4/2026,20:41,Puncak Alam,Espresso-based,Americano,1,9,9,QR
TXN-10677,27/4/2026,20:43,Puncak Alam,Ice Blended,Ice Blended Chocolate Chip,1,14,14,Cash
TXN-10687,27/4/2026,20:45,Puncak Alam,Espresso-based,Espresso,1,7,7,Cash
TXN-10701,27/4/2026,20:47,Puncak Alam,Milk-based,Cappuccino,1,11,11,QR
TXN-10641,27/4/2026,21:12,Putrajaya,Milk-based,Latte,3,11,33,Cash
TXN-10663,27/4/2026,21:12,Puncak Alam,Espresso-based,Americano,3,9,27,Cash
TXN-10700,27/4/2026,21:13,Puncak Alam,Milk-based,Mocha,2,12,24,Cash
TXN-10712,27/4/2026,21:14,Puncak Alam,Ice Blended,Ice Blended Chocolate Chip,1,14,14,QR
TXN-10703,27/4/2026,21:22,Puncak Alam,Milk-based,Latte,1,11,11,QR
TXN-10709,27/4/2026,21:22,Puncak Alam,Milk-based,Latte,1,11,11,QR
TXN-10710,27/4/2026,21:36,Puncak Alam,Espresso-based,Americano,3,9,27,QR
TXN-10622,27/4/2026,21:44,Putrajaya,Milk-based,Mocha,1,12,12,Cash
TXN-10716,27/4/2026,21:48,Puncak Alam,Milk-based,Cappuccino,2,11,22,QR
TXN-10717,27/4/2026,21:53,Puncak Alam,Ice Blended,Ice Blended Chocolate Chip,1,14,14,QR
TXN-10776,28/4/2026,8:19,Puncak Alam,Espresso-based,Americano,1,9,9,QR
TXN-10771,28/4/2026,8:34,Puncak Alam,Espresso-based,Americano,2,9,18,Cash
TXN-10765,28/4/2026,8:38,Puncak Alam,Milk-based,Cappuccino,1,11,11,Cash
TXN-10727,28/4/2026,8:45,Putrajaya,Espresso-based,Americano,1,9,9,QR
TXN-10774,28/4/2026,9:40,Puncak Alam,Ice Blended,Ice Blended Chocolate Chip,1,14,14,QR
TXN-10796,28/4/2026,9:45,Puncak Alam,Ice Blended,Ice Blended Chocolate Chip,3,14,42,QR
TXN-10755,28/4/2026,9:50,Putrajaya,Ice Blended,Ice Blended Chocolate Chip,2,14,28,QR
TXN-10750,28/4/2026,9:53,Putrajaya,Milk-based,Caramel Macchiato,2,13,26,Cash
TXN-10772,28/4/2026,9:56,Puncak Alam,Espresso-based,Americano,2,9,18,QR
TXN-10728,28/4/2026,9:58,Putrajaya,Milk-based,Latte,1,11,11,QR
TXN-10783,28/4/2026,10:09,Puncak Alam,Milk-based,Latte,1,11,11,QR
TXN-10731,28/4/2026,10:21,Putrajaya,Espresso-based,Espresso,1,7,7,QR
TXN-10780,28/4/2026,10:31,Puncak Alam,Espresso-based,Espresso,1,7,7,Cash
TXN-10747,28/4/2026,10:47,Putrajaya,Ice Blended,Ice Blended Chocolate Chip,1,14,14,QR
TXN-10768,28/4/2026,11:12,Puncak Alam,Milk-based,Caramel Macchiato,1,13,13,QR
TXN-10730,28/4/2026,11:18,Putrajaya,Milk-based,Caramel Macchiato,4,13,52,QR
TXN-10724,28/4/2026,11:20,Putrajaya,Milk-based,Caramel Macchiato,1,13,13,QR
TXN-10779,28/4/2026,11:25,Puncak Alam,Espresso-based,Espresso,2,7,14,QR
TXN-10753,28/4/2026,11:28,Putrajaya,Ice Blended,Ice Blended Chocolate Chip,1,14,14,Cash
TXN-10786,28/4/2026,11:31,Puncak Alam,Milk-based,Latte,2,11,22,QR
TXN-10756,28/4/2026,11:34,Putrajaya,Milk-based,Latte,1,11,11,Cash
TXN-10777,28/4/2026,11:38,Puncak Alam,Milk-based,Cappuccino,1,11,11,QR
TXN-10739,28/4/2026,11:48,Putrajaya,Milk-based,Mocha,3,12,36,QR
TXN-10795,28/4/2026,11:53,Puncak Alam,Espresso-based,Americano,1,9,9,Cash
TXN-10725,28/4/2026,12:02,Putrajaya,Milk-based,Cappuccino,1,11,11,QR
TXN-10793,28/4/2026,12:18,Puncak Alam,Milk-based,Latte,1,11,11,QR
TXN-10759,28/4/2026,12:38,Puncak Alam,Milk-based,Mocha,1,12,12,QR
TXN-10751,28/4/2026,12:51,Putrajaya,Milk-based,Latte,4,11,44,QR
TXN-10732,28/4/2026,13:02,Putrajaya,Milk-based,Latte,3,11,33,Cash
TXN-10785,28/4/2026,13:15,Puncak Alam,Milk-based,Mocha,1,12,12,Cash
TXN-10770,28/4/2026,13:24,Puncak Alam,Milk-based,Mocha,1,12,12,QR
TXN-10729,28/4/2026,13:29,Putrajaya,Milk-based,Mocha,1,12,12,Cash
TXN-10720,28/4/2026,13:58,Putrajaya,Milk-based,Cappuccino,3,11,33,QR
TXN-10763,28/4/2026,14:25,Puncak Alam,Ice Blended,Ice Blended Chocolate Chip,1,14,14,QR
TXN-10781,28/4/2026,14:25,Puncak Alam,Milk-based,Cappuccino,1,11,11,QR
TXN-10782,28/4/2026,14:42,Puncak Alam,Milk-based,Mocha,1,12,12,QR
TXN-10766,28/4/2026,15:06,Puncak Alam,Milk-based,Mocha,3,12,36,Cash
TXN-10737,28/4/2026,15:31,Putrajaya,Espresso-based,Espresso,3,7,21,Cash
TXN-10758,28/4/2026,15:58,Puncak Alam,Espresso-based,Espresso,2,7,14,Cash
TXN-10734,28/4/2026,16:03,Putrajaya,Espresso-based,Americano,1,9,9,QR
TXN-10733,28/4/2026,16:44,Putrajaya,Milk-based,Latte,1,11,11,QR
TXN-10790,28/4/2026,16:46,Puncak Alam,Ice Blended,Ice Blended Chocolate Chip,1,14,14,Cash
TXN-10723,28/4/2026,17:12,Putrajaya,Milk-based,Mocha,2,12,24,QR
TXN-10754,28/4/2026,17:20,Putrajaya,Milk-based,Mocha,1,12,12,Cash
TXN-10735,28/4/2026,17:45,Putrajaya,Milk-based,Latte,2,11,22,QR
TXN-10767,28/4/2026,17:45,Puncak Alam,Milk-based,Cappuccino,2,11,22,QR
TXN-10726,28/4/2026,17:47,Putrajaya,Milk-based,Mocha,4,12,48,QR
TXN-10788,28/4/2026,17:49,Puncak Alam,Ice Blended,Ice Blended Chocolate Chip,1,14,14,QR
TXN-10764,28/4/2026,18:01,Puncak Alam,Milk-based,Caramel Macchiato,1,13,13,QR
TXN-10736,28/4/2026,18:12,Putrajaya,Milk-based,Caramel Macchiato,1,13,13,QR
TXN-10752,28/4/2026,18:13,Putrajaya,Milk-based,Cappuccino,1,11,11,QR
TXN-10791,28/4/2026,18:18,Puncak Alam,Milk-based,Cappuccino,2,11,22,QR
TXN-10789,28/4/2026,18:19,Puncak Alam,Milk-based,Mocha,2,12,24,QR
TXN-10749,28/4/2026,18:22,Putrajaya,Ice Blended,Ice Blended Chocolate Chip,1,14,14,QR
TXN-10773,28/4/2026,18:25,Puncak Alam,Milk-based,Latte,4,11,44,QR
TXN-10721,28/4/2026,18:37,Putrajaya,Milk-based,Mocha,1,12,12,Cash
TXN-10740,28/4/2026,18:39,Putrajaya,Ice Blended,Ice Blended Chocolate Chip,1,14,14,QR
TXN-10748,28/4/2026,19:05,Putrajaya,Milk-based,Latte,1,11,11,QR
TXN-10778,28/4/2026,19:13,Puncak Alam,Espresso-based,Espresso,1,7,7,QR
TXN-10757,28/4/2026,19:22,Puncak Alam,Ice Blended,Ice Blended Chocolate Chip,1,14,14,QR
TXN-10769,28/4/2026,19:35,Puncak Alam,Milk-based,Latte,1,11,11,QR
TXN-10792,28/4/2026,19:41,Puncak Alam,Milk-based,Mocha,1,12,12,QR
TXN-10784,28/4/2026,19:43,Puncak Alam,Milk-based,Latte,1,11,11,QR
TXN-10741,28/4/2026,19:45,Putrajaya,Milk-based,Latte,1,11,11,Cash
TXN-10762,28/4/2026,20:04,Puncak Alam,Ice Blended,Ice Blended Chocolate Chip,1,14,14,QR
TXN-10722,28/4/2026,20:09,Putrajaya,Milk-based,Cappuccino,1,11,11,QR
TXN-10746,28/4/2026,20:15,Putrajaya,Espresso-based,Espresso,3,7,21,QR
TXN-10760,28/4/2026,20:20,Puncak Alam,Espresso-based,Americano,2,9,18,QR
TXN-10761,28/4/2026,20:23,Puncak Alam,Milk-based,Mocha,1,12,12,QR
TXN-10787,28/4/2026,20:33,Puncak Alam,Milk-based,Caramel Macchiato,2,13,26,Cash
TXN-10745,28/4/2026,20:38,Putrajaya,Espresso-based,Americano,2,9,18,QR
TXN-10775,28/4/2026,21:16,Puncak Alam,Milk-based,Latte,1,11,11,QR
TXN-10743,28/4/2026,21:34,Putrajaya,Espresso-based,Americano,1,9,9,Cash
TXN-10742,28/4/2026,21:45,Putrajaya,Ice Blended,Ice Blended Chocolate Chip,1,14,14,QR
TXN-10738,28/4/2026,21:50,Putrajaya,Milk-based,Latte,2,11,22,Cash
TXN-10744,28/4/2026,21:51,Putrajaya,Milk-based,Mocha,1,12,12,Cash
TXN-10794,28/4/2026,21:51,Puncak Alam,Milk-based,Caramel Macchiato,1,13,13,Cash
TXN-10864,29/4/2026,8:05,Puncak Alam,Espresso-based,Americano,1,9,9,QR
TXN-10830,29/4/2026,8:14,Putrajaya,Espresso-based,Espresso,2,7,14,Cash
TXN-10828,29/4/2026,8:30,Putrajaya,Milk-based,Latte,2,11,22,QR
TXN-10800,29/4/2026,8:43,Putrajaya,Ice Blended,Ice Blended Chocolate Chip,1,14,14,Cash
TXN-10883,29/4/2026,8:45,Puncak Alam,Espresso-based,Espresso,1,7,7,QR
TXN-10801,29/4/2026,8:49,Putrajaya,Milk-based,Latte,2,11,22,Cash
TXN-10838,29/4/2026,8:57,Putrajaya,Milk-based,Cappuccino,1,11,11,QR
TXN-10848,29/4/2026,9:09,Putrajaya,Milk-based,Mocha,2,12,24,Cash
TXN-10891,29/4/2026,9:14,Puncak Alam,Milk-based,Mocha,1,12,12,QR
TXN-10897,29/4/2026,9:16,Puncak Alam,Espresso-based,Americano,1,9,9,Cash
TXN-10855,29/4/2026,9:25,Puncak Alam,Ice Blended,Ice Blended Chocolate Chip,1,14,14,QR
TXN-10911,29/4/2026,9:40,Puncak Alam,Espresso-based,Espresso,1,7,7,QR
TXN-10857,29/4/2026,9:41,Puncak Alam,Milk-based,Mocha,2,12,24,QR
TXN-10818,29/4/2026,9:43,Putrajaya,Milk-based,Mocha,4,12,48,QR
TXN-10860,29/4/2026,9:46,Puncak Alam,Ice Blended,Ice Blended Chocolate Chip,1,14,14,QR
TXN-10886,29/4/2026,9:46,Puncak Alam,Milk-based,Cappuccino,2,11,22,Cash
TXN-10858,29/4/2026,9:53,Puncak Alam,Espresso-based,Americano,1,9,9,Cash
TXN-10869,29/4/2026,9:56,Puncak Alam,Ice Blended,Ice Blended Chocolate Chip,3,14,42,QR
TXN-10873,29/4/2026,10:01,Puncak Alam,Milk-based,Cappuccino,1,11,11,QR
TXN-10870,29/4/2026,10:04,Puncak Alam,Milk-based,Caramel Macchiato,2,13,26,QR
TXN-10805,29/4/2026,10:05,Putrajaya,Ice Blended,Ice Blended Chocolate Chip,1,14,14,Cash
TXN-10861,29/4/2026,10:13,Puncak Alam,Ice Blended,Ice Blended Chocolate Chip,1,14,14,QR
TXN-10816,29/4/2026,10:14,Putrajaya,Milk-based,Caramel Macchiato,1,13,13,Cash
TXN-10827,29/4/2026,10:15,Putrajaya,Milk-based,Cappuccino,3,11,33,Cash
TXN-10908,29/4/2026,10:20,Puncak Alam,Espresso-based,Espresso,1,7,7,QR
TXN-10852,29/4/2026,10:33,Puncak Alam,Espresso-based,Espresso,1,7,7,QR
TXN-10898,29/4/2026,10:54,Puncak Alam,Milk-based,Cappuccino,2,11,22,QR
TXN-10802,29/4/2026,10:55,Putrajaya,Milk-based,Mocha,1,12,12,QR
TXN-10913,29/4/2026,10:56,Puncak Alam,Milk-based,Latte,2,11,22,Cash
TXN-10889,29/4/2026,11:23,Puncak Alam,Ice Blended,Ice Blended Chocolate Chip,1,14,14,QR
TXN-10819,29/4/2026,11:25,Putrajaya,Espresso-based,Americano,4,9,36,QR
TXN-10876,29/4/2026,11:30,Puncak Alam,Milk-based,Caramel Macchiato,1,13,13,QR
TXN-10868,29/4/2026,11:31,Puncak Alam,Milk-based,Cappuccino,1,11,11,Cash
TXN-10879,29/4/2026,11:37,Puncak Alam,Milk-based,Latte,1,11,11,QR
TXN-10809,29/4/2026,11:58,Putrajaya,Espresso-based,Espresso,3,7,21,QR
TXN-10831,29/4/2026,12:16,Putrajaya,Milk-based,Cappuccino,1,11,11,Cash
TXN-10885,29/4/2026,12:42,Puncak Alam,Ice Blended,Ice Blended Chocolate Chip,1,14,14,Cash
TXN-10846,29/4/2026,12:43,Putrajaya,Espresso-based,Espresso,3,7,21,QR
TXN-10915,29/4/2026,12:56,Puncak Alam,Milk-based,Mocha,1,12,12,QR
TXN-10894,29/4/2026,13:02,Puncak Alam,Milk-based,Caramel Macchiato,1,13,13,QR
TXN-10813,29/4/2026,13:03,Putrajaya,Espresso-based,Espresso,1,7,7,Cash
TXN-10910,29/4/2026,13:14,Puncak Alam,Espresso-based,Americano,2,9,18,QR
TXN-10904,29/4/2026,13:27,Puncak Alam,Ice Blended,Ice Blended Chocolate Chip,2,14,28,QR
TXN-10874,29/4/2026,13:56,Puncak Alam,Milk-based,Latte,1,11,11,Cash
TXN-10811,29/4/2026,13:58,Putrajaya,Ice Blended,Ice Blended Chocolate Chip,1,14,14,Cash
TXN-10824,29/4/2026,14:05,Putrajaya,Milk-based,Latte,2,11,22,QR
TXN-10914,29/4/2026,14:05,Puncak Alam,Ice Blended,Ice Blended Chocolate Chip,2,14,28,QR
TXN-10906,29/4/2026,14:24,Puncak Alam,Espresso-based,Americano,3,9,27,QR
TXN-10822,29/4/2026,14:28,Putrajaya,Milk-based,Latte,1,11,11,QR
TXN-10825,29/4/2026,14:34,Putrajaya,Espresso-based,Espresso,1,7,7,QR
TXN-10871,29/4/2026,14:37,Puncak Alam,Milk-based,Cappuccino,1,11,11,Cash
TXN-10821,29/4/2026,14:39,Putrajaya,Espresso-based,Espresso,1,7,7,Cash
TXN-10901,29/4/2026,14:50,Puncak Alam,Espresso-based,Espresso,2,7,14,QR
TXN-10837,29/4/2026,14:54,Putrajaya,Milk-based,Cappuccino,1,11,11,QR
TXN-10833,29/4/2026,15:14,Putrajaya,Milk-based,Caramel Macchiato,2,13,26,QR
TXN-10841,29/4/2026,15:15,Putrajaya,Milk-based,Cappuccino,1,11,11,QR
TXN-10817,29/4/2026,15:20,Putrajaya,Espresso-based,Americano,1,9,9,QR
TXN-10797,29/4/2026,15:25,Putrajaya,Milk-based,Cappuccino,1,11,11,QR
TXN-10823,29/4/2026,15:29,Putrajaya,Espresso-based,Espresso,2,7,14,Cash
TXN-10807,29/4/2026,15:39,Putrajaya,Espresso-based,Espresso,2,7,14,QR
TXN-10866,29/4/2026,15:39,Puncak Alam,Milk-based,Caramel Macchiato,2,13,26,Cash
TXN-10799,29/4/2026,15:44,Putrajaya,Milk-based,Mocha,1,12,12,QR
TXN-10888,29/4/2026,15:46,Puncak Alam,Milk-based,Latte,1,11,11,QR
TXN-10877,29/4/2026,16:05,Puncak Alam,Milk-based,Caramel Macchiato,1,13,13,QR
TXN-10849,29/4/2026,16:13,Putrajaya,Milk-based,Mocha,1,12,12,QR
TXN-10895,29/4/2026,16:17,Puncak Alam,Espresso-based,Espresso,1,7,7,QR
TXN-10834,29/4/2026,16:21,Putrajaya,Espresso-based,Americano,3,9,27,QR
TXN-10875,29/4/2026,16:27,Puncak Alam,Milk-based,Caramel Macchiato,1,13,13,Cash
TXN-10844,29/4/2026,16:34,Putrajaya,Milk-based,Cappuccino,3,11,33,QR
TXN-10832,29/4/2026,16:37,Putrajaya,Milk-based,Latte,1,11,11,QR
TXN-10862,29/4/2026,16:48,Puncak Alam,Milk-based,Latte,1,11,11,QR
TXN-10890,29/4/2026,16:49,Puncak Alam,Milk-based,Cappuccino,1,11,11,QR
TXN-10905,29/4/2026,17:12,Puncak Alam,Milk-based,Cappuccino,2,11,22,QR
TXN-10887,29/4/2026,17:14,Puncak Alam,Ice Blended,Ice Blended Chocolate Chip,1,14,14,QR
TXN-10798,29/4/2026,17:41,Putrajaya,Milk-based,Latte,3,11,33,QR
TXN-10851,29/4/2026,17:41,Puncak Alam,Milk-based,Mocha,1,12,12,QR
TXN-10854,29/4/2026,17:46,Puncak Alam,Milk-based,Caramel Macchiato,1,13,13,QR
TXN-10878,29/4/2026,18:07,Puncak Alam,Milk-based,Mocha,1,12,12,QR
TXN-10896,29/4/2026,18:07,Puncak Alam,Milk-based,Caramel Macchiato,3,13,39,Cash
TXN-10808,29/4/2026,18:08,Putrajaya,Milk-based,Cappuccino,2,11,22,QR
TXN-10812,29/4/2026,18:08,Putrajaya,Milk-based,Mocha,1,12,12,Cash
TXN-10884,29/4/2026,18:08,Puncak Alam,Milk-based,Caramel Macchiato,1,13,13,QR
TXN-10836,29/4/2026,18:21,Putrajaya,Milk-based,Cappuccino,1,11,11,QR
TXN-10902,29/4/2026,18:22,Puncak Alam,Milk-based,Latte,1,11,11,Cash
TXN-10909,29/4/2026,18:27,Puncak Alam,Milk-based,Caramel Macchiato,2,13,26,QR
TXN-10882,29/4/2026,18:29,Puncak Alam,Espresso-based,Americano,1,9,9,QR
TXN-10899,29/4/2026,18:36,Puncak Alam,Ice Blended,Ice Blended Chocolate Chip,1,14,14,QR
TXN-10892,29/4/2026,18:37,Puncak Alam,Espresso-based,Espresso,2,7,14,QR
TXN-10867,29/4/2026,18:45,Puncak Alam,Espresso-based,Americano,1,9,9,QR
TXN-10803,29/4/2026,18:46,Putrajaya,Milk-based,Cappuccino,1,11,11,QR
TXN-10880,29/4/2026,18:54,Puncak Alam,Espresso-based,Espresso,2,7,14,QR
TXN-10806,29/4/2026,18:56,Putrajaya,Espresso-based,Americano,2,9,18,Cash
TXN-10826,29/4/2026,18:57,Putrajaya,Milk-based,Latte,1,11,11,Cash
TXN-10900,29/4/2026,18:58,Puncak Alam,Espresso-based,Espresso,2,7,14,QR
TXN-10893,29/4/2026,19:04,Puncak Alam,Ice Blended,Ice Blended Chocolate Chip,1,14,14,QR
TXN-10814,29/4/2026,19:26,Putrajaya,Espresso-based,Americano,2,9,18,QR
TXN-10842,29/4/2026,19:28,Putrajaya,Milk-based,Latte,1,11,11,QR
TXN-10810,29/4/2026,19:43,Putrajaya,Ice Blended,Ice Blended Chocolate Chip,1,14,14,QR
TXN-10839,29/4/2026,19:43,Putrajaya,Espresso-based,Americano,1,9,9,QR
TXN-10845,29/4/2026,19:43,Putrajaya,Ice Blended,Ice Blended Chocolate Chip,1,14,14,QR
TXN-10859,29/4/2026,19:51,Puncak Alam,Espresso-based,Americano,1,9,9,QR
TXN-10820,29/4/2026,19:59,Putrajaya,Espresso-based,Americano,1,9,9,Cash
TXN-10815,29/4/2026,20:09,Putrajaya,Espresso-based,Americano,1,9,9,QR
TXN-10840,29/4/2026,20:10,Putrajaya,Milk-based,Latte,1,11,11,QR
TXN-10865,29/4/2026,20:11,Puncak Alam,Espresso-based,Americano,1,9,9,QR
TXN-10856,29/4/2026,20:18,Puncak Alam,Milk-based,Mocha,1,12,12,QR
TXN-10829,29/4/2026,20:23,Putrajaya,Milk-based,Cappuccino,2,11,22,QR
TXN-10835,29/4/2026,20:45,Putrajaya,Ice Blended,Ice Blended Chocolate Chip,1,14,14,Cash
TXN-10863,29/4/2026,20:48,Puncak Alam,Ice Blended,Ice Blended Chocolate Chip,1,14,14,QR
TXN-10850,29/4/2026,20:50,Puncak Alam,Milk-based,Cappuccino,2,11,22,Cash
TXN-10872,29/4/2026,20:58,Puncak Alam,Milk-based,Cappuccino,1,11,11,QR
TXN-10903,29/4/2026,20:58,Puncak Alam,Milk-based,Cappuccino,1,11,11,Cash
TXN-10881,29/4/2026,21:03,Puncak Alam,Milk-based,Cappuccino,2,11,22,QR
TXN-10847,29/4/2026,21:07,Putrajaya,Ice Blended,Ice Blended Chocolate Chip,1,14,14,QR
TXN-10843,29/4/2026,21:21,Putrajaya,Milk-based,Cappuccino,1,11,11,Cash
TXN-10912,29/4/2026,21:24,Puncak Alam,Milk-based,Caramel Macchiato,2,13,26,QR
TXN-10907,29/4/2026,21:30,Puncak Alam,Espresso-based,Americano,1,9,9,Cash
TXN-10804,29/4/2026,21:32,Putrajaya,Milk-based,Caramel Macchiato,2,13,26,Cash
TXN-10853,29/4/2026,21:54,Puncak Alam,Espresso-based,Americano,1,9,9,Cash
TXN-11013,30/4/2026,8:02,Puncak Alam,Espresso-based,Americano,4,9,36,QR
TXN-10939,30/4/2026,8:06,Putrajaya,Espresso-based,Americano,1,9,9,QR
TXN-11008,30/4/2026,8:09,Puncak Alam,Espresso-based,Americano,2,9,18,QR
TXN-11043,30/4/2026,8:12,Puncak Alam,Espresso-based,Americano,1,9,9,QR
TXN-10929,30/4/2026,8:18,Putrajaya,Espresso-based,Americano,2,9,18,QR
TXN-11014,30/4/2026,8:19,Puncak Alam,Espresso-based,Espresso,1,7,7,QR
TXN-10989,30/4/2026,8:23,Puncak Alam,Espresso-based,Espresso,1,7,7,QR
TXN-10940,30/4/2026,8:44,Putrajaya,Milk-based,Mocha,1,12,12,QR
TXN-10932,30/4/2026,8:45,Putrajaya,Espresso-based,Espresso,1,7,7,Cash
TXN-10979,30/4/2026,8:45,Putrajaya,Milk-based,Latte,1,11,11,Cash
TXN-10975,30/4/2026,8:46,Putrajaya,Espresso-based,Americano,1,9,9,QR
TXN-10935,30/4/2026,8:48,Putrajaya,Espresso-based,Americano,1,9,9,QR
TXN-10941,30/4/2026,8:56,Putrajaya,Espresso-based,Espresso,1,7,7,QR
TXN-11007,30/4/2026,9:03,Puncak Alam,Milk-based,Mocha,1,12,12,QR
TXN-10920,30/4/2026,9:17,Putrajaya,Espresso-based,Americano,1,9,9,QR
TXN-10926,30/4/2026,9:21,Putrajaya,Milk-based,Cappuccino,1,11,11,QR
TXN-11002,30/4/2026,9:25,Puncak Alam,Milk-based,Cappuccino,2,11,22,QR
TXN-10950,30/4/2026,9:29,Putrajaya,Milk-based,Latte,1,11,11,QR
TXN-11009,30/4/2026,9:31,Puncak Alam,Espresso-based,Espresso,1,7,7,Cash
TXN-10933,30/4/2026,9:34,Putrajaya,Espresso-based,Espresso,1,7,7,QR
TXN-10944,30/4/2026,9:53,Putrajaya,Milk-based,Cappuccino,1,11,11,Cash
TXN-11035,30/4/2026,9:57,Puncak Alam,Milk-based,Cappuccino,1,11,11,Cash
TXN-11022,30/4/2026,10:33,Puncak Alam,Milk-based,Latte,1,11,11,QR
TXN-11027,30/4/2026,10:35,Puncak Alam,Milk-based,Mocha,1,12,12,QR
TXN-10956,30/4/2026,10:59,Putrajaya,Ice Blended,Ice Blended Chocolate Chip,3,14,42,QR
TXN-10921,30/4/2026,11:12,Putrajaya,Milk-based,Latte,1,11,11,Cash
TXN-11032,30/4/2026,11:12,Puncak Alam,Espresso-based,Espresso,3,7,21,QR
TXN-11038,30/4/2026,11:21,Puncak Alam,Ice Blended,Ice Blended Chocolate Chip,1,14,14,Cash
TXN-10991,30/4/2026,11:30,Puncak Alam,Espresso-based,Espresso,1,7,7,Cash
TXN-11036,30/4/2026,11:36,Puncak Alam,Milk-based,Caramel Macchiato,1,13,13,QR
TXN-11018,30/4/2026,11:40,Puncak Alam,Espresso-based,Americano,1,9,9,Cash
TXN-10995,30/4/2026,11:43,Puncak Alam,Milk-based,Cappuccino,3,11,33,QR
TXN-10972,30/4/2026,11:46,Putrajaya,Espresso-based,Americano,1,9,9,Cash
TXN-10968,30/4/2026,11:55,Putrajaya,Ice Blended,Ice Blended Chocolate Chip,3,14,42,QR
TXN-11003,30/4/2026,11:58,Puncak Alam,Milk-based,Mocha,1,12,12,QR
TXN-10927,30/4/2026,11:59,Putrajaya,Espresso-based,Espresso,1,7,7,QR
TXN-11016,30/4/2026,12:30,Puncak Alam,Milk-based,Cappuccino,2,11,22,QR
TXN-10973,30/4/2026,12:34,Putrajaya,Milk-based,Latte,1,11,11,QR
TXN-10960,30/4/2026,12:44,Putrajaya,Milk-based,Latte,1,11,11,QR
TXN-10959,30/4/2026,12:45,Putrajaya,Milk-based,Latte,1,11,11,QR
TXN-10931,30/4/2026,12:49,Putrajaya,Milk-based,Latte,1,11,11,Cash
TXN-10996,30/4/2026,12:59,Puncak Alam,Milk-based,Cappuccino,1,11,11,QR
TXN-10948,30/4/2026,13:01,Putrajaya,Espresso-based,Espresso,2,7,14,QR
TXN-10974,30/4/2026,13:10,Putrajaya,Milk-based,Mocha,1,12,12,Cash
TXN-10943,30/4/2026,13:20,Putrajaya,Milk-based,Mocha,2,12,24,Cash
TXN-11042,30/4/2026,13:22,Puncak Alam,Espresso-based,Espresso,2,7,14,QR
TXN-10955,30/4/2026,13:24,Putrajaya,Espresso-based,Americano,4,9,36,QR
TXN-10947,30/4/2026,13:44,Putrajaya,Ice Blended,Ice Blended Chocolate Chip,1,14,14,Cash
TXN-11010,30/4/2026,13:44,Puncak Alam,Milk-based,Latte,2,11,22,QR
TXN-11025,30/4/2026,13:56,Puncak Alam,Espresso-based,Espresso,1,7,7,QR
TXN-11017,30/4/2026,14:00,Puncak Alam,Espresso-based,Americano,1,9,9,QR
TXN-11029,30/4/2026,14:04,Puncak Alam,Espresso-based,Espresso,2,7,14,QR
TXN-10987,30/4/2026,14:08,Puncak Alam,Ice Blended,Ice Blended Chocolate Chip,2,14,28,Cash
TXN-10918,30/4/2026,14:16,Putrajaya,Milk-based,Mocha,3,12,36,Cash
TXN-10952,30/4/2026,14:32,Putrajaya,Milk-based,Cappuccino,1,11,11,Cash
TXN-10998,30/4/2026,14:42,Puncak Alam,Espresso-based,Espresso,1,7,7,QR
TXN-11000,30/4/2026,14:45,Puncak Alam,Milk-based,Latte,1,11,11,Cash
TXN-10961,30/4/2026,14:47,Putrajaya,Ice Blended,Ice Blended Chocolate Chip,1,14,14,QR
TXN-10983,30/4/2026,14:53,Puncak Alam,Milk-based,Mocha,1,12,12,QR
TXN-11033,30/4/2026,14:54,Puncak Alam,Milk-based,Caramel Macchiato,1,13,13,Cash
TXN-11030,30/4/2026,15:12,Puncak Alam,Espresso-based,Espresso,2,7,14,Cash
TXN-10934,30/4/2026,15:34,Putrajaya,Milk-based,Mocha,3,12,36,QR
TXN-10951,30/4/2026,15:37,Putrajaya,Ice Blended,Ice Blended Chocolate Chip,1,14,14,QR
TXN-11026,30/4/2026,15:40,Puncak Alam,Milk-based,Cappuccino,2,11,22,Cash
TXN-10958,30/4/2026,15:46,Putrajaya,Espresso-based,Americano,1,9,9,QR
TXN-11005,30/4/2026,15:48,Puncak Alam,Espresso-based,Espresso,2,7,14,Cash
TXN-11006,30/4/2026,15:48,Puncak Alam,Espresso-based,Espresso,1,7,7,QR
TXN-10986,30/4/2026,15:49,Puncak Alam,Ice Blended,Ice Blended Chocolate Chip,1,14,14,Cash
TXN-10945,30/4/2026,15:52,Putrajaya,Milk-based,Mocha,2,12,24,Cash
TXN-11037,30/4/2026,16:06,Puncak Alam,Milk-based,Cappuccino,1,11,11,QR
TXN-10984,30/4/2026,16:21,Puncak Alam,Milk-based,Mocha,1,12,12,QR
TXN-11034,30/4/2026,16:21,Puncak Alam,Milk-based,Cappuccino,3,11,33,QR
TXN-10994,30/4/2026,16:22,Puncak Alam,Ice Blended,Ice Blended Chocolate Chip,2,14,28,QR
TXN-10977,30/4/2026,16:32,Putrajaya,Milk-based,Latte,1,11,11,Cash
TXN-10936,30/4/2026,16:48,Putrajaya,Ice Blended,Ice Blended Chocolate Chip,1,14,14,QR
TXN-10963,30/4/2026,16:48,Putrajaya,Ice Blended,Ice Blended Chocolate Chip,1,14,14,QR
TXN-10930,30/4/2026,17:06,Putrajaya,Espresso-based,Espresso,1,7,7,QR
TXN-11028,30/4/2026,17:06,Puncak Alam,Milk-based,Latte,1,11,11,QR
TXN-10999,30/4/2026,17:08,Puncak Alam,Milk-based,Latte,1,11,11,QR
TXN-11031,30/4/2026,17:13,Puncak Alam,Ice Blended,Ice Blended Chocolate Chip,1,14,14,Cash
TXN-10990,30/4/2026,17:19,Puncak Alam,Espresso-based,Americano,1,9,9,QR
TXN-11019,30/4/2026,17:20,Puncak Alam,Milk-based,Caramel Macchiato,1,13,13,QR
TXN-10970,30/4/2026,17:25,Putrajaya,Milk-based,Latte,2,11,22,Cash
TXN-11041,30/4/2026,17:31,Puncak Alam,Milk-based,Cappuccino,1,11,11,Cash
TXN-11011,30/4/2026,17:39,Puncak Alam,Milk-based,Mocha,1,12,12,QR
TXN-11023,30/4/2026,17:45,Puncak Alam,Milk-based,Mocha,1,12,12,QR
TXN-10993,30/4/2026,17:47,Puncak Alam,Espresso-based,Espresso,3,7,21,QR
TXN-10980,30/4/2026,17:56,Putrajaya,Milk-based,Mocha,1,12,12,QR
TXN-11020,30/4/2026,17:58,Puncak Alam,Espresso-based,Americano,1,9,9,QR
TXN-10971,30/4/2026,18:00,Putrajaya,Espresso-based,Americano,2,9,18,Cash
TXN-10938,30/4/2026,18:04,Putrajaya,Espresso-based,Espresso,2,7,14,Cash
TXN-10988,30/4/2026,18:13,Puncak Alam,Milk-based,Latte,1,11,11,QR
TXN-10919,30/4/2026,18:15,Putrajaya,Milk-based,Caramel Macchiato,2,13,26,Cash
TXN-10953,30/4/2026,18:27,Putrajaya,Espresso-based,Americano,1,9,9,Cash
TXN-11024,30/4/2026,18:28,Puncak Alam,Milk-based,Cappuccino,1,11,11,Cash
TXN-10967,30/4/2026,18:33,Putrajaya,Milk-based,Caramel Macchiato,1,13,13,QR
TXN-10928,30/4/2026,18:34,Putrajaya,Milk-based,Caramel Macchiato,1,13,13,QR
TXN-10966,30/4/2026,18:35,Putrajaya,Milk-based,Caramel Macchiato,1,13,13,Cash
TXN-11021,30/4/2026,18:35,Puncak Alam,Milk-based,Mocha,1,12,12,QR
TXN-10916,30/4/2026,18:36,Putrajaya,Milk-based,Latte,3,11,33,QR
TXN-11040,30/4/2026,18:39,Puncak Alam,Espresso-based,Americano,1,9,9,Cash
TXN-11001,30/4/2026,18:51,Puncak Alam,Milk-based,Cappuccino,1,11,11,Cash
TXN-10922,30/4/2026,18:55,Putrajaya,Milk-based,Latte,1,11,11,QR
TXN-10954,30/4/2026,19:06,Putrajaya,Milk-based,Latte,3,11,33,QR
TXN-10965,30/4/2026,19:06,Putrajaya,Milk-based,Cappuccino,1,11,11,QR
TXN-10978,30/4/2026,19:31,Putrajaya,Milk-based,Mocha,2,12,24,QR
TXN-10957,30/4/2026,19:32,Putrajaya,Milk-based,Mocha,1,12,12,QR
TXN-10981,30/4/2026,19:41,Putrajaya,Milk-based,Latte,1,11,11,Cash
TXN-10985,30/4/2026,20:12,Puncak Alam,Milk-based,Caramel Macchiato,1,13,13,Cash
TXN-10946,30/4/2026,20:15,Putrajaya,Milk-based,Cappuccino,2,11,22,QR
TXN-11012,30/4/2026,20:16,Puncak Alam,Milk-based,Caramel Macchiato,1,13,13,QR
TXN-10937,30/4/2026,20:17,Putrajaya,Espresso-based,Americano,1,9,9,QR
TXN-10976,30/4/2026,20:17,Putrajaya,Milk-based,Caramel Macchiato,2,13,26,Cash
TXN-10917,30/4/2026,20:22,Putrajaya,Espresso-based,Americano,1,9,9,QR
TXN-10997,30/4/2026,20:37,Puncak Alam,Milk-based,Mocha,1,12,12,QR
TXN-10982,30/4/2026,20:38,Putrajaya,Espresso-based,Espresso,2,7,14,QR
TXN-10942,30/4/2026,20:57,Putrajaya,Milk-based,Caramel Macchiato,1,13,13,QR
TXN-10992,30/4/2026,20:57,Puncak Alam,Milk-based,Latte,2,11,22,QR
TXN-10923,30/4/2026,20:59,Putrajaya,Milk-based,Latte,1,11,11,QR
TXN-10964,30/4/2026,21:00,Putrajaya,Espresso-based,Espresso,1,7,7,Cash
TXN-10949,30/4/2026,21:06,Putrajaya,Ice Blended,Ice Blended Chocolate Chip,1,14,14,QR
TXN-11039,30/4/2026,21:26,Puncak Alam,Espresso-based,Espresso,1,7,7,QR
TXN-10924,30/4/2026,21:36,Putrajaya,Milk-based,Latte,2,11,22,QR
TXN-11004,30/4/2026,21:40,Puncak Alam,Espresso-based,Americano,3,9,27,QR
TXN-11015,30/4/2026,21:42,Puncak Alam,Espresso-based,Espresso,3,7,21,Cash
TXN-10925,30/4/2026,21:43,Putrajaya,Milk-based,Cappuccino,1,11,11,QR
TXN-10962,30/4/2026,21:47,Putrajaya,Ice Blended,Ice Blended Chocolate Chip,1,14,14,QR
TXN-10969,30/4/2026,21:54,Putrajaya,Milk-based,Caramel Macchiato,2,13,26,QR
TXN-11112,1/5/2026,8:03,Putrajaya,Milk-based,Mocha,1,12,12,QR
TXN-11127,1/5/2026,8:19,Puncak Alam,Espresso-based,Espresso,3,7,21,QR
TXN-11126,1/5/2026,8:43,Puncak Alam,Milk-based,Latte,1,11,11,QR
TXN-11120,1/5/2026,8:50,Puncak Alam,Espresso-based,Americano,1,9,9,QR
TXN-11053,1/5/2026,9:27,Putrajaya,Milk-based,Latte,2,11,22,QR
TXN-11078,1/5/2026,9:29,Putrajaya,Espresso-based,Americano,1,9,9,Cash
TXN-11055,1/5/2026,9:49,Putrajaya,Milk-based,Latte,1,11,11,Cash
TXN-11136,1/5/2026,9:53,Puncak Alam,Ice Blended,Ice Blended Chocolate Chip,1,14,14,Cash
TXN-11093,1/5/2026,9:59,Putrajaya,Espresso-based,Americano,1,9,9,Cash
TXN-11143,1/5/2026,10:08,Puncak Alam,Milk-based,Caramel Macchiato,1,13,13,Cash
TXN-11111,1/5/2026,10:26,Putrajaya,Milk-based,Caramel Macchiato,1,13,13,QR
TXN-11092,1/5/2026,10:29,Putrajaya,Milk-based,Caramel Macchiato,1,13,13,QR
TXN-11129,1/5/2026,10:30,Puncak Alam,Milk-based,Mocha,3,12,36,Cash
TXN-11133,1/5/2026,10:48,Puncak Alam,Milk-based,Latte,1,11,11,QR
TXN-11108,1/5/2026,11:04,Putrajaya,Milk-based,Cappuccino,1,11,11,QR
TXN-11123,1/5/2026,11:06,Puncak Alam,Milk-based,Latte,1,11,11,QR
TXN-11119,1/5/2026,11:07,Puncak Alam,Milk-based,Mocha,1,12,12,QR
TXN-11086,1/5/2026,11:08,Putrajaya,Espresso-based,Espresso,1,7,7,QR
TXN-11044,1/5/2026,11:09,Putrajaya,Milk-based,Caramel Macchiato,1,13,13,QR
TXN-11059,1/5/2026,11:12,Putrajaya,Espresso-based,Americano,2,9,18,QR
TXN-11058,1/5/2026,11:16,Putrajaya,Milk-based,Caramel Macchiato,1,13,13,Cash
TXN-11054,1/5/2026,11:22,Putrajaya,Espresso-based,Espresso,4,7,28,Cash
TXN-11062,1/5/2026,11:48,Putrajaya,Espresso-based,Espresso,2,7,14,QR
TXN-11080,1/5/2026,11:48,Putrajaya,Milk-based,Latte,3,11,33,QR
TXN-11063,1/5/2026,11:55,Putrajaya,Espresso-based,Americano,1,9,9,Cash
TXN-11097,1/5/2026,12:21,Putrajaya,Espresso-based,Americano,1,9,9,QR
TXN-11088,1/5/2026,12:24,Putrajaya,Milk-based,Cappuccino,1,11,11,QR
TXN-11047,1/5/2026,12:30,Putrajaya,Espresso-based,Espresso,1,7,7,QR
TXN-11051,1/5/2026,12:37,Putrajaya,Milk-based,Cappuccino,1,11,11,QR
TXN-11065,1/5/2026,12:56,Putrajaya,Milk-based,Cappuccino,2,11,22,Cash
TXN-11134,1/5/2026,13:04,Puncak Alam,Espresso-based,Americano,3,9,27,Cash
TXN-11153,1/5/2026,13:13,Puncak Alam,Ice Blended,Ice Blended Chocolate Chip,3,14,42,QR
TXN-11149,1/5/2026,13:15,Puncak Alam,Milk-based,Cappuccino,1,11,11,QR
TXN-11090,1/5/2026,13:24,Putrajaya,Milk-based,Latte,1,11,11,QR
TXN-11085,1/5/2026,13:42,Putrajaya,Espresso-based,Espresso,1,7,7,QR
TXN-11094,1/5/2026,13:47,Putrajaya,Milk-based,Mocha,1,12,12,QR
TXN-11045,1/5/2026,13:49,Putrajaya,Milk-based,Latte,2,11,22,Cash
TXN-11110,1/5/2026,13:56,Putrajaya,Milk-based,Mocha,1,12,12,QR
TXN-11050,1/5/2026,13:58,Putrajaya,Ice Blended,Ice Blended Chocolate Chip,1,14,14,Cash
TXN-11105,1/5/2026,14:01,Putrajaya,Espresso-based,Americano,1,9,9,QR
TXN-11103,1/5/2026,14:05,Putrajaya,Milk-based,Caramel Macchiato,2,13,26,QR
TXN-11124,1/5/2026,14:05,Puncak Alam,Milk-based,Cappuccino,4,11,44,Cash
TXN-11131,1/5/2026,14:06,Puncak Alam,Milk-based,Caramel Macchiato,2,13,26,QR
TXN-11075,1/5/2026,14:19,Putrajaya,Milk-based,Mocha,2,12,24,QR
TXN-11083,1/5/2026,14:51,Putrajaya,Ice Blended,Ice Blended Chocolate Chip,1,14,14,Cash
TXN-11091,1/5/2026,15:02,Putrajaya,Espresso-based,Americano,1,9,9,QR
TXN-11122,1/5/2026,15:06,Puncak Alam,Milk-based,Latte,1,11,11,QR
TXN-11107,1/5/2026,15:23,Putrajaya,Milk-based,Cappuccino,1,11,11,Cash
TXN-11056,1/5/2026,15:27,Putrajaya,Milk-based,Mocha,1,12,12,Cash
TXN-11046,1/5/2026,15:32,Putrajaya,Milk-based,Caramel Macchiato,1,13,13,QR
TXN-11074,1/5/2026,15:32,Putrajaya,Espresso-based,Espresso,2,7,14,QR
TXN-11113,1/5/2026,15:37,Putrajaya,Milk-based,Caramel Macchiato,2,13,26,QR
TXN-11137,1/5/2026,15:40,Puncak Alam,Espresso-based,Americano,1,9,9,Cash
TXN-11130,1/5/2026,15:49,Puncak Alam,Espresso-based,Espresso,1,7,7,Cash
TXN-11099,1/5/2026,15:50,Putrajaya,Espresso-based,Americano,4,9,36,QR
TXN-11068,1/5/2026,16:03,Putrajaya,Milk-based,Mocha,1,12,12,QR
TXN-11116,1/5/2026,16:08,Puncak Alam,Milk-based,Caramel Macchiato,1,13,13,QR
TXN-11067,1/5/2026,16:10,Putrajaya,Ice Blended,Ice Blended Chocolate Chip,1,14,14,QR
TXN-11061,1/5/2026,16:16,Putrajaya,Espresso-based,Espresso,3,7,21,QR
TXN-11118,1/5/2026,16:19,Puncak Alam,Espresso-based,Americano,2,9,18,Cash
TXN-11076,1/5/2026,16:21,Putrajaya,Milk-based,Mocha,1,12,12,QR
TXN-11066,1/5/2026,16:22,Putrajaya,Espresso-based,Americano,1,9,9,QR
TXN-11071,1/5/2026,16:38,Putrajaya,Ice Blended,Ice Blended Chocolate Chip,4,14,56,QR
TXN-11141,1/5/2026,16:40,Puncak Alam,Milk-based,Mocha,1,12,12,Cash
TXN-11145,1/5/2026,16:44,Puncak Alam,Espresso-based,Espresso,1,7,7,Cash
TXN-11142,1/5/2026,16:46,Puncak Alam,Milk-based,Latte,1,11,11,Cash
TXN-11114,1/5/2026,17:08,Putrajaya,Milk-based,Mocha,1,12,12,QR
TXN-11070,1/5/2026,17:12,Putrajaya,Espresso-based,Espresso,2,7,14,QR
TXN-11098,1/5/2026,17:14,Putrajaya,Espresso-based,Espresso,1,7,7,QR
TXN-11128,1/5/2026,17:19,Puncak Alam,Milk-based,Mocha,1,12,12,QR
TXN-11144,1/5/2026,17:19,Puncak Alam,Milk-based,Mocha,1,12,12,Cash
TXN-11096,1/5/2026,17:20,Putrajaya,Espresso-based,Espresso,2,7,14,QR
TXN-11057,1/5/2026,17:30,Putrajaya,Espresso-based,Espresso,1,7,7,QR
TXN-11106,1/5/2026,17:35,Putrajaya,Milk-based,Latte,2,11,22,Cash
TXN-11138,1/5/2026,17:37,Puncak Alam,Espresso-based,Espresso,1,7,7,QR
TXN-11117,1/5/2026,17:42,Puncak Alam,Espresso-based,Espresso,1,7,7,Cash
TXN-11064,1/5/2026,17:54,Putrajaya,Milk-based,Latte,1,11,11,Cash
TXN-11100,1/5/2026,17:54,Putrajaya,Milk-based,Mocha,1,12,12,Cash
TXN-11052,1/5/2026,17:59,Putrajaya,Milk-based,Caramel Macchiato,1,13,13,Cash
TXN-11125,1/5/2026,18:03,Puncak Alam,Espresso-based,Espresso,1,7,7,QR
TXN-11139,1/5/2026,18:31,Puncak Alam,Ice Blended,Ice Blended Chocolate Chip,1,14,14,Cash
TXN-11089,1/5/2026,18:33,Putrajaya,Milk-based,Caramel Macchiato,1,13,13,QR
TXN-11109,1/5/2026,18:44,Putrajaya,Milk-based,Latte,1,11,11,Cash
TXN-11072,1/5/2026,19:19,Putrajaya,Milk-based,Cappuccino,2,11,22,QR
TXN-11073,1/5/2026,19:21,Putrajaya,Milk-based,Mocha,1,12,12,QR
TXN-11152,1/5/2026,19:33,Puncak Alam,Milk-based,Latte,2,11,22,Cash
TXN-11146,1/5/2026,19:42,Puncak Alam,Espresso-based,Americano,2,9,18,Cash
TXN-11082,1/5/2026,19:45,Putrajaya,Milk-based,Latte,1,11,11,Cash
TXN-11121,1/5/2026,19:54,Puncak Alam,Espresso-based,Espresso,1,7,7,QR
TXN-11069,1/5/2026,19:55,Putrajaya,Milk-based,Cappuccino,2,11,22,Cash
TXN-11154,1/5/2026,20:16,Puncak Alam,Milk-based,Cappuccino,1,11,11,QR
TXN-11060,1/5/2026,20:18,Putrajaya,Ice Blended,Ice Blended Chocolate Chip,3,14,42,Cash
TXN-11104,1/5/2026,20:21,Putrajaya,Milk-based,Cappuccino,2,11,22,Cash
TXN-11095,1/5/2026,20:33,Putrajaya,Milk-based,Caramel Macchiato,4,13,52,QR
TXN-11049,1/5/2026,20:34,Putrajaya,Ice Blended,Ice Blended Chocolate Chip,1,14,14,QR
TXN-11150,1/5/2026,20:36,Puncak Alam,Espresso-based,Americano,2,9,18,Cash
TXN-11151,1/5/2026,20:43,Puncak Alam,Espresso-based,Espresso,2,7,14,QR
TXN-11084,1/5/2026,20:48,Putrajaya,Milk-based,Latte,1,11,11,QR
TXN-11101,1/5/2026,20:54,Putrajaya,Espresso-based,Espresso,1,7,7,QR
TXN-11135,1/5/2026,21:01,Puncak Alam,Milk-based,Latte,1,11,11,QR
TXN-11147,1/5/2026,21:11,Puncak Alam,Espresso-based,Espresso,2,7,14,Cash
TXN-11132,1/5/2026,21:18,Puncak Alam,Ice Blended,Ice Blended Chocolate Chip,2,14,28,QR
TXN-11102,1/5/2026,21:22,Putrajaya,Ice Blended,Ice Blended Chocolate Chip,1,14,14,QR
TXN-11148,1/5/2026,21:27,Puncak Alam,Milk-based,Latte,1,11,11,Cash
TXN-11048,1/5/2026,21:40,Putrajaya,Espresso-based,Americano,1,9,9,QR
TXN-11081,1/5/2026,21:41,Putrajaya,Espresso-based,Espresso,1,7,7,Cash
TXN-11079,1/5/2026,21:42,Putrajaya,Milk-based,Latte,1,11,11,Cash
TXN-11087,1/5/2026,21:47,Putrajaya,Espresso-based,Americano,2,9,18,Cash
TXN-11140,1/5/2026,21:49,Puncak Alam,Espresso-based,Americano,1,9,9,QR
TXN-11077,1/5/2026,21:52,Putrajaya,Espresso-based,Espresso,1,7,7,Cash
TXN-11115,1/5/2026,21:58,Puncak Alam,Milk-based,Caramel Macchiato,1,13,13,QR
