Transaction_ID,Date,Time,Outlet,Category,Product_Name,Quantity_Sold,Unit_Price_RM,Total_Revenue_RM,Payment_Method,Weather_Condition
TXN-1058,2026-02-01,08:01,Putrajaya,Milk-based,Cappuccino,2,11.0,22.0,Cash,Sunny
TXN-1036,2026-02-01,08:06,Putrajaya,Espresso-based,Americano,1,9.0,9.0,Cash,Sunny
TXN-1032,2026-02-01,08:09,Putrajaya,Ice Blended,Ice Blended Chocolate Chip,1,14.0,14.0,QR,Sunny
TXN-1129,2026-02-01,08:09,Puncak Alam,Ice Blended,Ice Blended Chocolate Chip,1,14.0,14.0,Cash,Sunny
TXN-1120,2026-02-01,08:20,Puncak Alam,Espresso-based,Americano,2,9.0,18.0,QR,Sunny
TXN-1126,2026-02-01,08:23,Puncak Alam,Espresso-based,Espresso,1,7.0,7.0,Cash,Sunny
TXN-1037,2026-02-01,08:25,Putrajaya,Ice Blended,Ice Blended Chocolate Chip,1,14.0,14.0,QR,Sunny
TXN-1002,2026-02-01,08:28,Putrajaya,Milk-based,Latte,1,11.0,11.0,QR,Sunny
TXN-1005,2026-02-01,08:29,Putrajaya,Milk-based,Mocha,1,12.0,12.0,QR,Sunny
TXN-1063,2026-02-01,08:29,Putrajaya,Milk-based,Caramel Macchiato,1,13.0,13.0,QR,Sunny
TXN-1075,2026-02-01,08:38,Puncak Alam,Milk-based,Mocha,1,12.0,12.0,QR,Sunny
TXN-1101,2026-02-01,08:45,Puncak Alam,Espresso-based,Espresso,1,7.0,7.0,Cash,Sunny
TXN-1078,2026-02-01,08:51,Puncak Alam,Espresso-based,Americano,2,9.0,18.0,QR,Sunny
TXN-1045,2026-02-01,08:52,Putrajaya,Espresso-based,Americano,1,9.0,9.0,QR,Sunny
TXN-1079,2026-02-01,09:04,Puncak Alam,Espresso-based,Americano,1,9.0,9.0,QR,Sunny
TXN-1026,2026-02-01,09:30,Putrajaya,Milk-based,Latte,1,11.0,11.0,QR,Sunny
TXN-1009,2026-02-01,09:33,Putrajaya,Espresso-based,Americano,1,9.0,9.0,QR,Sunny
TXN-1077,2026-02-01,09:36,Puncak Alam,Milk-based,Mocha,1,12.0,12.0,QR,Sunny
TXN-1064,2026-02-01,09:37,Putrajaya,Milk-based,Caramel Macchiato,1,13.0,13.0,QR,Sunny
TXN-1059,2026-02-01,09:51,Putrajaya,Espresso-based,Americano,1,9.0,9.0,QR,Sunny
TXN-1011,2026-02-01,10:03,Putrajaya,Milk-based,Caramel Macchiato,1,13.0,13.0,QR,Sunny
TXN-1035,2026-02-01,10:06,Putrajaya,Milk-based,Caramel Macchiato,1,13.0,13.0,Cash,Sunny
TXN-1092,2026-02-01,10:18,Puncak Alam,Milk-based,Mocha,2,12.0,24.0,QR,Sunny
TXN-1132,2026-02-01,10:28,Puncak Alam,Espresso-based,Espresso,1,7.0,7.0,QR,Sunny
TXN-1111,2026-02-01,10:33,Puncak Alam,Milk-based,Caramel Macchiato,1,13.0,13.0,QR,Sunny
TXN-1020,2026-02-01,10:36,Putrajaya,Milk-based,Caramel Macchiato,1,13.0,13.0,Cash,Sunny
TXN-1073,2026-02-01,11:04,Puncak Alam,Milk-based,Caramel Macchiato,3,13.0,39.0,QR,Sunny
TXN-1117,2026-02-01,11:04,Puncak Alam,Milk-based,Caramel Macchiato,1,13.0,13.0,Cash,Sunny
TXN-1028,2026-02-01,11:09,Putrajaya,Milk-based,Cappuccino,1,11.0,11.0,Cash,Sunny
TXN-1013,2026-02-01,11:14,Putrajaya,Espresso-based,Americano,1,9.0,9.0,QR,Sunny
TXN-1001,2026-02-01,11:30,Putrajaya,Milk-based,Caramel Macchiato,1,13.0,13.0,Cash,Sunny
TXN-1010,2026-02-01,11:31,Putrajaya,Espresso-based,Americano,1,9.0,9.0,QR,Sunny
TXN-1076,2026-02-01,11:38,Puncak Alam,Espresso-based,Americano,1,9.0,9.0,Cash,Sunny
TXN-1047,2026-02-01,11:47,Putrajaya,Milk-based,Mocha,1,12.0,12.0,QR,Sunny
TXN-1107,2026-02-01,11:52,Puncak Alam,Ice Blended,Ice Blended Chocolate Chip,2,14.0,28.0,QR,Sunny
TXN-1090,2026-02-01,11:53,Puncak Alam,Ice Blended,Ice Blended Chocolate Chip,1,14.0,14.0,QR,Sunny
TXN-1006,2026-02-01,11:55,Putrajaya,Espresso-based,Americano,1,9.0,9.0,QR,Sunny
TXN-1083,2026-02-01,12:04,Puncak Alam,Espresso-based,Americano,1,9.0,9.0,Cash,Sunny
TXN-1015,2026-02-01,12:14,Putrajaya,Espresso-based,Americano,2,9.0,18.0,QR,Sunny
TXN-1033,2026-02-01,12:15,Putrajaya,Milk-based,Latte,1,11.0,11.0,QR,Sunny
TXN-1099,2026-02-01,12:15,Puncak Alam,Milk-based,Caramel Macchiato,1,13.0,13.0,QR,Sunny
TXN-1071,2026-02-01,12:20,Puncak Alam,Espresso-based,Espresso,1,7.0,7.0,Cash,Sunny
TXN-1031,2026-02-01,12:23,Putrajaya,Ice Blended,Ice Blended Chocolate Chip,1,14.0,14.0,Cash,Sunny
TXN-1095,2026-02-01,12:33,Puncak Alam,Espresso-based,Americano,1,9.0,9.0,Cash,Sunny
TXN-1052,2026-02-01,12:35,Putrajaya,Milk-based,Caramel Macchiato,1,13.0,13.0,QR,Sunny
TXN-1051,2026-02-01,12:45,Putrajaya,Milk-based,Latte,1,11.0,11.0,QR,Sunny
TXN-1024,2026-02-01,13:13,Putrajaya,Ice Blended,Ice Blended Chocolate Chip,1,14.0,14.0,QR,Sunny
TXN-1093,2026-02-01,13:13,Puncak Alam,Milk-based,Cappuccino,1,11.0,11.0,QR,Sunny
TXN-1056,2026-02-01,13:20,Putrajaya,Milk-based,Mocha,1,12.0,12.0,QR,Sunny
TXN-1128,2026-02-01,13:24,Puncak Alam,Milk-based,Caramel Macchiato,1,13.0,13.0,QR,Sunny
TXN-1050,2026-02-01,13:43,Putrajaya,Milk-based,Caramel Macchiato,3,13.0,39.0,Cash,Sunny
TXN-1012,2026-02-01,13:52,Putrajaya,Ice Blended,Ice Blended Chocolate Chip,1,14.0,14.0,QR,Sunny
TXN-1044,2026-02-01,13:52,Putrajaya,Espresso-based,Espresso,1,7.0,7.0,QR,Sunny
TXN-1096,2026-02-01,13:55,Puncak Alam,Espresso-based,Espresso,3,7.0,21.0,QR,Sunny
TXN-1080,2026-02-01,14:12,Puncak Alam,Espresso-based,Americano,1,9.0,9.0,Cash,Sunny
TXN-1125,2026-02-01,14:13,Puncak Alam,Milk-based,Mocha,3,12.0,36.0,QR,Sunny
TXN-1041,2026-02-01,14:14,Putrajaya,Milk-based,Caramel Macchiato,1,13.0,13.0,Cash,Sunny
TXN-1121,2026-02-01,14:14,Puncak Alam,Espresso-based,Espresso,1,7.0,7.0,QR,Sunny
TXN-1018,2026-02-01,14:21,Putrajaya,Ice Blended,Ice Blended Chocolate Chip,1,14.0,14.0,QR,Sunny
TXN-1082,2026-02-01,14:30,Puncak Alam,Espresso-based,Espresso,3,7.0,21.0,QR,Sunny
TXN-1017,2026-02-01,14:39,Putrajaya,Milk-based,Latte,2,11.0,22.0,QR,Sunny
TXN-1109,2026-02-01,14:41,Puncak Alam,Espresso-based,Espresso,2,7.0,14.0,QR,Sunny
TXN-1057,2026-02-01,14:47,Putrajaya,Milk-based,Mocha,1,12.0,12.0,Cash,Sunny
TXN-1110,2026-02-01,14:54,Puncak Alam,Espresso-based,Americano,1,9.0,9.0,QR,Sunny
TXN-1108,2026-02-01,14:55,Puncak Alam,Milk-based,Cappuccino,1,11.0,11.0,QR,Sunny
TXN-1087,2026-02-01,14:59,Puncak Alam,Espresso-based,Americano,1,9.0,9.0,QR,Sunny
TXN-1038,2026-02-01,15:07,Putrajaya,Ice Blended,Ice Blended Chocolate Chip,1,14.0,14.0,QR,Sunny
TXN-1048,2026-02-01,15:23,Putrajaya,Milk-based,Mocha,3,12.0,36.0,Cash,Sunny
TXN-1042,2026-02-01,15:25,Putrajaya,Ice Blended,Ice Blended Chocolate Chip,1,14.0,14.0,Cash,Sunny
TXN-1103,2026-02-01,15:25,Puncak Alam,Ice Blended,Ice Blended Chocolate Chip,1,14.0,14.0,QR,Sunny
TXN-1091,2026-02-01,15:33,Puncak Alam,Milk-based,Mocha,1,12.0,12.0,Cash,Sunny
TXN-1119,2026-02-01,15:33,Puncak Alam,Espresso-based,Americano,1,9.0,9.0,QR,Sunny
TXN-1049,2026-02-01,15:43,Putrajaya,Espresso-based,Espresso,2,7.0,14.0,QR,Sunny
TXN-1039,2026-02-01,15:44,Putrajaya,Espresso-based,Espresso,2,7.0,14.0,Cash,Sunny
TXN-1131,2026-02-01,15:54,Puncak Alam,Milk-based,Cappuccino,2,11.0,22.0,QR,Sunny
TXN-1008,2026-02-01,15:57,Putrajaya,Milk-based,Mocha,2,12.0,24.0,QR,Sunny
TXN-1030,2026-02-01,16:02,Putrajaya,Espresso-based,Americano,1,9.0,9.0,QR,Sunny
TXN-1100,2026-02-01,16:05,Puncak Alam,Milk-based,Cappuccino,2,11.0,22.0,QR,Sunny
TXN-1034,2026-02-01,16:10,Putrajaya,Milk-based,Caramel Macchiato,1,13.0,13.0,Cash,Sunny
TXN-1084,2026-02-01,16:12,Puncak Alam,Milk-based,Cappuccino,1,11.0,11.0,Cash,Sunny
TXN-1061,2026-02-01,16:15,Putrajaya,Milk-based,Cappuccino,2,11.0,22.0,QR,Sunny
TXN-1102,2026-02-01,16:15,Puncak Alam,Espresso-based,Espresso,2,7.0,14.0,QR,Sunny
TXN-1053,2026-02-01,16:17,Putrajaya,Espresso-based,Americano,1,9.0,9.0,QR,Sunny
TXN-1074,2026-02-01,16:24,Puncak Alam,Milk-based,Caramel Macchiato,1,13.0,13.0,QR,Sunny
TXN-1065,2026-02-01,16:25,Puncak Alam,Milk-based,Caramel Macchiato,2,13.0,26.0,QR,Sunny
TXN-1062,2026-02-01,16:34,Putrajaya,Espresso-based,Americano,1,9.0,9.0,QR,Sunny
TXN-1112,2026-02-01,16:51,Puncak Alam,Milk-based,Latte,2,11.0,22.0,QR,Sunny
TXN-1086,2026-02-01,16:53,Puncak Alam,Espresso-based,Americano,1,9.0,9.0,Cash,Sunny
TXN-1000,2026-02-01,16:56,Putrajaya,Milk-based,Mocha,1,12.0,12.0,QR,Sunny
TXN-1069,2026-02-01,17:12,Puncak Alam,Espresso-based,Espresso,1,7.0,7.0,QR,Sunny
TXN-1040,2026-02-01,17:14,Putrajaya,Ice Blended,Ice Blended Chocolate Chip,1,14.0,14.0,QR,Sunny
TXN-1023,2026-02-01,17:18,Putrajaya,Espresso-based,Espresso,1,7.0,7.0,QR,Sunny
TXN-1116,2026-02-01,17:29,Puncak Alam,Milk-based,Mocha,1,12.0,12.0,Cash,Sunny
TXN-1046,2026-02-01,17:30,Putrajaya,Ice Blended,Ice Blended Chocolate Chip,1,14.0,14.0,QR,Sunny
TXN-1007,2026-02-01,17:33,Putrajaya,Milk-based,Caramel Macchiato,1,13.0,13.0,QR,Sunny
TXN-1003,2026-02-01,17:38,Putrajaya,Milk-based,Mocha,2,12.0,24.0,QR,Sunny
TXN-1021,2026-02-01,17:45,Putrajaya,Ice Blended,Ice Blended Chocolate Chip,1,14.0,14.0,Cash,Sunny
TXN-1016,2026-02-01,17:46,Putrajaya,Milk-based,Latte,1,11.0,11.0,QR,Sunny
TXN-1106,2026-02-01,17:47,Puncak Alam,Espresso-based,Americano,1,9.0,9.0,Cash,Sunny
TXN-1094,2026-02-01,17:53,Puncak Alam,Milk-based,Mocha,1,12.0,12.0,QR,Sunny
TXN-1054,2026-02-01,18:18,Putrajaya,Ice Blended,Ice Blended Chocolate Chip,1,14.0,14.0,QR,Sunny
TXN-1127,2026-02-01,18:40,Puncak Alam,Espresso-based,Americano,2,9.0,18.0,QR,Sunny
TXN-1088,2026-02-01,18:41,Puncak Alam,Milk-based,Mocha,1,12.0,12.0,QR,Sunny
TXN-1019,2026-02-01,18:47,Putrajaya,Ice Blended,Ice Blended Chocolate Chip,3,14.0,42.0,QR,Sunny
TXN-1043,2026-02-01,18:48,Putrajaya,Milk-based,Cappuccino,1,11.0,11.0,Cash,Sunny
TXN-1124,2026-02-01,18:53,Puncak Alam,Milk-based,Latte,1,11.0,11.0,QR,Sunny
TXN-1081,2026-02-01,18:54,Puncak Alam,Milk-based,Mocha,2,12.0,24.0,QR,Sunny
TXN-1014,2026-02-01,19:01,Putrajaya,Espresso-based,Espresso,1,7.0,7.0,QR,Sunny
TXN-1097,2026-02-01,19:06,Puncak Alam,Espresso-based,Espresso,1,7.0,7.0,Cash,Sunny
TXN-1105,2026-02-01,19:18,Puncak Alam,Milk-based,Cappuccino,1,11.0,11.0,QR,Sunny
TXN-1115,2026-02-01,19:46,Puncak Alam,Milk-based,Cappuccino,1,11.0,11.0,QR,Sunny
TXN-1133,2026-02-01,19:47,Puncak Alam,Espresso-based,Americano,1,9.0,9.0,QR,Sunny
TXN-1114,2026-02-01,19:57,Puncak Alam,Espresso-based,Espresso,2,7.0,14.0,QR,Sunny
TXN-1068,2026-02-01,20:04,Puncak Alam,Espresso-based,Espresso,1,7.0,7.0,Cash,Sunny
TXN-1098,2026-02-01,20:05,Puncak Alam,Espresso-based,Americano,1,9.0,9.0,Cash,Sunny
TXN-1072,2026-02-01,20:07,Puncak Alam,Espresso-based,Espresso,1,7.0,7.0,QR,Sunny
TXN-1004,2026-02-01,20:08,Putrajaya,Milk-based,Caramel Macchiato,2,13.0,26.0,QR,Sunny
TXN-1067,2026-02-01,20:14,Puncak Alam,Ice Blended,Ice Blended Chocolate Chip,2,14.0,28.0,QR,Sunny
TXN-1055,2026-02-01,20:15,Putrajaya,Milk-based,Mocha,1,12.0,12.0,Cash,Sunny
TXN-1130,2026-02-01,20:25,Puncak Alam,Espresso-based,Americano,1,9.0,9.0,QR,Sunny
TXN-1027,2026-02-01,20:40,Putrajaya,Milk-based,Cappuccino,1,11.0,11.0,QR,Sunny
TXN-1089,2026-02-01,20:40,Puncak Alam,Milk-based,Mocha,1,12.0,12.0,QR,Sunny
TXN-1066,2026-02-01,20:43,Puncak Alam,Milk-based,Cappuccino,2,11.0,22.0,QR,Sunny
TXN-1113,2026-02-01,20:45,Puncak Alam,Milk-based,Caramel Macchiato,1,13.0,13.0,QR,Sunny
TXN-1104,2026-02-01,20:47,Puncak Alam,Espresso-based,Espresso,1,7.0,7.0,Cash,Sunny
TXN-1029,2026-02-01,20:50,Putrajaya,Milk-based,Mocha,1,12.0,12.0,QR,Sunny
TXN-1060,2026-02-01,20:59,Putrajaya,Espresso-based,Americano,2,9.0,18.0,Cash,Sunny
TXN-1022,2026-02-01,21:21,Putrajaya,Milk-based,Mocha,2,12.0,24.0,QR,Sunny
TXN-1085,2026-02-01,21:45,Puncak Alam,Milk-based,Latte,3,11.0,33.0,Cash,Sunny
TXN-1122,2026-02-01,21:46,Puncak Alam,Milk-based,Cappuccino,1,11.0,11.0,QR,Sunny
TXN-1070,2026-02-01,21:54,Puncak Alam,Milk-based,Mocha,2,12.0,24.0,QR,Sunny
TXN-1118,2026-02-01,21:57,Puncak Alam,Espresso-based,Americano,2,9.0,18.0,Cash,Sunny
TXN-1123,2026-02-01,21:58,Puncak Alam,Milk-based,Latte,2,11.0,22.0,QR,Sunny
TXN-1025,2026-02-01,21:59,Putrajaya,Milk-based,Latte,1,11.0,11.0,Cash,Sunny
TXN-1174,2026-02-02,08:19,Putrajaya,Espresso-based,Americano,1,9.0,9.0,QR,Raining
TXN-1203,2026-02-02,08:25,Puncak Alam,Milk-based,Cappuccino,1,11.0,11.0,Cash,Raining
TXN-1144,2026-02-02,08:52,Putrajaya,Espresso-based,Americano,1,9.0,9.0,Cash,Raining
TXN-1167,2026-02-02,09:01,Putrajaya,Milk-based,Latte,2,11.0,22.0,Cash,Raining
TXN-1154,2026-02-02,09:16,Putrajaya,Milk-based,Caramel Macchiato,1,13.0,13.0,QR,Raining
TXN-1186,2026-02-02,09:19,Puncak Alam,Espresso-based,Espresso,1,7.0,7.0,Cash,Raining
TXN-1139,2026-02-02,09:29,Putrajaya,Espresso-based,Americano,1,9.0,9.0,QR,Raining
TXN-1188,2026-02-02,09:41,Puncak Alam,Espresso-based,Espresso,1,7.0,7.0,Cash,Raining
TXN-1197,2026-02-02,09:52,Puncak Alam,Milk-based,Mocha,1,12.0,12.0,QR,Raining
TXN-1140,2026-02-02,10:01,Putrajaya,Milk-based,Caramel Macchiato,2,13.0,26.0,QR,Raining
TXN-1138,2026-02-02,10:20,Putrajaya,Milk-based,Mocha,2,12.0,24.0,Cash,Raining
TXN-1202,2026-02-02,10:20,Puncak Alam,Milk-based,Caramel Macchiato,1,13.0,13.0,QR,Raining
TXN-1155,2026-02-02,10:31,Putrajaya,Milk-based,Caramel Macchiato,1,13.0,13.0,QR,Raining
TXN-1180,2026-02-02,10:44,Puncak Alam,Milk-based,Cappuccino,2,11.0,22.0,Cash,Raining
TXN-1161,2026-02-02,10:56,Putrajaya,Milk-based,Caramel Macchiato,1,13.0,13.0,QR,Raining
TXN-1193,2026-02-02,11:19,Puncak Alam,Milk-based,Latte,1,11.0,11.0,QR,Raining
TXN-1152,2026-02-02,11:25,Putrajaya,Milk-based,Mocha,1,12.0,12.0,QR,Raining
TXN-1189,2026-02-02,11:36,Puncak Alam,Milk-based,Latte,1,11.0,11.0,Cash,Raining
TXN-1165,2026-02-02,11:52,Putrajaya,Milk-based,Latte,1,11.0,11.0,QR,Raining
TXN-1181,2026-02-02,11:57,Puncak Alam,Ice Blended,Ice Blended Chocolate Chip,1,14.0,14.0,Cash,Raining
TXN-1177,2026-02-02,11:59,Puncak Alam,Milk-based,Latte,1,11.0,11.0,QR,Raining
TXN-1141,2026-02-02,12:04,Putrajaya,Milk-based,Cappuccino,1,11.0,11.0,QR,Raining
TXN-1176,2026-02-02,12:32,Puncak Alam,Milk-based,Latte,1,11.0,11.0,QR,Raining
TXN-1182,2026-02-02,12:38,Puncak Alam,Milk-based,Mocha,1,12.0,12.0,QR,Raining
TXN-1192,2026-02-02,13:03,Puncak Alam,Milk-based,Caramel Macchiato,3,13.0,39.0,Cash,Raining
TXN-1199,2026-02-02,13:11,Puncak Alam,Ice Blended,Ice Blended Chocolate Chip,2,14.0,28.0,QR,Raining
TXN-1158,2026-02-02,13:31,Putrajaya,Milk-based,Cappuccino,1,11.0,11.0,QR,Raining
TXN-1136,2026-02-02,13:32,Putrajaya,Milk-based,Latte,2,11.0,22.0,QR,Raining
TXN-1196,2026-02-02,13:46,Puncak Alam,Milk-based,Latte,1,11.0,11.0,Cash,Raining
TXN-1191,2026-02-02,13:50,Puncak Alam,Milk-based,Latte,1,11.0,11.0,QR,Raining
TXN-1150,2026-02-02,13:54,Putrajaya,Milk-based,Cappuccino,1,11.0,11.0,Cash,Raining
TXN-1179,2026-02-02,13:59,Puncak Alam,Milk-based,Latte,1,11.0,11.0,QR,Raining
TXN-1187,2026-02-02,14:11,Puncak Alam,Milk-based,Mocha,2,12.0,24.0,QR,Raining
TXN-1168,2026-02-02,14:40,Putrajaya,Espresso-based,Americano,1,9.0,9.0,Cash,Raining
TXN-1142,2026-02-02,14:50,Putrajaya,Milk-based,Latte,1,11.0,11.0,QR,Raining
TXN-1159,2026-02-02,14:55,Putrajaya,Milk-based,Latte,1,11.0,11.0,QR,Raining
TXN-1198,2026-02-02,15:02,Puncak Alam,Milk-based,Cappuccino,1,11.0,11.0,QR,Raining
TXN-1153,2026-02-02,15:13,Putrajaya,Espresso-based,Americano,1,9.0,9.0,QR,Raining
TXN-1164,2026-02-02,15:16,Putrajaya,Milk-based,Mocha,2,12.0,24.0,Cash,Raining
TXN-1171,2026-02-02,15:24,Putrajaya,Milk-based,Caramel Macchiato,1,13.0,13.0,Cash,Raining
TXN-1183,2026-02-02,16:01,Puncak Alam,Espresso-based,Americano,1,9.0,9.0,QR,Raining
TXN-1151,2026-02-02,16:14,Putrajaya,Milk-based,Cappuccino,3,11.0,33.0,QR,Raining
TXN-1185,2026-02-02,16:16,Puncak Alam,Ice Blended,Ice Blended Chocolate Chip,2,14.0,28.0,QR,Raining
TXN-1175,2026-02-02,16:18,Putrajaya,Milk-based,Mocha,1,12.0,12.0,QR,Raining
TXN-1166,2026-02-02,16:39,Putrajaya,Milk-based,Caramel Macchiato,1,13.0,13.0,Cash,Raining
TXN-1134,2026-02-02,16:49,Putrajaya,Ice Blended,Ice Blended Chocolate Chip,1,14.0,14.0,QR,Raining
TXN-1149,2026-02-02,16:51,Putrajaya,Ice Blended,Ice Blended Chocolate Chip,2,14.0,28.0,Cash,Raining
TXN-1204,2026-02-02,16:55,Puncak Alam,Milk-based,Mocha,2,12.0,24.0,Cash,Raining
TXN-1162,2026-02-02,17:04,Putrajaya,Milk-based,Cappuccino,1,11.0,11.0,Cash,Raining
TXN-1205,2026-02-02,17:20,Puncak Alam,Ice Blended,Ice Blended Chocolate Chip,3,14.0,42.0,QR,Raining
TXN-1173,2026-02-02,17:25,Putrajaya,Espresso-based,Espresso,1,7.0,7.0,Cash,Raining
TXN-1157,2026-02-02,17:34,Putrajaya,Milk-based,Mocha,1,12.0,12.0,QR,Raining
TXN-1147,2026-02-02,17:40,Putrajaya,Espresso-based,Americano,2,9.0,18.0,QR,Raining
TXN-1200,2026-02-02,17:41,Puncak Alam,Espresso-based,Espresso,1,7.0,7.0,Cash,Raining
TXN-1156,2026-02-02,17:43,Putrajaya,Espresso-based,Espresso,1,7.0,7.0,QR,Raining
TXN-1194,2026-02-02,18:12,Puncak Alam,Espresso-based,Espresso,1,7.0,7.0,Cash,Raining
TXN-1195,2026-02-02,18:14,Puncak Alam,Milk-based,Latte,1,11.0,11.0,Cash,Raining
TXN-1172,2026-02-02,18:36,Putrajaya,Espresso-based,Americano,1,9.0,9.0,Cash,Raining
TXN-1201,2026-02-02,18:43,Puncak Alam,Milk-based,Latte,3,11.0,33.0,QR,Raining
TXN-1145,2026-02-02,18:50,Putrajaya,Espresso-based,Americano,2,9.0,18.0,Cash,Raining
TXN-1146,2026-02-02,18:58,Putrajaya,Ice Blended,Ice Blended Chocolate Chip,1,14.0,14.0,QR,Raining
TXN-1137,2026-02-02,19:11,Putrajaya,Espresso-based,Americano,1,9.0,9.0,Cash,Raining
TXN-1169,2026-02-02,19:15,Putrajaya,Milk-based,Cappuccino,2,11.0,22.0,QR,Raining
TXN-1135,2026-02-02,19:31,Putrajaya,Milk-based,Mocha,2,12.0,24.0,QR,Raining
TXN-1143,2026-02-02,19:57,Putrajaya,Ice Blended,Ice Blended Chocolate Chip,1,14.0,14.0,QR,Raining
TXN-1170,2026-02-02,20:22,Putrajaya,Milk-based,Mocha,2,12.0,24.0,QR,Raining
TXN-1160,2026-02-02,20:46,Putrajaya,Milk-based,Caramel Macchiato,1,13.0,13.0,QR,Raining
TXN-1148,2026-02-02,20:57,Putrajaya,Milk-based,Caramel Macchiato,2,13.0,26.0,QR,Raining
TXN-1178,2026-02-02,21:09,Puncak Alam,Milk-based,Latte,2,11.0,22.0,QR,Raining
TXN-1163,2026-02-02,21:13,Putrajaya,Milk-based,Cappuccino,1,11.0,11.0,QR,Raining
TXN-1184,2026-02-02,21:20,Puncak Alam,Milk-based,Cappuccino,1,11.0,11.0,Cash,Raining
TXN-1190,2026-02-02,21:24,Puncak Alam,Milk-based,Caramel Macchiato,3,13.0,39.0,QR,Raining
TXN-1312,2026-02-03,08:37,Puncak Alam,Milk-based,Mocha,1,12.0,12.0,QR,Sunny
TXN-1220,2026-02-03,08:53,Putrajaya,Milk-based,Caramel Macchiato,2,13.0,26.0,QR,Sunny
TXN-1293,2026-02-03,08:55,Puncak Alam,Espresso-based,Espresso,3,7.0,21.0,QR,Sunny
TXN-1216,2026-02-03,09:02,Putrajaya,Espresso-based,Americano,1,9.0,9.0,Cash,Sunny
TXN-1292,2026-02-03,09:07,Puncak Alam,Milk-based,Caramel Macchiato,1,13.0,13.0,QR,Sunny
TXN-1228,2026-02-03,09:09,Putrajaya,Ice Blended,Ice Blended Chocolate Chip,1,14.0,14.0,QR,Sunny
TXN-1225,2026-02-03,09:15,Putrajaya,Milk-based,Latte,1,11.0,11.0,QR,Sunny
TXN-1274,2026-02-03,09:20,Puncak Alam,Milk-based,Cappuccino,3,11.0,33.0,QR,Sunny
TXN-1250,2026-02-03,09:25,Putrajaya,Espresso-based,Espresso,2,7.0,14.0,QR,Sunny
TXN-1233,2026-02-03,09:26,Putrajaya,Milk-based,Caramel Macchiato,2,13.0,26.0,QR,Sunny
TXN-1305,2026-02-03,09:26,Puncak Alam,Espresso-based,Espresso,1,7.0,7.0,Cash,Sunny
TXN-1244,2026-02-03,09:37,Putrajaya,Milk-based,Latte,1,11.0,11.0,Cash,Sunny
TXN-1242,2026-02-03,09:39,Putrajaya,Milk-based,Latte,1,11.0,11.0,QR,Sunny
TXN-1252,2026-02-03,09:41,Putrajaya,Milk-based,Caramel Macchiato,1,13.0,13.0,Cash,Sunny
TXN-1213,2026-02-03,09:55,Putrajaya,Milk-based,Cappuccino,4,11.0,44.0,QR,Sunny
TXN-1248,2026-02-03,09:58,Putrajaya,Espresso-based,Americano,1,9.0,9.0,QR,Sunny
TXN-1256,2026-02-03,10:00,Putrajaya,Milk-based,Mocha,1,12.0,12.0,QR,Sunny
TXN-1280,2026-02-03,10:00,Puncak Alam,Espresso-based,Espresso,2,7.0,14.0,QR,Sunny
TXN-1301,2026-02-03,10:13,Puncak Alam,Espresso-based,Americano,1,9.0,9.0,QR,Sunny
TXN-1235,2026-02-03,10:29,Putrajaya,Ice Blended,Ice Blended Chocolate Chip,1,14.0,14.0,Cash,Sunny
TXN-1258,2026-02-03,10:32,Putrajaya,Espresso-based,Americano,3,9.0,27.0,QR,Sunny
TXN-1309,2026-02-03,10:33,Puncak Alam,Espresso-based,Espresso,3,7.0,21.0,QR,Sunny
TXN-1270,2026-02-03,11:10,Puncak Alam,Milk-based,Mocha,1,12.0,12.0,QR,Sunny
TXN-1308,2026-02-03,11:19,Puncak Alam,Espresso-based,Espresso,1,7.0,7.0,QR,Sunny
TXN-1264,2026-02-03,11:36,Putrajaya,Milk-based,Cappuccino,1,11.0,11.0,Cash,Sunny
TXN-1279,2026-02-03,11:40,Puncak Alam,Espresso-based,Americano,1,9.0,9.0,Cash,Sunny
TXN-1278,2026-02-03,11:42,Puncak Alam,Ice Blended,Ice Blended Chocolate Chip,1,14.0,14.0,QR,Sunny
TXN-1218,2026-02-03,11:52,Putrajaya,Espresso-based,Americano,2,9.0,18.0,QR,Sunny
TXN-1303,2026-02-03,12:05,Puncak Alam,Ice Blended,Ice Blended Chocolate Chip,2,14.0,28.0,QR,Sunny
TXN-1286,2026-02-03,12:06,Puncak Alam,Milk-based,Mocha,1,12.0,12.0,QR,Sunny
TXN-1257,2026-02-03,12:36,Putrajaya,Espresso-based,Americano,1,9.0,9.0,Cash,Sunny
TXN-1210,2026-02-03,12:37,Putrajaya,Milk-based,Latte,2,11.0,22.0,Cash,Sunny
TXN-1283,2026-02-03,12:37,Puncak Alam,Milk-based,Latte,2,11.0,22.0,Cash,Sunny
TXN-1249,2026-02-03,12:40,Putrajaya,Milk-based,Cappuccino,1,11.0,11.0,QR,Sunny
TXN-1229,2026-02-03,12:48,Putrajaya,Milk-based,Cappuccino,1,11.0,11.0,QR,Sunny
TXN-1245,2026-02-03,13:04,Putrajaya,Milk-based,Cappuccino,2,11.0,22.0,QR,Sunny
TXN-1282,2026-02-03,13:12,Puncak Alam,Milk-based,Cappuccino,1,11.0,11.0,QR,Sunny
TXN-1247,2026-02-03,13:14,Putrajaya,Ice Blended,Ice Blended Chocolate Chip,1,14.0,14.0,QR,Sunny
TXN-1261,2026-02-03,13:19,Putrajaya,Ice Blended,Ice Blended Chocolate Chip,2,14.0,28.0,Cash,Sunny
TXN-1239,2026-02-03,13:24,Putrajaya,Espresso-based,Americano,1,9.0,9.0,QR,Sunny
TXN-1260,2026-02-03,13:32,Putrajaya,Espresso-based,Americano,1,9.0,9.0,Cash,Sunny
TXN-1240,2026-02-03,13:58,Putrajaya,Ice Blended,Ice Blended Chocolate Chip,1,14.0,14.0,QR,Sunny
TXN-1294,2026-02-03,14:13,Puncak Alam,Milk-based,Latte,1,11.0,11.0,QR,Sunny
TXN-1211,2026-02-03,14:16,Putrajaya,Espresso-based,Espresso,1,7.0,7.0,QR,Sunny
TXN-1236,2026-02-03,14:29,Putrajaya,Ice Blended,Ice Blended Chocolate Chip,1,14.0,14.0,QR,Sunny
TXN-1234,2026-02-03,14:35,Putrajaya,Espresso-based,Americano,1,9.0,9.0,QR,Sunny
TXN-1209,2026-02-03,14:45,Putrajaya,Milk-based,Cappuccino,1,11.0,11.0,QR,Sunny
TXN-1296,2026-02-03,14:45,Puncak Alam,Espresso-based,Espresso,1,7.0,7.0,QR,Sunny
TXN-1243,2026-02-03,14:50,Putrajaya,Ice Blended,Ice Blended Chocolate Chip,2,14.0,28.0,QR,Sunny
TXN-1262,2026-02-03,14:54,Putrajaya,Ice Blended,Ice Blended Chocolate Chip,1,14.0,14.0,QR,Sunny
TXN-1310,2026-02-03,15:02,Puncak Alam,Ice Blended,Ice Blended Chocolate Chip,1,14.0,14.0,Cash,Sunny
TXN-1288,2026-02-03,15:14,Puncak Alam,Ice Blended,Ice Blended Chocolate Chip,1,14.0,14.0,QR,Sunny
TXN-1238,2026-02-03,15:33,Putrajaya,Milk-based,Mocha,2,12.0,24.0,Cash,Sunny
TXN-1246,2026-02-03,15:41,Putrajaya,Espresso-based,Americano,2,9.0,18.0,Cash,Sunny
TXN-1263,2026-02-03,15:47,Putrajaya,Ice Blended,Ice Blended Chocolate Chip,2,14.0,28.0,QR,Sunny
TXN-1267,2026-02-03,15:50,Putrajaya,Milk-based,Latte,1,11.0,11.0,QR,Sunny
TXN-1237,2026-02-03,15:54,Putrajaya,Espresso-based,Espresso,1,7.0,7.0,QR,Sunny
TXN-1253,2026-02-03,16:15,Putrajaya,Milk-based,Cappuccino,1,11.0,11.0,QR,Sunny
TXN-1307,2026-02-03,16:26,Puncak Alam,Milk-based,Cappuccino,1,11.0,11.0,QR,Sunny
TXN-1222,2026-02-03,16:47,Putrajaya,Milk-based,Mocha,1,12.0,12.0,QR,Sunny
TXN-1219,2026-02-03,16:49,Putrajaya,Milk-based,Mocha,1,12.0,12.0,QR,Sunny
TXN-1271,2026-02-03,16:49,Puncak Alam,Milk-based,Latte,2,11.0,22.0,Cash,Sunny
TXN-1287,2026-02-03,17:08,Puncak Alam,Milk-based,Latte,1,11.0,11.0,QR,Sunny
TXN-1227,2026-02-03,17:16,Putrajaya,Milk-based,Mocha,3,12.0,36.0,QR,Sunny
TXN-1206,2026-02-03,17:17,Putrajaya,Ice Blended,Ice Blended Chocolate Chip,1,14.0,14.0,QR,Sunny
TXN-1223,2026-02-03,17:34,Putrajaya,Ice Blended,Ice Blended Chocolate Chip,1,14.0,14.0,QR,Sunny
TXN-1291,2026-02-03,17:37,Puncak Alam,Espresso-based,Espresso,1,7.0,7.0,QR,Sunny
TXN-1230,2026-02-03,17:48,Putrajaya,Milk-based,Mocha,3,12.0,36.0,QR,Sunny
TXN-1231,2026-02-03,17:49,Putrajaya,Espresso-based,Americano,1,9.0,9.0,QR,Sunny
TXN-1276,2026-02-03,17:51,Puncak Alam,Ice Blended,Ice Blended Chocolate Chip,1,14.0,14.0,QR,Sunny
TXN-1304,2026-02-03,17:57,Puncak Alam,Milk-based,Latte,1,11.0,11.0,Cash,Sunny
TXN-1232,2026-02-03,18:05,Putrajaya,Ice Blended,Ice Blended Chocolate Chip,1,14.0,14.0,QR,Sunny
TXN-1268,2026-02-03,18:07,Putrajaya,Milk-based,Latte,4,11.0,44.0,Cash,Sunny
TXN-1255,2026-02-03,18:15,Putrajaya,Milk-based,Latte,1,11.0,11.0,Cash,Sunny
TXN-1221,2026-02-03,18:20,Putrajaya,Milk-based,Latte,1,11.0,11.0,Cash,Sunny
TXN-1290,2026-02-03,18:33,Puncak Alam,Milk-based,Mocha,1,12.0,12.0,QR,Sunny
TXN-1275,2026-02-03,18:36,Puncak Alam,Milk-based,Mocha,2,12.0,24.0,Cash,Sunny
TXN-1300,2026-02-03,18:41,Puncak Alam,Espresso-based,Espresso,1,7.0,7.0,QR,Sunny
TXN-1266,2026-02-03,18:48,Putrajaya,Milk-based,Mocha,1,12.0,12.0,QR,Sunny
TXN-1289,2026-02-03,19:01,Puncak Alam,Milk-based,Cappuccino,1,11.0,11.0,Cash,Sunny
TXN-1254,2026-02-03,19:09,Putrajaya,Milk-based,Caramel Macchiato,2,13.0,26.0,QR,Sunny
TXN-1297,2026-02-03,19:10,Puncak Alam,Milk-based,Caramel Macchiato,2,13.0,26.0,QR,Sunny
TXN-1259,2026-02-03,19:19,Putrajaya,Milk-based,Caramel Macchiato,1,13.0,13.0,QR,Sunny
TXN-1295,2026-02-03,19:21,Puncak Alam,Milk-based,Latte,1,11.0,11.0,QR,Sunny
TXN-1226,2026-02-03,19:23,Putrajaya,Milk-based,Mocha,1,12.0,12.0,QR,Sunny
TXN-1214,2026-02-03,19:28,Putrajaya,Milk-based,Mocha,1,12.0,12.0,QR,Sunny
TXN-1208,2026-02-03,19:31,Putrajaya,Ice Blended,Ice Blended Chocolate Chip,1,14.0,14.0,QR,Sunny
TXN-1311,2026-02-03,19:43,Puncak Alam,Ice Blended,Ice Blended Chocolate Chip,4,14.0,56.0,QR,Sunny
TXN-1269,2026-02-03,19:49,Puncak Alam,Espresso-based,Espresso,1,7.0,7.0,QR,Sunny
TXN-1281,2026-02-03,19:50,Puncak Alam,Espresso-based,Americano,1,9.0,9.0,QR,Sunny
TXN-1285,2026-02-03,20:00,Puncak Alam,Ice Blended,Ice Blended Chocolate Chip,1,14.0,14.0,QR,Sunny
TXN-1224,2026-02-03,20:05,Putrajaya,Espresso-based,Americano,1,9.0,9.0,QR,Sunny
TXN-1207,2026-02-03,20:15,Putrajaya,Espresso-based,Espresso,1,7.0,7.0,QR,Sunny
TXN-1273,2026-02-03,20:15,Puncak Alam,Milk-based,Cappuccino,1,11.0,11.0,QR,Sunny
TXN-1284,2026-02-03,20:17,Puncak Alam,Ice Blended,Ice Blended Chocolate Chip,2,14.0,28.0,QR,Sunny
TXN-1215,2026-02-03,20:18,Putrajaya,Milk-based,Caramel Macchiato,1,13.0,13.0,QR,Sunny
TXN-1277,2026-02-03,20:18,Puncak Alam,Espresso-based,Americano,1,9.0,9.0,Cash,Sunny
TXN-1299,2026-02-03,20:21,Puncak Alam,Espresso-based,Espresso,2,7.0,14.0,QR,Sunny
TXN-1265,2026-02-03,20:31,Putrajaya,Milk-based,Cappuccino,1,11.0,11.0,QR,Sunny
TXN-1302,2026-02-03,20:33,Puncak Alam,Milk-based,Cappuccino,1,11.0,11.0,Cash,Sunny
TXN-1272,2026-02-03,20:55,Puncak Alam,Espresso-based,Americano,1,9.0,9.0,QR,Sunny
TXN-1298,2026-02-03,21:02,Puncak Alam,Milk-based,Latte,1,11.0,11.0,QR,Sunny
TXN-1306,2026-02-03,21:09,Puncak Alam,Milk-based,Latte,1,11.0,11.0,QR,Sunny
TXN-1241,2026-02-03,21:11,Putrajaya,Espresso-based,Americano,1,9.0,9.0,QR,Sunny
TXN-1217,2026-02-03,21:21,Putrajaya,Milk-based,Latte,1,11.0,11.0,Cash,Sunny
TXN-1212,2026-02-03,21:30,Putrajaya,Espresso-based,Americano,1,9.0,9.0,QR,Sunny
TXN-1251,2026-02-03,21:48,Putrajaya,Milk-based,Mocha,3,12.0,36.0,QR,Sunny
TXN-1400,2026-02-04,08:07,Puncak Alam,Espresso-based,Espresso,2,7.0,14.0,Cash,Raining
TXN-1436,2026-02-04,08:10,Puncak Alam,Milk-based,Caramel Macchiato,2,13.0,26.0,QR,Raining
TXN-1382,2026-02-04,08:11,Putrajaya,Milk-based,Latte,2,11.0,22.0,Cash,Sunny
TXN-1439,2026-02-04,08:20,Puncak Alam,Espresso-based,Espresso,1,7.0,7.0,QR,Raining
TXN-1440,2026-02-04,08:30,Puncak Alam,Milk-based,Mocha,1,12.0,12.0,QR,Raining
TXN-1432,2026-02-04,08:57,Puncak Alam,Milk-based,Latte,1,11.0,11.0,QR,Raining
TXN-1346,2026-02-04,08:58,Putrajaya,Espresso-based,Espresso,1,7.0,7.0,QR,Sunny
TXN-1410,2026-02-04,08:59,Puncak Alam,Milk-based,Latte,3,11.0,33.0,QR,Raining
TXN-1399,2026-02-04,09:19,Puncak Alam,Ice Blended,Ice Blended Chocolate Chip,1,14.0,14.0,Cash,Raining
TXN-1385,2026-02-04,09:25,Putrajaya,Milk-based,Caramel Macchiato,3,13.0,39.0,QR,Sunny
TXN-1330,2026-02-04,09:29,Putrajaya,Ice Blended,Ice Blended Chocolate Chip,1,14.0,14.0,QR,Sunny
TXN-1418,2026-02-04,09:29,Puncak Alam,Espresso-based,Americano,1,9.0,9.0,Cash,Raining
TXN-1406,2026-02-04,09:30,Puncak Alam,Espresso-based,Americano,1,9.0,9.0,Cash,Raining
TXN-1360,2026-02-04,10:06,Putrajaya,Milk-based,Cappuccino,3,11.0,33.0,Cash,Sunny
TXN-1383,2026-02-04,10:06,Putrajaya,Espresso-based,Espresso,1,7.0,7.0,Cash,Sunny
TXN-1364,2026-02-04,10:12,Putrajaya,Milk-based,Mocha,1,12.0,12.0,QR,Sunny
TXN-1314,2026-02-04,10:21,Putrajaya,Milk-based,Latte,1,11.0,11.0,QR,Sunny
TXN-1373,2026-02-04,10:23,Putrajaya,Ice Blended,Ice Blended Chocolate Chip,2,14.0,28.0,QR,Sunny
TXN-1430,2026-02-04,10:29,Puncak Alam,Espresso-based,Espresso,1,7.0,7.0,QR,Raining
TXN-1386,2026-02-04,10:31,Putrajaya,Ice Blended,Ice Blended Chocolate Chip,1,14.0,14.0,QR,Sunny
TXN-1428,2026-02-04,10:35,Puncak Alam,Milk-based,Cappuccino,3,11.0,33.0,Cash,Raining
TXN-1370,2026-02-04,10:44,Putrajaya,Milk-based,Latte,3,11.0,33.0,Cash,Sunny
TXN-1334,2026-02-04,10:47,Putrajaya,Espresso-based,Espresso,2,7.0,14.0,QR,Sunny
TXN-1427,2026-02-04,10:53,Puncak Alam,Ice Blended,Ice Blended Chocolate Chip,1,14.0,14.0,QR,Raining
TXN-1317,2026-02-04,10:58,Putrajaya,Milk-based,Latte,1,11.0,11.0,QR,Sunny
TXN-1416,2026-02-04,11:02,Puncak Alam,Milk-based,Cappuccino,1,11.0,11.0,QR,Raining
TXN-1435,2026-02-04,11:05,Puncak Alam,Espresso-based,Americano,1,9.0,9.0,Cash,Raining
TXN-1424,2026-02-04,11:16,Puncak Alam,Ice Blended,Ice Blended Chocolate Chip,1,14.0,14.0,QR,Raining
TXN-1374,2026-02-04,11:28,Putrajaya,Ice Blended,Ice Blended Chocolate Chip,1,14.0,14.0,QR,Sunny
TXN-1438,2026-02-04,11:32,Puncak Alam,Ice Blended,Ice Blended Chocolate Chip,1,14.0,14.0,QR,Raining
TXN-1361,2026-02-04,12:07,Putrajaya,Ice Blended,Ice Blended Chocolate Chip,1,14.0,14.0,Cash,Sunny
TXN-1340,2026-02-04,12:17,Putrajaya,Espresso-based,Americano,2,9.0,18.0,Cash,Sunny
TXN-1412,2026-02-04,12:17,Puncak Alam,Milk-based,Latte,1,11.0,11.0,QR,Raining
TXN-1419,2026-02-04,12:23,Puncak Alam,Milk-based,Caramel Macchiato,1,13.0,13.0,QR,Raining
TXN-1353,2026-02-04,12:25,Putrajaya,Espresso-based,Americano,1,9.0,9.0,QR,Sunny
TXN-1420,2026-02-04,12:26,Puncak Alam,Ice Blended,Ice Blended Chocolate Chip,2,14.0,28.0,QR,Raining
TXN-1362,2026-02-04,12:31,Putrajaya,Milk-based,Latte,2,11.0,22.0,QR,Sunny
TXN-1328,2026-02-04,12:33,Putrajaya,Milk-based,Cappuccino,2,11.0,22.0,QR,Sunny
TXN-1405,2026-02-04,12:34,Puncak Alam,Espresso-based,Espresso,1,7.0,7.0,QR,Raining
TXN-1409,2026-02-04,13:08,Puncak Alam,Espresso-based,Espresso,4,7.0,28.0,QR,Raining
TXN-1371,2026-02-04,13:11,Putrajaya,Ice Blended,Ice Blended Chocolate Chip,1,14.0,14.0,QR,Sunny
TXN-1421,2026-02-04,13:14,Puncak Alam,Espresso-based,Americano,1,9.0,9.0,QR,Raining
TXN-1434,2026-02-04,13:19,Puncak Alam,Milk-based,Cappuccino,1,11.0,11.0,QR,Raining
TXN-1426,2026-02-04,13:25,Puncak Alam,Milk-based,Caramel Macchiato,1,13.0,13.0,QR,Raining
TXN-1316,2026-02-04,13:43,Putrajaya,Milk-based,Latte,3,11.0,33.0,QR,Sunny
TXN-1377,2026-02-04,13:46,Putrajaya,Espresso-based,Espresso,1,7.0,7.0,QR,Sunny
TXN-1422,2026-02-04,13:51,Puncak Alam,Espresso-based,Espresso,1,7.0,7.0,Cash,Raining
TXN-1313,2026-02-04,13:58,Putrajaya,Milk-based,Caramel Macchiato,3,13.0,39.0,QR,Sunny
TXN-1413,2026-02-04,14:09,Puncak Alam,Milk-based,Mocha,1,12.0,12.0,QR,Raining
TXN-1325,2026-02-04,14:21,Putrajaya,Espresso-based,Espresso,1,7.0,7.0,Cash,Sunny
TXN-1345,2026-02-04,14:27,Putrajaya,Milk-based,Caramel Macchiato,1,13.0,13.0,QR,Sunny
TXN-1323,2026-02-04,14:28,Putrajaya,Milk-based,Latte,2,11.0,22.0,QR,Sunny
TXN-1344,2026-02-04,14:37,Putrajaya,Milk-based,Caramel Macchiato,1,13.0,13.0,QR,Sunny
TXN-1396,2026-02-04,14:40,Puncak Alam,Milk-based,Cappuccino,1,11.0,11.0,Cash,Raining
TXN-1342,2026-02-04,14:50,Putrajaya,Milk-based,Latte,1,11.0,11.0,QR,Sunny
TXN-1329,2026-02-04,14:57,Putrajaya,Milk-based,Mocha,1,12.0,12.0,QR,Sunny
TXN-1315,2026-02-04,15:04,Putrajaya,Milk-based,Cappuccino,1,11.0,11.0,Cash,Sunny
TXN-1378,2026-02-04,15:16,Putrajaya,Espresso-based,Americano,1,9.0,9.0,QR,Sunny
TXN-1402,2026-02-04,15:17,Puncak Alam,Milk-based,Mocha,1,12.0,12.0,Cash,Raining
TXN-1379,2026-02-04,15:19,Putrajaya,Milk-based,Mocha,1,12.0,12.0,QR,Sunny
TXN-1359,2026-02-04,15:28,Putrajaya,Milk-based,Cappuccino,1,11.0,11.0,Cash,Sunny
TXN-1354,2026-02-04,15:30,Putrajaya,Milk-based,Caramel Macchiato,1,13.0,13.0,QR,Sunny
TXN-1332,2026-02-04,15:35,Putrajaya,Espresso-based,Espresso,3,7.0,21.0,QR,Sunny
TXN-1319,2026-02-04,15:40,Putrajaya,Espresso-based,Espresso,1,7.0,7.0,QR,Sunny
TXN-1343,2026-02-04,15:47,Putrajaya,Espresso-based,Americano,1,9.0,9.0,Cash,Sunny
TXN-1388,2026-02-04,15:57,Putrajaya,Milk-based,Caramel Macchiato,2,13.0,26.0,QR,Sunny
TXN-1391,2026-02-04,16:05,Putrajaya,Espresso-based,Americano,1,9.0,9.0,QR,Sunny
TXN-1372,2026-02-04,16:09,Putrajaya,Espresso-based,Americano,1,9.0,9.0,Cash,Sunny
TXN-1367,2026-02-04,16:13,Putrajaya,Milk-based,Caramel Macchiato,1,13.0,13.0,QR,Sunny
TXN-1387,2026-02-04,16:13,Putrajaya,Milk-based,Mocha,1,12.0,12.0,QR,Sunny
TXN-1423,2026-02-04,16:14,Puncak Alam,Milk-based,Caramel Macchiato,2,13.0,26.0,QR,Raining
TXN-1327,2026-02-04,16:18,Putrajaya,Ice Blended,Ice Blended Chocolate Chip,1,14.0,14.0,QR,Sunny
TXN-1376,2026-02-04,16:20,Putrajaya,Milk-based,Cappuccino,1,11.0,11.0,Cash,Sunny
TXN-1431,2026-02-04,16:25,Puncak Alam,Milk-based,Latte,2,11.0,22.0,QR,Raining
TXN-1394,2026-02-04,16:29,Puncak Alam,Espresso-based,Espresso,1,7.0,7.0,QR,Raining
TXN-1324,2026-02-04,16:30,Putrajaya,Espresso-based,Espresso,1,7.0,7.0,Cash,Sunny
TXN-1336,2026-02-04,16:33,Putrajaya,Ice Blended,Ice Blended Chocolate Chip,1,14.0,14.0,QR,Sunny
TXN-1380,2026-02-04,16:42,Putrajaya,Milk-based,Latte,2,11.0,22.0,QR,Sunny
TXN-1392,2026-02-04,16:43,Puncak Alam,Milk-based,Cappuccino,2,11.0,22.0,QR,Raining
TXN-1414,2026-02-04,16:44,Puncak Alam,Milk-based,Latte,1,11.0,11.0,QR,Raining
TXN-1350,2026-02-04,16:47,Putrajaya,Milk-based,Mocha,2,12.0,24.0,Cash,Sunny
TXN-1384,2026-02-04,16:55,Putrajaya,Milk-based,Latte,1,11.0,11.0,QR,Sunny
TXN-1365,2026-02-04,17:08,Putrajaya,Milk-based,Latte,2,11.0,22.0,Cash,Sunny
TXN-1356,2026-02-04,17:16,Putrajaya,Milk-based,Caramel Macchiato,1,13.0,13.0,QR,Sunny
TXN-1357,2026-02-04,17:27,Putrajaya,Espresso-based,Espresso,2,7.0,14.0,QR,Sunny
TXN-1375,2026-02-04,17:40,Putrajaya,Milk-based,Latte,1,11.0,11.0,Cash,Sunny
TXN-1417,2026-02-04,18:06,Puncak Alam,Milk-based,Latte,1,11.0,11.0,Cash,Raining
TXN-1395,2026-02-04,18:23,Puncak Alam,Milk-based,Mocha,1,12.0,12.0,QR,Raining
TXN-1366,2026-02-04,18:28,Putrajaya,Milk-based,Cappuccino,2,11.0,22.0,QR,Sunny
TXN-1341,2026-02-04,18:31,Putrajaya,Milk-based,Cappuccino,2,11.0,22.0,QR,Sunny
TXN-1433,2026-02-04,18:34,Puncak Alam,Espresso-based,Espresso,1,7.0,7.0,QR,Raining
TXN-1355,2026-02-04,18:56,Putrajaya,Ice Blended,Ice Blended Chocolate Chip,1,14.0,14.0,QR,Sunny
TXN-1349,2026-02-04,18:59,Putrajaya,Milk-based,Latte,1,11.0,11.0,Cash,Sunny
TXN-1393,2026-02-04,19:14,Puncak Alam,Espresso-based,Americano,3,9.0,27.0,QR,Raining
TXN-1351,2026-02-04,19:22,Putrajaya,Espresso-based,Americano,1,9.0,9.0,QR,Sunny
TXN-1368,2026-02-04,19:22,Putrajaya,Milk-based,Cappuccino,2,11.0,22.0,Cash,Sunny
TXN-1381,2026-02-04,19:22,Putrajaya,Milk-based,Cappuccino,1,11.0,11.0,QR,Sunny
TXN-1318,2026-02-04,19:23,Putrajaya,Milk-based,Latte,1,11.0,11.0,Cash,Sunny
TXN-1335,2026-02-04,19:28,Putrajaya,Milk-based,Latte,2,11.0,22.0,QR,Sunny
TXN-1322,2026-02-04,19:30,Putrajaya,Milk-based,Cappuccino,1,11.0,11.0,Cash,Sunny
TXN-1339,2026-02-04,19:31,Putrajaya,Milk-based,Mocha,1,12.0,12.0,QR,Sunny
TXN-1363,2026-02-04,19:37,Putrajaya,Espresso-based,Americano,2,9.0,18.0,Cash,Sunny
TXN-1415,2026-02-04,19:44,Puncak Alam,Espresso-based,Espresso,2,7.0,14.0,QR,Raining
TXN-1369,2026-02-04,19:49,Putrajaya,Ice Blended,Ice Blended Chocolate Chip,1,14.0,14.0,QR,Sunny
TXN-1358,2026-02-04,20:04,Putrajaya,Milk-based,Caramel Macchiato,1,13.0,13.0,QR,Sunny
TXN-1407,2026-02-04,20:07,Puncak Alam,Espresso-based,Americano,2,9.0,18.0,QR,Raining
TXN-1397,2026-02-04,20:15,Puncak Alam,Milk-based,Latte,2,11.0,22.0,Cash,Raining
TXN-1425,2026-02-04,20:20,Puncak Alam,Ice Blended,Ice Blended Chocolate Chip,1,14.0,14.0,Cash,Raining
TXN-1331,2026-02-04,20:31,Putrajaya,Espresso-based,Espresso,1,7.0,7.0,Cash,Sunny
TXN-1437,2026-02-04,20:32,Puncak Alam,Milk-based,Cappuccino,1,11.0,11.0,QR,Raining
TXN-1326,2026-02-04,20:35,Putrajaya,Ice Blended,Ice Blended Chocolate Chip,1,14.0,14.0,QR,Sunny
TXN-1401,2026-02-04,20:36,Puncak Alam,Espresso-based,Espresso,1,7.0,7.0,Cash,Raining
TXN-1338,2026-02-04,20:40,Putrajaya,Milk-based,Caramel Macchiato,1,13.0,13.0,QR,Sunny
TXN-1429,2026-02-04,20:40,Puncak Alam,Milk-based,Mocha,1,12.0,12.0,QR,Raining
TXN-1347,2026-02-04,20:43,Putrajaya,Milk-based,Latte,1,11.0,11.0,Cash,Sunny
TXN-1411,2026-02-04,20:48,Puncak Alam,Milk-based,Caramel Macchiato,1,13.0,13.0,Cash,Raining
TXN-1403,2026-02-04,20:59,Puncak Alam,Espresso-based,Espresso,1,7.0,7.0,QR,Raining
TXN-1352,2026-02-04,21:01,Putrajaya,Milk-based,Latte,2,11.0,22.0,QR,Sunny
TXN-1321,2026-02-04,21:03,Putrajaya,Milk-based,Latte,2,11.0,22.0,QR,Sunny
TXN-1337,2026-02-04,21:04,Putrajaya,Espresso-based,Americano,2,9.0,18.0,QR,Sunny
TXN-1389,2026-02-04,21:05,Putrajaya,Milk-based,Latte,1,11.0,11.0,QR,Sunny
TXN-1348,2026-02-04,21:12,Putrajaya,Espresso-based,Espresso,2,7.0,14.0,Cash,Sunny
TXN-1320,2026-02-04,21:16,Putrajaya,Milk-based,Caramel Macchiato,1,13.0,13.0,QR,Sunny
TXN-1408,2026-02-04,21:28,Puncak Alam,Milk-based,Mocha,1,12.0,12.0,QR,Raining
TXN-1404,2026-02-04,21:32,Puncak Alam,Milk-based,Latte,2,11.0,22.0,Cash,Raining
TXN-1390,2026-02-04,21:33,Putrajaya,Espresso-based,Americano,1,9.0,9.0,QR,Sunny
TXN-1398,2026-02-04,21:42,Puncak Alam,Milk-based,Latte,2,11.0,22.0,QR,Raining
TXN-1333,2026-02-04,21:58,Putrajaya,Milk-based,Caramel Macchiato,2,13.0,26.0,Cash,Sunny
TXN-1525,2026-02-05,08:02,Puncak Alam,Milk-based,Latte,3,11.0,33.0,QR,Sunny
TXN-1542,2026-02-05,08:04,Puncak Alam,Milk-based,Mocha,3,12.0,36.0,QR,Sunny
TXN-1490,2026-02-05,08:05,Putrajaya,Espresso-based,Americano,1,9.0,9.0,QR,Cloudy
TXN-1535,2026-02-05,08:05,Puncak Alam,Ice Blended,Ice Blended Chocolate Chip,1,14.0,14.0,QR,Sunny
TXN-1459,2026-02-05,08:40,Putrajaya,Espresso-based,Americano,2,9.0,18.0,QR,Cloudy
TXN-1505,2026-02-05,08:44,Putrajaya,Milk-based,Cappuccino,3,11.0,33.0,Cash,Cloudy
TXN-1518,2026-02-05,08:52,Puncak Alam,Milk-based,Caramel Macchiato,3,13.0,39.0,Cash,Sunny
TXN-1557,2026-02-05,09:05,Puncak Alam,Espresso-based,Americano,1,9.0,9.0,QR,Sunny
TXN-1531,2026-02-05,09:07,Puncak Alam,Espresso-based,Espresso,3,7.0,21.0,QR,Sunny
TXN-1460,2026-02-05,09:12,Putrajaya,Espresso-based,Americano,1,9.0,9.0,QR,Cloudy
TXN-1509,2026-02-05,09:13,Puncak Alam,Milk-based,Cappuccino,2,11.0,22.0,Cash,Sunny
TXN-1533,2026-02-05,09:26,Puncak Alam,Milk-based,Mocha,1,12.0,12.0,QR,Sunny
TXN-1536,2026-02-05,09:29,Puncak Alam,Ice Blended,Ice Blended Chocolate Chip,2,14.0,28.0,Cash,Sunny
TXN-1554,2026-02-05,09:29,Puncak Alam,Espresso-based,Americano,1,9.0,9.0,Cash,Sunny
TXN-1489,2026-02-05,09:32,Putrajaya,Milk-based,Mocha,1,12.0,12.0,QR,Cloudy
TXN-1465,2026-02-05,09:33,Putrajaya,Espresso-based,Americano,1,9.0,9.0,QR,Cloudy
TXN-1487,2026-02-05,09:35,Putrajaya,Espresso-based,Espresso,1,7.0,7.0,QR,Cloudy
TXN-1527,2026-02-05,09:41,Puncak Alam,Milk-based,Cappuccino,1,11.0,11.0,QR,Sunny
TXN-1481,2026-02-05,09:55,Putrajaya,Milk-based,Mocha,1,12.0,12.0,QR,Cloudy
TXN-1445,2026-02-05,09:57,Putrajaya,Milk-based,Mocha,3,12.0,36.0,QR,Cloudy
TXN-1470,2026-02-05,10:03,Putrajaya,Milk-based,Caramel Macchiato,1,13.0,13.0,QR,Cloudy
TXN-1523,2026-02-05,10:05,Puncak Alam,Milk-based,Mocha,2,12.0,24.0,QR,Sunny
TXN-1472,2026-02-05,10:12,Putrajaya,Ice Blended,Ice Blended Chocolate Chip,2,14.0,28.0,QR,Cloudy
TXN-1442,2026-02-05,10:18,Putrajaya,Ice Blended,Ice Blended Chocolate Chip,1,14.0,14.0,QR,Cloudy
TXN-1547,2026-02-05,10:32,Puncak Alam,Espresso-based,Americano,1,9.0,9.0,QR,Sunny
TXN-1486,2026-02-05,10:44,Putrajaya,Ice Blended,Ice Blended Chocolate Chip,2,14.0,28.0,QR,Cloudy
TXN-1488,2026-02-05,10:44,Putrajaya,Milk-based,Cappuccino,1,11.0,11.0,Cash,Cloudy
TXN-1537,2026-02-05,10:46,Puncak Alam,Milk-based,Cappuccino,1,11.0,11.0,Cash,Sunny
TXN-1530,2026-02-05,10:47,Puncak Alam,Milk-based,Latte,1,11.0,11.0,Cash,Sunny
TXN-1469,2026-02-05,10:55,Putrajaya,Milk-based,Caramel Macchiato,1,13.0,13.0,Cash,Cloudy
TXN-1499,2026-02-05,11:01,Putrajaya,Milk-based,Mocha,1,12.0,12.0,QR,Cloudy
TXN-1513,2026-02-05,11:21,Puncak Alam,Milk-based,Caramel Macchiato,1,13.0,13.0,QR,Sunny
TXN-1480,2026-02-05,11:27,Putrajaya,Milk-based,Mocha,1,12.0,12.0,QR,Cloudy
TXN-1484,2026-02-05,11:32,Putrajaya,Espresso-based,Americano,1,9.0,9.0,QR,Cloudy
TXN-1532,2026-02-05,11:45,Puncak Alam,Espresso-based,Americano,1,9.0,9.0,QR,Sunny
TXN-1457,2026-02-05,11:51,Putrajaya,Espresso-based,Americano,1,9.0,9.0,QR,Cloudy
TXN-1540,2026-02-05,12:02,Puncak Alam,Milk-based,Caramel Macchiato,1,13.0,13.0,QR,Sunny
TXN-1546,2026-02-05,12:13,Puncak Alam,Espresso-based,Americano,2,9.0,18.0,Cash,Sunny
TXN-1556,2026-02-05,12:36,Puncak Alam,Espresso-based,Espresso,1,7.0,7.0,QR,Sunny
TXN-1504,2026-02-05,12:52,Putrajaya,Milk-based,Latte,1,11.0,11.0,Cash,Cloudy
TXN-1453,2026-02-05,12:53,Putrajaya,Ice Blended,Ice Blended Chocolate Chip,2,14.0,28.0,QR,Cloudy
TXN-1491,2026-02-05,12:58,Putrajaya,Espresso-based,Americano,1,9.0,9.0,QR,Cloudy
TXN-1502,2026-02-05,13:00,Putrajaya,Espresso-based,Espresso,1,7.0,7.0,Cash,Cloudy
TXN-1524,2026-02-05,13:08,Puncak Alam,Milk-based,Mocha,2,12.0,24.0,QR,Sunny
TXN-1452,2026-02-05,13:15,Putrajaya,Milk-based,Mocha,1,12.0,12.0,QR,Cloudy
TXN-1466,2026-02-05,13:16,Putrajaya,Milk-based,Caramel Macchiato,2,13.0,26.0,QR,Cloudy
TXN-1478,2026-02-05,13:21,Putrajaya,Milk-based,Mocha,2,12.0,24.0,Cash,Cloudy
TXN-1543,2026-02-05,13:25,Puncak Alam,Milk-based,Cappuccino,1,11.0,11.0,QR,Sunny
TXN-1514,2026-02-05,13:27,Puncak Alam,Milk-based,Mocha,1,12.0,12.0,Cash,Sunny
TXN-1516,2026-02-05,13:27,Puncak Alam,Milk-based,Caramel Macchiato,3,13.0,39.0,QR,Sunny
TXN-1495,2026-02-05,13:34,Putrajaya,Milk-based,Caramel Macchiato,1,13.0,13.0,QR,Cloudy
TXN-1526,2026-02-05,13:37,Puncak Alam,Ice Blended,Ice Blended Chocolate Chip,1,14.0,14.0,QR,Sunny
TXN-1515,2026-02-05,13:39,Puncak Alam,Milk-based,Caramel Macchiato,2,13.0,26.0,Cash,Sunny
TXN-1461,2026-02-05,13:49,Putrajaya,Milk-based,Latte,3,11.0,33.0,Cash,Cloudy
TXN-1451,2026-02-05,13:57,Putrajaya,Espresso-based,Americano,3,9.0,27.0,QR,Cloudy
TXN-1510,2026-02-05,14:14,Puncak Alam,Milk-based,Caramel Macchiato,3,13.0,39.0,Cash,Sunny
TXN-1455,2026-02-05,14:37,Putrajaya,Milk-based,Latte,1,11.0,11.0,QR,Cloudy
TXN-1477,2026-02-05,14:48,Putrajaya,Milk-based,Mocha,3,12.0,36.0,QR,Cloudy
TXN-1529,2026-02-05,14:52,Puncak Alam,Milk-based,Mocha,1,12.0,12.0,QR,Sunny
TXN-1447,2026-02-05,15:01,Putrajaya,Milk-based,Caramel Macchiato,2,13.0,26.0,Cash,Cloudy
TXN-1474,2026-02-05,15:15,Putrajaya,Milk-based,Mocha,1,12.0,12.0,QR,Cloudy
TXN-1534,2026-02-05,15:17,Puncak Alam,Espresso-based,Espresso,1,7.0,7.0,Cash,Sunny
TXN-1545,2026-02-05,15:24,Puncak Alam,Milk-based,Caramel Macchiato,2,13.0,26.0,Cash,Sunny
TXN-1482,2026-02-05,15:34,Putrajaya,Milk-based,Mocha,1,12.0,12.0,QR,Cloudy
TXN-1496,2026-02-05,15:58,Putrajaya,Milk-based,Caramel Macchiato,1,13.0,13.0,QR,Cloudy
TXN-1471,2026-02-05,16:00,Putrajaya,Milk-based,Latte,1,11.0,11.0,QR,Cloudy
TXN-1492,2026-02-05,16:07,Putrajaya,Espresso-based,Espresso,2,7.0,14.0,Cash,Cloudy
TXN-1494,2026-02-05,16:08,Putrajaya,Milk-based,Cappuccino,1,11.0,11.0,QR,Cloudy
TXN-1538,2026-02-05,16:11,Puncak Alam,Milk-based,Mocha,1,12.0,12.0,Cash,Sunny
TXN-1507,2026-02-05,16:21,Puncak Alam,Espresso-based,Espresso,2,7.0,14.0,Cash,Sunny
TXN-1520,2026-02-05,16:25,Puncak Alam,Espresso-based,Americano,2,9.0,18.0,QR,Sunny
TXN-1550,2026-02-05,16:27,Puncak Alam,Milk-based,Cappuccino,2,11.0,22.0,QR,Sunny
TXN-1517,2026-02-05,16:31,Puncak Alam,Espresso-based,Espresso,1,7.0,7.0,QR,Sunny
TXN-1551,2026-02-05,16:32,Puncak Alam,Milk-based,Cappuccino,1,11.0,11.0,QR,Sunny
TXN-1476,2026-02-05,16:34,Putrajaya,Milk-based,Mocha,1,12.0,12.0,Cash,Cloudy
TXN-1468,2026-02-05,16:36,Putrajaya,Espresso-based,Espresso,2,7.0,14.0,Cash,Cloudy
TXN-1519,2026-02-05,16:59,Puncak Alam,Milk-based,Cappuccino,1,11.0,11.0,QR,Sunny
TXN-1552,2026-02-05,17:00,Puncak Alam,Espresso-based,Espresso,2,7.0,14.0,Cash,Sunny
TXN-1485,2026-02-05,17:17,Putrajaya,Espresso-based,Espresso,1,7.0,7.0,QR,Cloudy
TXN-1497,2026-02-05,17:25,Putrajaya,Milk-based,Cappuccino,2,11.0,22.0,QR,Cloudy
TXN-1464,2026-02-05,17:37,Putrajaya,Espresso-based,Americano,3,9.0,27.0,Cash,Cloudy
TXN-1549,2026-02-05,17:40,Puncak Alam,Milk-based,Cappuccino,1,11.0,11.0,Cash,Sunny
TXN-1446,2026-02-05,18:02,Putrajaya,Milk-based,Caramel Macchiato,1,13.0,13.0,QR,Cloudy
TXN-1508,2026-02-05,18:06,Puncak Alam,Milk-based,Mocha,1,12.0,12.0,QR,Sunny
TXN-1548,2026-02-05,18:42,Puncak Alam,Espresso-based,Espresso,1,7.0,7.0,QR,Sunny
TXN-1493,2026-02-05,18:50,Putrajaya,Ice Blended,Ice Blended Chocolate Chip,1,14.0,14.0,Cash,Cloudy
TXN-1512,2026-02-05,18:54,Puncak Alam,Milk-based,Mocha,1,12.0,12.0,QR,Sunny
TXN-1454,2026-02-05,18:58,Putrajaya,Milk-based,Cappuccino,1,11.0,11.0,Cash,Cloudy
TXN-1506,2026-02-05,19:26,Putrajaya,Espresso-based,Americano,1,9.0,9.0,Cash,Cloudy
TXN-1475,2026-02-05,19:33,Putrajaya,Milk-based,Caramel Macchiato,2,13.0,26.0,Cash,Cloudy
TXN-1521,2026-02-05,19:33,Puncak Alam,Milk-based,Cappuccino,1,11.0,11.0,QR,Sunny
TXN-1503,2026-02-05,19:40,Putrajaya,Espresso-based,Espresso,1,7.0,7.0,QR,Cloudy
TXN-1498,2026-02-05,19:43,Putrajaya,Milk-based,Cappuccino,1,11.0,11.0,QR,Cloudy
TXN-1456,2026-02-05,19:55,Putrajaya,Milk-based,Mocha,1,12.0,12.0,QR,Cloudy
TXN-1500,2026-02-05,19:55,Putrajaya,Espresso-based,Espresso,4,7.0,28.0,QR,Cloudy
TXN-1473,2026-02-05,20:00,Putrajaya,Espresso-based,Americano,1,9.0,9.0,Cash,Cloudy
TXN-1501,2026-02-05,20:04,Putrajaya,Ice Blended,Ice Blended Chocolate Chip,2,14.0,28.0,QR,Cloudy
TXN-1462,2026-02-05,20:05,Putrajaya,Milk-based,Latte,1,11.0,11.0,QR,Cloudy
TXN-1544,2026-02-05,20:13,Puncak Alam,Milk-based,Latte,1,11.0,11.0,Cash,Sunny
TXN-1449,2026-02-05,20:22,Putrajaya,Milk-based,Caramel Macchiato,1,13.0,13.0,QR,Cloudy
TXN-1541,2026-02-05,20:28,Puncak Alam,Milk-based,Cappuccino,1,11.0,11.0,Cash,Sunny
TXN-1511,2026-02-05,20:30,Puncak Alam,Espresso-based,Americano,2,9.0,18.0,QR,Sunny
TXN-1448,2026-02-05,20:31,Putrajaya,Milk-based,Cappuccino,1,11.0,11.0,Cash,Cloudy
TXN-1555,2026-02-05,20:36,Puncak Alam,Milk-based,Cappuccino,1,11.0,11.0,QR,Sunny
TXN-1479,2026-02-05,20:40,Putrajaya,Milk-based,Cappuccino,1,11.0,11.0,Cash,Cloudy
TXN-1444,2026-02-05,20:43,Putrajaya,Espresso-based,Americano,1,9.0,9.0,QR,Cloudy
TXN-1522,2026-02-05,20:46,Puncak Alam,Espresso-based,Espresso,1,7.0,7.0,QR,Sunny
TXN-1463,2026-02-05,20:48,Putrajaya,Espresso-based,Espresso,1,7.0,7.0,QR,Cloudy
TXN-1441,2026-02-05,20:51,Putrajaya,Espresso-based,Americano,1,9.0,9.0,QR,Cloudy
TXN-1458,2026-02-05,20:51,Putrajaya,Espresso-based,Americano,2,9.0,18.0,QR,Cloudy
TXN-1553,2026-02-05,20:57,Puncak Alam,Milk-based,Cappuccino,1,11.0,11.0,QR,Sunny
TXN-1450,2026-02-05,21:21,Putrajaya,Milk-based,Latte,1,11.0,11.0,Cash,Cloudy
TXN-1528,2026-02-05,21:27,Puncak Alam,Milk-based,Caramel Macchiato,1,13.0,13.0,QR,Sunny
TXN-1443,2026-02-05,21:28,Putrajaya,Milk-based,Latte,1,11.0,11.0,QR,Cloudy
TXN-1467,2026-02-05,21:28,Putrajaya,Ice Blended,Ice Blended Chocolate Chip,2,14.0,28.0,Cash,Cloudy
TXN-1483,2026-02-05,21:36,Putrajaya,Milk-based,Mocha,1,12.0,12.0,Cash,Cloudy
TXN-1539,2026-02-05,21:36,Puncak Alam,Milk-based,Mocha,1,12.0,12.0,QR,Sunny
TXN-1617,2026-02-06,08:00,Puncak Alam,Ice Blended,Ice Blended Chocolate Chip,1,14.0,14.0,QR,Sunny
TXN-1564,2026-02-06,08:03,Putrajaya,Milk-based,Mocha,1,12.0,12.0,QR,Sunny
TXN-1621,2026-02-06,08:09,Puncak Alam,Milk-based,Cappuccino,1,11.0,11.0,Cash,Sunny
TXN-1580,2026-02-06,08:10,Putrajaya,Ice Blended,Ice Blended Chocolate Chip,1,14.0,14.0,QR,Sunny
TXN-1619,2026-02-06,08:25,Puncak Alam,Espresso-based,Espresso,2,7.0,14.0,QR,Sunny
TXN-1650,2026-02-06,08:31,Puncak Alam,Espresso-based,Americano,1,9.0,9.0,QR,Sunny
TXN-1643,2026-02-06,08:38,Puncak Alam,Milk-based,Caramel Macchiato,1,13.0,13.0,QR,Sunny
TXN-1596,2026-02-06,08:39,Puncak Alam,Milk-based,Latte,1,11.0,11.0,Cash,Sunny
TXN-1582,2026-02-06,08:42,Putrajaya,Espresso-based,Americano,1,9.0,9.0,Cash,Sunny
TXN-1659,2026-02-06,08:42,Puncak Alam,Milk-based,Caramel Macchiato,1,13.0,13.0,QR,Sunny
TXN-1585,2026-02-06,08:43,Putrajaya,Milk-based,Cappuccino,1,11.0,11.0,QR,Sunny
TXN-1656,2026-02-06,08:46,Puncak Alam,Milk-based,Cappuccino,1,11.0,11.0,QR,Sunny
TXN-1586,2026-02-06,08:58,Putrajaya,Milk-based,Caramel Macchiato,4,13.0,52.0,Cash,Sunny
TXN-1587,2026-02-06,09:01,Putrajaya,Espresso-based,Americano,1,9.0,9.0,QR,Sunny
TXN-1647,2026-02-06,09:09,Puncak Alam,Milk-based,Latte,1,11.0,11.0,Cash,Sunny
TXN-1594,2026-02-06,09:38,Puncak Alam,Espresso-based,Espresso,2,7.0,14.0,QR,Sunny
TXN-1581,2026-02-06,09:40,Putrajaya,Milk-based,Latte,1,11.0,11.0,QR,Sunny
TXN-1616,2026-02-06,09:47,Puncak Alam,Milk-based,Cappuccino,4,11.0,44.0,QR,Sunny
TXN-1652,2026-02-06,09:55,Puncak Alam,Espresso-based,Americano,1,9.0,9.0,Cash,Sunny
TXN-1562,2026-02-06,09:56,Putrajaya,Milk-based,Latte,2,11.0,22.0,QR,Sunny
TXN-1645,2026-02-06,10:03,Puncak Alam,Milk-based,Cappuccino,1,11.0,11.0,QR,Sunny
TXN-1573,2026-02-06,10:10,Putrajaya,Milk-based,Mocha,2,12.0,24.0,QR,Sunny
TXN-1624,2026-02-06,10:22,Puncak Alam,Espresso-based,Espresso,2,7.0,14.0,QR,Sunny
TXN-1598,2026-02-06,10:24,Puncak Alam,Espresso-based,Americano,1,9.0,9.0,Cash,Sunny
TXN-1559,2026-02-06,10:28,Putrajaya,Milk-based,Latte,2,11.0,22.0,QR,Sunny
TXN-1618,2026-02-06,10:39,Puncak Alam,Milk-based,Latte,1,11.0,11.0,QR,Sunny
TXN-1577,2026-02-06,10:43,Putrajaya,Espresso-based,Americano,1,9.0,9.0,QR,Sunny
TXN-1605,2026-02-06,10:55,Puncak Alam,Milk-based,Mocha,1,12.0,12.0,QR,Sunny
TXN-1603,2026-02-06,11:10,Puncak Alam,Ice Blended,Ice Blended Chocolate Chip,1,14.0,14.0,QR,Sunny
TXN-1595,2026-02-06,11:56,Puncak Alam,Milk-based,Mocha,1,12.0,12.0,QR,Sunny
TXN-1639,2026-02-06,12:06,Puncak Alam,Milk-based,Cappuccino,1,11.0,11.0,QR,Sunny
TXN-1576,2026-02-06,12:15,Putrajaya,Milk-based,Cappuccino,1,11.0,11.0,QR,Sunny
TXN-1609,2026-02-06,12:21,Puncak Alam,Espresso-based,Espresso,1,7.0,7.0,QR,Sunny
TXN-1623,2026-02-06,12:21,Puncak Alam,Milk-based,Caramel Macchiato,1,13.0,13.0,QR,Sunny
TXN-1612,2026-02-06,12:22,Puncak Alam,Milk-based,Caramel Macchiato,2,13.0,26.0,QR,Sunny
TXN-1636,2026-02-06,12:27,Puncak Alam,Milk-based,Mocha,2,12.0,24.0,QR,Sunny
TXN-1642,2026-02-06,12:40,Puncak Alam,Milk-based,Latte,1,11.0,11.0,QR,Sunny
TXN-1627,2026-02-06,12:41,Puncak Alam,Ice Blended,Ice Blended Chocolate Chip,2,14.0,28.0,Cash,Sunny
TXN-1653,2026-02-06,13:08,Puncak Alam,Milk-based,Caramel Macchiato,4,13.0,52.0,QR,Sunny
TXN-1567,2026-02-06,13:10,Putrajaya,Milk-based,Caramel Macchiato,1,13.0,13.0,Cash,Sunny
TXN-1610,2026-02-06,13:10,Puncak Alam,Ice Blended,Ice Blended Chocolate Chip,1,14.0,14.0,QR,Sunny
TXN-1626,2026-02-06,13:23,Puncak Alam,Milk-based,Mocha,1,12.0,12.0,QR,Sunny
TXN-1568,2026-02-06,13:28,Putrajaya,Ice Blended,Ice Blended Chocolate Chip,1,14.0,14.0,Cash,Sunny
TXN-1561,2026-02-06,13:43,Putrajaya,Ice Blended,Ice Blended Chocolate Chip,3,14.0,42.0,Cash,Sunny
TXN-1569,2026-02-06,14:30,Putrajaya,Milk-based,Latte,1,11.0,11.0,QR,Sunny
TXN-1649,2026-02-06,14:48,Puncak Alam,Milk-based,Cappuccino,1,11.0,11.0,QR,Sunny
TXN-1589,2026-02-06,14:49,Puncak Alam,Ice Blended,Ice Blended Chocolate Chip,3,14.0,42.0,QR,Sunny
TXN-1620,2026-02-06,15:11,Puncak Alam,Ice Blended,Ice Blended Chocolate Chip,2,14.0,28.0,QR,Sunny
TXN-1654,2026-02-06,15:11,Puncak Alam,Espresso-based,Americano,2,9.0,18.0,QR,Sunny
TXN-1614,2026-02-06,15:13,Puncak Alam,Espresso-based,Espresso,1,7.0,7.0,QR,Sunny
TXN-1583,2026-02-06,15:19,Putrajaya,Ice Blended,Ice Blended Chocolate Chip,2,14.0,28.0,QR,Sunny
TXN-1584,2026-02-06,15:32,Putrajaya,Milk-based,Cappuccino,2,11.0,22.0,QR,Sunny
TXN-1590,2026-02-06,15:39,Puncak Alam,Espresso-based,Americano,2,9.0,18.0,Cash,Sunny
TXN-1571,2026-02-06,15:47,Putrajaya,Milk-based,Latte,1,11.0,11.0,QR,Sunny
TXN-1631,2026-02-06,16:11,Puncak Alam,Milk-based,Latte,1,11.0,11.0,QR,Sunny
TXN-1599,2026-02-06,16:37,Puncak Alam,Ice Blended,Ice Blended Chocolate Chip,1,14.0,14.0,QR,Sunny
TXN-1641,2026-02-06,16:39,Puncak Alam,Ice Blended,Ice Blended Chocolate Chip,1,14.0,14.0,Cash,Sunny
TXN-1606,2026-02-06,16:48,Puncak Alam,Milk-based,Latte,1,11.0,11.0,QR,Sunny
TXN-1658,2026-02-06,16:48,Puncak Alam,Espresso-based,Americano,1,9.0,9.0,QR,Sunny
TXN-1579,2026-02-06,16:53,Putrajaya,Milk-based,Mocha,1,12.0,12.0,QR,Sunny
TXN-1578,2026-02-06,16:54,Putrajaya,Milk-based,Latte,1,11.0,11.0,QR,Sunny
TXN-1600,2026-02-06,16:55,Puncak Alam,Espresso-based,Americano,1,9.0,9.0,Cash,Sunny
TXN-1625,2026-02-06,17:21,Puncak Alam,Ice Blended,Ice Blended Chocolate Chip,2,14.0,28.0,Cash,Sunny
TXN-1635,2026-02-06,17:21,Puncak Alam,Ice Blended,Ice Blended Chocolate Chip,3,14.0,42.0,QR,Sunny
TXN-1591,2026-02-06,17:27,Puncak Alam,Milk-based,Latte,2,11.0,22.0,QR,Sunny
TXN-1628,2026-02-06,17:29,Puncak Alam,Milk-based,Latte,4,11.0,44.0,Cash,Sunny
TXN-1651,2026-02-06,17:29,Puncak Alam,Espresso-based,Americano,1,9.0,9.0,QR,Sunny
TXN-1634,2026-02-06,17:31,Puncak Alam,Milk-based,Latte,1,11.0,11.0,Cash,Sunny
TXN-1611,2026-02-06,17:34,Puncak Alam,Milk-based,Cappuccino,1,11.0,11.0,QR,Sunny
TXN-1657,2026-02-06,17:36,Puncak Alam,Milk-based,Mocha,1,12.0,12.0,QR,Sunny
TXN-1662,2026-02-06,17:37,Puncak Alam,Milk-based,Cappuccino,1,11.0,11.0,Cash,Sunny
TXN-1572,2026-02-06,17:43,Putrajaya,Espresso-based,Americano,1,9.0,9.0,QR,Sunny
TXN-1648,2026-02-06,17:44,Puncak Alam,Espresso-based,Americano,3,9.0,27.0,Cash,Sunny
TXN-1638,2026-02-06,17:46,Puncak Alam,Milk-based,Latte,1,11.0,11.0,QR,Sunny
TXN-1661,2026-02-06,17:46,Puncak Alam,Espresso-based,Espresso,1,7.0,7.0,QR,Sunny
TXN-1615,2026-02-06,17:57,Puncak Alam,Ice Blended,Ice Blended Chocolate Chip,1,14.0,14.0,Cash,Sunny
TXN-1607,2026-02-06,18:03,Puncak Alam,Espresso-based,Espresso,1,7.0,7.0,Cash,Sunny
TXN-1602,2026-02-06,18:09,Puncak Alam,Espresso-based,Americano,2,9.0,18.0,QR,Sunny
TXN-1558,2026-02-06,18:14,Putrajaya,Milk-based,Latte,3,11.0,33.0,QR,Sunny
TXN-1566,2026-02-06,18:18,Putrajaya,Milk-based,Caramel Macchiato,2,13.0,26.0,Cash,Sunny
TXN-1630,2026-02-06,18:22,Puncak Alam,Milk-based,Mocha,1,12.0,12.0,QR,Sunny
TXN-1593,2026-02-06,18:33,Puncak Alam,Milk-based,Cappuccino,2,11.0,22.0,QR,Sunny
TXN-1570,2026-02-06,18:46,Putrajaya,Milk-based,Latte,1,11.0,11.0,Cash,Sunny
TXN-1604,2026-02-06,18:50,Puncak Alam,Milk-based,Cappuccino,1,11.0,11.0,QR,Sunny
TXN-1637,2026-02-06,19:02,Puncak Alam,Milk-based,Caramel Macchiato,2,13.0,26.0,QR,Sunny
TXN-1622,2026-02-06,19:14,Puncak Alam,Milk-based,Caramel Macchiato,1,13.0,13.0,Cash,Sunny
TXN-1640,2026-02-06,19:31,Puncak Alam,Ice Blended,Ice Blended Chocolate Chip,2,14.0,28.0,QR,Sunny
TXN-1646,2026-02-06,19:34,Puncak Alam,Milk-based,Latte,1,11.0,11.0,Cash,Sunny
TXN-1632,2026-02-06,19:46,Puncak Alam,Espresso-based,Espresso,1,7.0,7.0,QR,Sunny
TXN-1588,2026-02-06,19:57,Putrajaya,Milk-based,Caramel Macchiato,3,13.0,39.0,QR,Sunny
TXN-1592,2026-02-06,20:03,Puncak Alam,Milk-based,Caramel Macchiato,3,13.0,39.0,QR,Sunny
TXN-1563,2026-02-06,20:07,Putrajaya,Milk-based,Latte,1,11.0,11.0,QR,Sunny
TXN-1560,2026-02-06,20:12,Putrajaya,Milk-based,Caramel Macchiato,2,13.0,26.0,QR,Sunny
TXN-1655,2026-02-06,20:19,Puncak Alam,Milk-based,Mocha,1,12.0,12.0,Cash,Sunny
TXN-1629,2026-02-06,20:42,Puncak Alam,Milk-based,Cappuccino,1,11.0,11.0,QR,Sunny
TXN-1565,2026-02-06,20:51,Putrajaya,Milk-based,Mocha,1,12.0,12.0,QR,Sunny
TXN-1633,2026-02-06,20:53,Puncak Alam,Milk-based,Caramel Macchiato,1,13.0,13.0,Cash,Sunny
TXN-1613,2026-02-06,20:58,Puncak Alam,Milk-based,Latte,1,11.0,11.0,QR,Sunny
TXN-1597,2026-02-06,21:10,Puncak Alam,Espresso-based,Americano,1,9.0,9.0,Cash,Sunny
TXN-1644,2026-02-06,21:12,Puncak Alam,Milk-based,Cappuccino,1,11.0,11.0,QR,Sunny
TXN-1608,2026-02-06,21:28,Puncak Alam,Espresso-based,Espresso,2,7.0,14.0,QR,Sunny
TXN-1574,2026-02-06,21:33,Putrajaya,Milk-based,Cappuccino,2,11.0,22.0,QR,Sunny
TXN-1660,2026-02-06,21:36,Puncak Alam,Milk-based,Latte,1,11.0,11.0,QR,Sunny
TXN-1601,2026-02-06,21:46,Puncak Alam,Milk-based,Latte,1,11.0,11.0,QR,Sunny
TXN-1575,2026-02-06,21:53,Putrajaya,Ice Blended,Ice Blended Chocolate Chip,1,14.0,14.0,QR,Sunny
TXN-1764,2026-02-07,08:04,Puncak Alam,Milk-based,Mocha,1,12.0,12.0,Cash,Sunny
TXN-1695,2026-02-07,08:05,Putrajaya,Milk-based,Latte,1,11.0,11.0,Cash,Raining
TXN-1708,2026-02-07,08:07,Putrajaya,Milk-based,Latte,2,11.0,22.0,Cash,Raining
TXN-1674,2026-02-07,08:09,Putrajaya,Milk-based,Mocha,1,12.0,12.0,Cash,Raining
TXN-1749,2026-02-07,08:29,Puncak Alam,Milk-based,Latte,1,11.0,11.0,QR,Sunny
TXN-1813,2026-02-07,08:29,Puncak Alam,Milk-based,Mocha,1,12.0,12.0,QR,Sunny
TXN-1771,2026-02-07,08:45,Puncak Alam,Milk-based,Latte,1,11.0,11.0,Cash,Sunny
TXN-1689,2026-02-07,08:50,Putrajaya,Milk-based,Mocha,2,12.0,24.0,Cash,Raining
TXN-1805,2026-02-07,08:58,Puncak Alam,Ice Blended,Ice Blended Chocolate Chip,2,14.0,28.0,Cash,Sunny
TXN-1705,2026-02-07,09:01,Putrajaya,Espresso-based,Espresso,1,7.0,7.0,QR,Raining
TXN-1768,2026-02-07,09:18,Puncak Alam,Espresso-based,Americano,1,9.0,9.0,QR,Sunny
TXN-1796,2026-02-07,09:25,Puncak Alam,Milk-based,Caramel Macchiato,1,13.0,13.0,QR,Sunny
TXN-1728,2026-02-07,09:26,Putrajaya,Milk-based,Latte,3,11.0,33.0,Cash,Raining
TXN-1715,2026-02-07,09:31,Putrajaya,Espresso-based,Americano,1,9.0,9.0,Cash,Raining
TXN-1675,2026-02-07,09:32,Putrajaya,Milk-based,Cappuccino,1,11.0,11.0,QR,Raining
TXN-1786,2026-02-07,09:45,Puncak Alam,Espresso-based,Espresso,1,7.0,7.0,QR,Sunny
TXN-1740,2026-02-07,09:47,Putrajaya,Milk-based,Cappuccino,1,11.0,11.0,Cash,Raining
TXN-1704,2026-02-07,09:49,Putrajaya,Ice Blended,Ice Blended Chocolate Chip,1,14.0,14.0,Cash,Raining
TXN-1726,2026-02-07,09:57,Putrajaya,Milk-based,Latte,3,11.0,33.0,Cash,Raining
TXN-1760,2026-02-07,09:59,Puncak Alam,Milk-based,Mocha,1,12.0,12.0,Cash,Sunny
TXN-1765,2026-02-07,10:10,Puncak Alam,Milk-based,Cappuccino,2,11.0,22.0,Cash,Sunny
TXN-1691,2026-02-07,10:23,Putrajaya,Espresso-based,Americano,1,9.0,9.0,QR,Raining
TXN-1669,2026-02-07,10:24,Putrajaya,Ice Blended,Ice Blended Chocolate Chip,2,14.0,28.0,QR,Raining
TXN-1701,2026-02-07,10:29,Putrajaya,Milk-based,Latte,1,11.0,11.0,QR,Raining
TXN-1798,2026-02-07,10:31,Puncak Alam,Milk-based,Cappuccino,2,11.0,22.0,Cash,Sunny
TXN-1744,2026-02-07,10:37,Puncak Alam,Milk-based,Caramel Macchiato,1,13.0,13.0,Cash,Sunny
TXN-1810,2026-02-07,10:38,Puncak Alam,Ice Blended,Ice Blended Chocolate Chip,1,14.0,14.0,QR,Sunny
TXN-1770,2026-02-07,10:42,Puncak Alam,Espresso-based,Americano,3,9.0,27.0,QR,Sunny
TXN-1802,2026-02-07,10:44,Puncak Alam,Espresso-based,Espresso,1,7.0,7.0,QR,Sunny
TXN-1746,2026-02-07,10:50,Puncak Alam,Ice Blended,Ice Blended Chocolate Chip,1,14.0,14.0,QR,Sunny
TXN-1762,2026-02-07,10:56,Puncak Alam,Milk-based,Caramel Macchiato,2,13.0,26.0,Cash,Sunny
TXN-1712,2026-02-07,10:59,Putrajaya,Milk-based,Mocha,2,12.0,24.0,QR,Raining
TXN-1665,2026-02-07,11:11,Putrajaya,Ice Blended,Ice Blended Chocolate Chip,1,14.0,14.0,QR,Raining
TXN-1714,2026-02-07,11:22,Putrajaya,Espresso-based,Americano,1,9.0,9.0,QR,Raining
TXN-1690,2026-02-07,11:32,Putrajaya,Espresso-based,Americano,1,9.0,9.0,QR,Raining
TXN-1757,2026-02-07,11:35,Puncak Alam,Milk-based,Latte,2,11.0,22.0,QR,Sunny
TXN-1697,2026-02-07,11:36,Putrajaya,Espresso-based,Espresso,2,7.0,14.0,QR,Raining
TXN-1718,2026-02-07,11:36,Putrajaya,Milk-based,Caramel Macchiato,1,13.0,13.0,QR,Raining
TXN-1799,2026-02-07,11:36,Puncak Alam,Ice Blended,Ice Blended Chocolate Chip,3,14.0,42.0,Cash,Sunny
TXN-1794,2026-02-07,11:39,Puncak Alam,Ice Blended,Ice Blended Chocolate Chip,1,14.0,14.0,Cash,Sunny
TXN-1696,2026-02-07,11:46,Putrajaya,Milk-based,Caramel Macchiato,1,13.0,13.0,QR,Raining
TXN-1680,2026-02-07,11:54,Putrajaya,Espresso-based,Espresso,2,7.0,14.0,QR,Raining
TXN-1769,2026-02-07,11:55,Puncak Alam,Milk-based,Cappuccino,1,11.0,11.0,QR,Sunny
TXN-1778,2026-02-07,11:57,Puncak Alam,Espresso-based,Espresso,1,7.0,7.0,QR,Sunny
TXN-1720,2026-02-07,11:58,Putrajaya,Milk-based,Caramel Macchiato,3,13.0,39.0,QR,Raining
TXN-1693,2026-02-07,11:59,Putrajaya,Milk-based,Latte,1,11.0,11.0,QR,Raining
TXN-1774,2026-02-07,12:07,Puncak Alam,Milk-based,Cappuccino,1,11.0,11.0,QR,Sunny
TXN-1785,2026-02-07,12:13,Puncak Alam,Milk-based,Cappuccino,1,11.0,11.0,Cash,Sunny
TXN-1756,2026-02-07,12:23,Puncak Alam,Milk-based,Mocha,1,12.0,12.0,Cash,Sunny
TXN-1793,2026-02-07,12:24,Puncak Alam,Milk-based,Cappuccino,3,11.0,33.0,Cash,Sunny
TXN-1792,2026-02-07,12:25,Puncak Alam,Milk-based,Caramel Macchiato,1,13.0,13.0,QR,Sunny
TXN-1818,2026-02-07,12:26,Puncak Alam,Espresso-based,Espresso,1,7.0,7.0,QR,Sunny
TXN-1725,2026-02-07,12:45,Putrajaya,Milk-based,Latte,3,11.0,33.0,Cash,Raining
TXN-1787,2026-02-07,12:46,Puncak Alam,Espresso-based,Espresso,3,7.0,21.0,QR,Sunny
TXN-1736,2026-02-07,12:49,Putrajaya,Milk-based,Latte,1,11.0,11.0,Cash,Raining
TXN-1800,2026-02-07,12:55,Puncak Alam,Milk-based,Caramel Macchiato,1,13.0,13.0,Cash,Sunny
TXN-1684,2026-02-07,12:58,Putrajaya,Milk-based,Mocha,1,12.0,12.0,Cash,Raining
TXN-1747,2026-02-07,13:00,Puncak Alam,Ice Blended,Ice Blended Chocolate Chip,1,14.0,14.0,Cash,Sunny
TXN-1663,2026-02-07,13:04,Putrajaya,Milk-based,Caramel Macchiato,1,13.0,13.0,Cash,Raining
TXN-1803,2026-02-07,13:17,Puncak Alam,Espresso-based,Americano,1,9.0,9.0,Cash,Sunny
TXN-1727,2026-02-07,13:21,Putrajaya,Milk-based,Latte,2,11.0,22.0,Cash,Raining
TXN-1673,2026-02-07,13:22,Putrajaya,Milk-based,Mocha,2,12.0,24.0,QR,Raining
TXN-1753,2026-02-07,13:33,Puncak Alam,Milk-based,Caramel Macchiato,1,13.0,13.0,QR,Sunny
TXN-1676,2026-02-07,13:54,Putrajaya,Espresso-based,Americano,1,9.0,9.0,QR,Raining
TXN-1694,2026-02-07,13:54,Putrajaya,Milk-based,Mocha,3,12.0,36.0,QR,Raining
TXN-1666,2026-02-07,14:02,Putrajaya,Espresso-based,Americano,2,9.0,18.0,QR,Raining
TXN-1801,2026-02-07,14:02,Puncak Alam,Milk-based,Cappuccino,1,11.0,11.0,Cash,Sunny
TXN-1702,2026-02-07,14:03,Putrajaya,Ice Blended,Ice Blended Chocolate Chip,2,14.0,28.0,Cash,Raining
TXN-1773,2026-02-07,14:13,Puncak Alam,Milk-based,Mocha,1,12.0,12.0,Cash,Sunny
TXN-1814,2026-02-07,14:16,Puncak Alam,Milk-based,Latte,1,11.0,11.0,QR,Sunny
TXN-1806,2026-02-07,14:23,Puncak Alam,Espresso-based,Espresso,2,7.0,14.0,Cash,Sunny
TXN-1742,2026-02-07,14:24,Puncak Alam,Espresso-based,Americano,1,9.0,9.0,Cash,Sunny
TXN-1743,2026-02-07,14:36,Puncak Alam,Milk-based,Latte,1,11.0,11.0,Cash,Sunny
TXN-1717,2026-02-07,14:37,Putrajaya,Milk-based,Caramel Macchiato,1,13.0,13.0,QR,Raining
TXN-1783,2026-02-07,14:37,Puncak Alam,Espresso-based,Americano,1,9.0,9.0,Cash,Sunny
TXN-1722,2026-02-07,14:49,Putrajaya,Milk-based,Cappuccino,1,11.0,11.0,QR,Raining
TXN-1724,2026-02-07,14:49,Putrajaya,Milk-based,Cappuccino,1,11.0,11.0,QR,Raining
TXN-1795,2026-02-07,14:49,Puncak Alam,Ice Blended,Ice Blended Chocolate Chip,1,14.0,14.0,QR,Sunny
TXN-1688,2026-02-07,14:54,Putrajaya,Milk-based,Cappuccino,1,11.0,11.0,QR,Raining
TXN-1698,2026-02-07,14:57,Putrajaya,Milk-based,Caramel Macchiato,1,13.0,13.0,QR,Raining
TXN-1751,2026-02-07,14:58,Puncak Alam,Milk-based,Cappuccino,1,11.0,11.0,QR,Sunny
TXN-1667,2026-02-07,15:15,Putrajaya,Milk-based,Latte,3,11.0,33.0,QR,Raining
TXN-1758,2026-02-07,15:21,Puncak Alam,Milk-based,Latte,2,11.0,22.0,QR,Sunny
TXN-1734,2026-02-07,15:22,Putrajaya,Espresso-based,Espresso,1,7.0,7.0,QR,Raining
TXN-1738,2026-02-07,15:23,Putrajaya,Milk-based,Mocha,1,12.0,12.0,QR,Raining
TXN-1748,2026-02-07,15:41,Puncak Alam,Espresso-based,Espresso,2,7.0,14.0,QR,Sunny
TXN-1683,2026-02-07,15:47,Putrajaya,Milk-based,Mocha,3,12.0,36.0,QR,Raining
TXN-1788,2026-02-07,15:48,Puncak Alam,Milk-based,Latte,2,11.0,22.0,QR,Sunny
TXN-1716,2026-02-07,16:07,Putrajaya,Milk-based,Latte,1,11.0,11.0,Cash,Raining
TXN-1759,2026-02-07,16:08,Puncak Alam,Espresso-based,Americano,1,9.0,9.0,Cash,Sunny
TXN-1699,2026-02-07,16:19,Putrajaya,Milk-based,Latte,1,11.0,11.0,Cash,Raining
TXN-1719,2026-02-07,16:22,Putrajaya,Milk-based,Mocha,2,12.0,24.0,QR,Raining
TXN-1710,2026-02-07,16:33,Putrajaya,Milk-based,Mocha,1,12.0,12.0,QR,Raining
TXN-1767,2026-02-07,16:46,Puncak Alam,Espresso-based,Americano,1,9.0,9.0,QR,Sunny
TXN-1723,2026-02-07,16:55,Putrajaya,Milk-based,Cappuccino,2,11.0,22.0,QR,Raining
TXN-1776,2026-02-07,16:55,Puncak Alam,Ice Blended,Ice Blended Chocolate Chip,1,14.0,14.0,QR,Sunny
TXN-1779,2026-02-07,16:58,Puncak Alam,Ice Blended,Ice Blended Chocolate Chip,1,14.0,14.0,QR,Sunny
TXN-1670,2026-02-07,17:09,Putrajaya,Milk-based,Cappuccino,3,11.0,33.0,QR,Raining
TXN-1754,2026-02-07,17:09,Puncak Alam,Espresso-based,Americano,1,9.0,9.0,Cash,Sunny
TXN-1731,2026-02-07,17:12,Putrajaya,Espresso-based,Americano,2,9.0,18.0,QR,Raining
TXN-1703,2026-02-07,17:13,Putrajaya,Espresso-based,Americano,2,9.0,18.0,QR,Raining
TXN-1737,2026-02-07,17:18,Putrajaya,Milk-based,Latte,2,11.0,22.0,QR,Raining
TXN-1686,2026-02-07,17:30,Putrajaya,Milk-based,Mocha,1,12.0,12.0,QR,Raining
TXN-1755,2026-02-07,17:33,Puncak Alam,Milk-based,Latte,1,11.0,11.0,Cash,Sunny
TXN-1692,2026-02-07,17:39,Putrajaya,Milk-based,Mocha,1,12.0,12.0,QR,Raining
TXN-1681,2026-02-07,17:51,Putrajaya,Milk-based,Latte,3,11.0,33.0,QR,Raining
TXN-1789,2026-02-07,17:51,Puncak Alam,Milk-based,Latte,3,11.0,33.0,QR,Sunny
TXN-1812,2026-02-07,17:52,Puncak Alam,Espresso-based,Espresso,1,7.0,7.0,Cash,Sunny
TXN-1713,2026-02-07,18:11,Putrajaya,Ice Blended,Ice Blended Chocolate Chip,1,14.0,14.0,Cash,Raining
TXN-1797,2026-02-07,18:12,Puncak Alam,Milk-based,Mocha,1,12.0,12.0,QR,Sunny
TXN-1780,2026-02-07,18:13,Puncak Alam,Espresso-based,Espresso,1,7.0,7.0,Cash,Sunny
TXN-1735,2026-02-07,18:18,Putrajaya,Milk-based,Caramel Macchiato,1,13.0,13.0,QR,Raining
TXN-1775,2026-02-07,18:18,Puncak Alam,Milk-based,Latte,1,11.0,11.0,QR,Sunny
TXN-1766,2026-02-07,18:26,Puncak Alam,Milk-based,Latte,1,11.0,11.0,QR,Sunny
TXN-1781,2026-02-07,18:26,Puncak Alam,Milk-based,Cappuccino,1,11.0,11.0,QR,Sunny
TXN-1709,2026-02-07,18:31,Putrajaya,Espresso-based,Espresso,2,7.0,14.0,QR,Raining
TXN-1819,2026-02-07,18:33,Puncak Alam,Milk-based,Cappuccino,2,11.0,22.0,Cash,Sunny
TXN-1700,2026-02-07,18:45,Putrajaya,Milk-based,Cappuccino,1,11.0,11.0,Cash,Raining
TXN-1679,2026-02-07,18:47,Putrajaya,Milk-based,Latte,4,11.0,44.0,QR,Raining
TXN-1685,2026-02-07,18:59,Putrajaya,Milk-based,Caramel Macchiato,1,13.0,13.0,Cash,Raining
TXN-1761,2026-02-07,19:03,Puncak Alam,Milk-based,Latte,1,11.0,11.0,QR,Sunny
TXN-1809,2026-02-07,19:09,Puncak Alam,Milk-based,Cappuccino,2,11.0,22.0,QR,Sunny
TXN-1711,2026-02-07,19:13,Putrajaya,Espresso-based,Americano,2,9.0,18.0,QR,Raining
TXN-1672,2026-02-07,19:15,Putrajaya,Espresso-based,Espresso,1,7.0,7.0,QR,Raining
TXN-1733,2026-02-07,19:20,Putrajaya,Milk-based,Latte,1,11.0,11.0,Cash,Raining
TXN-1790,2026-02-07,19:22,Puncak Alam,Espresso-based,Americano,2,9.0,18.0,QR,Sunny
TXN-1678,2026-02-07,19:25,Putrajaya,Espresso-based,Americano,1,9.0,9.0,QR,Raining
TXN-1782,2026-02-07,19:35,Puncak Alam,Espresso-based,Espresso,1,7.0,7.0,QR,Sunny
TXN-1777,2026-02-07,19:39,Puncak Alam,Milk-based,Mocha,1,12.0,12.0,QR,Sunny
TXN-1721,2026-02-07,19:40,Putrajaya,Milk-based,Mocha,2,12.0,24.0,Cash,Raining
TXN-1807,2026-02-07,19:59,Puncak Alam,Milk-based,Cappuccino,1,11.0,11.0,QR,Sunny
TXN-1784,2026-02-07,20:17,Puncak Alam,Milk-based,Caramel Macchiato,3,13.0,39.0,QR,Sunny
TXN-1682,2026-02-07,20:19,Putrajaya,Milk-based,Caramel Macchiato,2,13.0,26.0,QR,Raining
TXN-1752,2026-02-07,20:23,Puncak Alam,Milk-based,Cappuccino,2,11.0,22.0,QR,Sunny
TXN-1791,2026-02-07,20:30,Puncak Alam,Milk-based,Mocha,1,12.0,12.0,QR,Sunny
TXN-1811,2026-02-07,20:37,Puncak Alam,Milk-based,Latte,4,11.0,44.0,QR,Sunny
TXN-1730,2026-02-07,20:40,Putrajaya,Espresso-based,Espresso,1,7.0,7.0,Cash,Raining
TXN-1664,2026-02-07,20:41,Putrajaya,Espresso-based,Americano,1,9.0,9.0,QR,Raining
TXN-1677,2026-02-07,20:41,Putrajaya,Espresso-based,Americano,1,9.0,9.0,QR,Raining
TXN-1729,2026-02-07,20:43,Putrajaya,Milk-based,Cappuccino,2,11.0,22.0,QR,Raining
TXN-1745,2026-02-07,20:44,Puncak Alam,Milk-based,Cappuccino,2,11.0,22.0,Cash,Sunny
TXN-1804,2026-02-07,20:44,Puncak Alam,Ice Blended,Ice Blended Chocolate Chip,1,14.0,14.0,QR,Sunny
TXN-1739,2026-02-07,20:59,Putrajaya,Espresso-based,Americano,4,9.0,36.0,Cash,Raining
TXN-1763,2026-02-07,21:03,Puncak Alam,Milk-based,Latte,1,11.0,11.0,Cash,Sunny
TXN-1808,2026-02-07,21:06,Puncak Alam,Espresso-based,Americano,1,9.0,9.0,QR,Sunny
TXN-1732,2026-02-07,21:07,Putrajaya,Milk-based,Caramel Macchiato,1,13.0,13.0,QR,Raining
TXN-1750,2026-02-07,21:07,Puncak Alam,Milk-based,Latte,1,11.0,11.0,QR,Sunny
TXN-1816,2026-02-07,21:07,Puncak Alam,Milk-based,Mocha,1,12.0,12.0,QR,Sunny
TXN-1741,2026-02-07,21:12,Putrajaya,Espresso-based,Espresso,1,7.0,7.0,Cash,Raining
TXN-1687,2026-02-07,21:13,Putrajaya,Milk-based,Cappuccino,1,11.0,11.0,QR,Raining
TXN-1707,2026-02-07,21:15,Putrajaya,Milk-based,Mocha,1,12.0,12.0,QR,Raining
TXN-1817,2026-02-07,21:17,Puncak Alam,Espresso-based,Espresso,2,7.0,14.0,Cash,Sunny
TXN-1668,2026-02-07,21:19,Putrajaya,Milk-based,Mocha,1,12.0,12.0,QR,Raining
TXN-1772,2026-02-07,21:22,Puncak Alam,Espresso-based,Americano,1,9.0,9.0,Cash,Sunny
TXN-1706,2026-02-07,21:25,Putrajaya,Milk-based,Cappuccino,2,11.0,22.0,QR,Raining
TXN-1671,2026-02-07,21:31,Putrajaya,Milk-based,Mocha,1,12.0,12.0,QR,Raining
TXN-1815,2026-02-07,21:36,Puncak Alam,Milk-based,Caramel Macchiato,2,13.0,26.0,QR,Sunny
TXN-1912,2026-02-08,08:04,Puncak Alam,Milk-based,Mocha,2,12.0,24.0,QR,Sunny
TXN-1831,2026-02-08,08:16,Putrajaya,Espresso-based,Americano,1,9.0,9.0,QR,Raining
TXN-1888,2026-02-08,08:18,Puncak Alam,Milk-based,Caramel Macchiato,1,13.0,13.0,QR,Sunny
TXN-1836,2026-02-08,08:24,Putrajaya,Milk-based,Cappuccino,1,11.0,11.0,QR,Raining
TXN-1901,2026-02-08,08:24,Puncak Alam,Milk-based,Latte,1,11.0,11.0,Cash,Sunny
TXN-1880,2026-02-08,08:34,Puncak Alam,Milk-based,Caramel Macchiato,1,13.0,13.0,Cash,Sunny
TXN-1905,2026-02-08,08:56,Puncak Alam,Espresso-based,Americano,1,9.0,9.0,QR,Sunny
TXN-1891,2026-02-08,09:01,Puncak Alam,Espresso-based,Americano,1,9.0,9.0,Cash,Sunny
TXN-1897,2026-02-08,09:01,Puncak Alam,Milk-based,Cappuccino,2,11.0,22.0,QR,Sunny
TXN-1857,2026-02-08,09:04,Putrajaya,Milk-based,Latte,1,11.0,11.0,QR,Raining
TXN-1926,2026-02-08,09:04,Puncak Alam,Milk-based,Caramel Macchiato,1,13.0,13.0,QR,Sunny
TXN-1914,2026-02-08,09:16,Puncak Alam,Espresso-based,Espresso,1,7.0,7.0,QR,Sunny
TXN-1841,2026-02-08,09:28,Putrajaya,Milk-based,Cappuccino,1,11.0,11.0,Cash,Raining
TXN-1830,2026-02-08,09:29,Putrajaya,Ice Blended,Ice Blended Chocolate Chip,1,14.0,14.0,QR,Raining
TXN-1909,2026-02-08,09:43,Puncak Alam,Espresso-based,Espresso,1,7.0,7.0,QR,Sunny
TXN-1863,2026-02-08,09:45,Putrajaya,Milk-based,Latte,1,11.0,11.0,QR,Raining
TXN-1918,2026-02-08,09:46,Puncak Alam,Ice Blended,Ice Blended Chocolate Chip,2,14.0,28.0,QR,Sunny
TXN-1826,2026-02-08,09:54,Putrajaya,Ice Blended,Ice Blended Chocolate Chip,1,14.0,14.0,Cash,Raining
TXN-1922,2026-02-08,09:54,Puncak Alam,Espresso-based,Americano,3,9.0,27.0,QR,Sunny
TXN-1870,2026-02-08,09:55,Putrajaya,Milk-based,Latte,2,11.0,22.0,QR,Raining
TXN-1882,2026-02-08,10:05,Puncak Alam,Milk-based,Latte,1,11.0,11.0,QR,Sunny
TXN-1869,2026-02-08,10:13,Putrajaya,Ice Blended,Ice Blended Chocolate Chip,1,14.0,14.0,Cash,Raining
TXN-1902,2026-02-08,10:23,Puncak Alam,Milk-based,Mocha,1,12.0,12.0,QR,Sunny
TXN-1903,2026-02-08,10:30,Puncak Alam,Milk-based,Mocha,4,12.0,48.0,QR,Sunny
TXN-1934,2026-02-08,10:30,Puncak Alam,Espresso-based,Espresso,2,7.0,14.0,QR,Sunny
TXN-1862,2026-02-08,10:52,Putrajaya,Espresso-based,Americano,1,9.0,9.0,QR,Raining
TXN-1898,2026-02-08,11:04,Puncak Alam,Ice Blended,Ice Blended Chocolate Chip,1,14.0,14.0,QR,Sunny
TXN-1877,2026-02-08,11:24,Putrajaya,Espresso-based,Espresso,1,7.0,7.0,Cash,Raining
TXN-1858,2026-02-08,11:34,Putrajaya,Milk-based,Mocha,1,12.0,12.0,QR,Raining
TXN-1933,2026-02-08,11:38,Puncak Alam,Ice Blended,Ice Blended Chocolate Chip,3,14.0,42.0,QR,Sunny
TXN-1854,2026-02-08,11:47,Putrajaya,Milk-based,Caramel Macchiato,1,13.0,13.0,QR,Raining
TXN-1842,2026-02-08,11:49,Putrajaya,Milk-based,Mocha,1,12.0,12.0,Cash,Raining
TXN-1873,2026-02-08,11:53,Putrajaya,Milk-based,Mocha,1,12.0,12.0,Cash,Raining
TXN-1881,2026-02-08,11:59,Puncak Alam,Milk-based,Mocha,1,12.0,12.0,QR,Sunny
TXN-1889,2026-02-08,12:01,Puncak Alam,Espresso-based,Espresso,1,7.0,7.0,Cash,Sunny
TXN-1839,2026-02-08,12:03,Putrajaya,Espresso-based,Americano,1,9.0,9.0,Cash,Raining
TXN-1859,2026-02-08,12:09,Putrajaya,Ice Blended,Ice Blended Chocolate Chip,1,14.0,14.0,QR,Raining
TXN-1835,2026-02-08,12:11,Putrajaya,Milk-based,Mocha,1,12.0,12.0,Cash,Raining
TXN-1887,2026-02-08,12:40,Puncak Alam,Milk-based,Latte,1,11.0,11.0,QR,Sunny
TXN-1876,2026-02-08,12:51,Putrajaya,Espresso-based,Americano,1,9.0,9.0,Cash,Raining
TXN-1843,2026-02-08,13:11,Putrajaya,Milk-based,Cappuccino,3,11.0,33.0,Cash,Raining
TXN-1845,2026-02-08,13:12,Putrajaya,Ice Blended,Ice Blended Chocolate Chip,1,14.0,14.0,QR,Raining
TXN-1827,2026-02-08,13:15,Putrajaya,Espresso-based,Espresso,1,7.0,7.0,QR,Raining
TXN-1915,2026-02-08,13:27,Puncak Alam,Espresso-based,Espresso,1,7.0,7.0,QR,Sunny
TXN-1924,2026-02-08,13:32,Puncak Alam,Milk-based,Caramel Macchiato,1,13.0,13.0,Cash,Sunny
TXN-1878,2026-02-08,13:41,Puncak Alam,Milk-based,Latte,1,11.0,11.0,QR,Sunny
TXN-1927,2026-02-08,13:51,Puncak Alam,Milk-based,Latte,1,11.0,11.0,Cash,Sunny
TXN-1895,2026-02-08,13:56,Puncak Alam,Milk-based,Cappuccino,2,11.0,22.0,QR,Sunny
TXN-1899,2026-02-08,14:00,Puncak Alam,Milk-based,Latte,1,11.0,11.0,QR,Sunny
TXN-1834,2026-02-08,14:32,Putrajaya,Milk-based,Cappuccino,1,11.0,11.0,QR,Raining
TXN-1823,2026-02-08,14:46,Putrajaya,Espresso-based,Americano,1,9.0,9.0,QR,Raining
TXN-1848,2026-02-08,14:51,Putrajaya,Milk-based,Cappuccino,1,11.0,11.0,QR,Raining
TXN-1919,2026-02-08,14:58,Puncak Alam,Milk-based,Mocha,2,12.0,24.0,QR,Sunny
TXN-1892,2026-02-08,15:00,Puncak Alam,Espresso-based,Espresso,1,7.0,7.0,Cash,Sunny
TXN-1871,2026-02-08,15:01,Putrajaya,Ice Blended,Ice Blended Chocolate Chip,3,14.0,42.0,Cash,Raining
TXN-1833,2026-02-08,15:10,Putrajaya,Milk-based,Mocha,1,12.0,12.0,QR,Raining
TXN-1916,2026-02-08,15:12,Puncak Alam,Espresso-based,Americano,1,9.0,9.0,QR,Sunny
TXN-1844,2026-02-08,15:35,Putrajaya,Milk-based,Mocha,1,12.0,12.0,QR,Raining
TXN-1872,2026-02-08,15:37,Putrajaya,Milk-based,Mocha,1,12.0,12.0,QR,Raining
TXN-1921,2026-02-08,15:38,Puncak Alam,Espresso-based,Americano,1,9.0,9.0,QR,Sunny
TXN-1849,2026-02-08,15:45,Putrajaya,Milk-based,Latte,1,11.0,11.0,QR,Raining
TXN-1894,2026-02-08,15:45,Puncak Alam,Milk-based,Mocha,1,12.0,12.0,QR,Sunny
TXN-1904,2026-02-08,15:57,Puncak Alam,Milk-based,Caramel Macchiato,1,13.0,13.0,Cash,Sunny
TXN-1890,2026-02-08,16:01,Puncak Alam,Milk-based,Caramel Macchiato,1,13.0,13.0,QR,Sunny
TXN-1935,2026-02-08,16:09,Puncak Alam,Espresso-based,Espresso,1,7.0,7.0,Cash,Sunny
TXN-1910,2026-02-08,16:11,Puncak Alam,Milk-based,Mocha,1,12.0,12.0,Cash,Sunny
TXN-1829,2026-02-08,16:12,Putrajaya,Ice Blended,Ice Blended Chocolate Chip,2,14.0,28.0,Cash,Raining
TXN-1837,2026-02-08,16:21,Putrajaya,Milk-based,Cappuccino,1,11.0,11.0,Cash,Raining
TXN-1925,2026-02-08,16:27,Puncak Alam,Milk-based,Cappuccino,1,11.0,11.0,Cash,Sunny
TXN-1853,2026-02-08,16:32,Putrajaya,Ice Blended,Ice Blended Chocolate Chip,1,14.0,14.0,QR,Raining
TXN-1896,2026-02-08,16:40,Puncak Alam,Milk-based,Latte,1,11.0,11.0,QR,Sunny
TXN-1846,2026-02-08,16:43,Putrajaya,Ice Blended,Ice Blended Chocolate Chip,2,14.0,28.0,QR,Raining
TXN-1936,2026-02-08,16:44,Puncak Alam,Espresso-based,Americano,2,9.0,18.0,QR,Sunny
TXN-1879,2026-02-08,16:45,Puncak Alam,Espresso-based,Americano,4,9.0,36.0,Cash,Sunny
TXN-1893,2026-02-08,16:58,Puncak Alam,Espresso-based,Americano,1,9.0,9.0,QR,Sunny
TXN-1820,2026-02-08,17:08,Putrajaya,Espresso-based,Espresso,2,7.0,14.0,QR,Raining
TXN-1867,2026-02-08,17:09,Putrajaya,Espresso-based,Espresso,2,7.0,14.0,QR,Raining
TXN-1864,2026-02-08,17:15,Putrajaya,Milk-based,Latte,1,11.0,11.0,QR,Raining
TXN-1865,2026-02-08,17:30,Putrajaya,Milk-based,Mocha,1,12.0,12.0,Cash,Raining
TXN-1840,2026-02-08,17:40,Putrajaya,Milk-based,Cappuccino,1,11.0,11.0,Cash,Raining
TXN-1920,2026-02-08,17:58,Puncak Alam,Milk-based,Latte,1,11.0,11.0,QR,Sunny
TXN-1824,2026-02-08,18:02,Putrajaya,Milk-based,Mocha,3,12.0,36.0,Cash,Raining
TXN-1866,2026-02-08,18:11,Putrajaya,Milk-based,Cappuccino,1,11.0,11.0,Cash,Raining
TXN-1838,2026-02-08,18:29,Putrajaya,Ice Blended,Ice Blended Chocolate Chip,1,14.0,14.0,Cash,Raining
TXN-1822,2026-02-08,18:37,Putrajaya,Ice Blended,Ice Blended Chocolate Chip,1,14.0,14.0,Cash,Raining
TXN-1883,2026-02-08,18:57,Puncak Alam,Espresso-based,Espresso,1,7.0,7.0,QR,Sunny
TXN-1847,2026-02-08,19:09,Putrajaya,Ice Blended,Ice Blended Chocolate Chip,1,14.0,14.0,QR,Raining
TXN-1917,2026-02-08,19:09,Puncak Alam,Milk-based,Cappuccino,1,11.0,11.0,QR,Sunny
TXN-1911,2026-02-08,19:12,Puncak Alam,Ice Blended,Ice Blended Chocolate Chip,1,14.0,14.0,Cash,Sunny
TXN-1860,2026-02-08,19:19,Putrajaya,Milk-based,Cappuccino,1,11.0,11.0,Cash,Raining
TXN-1913,2026-02-08,19:28,Puncak Alam,Espresso-based,Espresso,1,7.0,7.0,QR,Sunny
TXN-1885,2026-02-08,19:30,Puncak Alam,Espresso-based,Espresso,2,7.0,14.0,QR,Sunny
TXN-1906,2026-02-08,19:40,Puncak Alam,Ice Blended,Ice Blended Chocolate Chip,1,14.0,14.0,QR,Sunny
TXN-1931,2026-02-08,19:48,Puncak Alam,Ice Blended,Ice Blended Chocolate Chip,1,14.0,14.0,QR,Sunny
TXN-1832,2026-02-08,19:51,Putrajaya,Espresso-based,Americano,1,9.0,9.0,QR,Raining
TXN-1852,2026-02-08,19:56,Putrajaya,Espresso-based,Espresso,2,7.0,14.0,QR,Raining
TXN-1932,2026-02-08,19:57,Puncak Alam,Milk-based,Cappuccino,1,11.0,11.0,QR,Sunny
TXN-1874,2026-02-08,20:01,Putrajaya,Milk-based,Latte,1,11.0,11.0,QR,Raining
TXN-1908,2026-02-08,20:05,Puncak Alam,Espresso-based,Espresso,1,7.0,7.0,QR,Sunny
TXN-1923,2026-02-08,20:16,Puncak Alam,Milk-based,Cappuccino,1,11.0,11.0,QR,Sunny
TXN-1930,2026-02-08,20:18,Puncak Alam,Espresso-based,Americano,3,9.0,27.0,Cash,Sunny
TXN-1825,2026-02-08,20:31,Putrajaya,Espresso-based,Americano,1,9.0,9.0,QR,Raining
TXN-1821,2026-02-08,20:32,Putrajaya,Ice Blended,Ice Blended Chocolate Chip,1,14.0,14.0,Cash,Raining
TXN-1851,2026-02-08,20:36,Putrajaya,Milk-based,Caramel Macchiato,1,13.0,13.0,QR,Raining
TXN-1900,2026-02-08,20:38,Puncak Alam,Espresso-based,Americano,3,9.0,27.0,QR,Sunny
TXN-1929,2026-02-08,20:41,Puncak Alam,Milk-based,Latte,1,11.0,11.0,QR,Sunny
TXN-1886,2026-02-08,20:45,Puncak Alam,Milk-based,Latte,1,11.0,11.0,Cash,Sunny
TXN-1861,2026-02-08,20:46,Putrajaya,Milk-based,Cappuccino,3,11.0,33.0,QR,Raining
TXN-1907,2026-02-08,20:55,Puncak Alam,Espresso-based,Americano,1,9.0,9.0,Cash,Sunny
TXN-1868,2026-02-08,21:00,Putrajaya,Espresso-based,Americano,1,9.0,9.0,Cash,Raining
TXN-1850,2026-02-08,21:07,Putrajaya,Milk-based,Caramel Macchiato,1,13.0,13.0,QR,Raining
TXN-1928,2026-02-08,21:21,Puncak Alam,Milk-based,Cappuccino,2,11.0,22.0,QR,Sunny
TXN-1875,2026-02-08,21:22,Putrajaya,Milk-based,Cappuccino,1,11.0,11.0,Cash,Raining
TXN-1884,2026-02-08,21:23,Puncak Alam,Milk-based,Caramel Macchiato,1,13.0,13.0,QR,Sunny
TXN-1856,2026-02-08,21:29,Putrajaya,Milk-based,Mocha,1,12.0,12.0,QR,Raining
TXN-1855,2026-02-08,21:45,Putrajaya,Milk-based,Caramel Macchiato,2,13.0,26.0,QR,Raining
TXN-1828,2026-02-08,21:54,Putrajaya,Milk-based,Caramel Macchiato,2,13.0,26.0,QR,Raining
TXN-1949,2026-02-09,08:01,Putrajaya,Espresso-based,Americano,1,9.0,9.0,QR,Cloudy
TXN-1977,2026-02-09,08:08,Puncak Alam,Espresso-based,Americano,1,9.0,9.0,QR,Sunny
TXN-2032,2026-02-09,08:23,Puncak Alam,Espresso-based,Espresso,2,7.0,14.0,QR,Sunny
TXN-2019,2026-02-09,08:33,Puncak Alam,Ice Blended,Ice Blended Chocolate Chip,1,14.0,14.0,Cash,Sunny
TXN-1943,2026-02-09,08:37,Putrajaya,Espresso-based,Espresso,1,7.0,7.0,QR,Cloudy
TXN-1968,2026-02-09,08:45,Putrajaya,Milk-based,Caramel Macchiato,1,13.0,13.0,QR,Cloudy
TXN-2013,2026-02-09,08:54,Puncak Alam,Milk-based,Caramel Macchiato,1,13.0,13.0,QR,Sunny
TXN-1969,2026-02-09,08:58,Putrajaya,Milk-based,Caramel Macchiato,3,13.0,39.0,QR,Cloudy
TXN-1965,2026-02-09,09:04,Putrajaya,Milk-based,Caramel Macchiato,1,13.0,13.0,QR,Cloudy
TXN-1963,2026-02-09,09:16,Putrajaya,Espresso-based,Espresso,1,7.0,7.0,QR,Cloudy
TXN-2009,2026-02-09,09:20,Puncak Alam,Milk-based,Latte,2,11.0,22.0,QR,Sunny
TXN-2024,2026-02-09,09:23,Puncak Alam,Milk-based,Caramel Macchiato,4,13.0,52.0,QR,Sunny
TXN-1981,2026-02-09,09:29,Puncak Alam,Milk-based,Mocha,1,12.0,12.0,QR,Sunny
TXN-1994,2026-02-09,09:42,Puncak Alam,Espresso-based,Espresso,1,7.0,7.0,Cash,Sunny
TXN-2025,2026-02-09,09:51,Puncak Alam,Espresso-based,Americano,2,9.0,18.0,QR,Sunny
TXN-1978,2026-02-09,09:59,Puncak Alam,Milk-based,Cappuccino,1,11.0,11.0,Cash,Sunny
TXN-1964,2026-02-09,10:07,Putrajaya,Espresso-based,Americano,1,9.0,9.0,QR,Cloudy
TXN-1998,2026-02-09,10:24,Puncak Alam,Ice Blended,Ice Blended Chocolate Chip,1,14.0,14.0,QR,Sunny
TXN-1956,2026-02-09,10:32,Putrajaya,Ice Blended,Ice Blended Chocolate Chip,1,14.0,14.0,QR,Cloudy
TXN-1995,2026-02-09,10:44,Puncak Alam,Milk-based,Cappuccino,1,11.0,11.0,QR,Sunny
TXN-1979,2026-02-09,10:57,Puncak Alam,Milk-based,Latte,1,11.0,11.0,QR,Sunny
TXN-1986,2026-02-09,11:05,Puncak Alam,Espresso-based,Espresso,1,7.0,7.0,QR,Sunny
TXN-1939,2026-02-09,11:12,Putrajaya,Milk-based,Cappuccino,4,11.0,44.0,Cash,Cloudy
TXN-1959,2026-02-09,11:25,Putrajaya,Espresso-based,Espresso,2,7.0,14.0,QR,Cloudy
TXN-2028,2026-02-09,11:26,Puncak Alam,Milk-based,Caramel Macchiato,1,13.0,13.0,QR,Sunny
TXN-1974,2026-02-09,11:40,Putrajaya,Milk-based,Caramel Macchiato,1,13.0,13.0,QR,Cloudy
TXN-1973,2026-02-09,11:42,Putrajaya,Espresso-based,Espresso,1,7.0,7.0,QR,Cloudy
TXN-1992,2026-02-09,11:42,Puncak Alam,Ice Blended,Ice Blended Chocolate Chip,1,14.0,14.0,QR,Sunny
TXN-2011,2026-02-09,11:44,Puncak Alam,Milk-based,Latte,1,11.0,11.0,QR,Sunny
TXN-2014,2026-02-09,11:59,Puncak Alam,Milk-based,Mocha,1,12.0,12.0,QR,Sunny
TXN-1960,2026-02-09,12:22,Putrajaya,Milk-based,Cappuccino,1,11.0,11.0,QR,Cloudy
TXN-2003,2026-02-09,12:33,Puncak Alam,Milk-based,Mocha,3,12.0,36.0,QR,Sunny
TXN-2008,2026-02-09,12:42,Puncak Alam,Milk-based,Latte,1,11.0,11.0,QR,Sunny
TXN-2029,2026-02-09,12:45,Puncak Alam,Milk-based,Mocha,1,12.0,12.0,QR,Sunny
TXN-2036,2026-02-09,12:47,Puncak Alam,Milk-based,Cappuccino,1,11.0,11.0,QR,Sunny
TXN-2012,2026-02-09,12:49,Puncak Alam,Espresso-based,Espresso,1,7.0,7.0,Cash,Sunny
TXN-1947,2026-02-09,12:59,Putrajaya,Milk-based,Latte,2,11.0,22.0,Cash,Cloudy
TXN-1982,2026-02-09,13:01,Puncak Alam,Milk-based,Latte,1,11.0,11.0,QR,Sunny
TXN-1976,2026-02-09,13:05,Puncak Alam,Milk-based,Cappuccino,1,11.0,11.0,QR,Sunny
TXN-1991,2026-02-09,13:25,Puncak Alam,Ice Blended,Ice Blended Chocolate Chip,1,14.0,14.0,Cash,Sunny
TXN-2027,2026-02-09,13:34,Puncak Alam,Espresso-based,Americano,1,9.0,9.0,QR,Sunny
TXN-2000,2026-02-09,13:48,Puncak Alam,Milk-based,Mocha,2,12.0,24.0,QR,Sunny
TXN-2010,2026-02-09,14:01,Puncak Alam,Milk-based,Mocha,1,12.0,12.0,Cash,Sunny
TXN-1989,2026-02-09,14:09,Puncak Alam,Milk-based,Latte,1,11.0,11.0,QR,Sunny
TXN-2031,2026-02-09,14:11,Puncak Alam,Milk-based,Caramel Macchiato,1,13.0,13.0,QR,Sunny
TXN-1951,2026-02-09,14:38,Putrajaya,Milk-based,Caramel Macchiato,3,13.0,39.0,QR,Cloudy
TXN-2033,2026-02-09,14:47,Puncak Alam,Milk-based,Caramel Macchiato,1,13.0,13.0,Cash,Sunny
TXN-2007,2026-02-09,14:54,Puncak Alam,Espresso-based,Americano,1,9.0,9.0,Cash,Sunny
TXN-1954,2026-02-09,15:03,Putrajaya,Ice Blended,Ice Blended Chocolate Chip,1,14.0,14.0,QR,Cloudy
TXN-1983,2026-02-09,15:03,Puncak Alam,Espresso-based,Americano,1,9.0,9.0,Cash,Sunny
TXN-1948,2026-02-09,15:05,Putrajaya,Milk-based,Latte,1,11.0,11.0,Cash,Cloudy
TXN-1972,2026-02-09,15:15,Putrajaya,Milk-based,Cappuccino,1,11.0,11.0,QR,Cloudy
TXN-2022,2026-02-09,15:19,Puncak Alam,Milk-based,Caramel Macchiato,1,13.0,13.0,QR,Sunny
TXN-1990,2026-02-09,15:27,Puncak Alam,Milk-based,Caramel Macchiato,1,13.0,13.0,QR,Sunny
TXN-1958,2026-02-09,15:35,Putrajaya,Espresso-based,Americano,1,9.0,9.0,QR,Cloudy
TXN-1950,2026-02-09,15:49,Putrajaya,Milk-based,Cappuccino,1,11.0,11.0,QR,Cloudy
TXN-1937,2026-02-09,15:55,Putrajaya,Ice Blended,Ice Blended Chocolate Chip,1,14.0,14.0,QR,Cloudy
TXN-2026,2026-02-09,16:07,Puncak Alam,Milk-based,Cappuccino,1,11.0,11.0,QR,Sunny
TXN-1985,2026-02-09,16:09,Puncak Alam,Milk-based,Latte,1,11.0,11.0,Cash,Sunny
TXN-1961,2026-02-09,16:12,Putrajaya,Ice Blended,Ice Blended Chocolate Chip,1,14.0,14.0,Cash,Cloudy
TXN-1997,2026-02-09,16:15,Puncak Alam,Ice Blended,Ice Blended Chocolate Chip,2,14.0,28.0,Cash,Sunny
TXN-1952,2026-02-09,16:28,Putrajaya,Espresso-based,Espresso,2,7.0,14.0,QR,Cloudy
TXN-2034,2026-02-09,16:36,Puncak Alam,Milk-based,Caramel Macchiato,1,13.0,13.0,QR,Sunny
TXN-1988,2026-02-09,16:48,Puncak Alam,Milk-based,Cappuccino,1,11.0,11.0,QR,Sunny
TXN-1938,2026-02-09,16:57,Putrajaya,Milk-based,Latte,1,11.0,11.0,Cash,Cloudy
TXN-2030,2026-02-09,17:01,Puncak Alam,Milk-based,Caramel Macchiato,1,13.0,13.0,Cash,Sunny
TXN-1966,2026-02-09,17:34,Putrajaya,Milk-based,Mocha,1,12.0,12.0,QR,Cloudy
TXN-1940,2026-02-09,17:37,Putrajaya,Espresso-based,Americano,1,9.0,9.0,QR,Cloudy
TXN-1971,2026-02-09,17:50,Putrajaya,Milk-based,Latte,1,11.0,11.0,Cash,Cloudy
TXN-2021,2026-02-09,17:56,Puncak Alam,Milk-based,Cappuccino,1,11.0,11.0,QR,Sunny
TXN-1962,2026-02-09,18:07,Putrajaya,Ice Blended,Ice Blended Chocolate Chip,1,14.0,14.0,Cash,Cloudy
TXN-1996,2026-02-09,18:10,Puncak Alam,Milk-based,Caramel Macchiato,1,13.0,13.0,QR,Sunny
TXN-1942,2026-02-09,18:25,Putrajaya,Milk-based,Cappuccino,1,11.0,11.0,Cash,Cloudy
TXN-1970,2026-02-09,18:28,Putrajaya,Milk-based,Caramel Macchiato,2,13.0,26.0,QR,Cloudy
TXN-2015,2026-02-09,18:35,Puncak Alam,Milk-based,Mocha,1,12.0,12.0,Cash,Sunny
TXN-1967,2026-02-09,18:40,Putrajaya,Milk-based,Caramel Macchiato,3,13.0,39.0,Cash,Cloudy
TXN-1987,2026-02-09,18:59,Puncak Alam,Ice Blended,Ice Blended Chocolate Chip,1,14.0,14.0,QR,Sunny
TXN-2037,2026-02-09,19:07,Puncak Alam,Espresso-based,Espresso,4,7.0,28.0,Cash,Sunny
TXN-1975,2026-02-09,19:09,Putrajaya,Ice Blended,Ice Blended Chocolate Chip,1,14.0,14.0,QR,Cloudy
TXN-2023,2026-02-09,19:20,Puncak Alam,Espresso-based,Espresso,1,7.0,7.0,QR,Sunny
TXN-2035,2026-02-09,19:22,Puncak Alam,Espresso-based,Americano,2,9.0,18.0,Cash,Sunny
TXN-2006,2026-02-09,19:32,Puncak Alam,Milk-based,Caramel Macchiato,2,13.0,26.0,QR,Sunny
TXN-2020,2026-02-09,19:35,Puncak Alam,Ice Blended,Ice Blended Chocolate Chip,1,14.0,14.0,QR,Sunny
TXN-2017,2026-02-09,19:42,Puncak Alam,Espresso-based,Americano,2,9.0,18.0,QR,Sunny
TXN-2018,2026-02-09,19:50,Puncak Alam,Espresso-based,Espresso,2,7.0,14.0,QR,Sunny
TXN-1945,2026-02-09,19:51,Putrajaya,Espresso-based,Americano,1,9.0,9.0,QR,Cloudy
TXN-2016,2026-02-09,19:56,Puncak Alam,Milk-based,Cappuccino,3,11.0,33.0,Cash,Sunny
TXN-1993,2026-02-09,20:01,Puncak Alam,Ice Blended,Ice Blended Chocolate Chip,3,14.0,42.0,QR,Sunny
TXN-1946,2026-02-09,20:13,Putrajaya,Milk-based,Cappuccino,1,11.0,11.0,QR,Cloudy
TXN-1953,2026-02-09,20:29,Putrajaya,Ice Blended,Ice Blended Chocolate Chip,3,14.0,42.0,QR,Cloudy
TXN-1941,2026-02-09,20:50,Putrajaya,Ice Blended,Ice Blended Chocolate Chip,1,14.0,14.0,QR,Cloudy
TXN-1957,2026-02-09,21:15,Putrajaya,Milk-based,Caramel Macchiato,1,13.0,13.0,Cash,Cloudy
TXN-1984,2026-02-09,21:16,Puncak Alam,Ice Blended,Ice Blended Chocolate Chip,1,14.0,14.0,Cash,Sunny
TXN-1944,2026-02-09,21:35,Putrajaya,Ice Blended,Ice Blended Chocolate Chip,1,14.0,14.0,Cash,Cloudy
TXN-1999,2026-02-09,21:37,Puncak Alam,Ice Blended,Ice Blended Chocolate Chip,1,14.0,14.0,QR,Sunny
TXN-2005,2026-02-09,21:37,Puncak Alam,Ice Blended,Ice Blended Chocolate Chip,1,14.0,14.0,QR,Sunny
TXN-2002,2026-02-09,21:47,Puncak Alam,Ice Blended,Ice Blended Chocolate Chip,1,14.0,14.0,QR,Sunny
TXN-2004,2026-02-09,21:49,Puncak Alam,Milk-based,Cappuccino,3,11.0,33.0,Cash,Sunny
TXN-2001,2026-02-09,21:55,Puncak Alam,Milk-based,Latte,1,11.0,11.0,QR,Sunny
TXN-1955,2026-02-09,21:57,Putrajaya,Milk-based,Cappuccino,1,11.0,11.0,QR,Cloudy
TXN-1980,2026-02-09,21:59,Puncak Alam,Milk-based,Mocha,2,12.0,24.0,QR,Sunny
TXN-2137,2026-02-10,08:01,Puncak Alam,Ice Blended,Ice Blended Chocolate Chip,2,14.0,28.0,QR,Sunny
TXN-2110,2026-02-10,08:12,Puncak Alam,Milk-based,Cappuccino,2,11.0,22.0,QR,Sunny
TXN-2153,2026-02-10,08:33,Puncak Alam,Espresso-based,Espresso,2,7.0,14.0,Cash,Sunny
TXN-2100,2026-02-10,08:48,Puncak Alam,Espresso-based,Americano,1,9.0,9.0,Cash,Sunny
TXN-2140,2026-02-10,09:35,Puncak Alam,Ice Blended,Ice Blended Chocolate Chip,1,14.0,14.0,QR,Sunny
TXN-2053,2026-02-10,09:51,Putrajaya,Ice Blended,Ice Blended Chocolate Chip,1,14.0,14.0,QR,Cloudy
TXN-2038,2026-02-10,09:54,Putrajaya,Milk-based,Latte,2,11.0,22.0,Cash,Cloudy
TXN-2135,2026-02-10,09:57,Puncak Alam,Milk-based,Cappuccino,1,11.0,11.0,Cash,Sunny
TXN-2149,2026-02-10,09:59,Puncak Alam,Espresso-based,Espresso,1,7.0,7.0,QR,Sunny
TXN-2088,2026-02-10,10:02,Putrajaya,Espresso-based,Americano,2,9.0,18.0,QR,Cloudy
TXN-2080,2026-02-10,10:08,Putrajaya,Milk-based,Cappuccino,2,11.0,22.0,QR,Cloudy
TXN-2079,2026-02-10,10:11,Putrajaya,Espresso-based,Espresso,3,7.0,21.0,Cash,Cloudy
TXN-2046,2026-02-10,10:16,Putrajaya,Espresso-based,Espresso,1,7.0,7.0,QR,Cloudy
TXN-2042,2026-02-10,10:39,Putrajaya,Milk-based,Caramel Macchiato,1,13.0,13.0,QR,Cloudy
TXN-2072,2026-02-10,10:39,Putrajaya,Espresso-based,Espresso,1,7.0,7.0,QR,Cloudy
TXN-2124,2026-02-10,10:45,Puncak Alam,Milk-based,Latte,1,11.0,11.0,QR,Sunny
TXN-2103,2026-02-10,10:52,Puncak Alam,Ice Blended,Ice Blended Chocolate Chip,1,14.0,14.0,QR,Sunny
TXN-2064,2026-02-10,10:53,Putrajaya,Espresso-based,Espresso,2,7.0,14.0,QR,Cloudy
TXN-2062,2026-02-10,11:07,Putrajaya,Milk-based,Mocha,2,12.0,24.0,QR,Cloudy
TXN-2052,2026-02-10,11:12,Putrajaya,Milk-based,Mocha,2,12.0,24.0,QR,Cloudy
TXN-2138,2026-02-10,11:23,Puncak Alam,Milk-based,Caramel Macchiato,1,13.0,13.0,QR,Sunny
TXN-2054,2026-02-10,11:35,Putrajaya,Milk-based,Latte,2,11.0,22.0,Cash,Cloudy
TXN-2069,2026-02-10,11:39,Putrajaya,Milk-based,Latte,1,11.0,11.0,QR,Cloudy
TXN-2123,2026-02-10,11:40,Puncak Alam,Milk-based,Caramel Macchiato,1,13.0,13.0,Cash,Sunny
TXN-2109,2026-02-10,11:41,Puncak Alam,Milk-based,Caramel Macchiato,1,13.0,13.0,Cash,Sunny
TXN-2167,2026-02-10,11:46,Puncak Alam,Milk-based,Latte,1,11.0,11.0,QR,Sunny
TXN-2107,2026-02-10,11:49,Puncak Alam,Ice Blended,Ice Blended Chocolate Chip,1,14.0,14.0,Cash,Sunny
TXN-2092,2026-02-10,11:52,Puncak Alam,Espresso-based,Americano,1,9.0,9.0,QR,Sunny
TXN-2060,2026-02-10,12:06,Putrajaya,Milk-based,Caramel Macchiato,1,13.0,13.0,QR,Cloudy
TXN-2085,2026-02-10,12:13,Putrajaya,Ice Blended,Ice Blended Chocolate Chip,1,14.0,14.0,QR,Cloudy
TXN-2077,2026-02-10,12:16,Putrajaya,Ice Blended,Ice Blended Chocolate Chip,1,14.0,14.0,Cash,Cloudy
TXN-2073,2026-02-10,12:18,Putrajaya,Espresso-based,Americano,1,9.0,9.0,Cash,Cloudy
TXN-2139,2026-02-10,12:19,Puncak Alam,Espresso-based,Espresso,1,7.0,7.0,QR,Sunny
TXN-2078,2026-02-10,12:22,Putrajaya,Espresso-based,Espresso,1,7.0,7.0,QR,Cloudy
TXN-2136,2026-02-10,12:23,Puncak Alam,Milk-based,Mocha,1,12.0,12.0,Cash,Sunny
TXN-2162,2026-02-10,12:44,Puncak Alam,Espresso-based,Americano,1,9.0,9.0,QR,Sunny
TXN-2039,2026-02-10,12:55,Putrajaya,Milk-based,Mocha,1,12.0,12.0,QR,Cloudy
TXN-2129,2026-02-10,12:55,Puncak Alam,Espresso-based,Americano,2,9.0,18.0,Cash,Sunny
TXN-2132,2026-02-10,12:55,Puncak Alam,Milk-based,Latte,1,11.0,11.0,QR,Sunny
TXN-2090,2026-02-10,12:56,Puncak Alam,Espresso-based,Espresso,1,7.0,7.0,Cash,Sunny
TXN-2119,2026-02-10,12:56,Puncak Alam,Espresso-based,Americano,2,9.0,18.0,Cash,Sunny
TXN-2084,2026-02-10,12:58,Putrajaya,Milk-based,Latte,1,11.0,11.0,QR,Cloudy
TXN-2160,2026-02-10,13:03,Puncak Alam,Milk-based,Latte,2,11.0,22.0,QR,Sunny
TXN-2166,2026-02-10,13:12,Puncak Alam,Milk-based,Cappuccino,1,11.0,11.0,Cash,Sunny
TXN-2134,2026-02-10,13:15,Puncak Alam,Milk-based,Mocha,1,12.0,12.0,QR,Sunny
TXN-2091,2026-02-10,13:16,Puncak Alam,Espresso-based,Espresso,1,7.0,7.0,Cash,Sunny
TXN-2051,2026-02-10,13:18,Putrajaya,Milk-based,Latte,1,11.0,11.0,QR,Cloudy
TXN-2099,2026-02-10,13:37,Puncak Alam,Milk-based,Cappuccino,1,11.0,11.0,QR,Sunny
TXN-2041,2026-02-10,13:38,Putrajaya,Milk-based,Cappuccino,1,11.0,11.0,QR,Cloudy
TXN-2070,2026-02-10,13:38,Putrajaya,Ice Blended,Ice Blended Chocolate Chip,2,14.0,28.0,QR,Cloudy
TXN-2151,2026-02-10,13:43,Puncak Alam,Milk-based,Caramel Macchiato,1,13.0,13.0,QR,Sunny
TXN-2093,2026-02-10,13:45,Puncak Alam,Milk-based,Mocha,1,12.0,12.0,QR,Sunny
TXN-2101,2026-02-10,13:51,Puncak Alam,Ice Blended,Ice Blended Chocolate Chip,1,14.0,14.0,QR,Sunny
TXN-2075,2026-02-10,13:59,Putrajaya,Milk-based,Latte,1,11.0,11.0,QR,Cloudy
TXN-2158,2026-02-10,14:01,Puncak Alam,Espresso-based,Americano,1,9.0,9.0,QR,Sunny
TXN-2066,2026-02-10,14:06,Putrajaya,Milk-based,Cappuccino,2,11.0,22.0,QR,Cloudy
TXN-2105,2026-02-10,14:07,Puncak Alam,Espresso-based,Americano,2,9.0,18.0,Cash,Sunny
TXN-2104,2026-02-10,14:13,Puncak Alam,Espresso-based,Espresso,1,7.0,7.0,Cash,Sunny
TXN-2102,2026-02-10,14:18,Puncak Alam,Milk-based,Latte,2,11.0,22.0,QR,Sunny
TXN-2118,2026-02-10,14:20,Puncak Alam,Ice Blended,Ice Blended Chocolate Chip,1,14.0,14.0,QR,Sunny
TXN-2057,2026-02-10,14:29,Putrajaya,Milk-based,Caramel Macchiato,1,13.0,13.0,QR,Cloudy
TXN-2068,2026-02-10,14:35,Putrajaya,Milk-based,Caramel Macchiato,3,13.0,39.0,Cash,Cloudy
TXN-2083,2026-02-10,14:36,Putrajaya,Milk-based,Mocha,1,12.0,12.0,QR,Cloudy
TXN-2074,2026-02-10,14:41,Putrajaya,Milk-based,Caramel Macchiato,2,13.0,26.0,QR,Cloudy
TXN-2150,2026-02-10,14:54,Puncak Alam,Espresso-based,Americano,1,9.0,9.0,QR,Sunny
TXN-2148,2026-02-10,14:56,Puncak Alam,Espresso-based,Americano,1,9.0,9.0,Cash,Sunny
TXN-2071,2026-02-10,15:06,Putrajaya,Milk-based,Mocha,1,12.0,12.0,Cash,Cloudy
TXN-2098,2026-02-10,15:10,Puncak Alam,Milk-based,Caramel Macchiato,1,13.0,13.0,QR,Sunny
TXN-2128,2026-02-10,15:14,Puncak Alam,Ice Blended,Ice Blended Chocolate Chip,1,14.0,14.0,QR,Sunny
TXN-2056,2026-02-10,15:26,Putrajaya,Milk-based,Mocha,1,12.0,12.0,Cash,Cloudy
TXN-2120,2026-02-10,15:33,Puncak Alam,Milk-based,Latte,2,11.0,22.0,QR,Sunny
TXN-2111,2026-02-10,15:37,Puncak Alam,Milk-based,Cappuccino,2,11.0,22.0,Cash,Sunny
TXN-2108,2026-02-10,15:53,Puncak Alam,Milk-based,Caramel Macchiato,1,13.0,13.0,QR,Sunny
TXN-2065,2026-02-10,16:00,Putrajaya,Milk-based,Latte,1,11.0,11.0,QR,Cloudy
TXN-2146,2026-02-10,16:14,Puncak Alam,Milk-based,Caramel Macchiato,1,13.0,13.0,QR,Sunny
TXN-2049,2026-02-10,16:19,Putrajaya,Milk-based,Mocha,1,12.0,12.0,QR,Cloudy
TXN-2095,2026-02-10,16:24,Puncak Alam,Milk-based,Mocha,1,12.0,12.0,QR,Sunny
TXN-2081,2026-02-10,16:26,Putrajaya,Milk-based,Mocha,1,12.0,12.0,Cash,Cloudy
TXN-2116,2026-02-10,16:26,Puncak Alam,Milk-based,Caramel Macchiato,1,13.0,13.0,Cash,Sunny
TXN-2055,2026-02-10,16:31,Putrajaya,Milk-based,Caramel Macchiato,1,13.0,13.0,QR,Cloudy
TXN-2114,2026-02-10,16:33,Puncak Alam,Milk-based,Cappuccino,4,11.0,44.0,QR,Sunny
TXN-2040,2026-02-10,16:36,Putrajaya,Milk-based,Cappuccino,1,11.0,11.0,Cash,Cloudy
TXN-2157,2026-02-10,16:43,Puncak Alam,Milk-based,Latte,1,11.0,11.0,Cash,Sunny
TXN-2144,2026-02-10,16:54,Puncak Alam,Ice Blended,Ice Blended Chocolate Chip,1,14.0,14.0,QR,Sunny
TXN-2059,2026-02-10,16:55,Putrajaya,Milk-based,Caramel Macchiato,3,13.0,39.0,Cash,Cloudy
TXN-2086,2026-02-10,16:55,Putrajaya,Ice Blended,Ice Blended Chocolate Chip,1,14.0,14.0,QR,Cloudy
TXN-2082,2026-02-10,16:56,Putrajaya,Espresso-based,Espresso,1,7.0,7.0,QR,Cloudy
TXN-2161,2026-02-10,16:59,Puncak Alam,Milk-based,Cappuccino,1,11.0,11.0,QR,Sunny
TXN-2164,2026-02-10,17:12,Puncak Alam,Milk-based,Caramel Macchiato,1,13.0,13.0,Cash,Sunny
TXN-2125,2026-02-10,17:20,Puncak Alam,Milk-based,Latte,1,11.0,11.0,QR,Sunny
TXN-2061,2026-02-10,17:29,Putrajaya,Milk-based,Caramel Macchiato,2,13.0,26.0,Cash,Cloudy
TXN-2076,2026-02-10,17:30,Putrajaya,Ice Blended,Ice Blended Chocolate Chip,1,14.0,14.0,QR,Cloudy
TXN-2043,2026-02-10,17:40,Putrajaya,Espresso-based,Espresso,1,7.0,7.0,Cash,Cloudy
TXN-2047,2026-02-10,17:54,Putrajaya,Espresso-based,Espresso,1,7.0,7.0,QR,Cloudy
TXN-2087,2026-02-10,18:03,Putrajaya,Milk-based,Mocha,1,12.0,12.0,Cash,Cloudy
TXN-2097,2026-02-10,18:10,Puncak Alam,Milk-based,Cappuccino,1,11.0,11.0,Cash,Sunny
TXN-2058,2026-02-10,18:15,Putrajaya,Milk-based,Mocha,1,12.0,12.0,Cash,Cloudy
TXN-2089,2026-02-10,18:16,Putrajaya,Ice Blended,Ice Blended Chocolate Chip,1,14.0,14.0,QR,Cloudy
TXN-2117,2026-02-10,18:24,Puncak Alam,Milk-based,Caramel Macchiato,1,13.0,13.0,Cash,Sunny
TXN-2126,2026-02-10,18:24,Puncak Alam,Milk-based,Caramel Macchiato,1,13.0,13.0,QR,Sunny
TXN-2131,2026-02-10,18:24,Puncak Alam,Espresso-based,Espresso,1,7.0,7.0,QR,Sunny
TXN-2165,2026-02-10,18:26,Puncak Alam,Ice Blended,Ice Blended Chocolate Chip,1,14.0,14.0,Cash,Sunny
TXN-2045,2026-02-10,18:28,Putrajaya,Milk-based,Latte,1,11.0,11.0,QR,Cloudy
TXN-2141,2026-02-10,18:30,Puncak Alam,Milk-based,Cappuccino,1,11.0,11.0,Cash,Sunny
TXN-2133,2026-02-10,18:33,Puncak Alam,Ice Blended,Ice Blended Chocolate Chip,3,14.0,42.0,QR,Sunny
TXN-2122,2026-02-10,18:34,Puncak Alam,Espresso-based,Espresso,1,7.0,7.0,QR,Sunny
TXN-2067,2026-02-10,18:44,Putrajaya,Milk-based,Latte,1,11.0,11.0,Cash,Cloudy
TXN-2152,2026-02-10,18:49,Puncak Alam,Milk-based,Mocha,2,12.0,24.0,Cash,Sunny
TXN-2154,2026-02-10,18:53,Puncak Alam,Milk-based,Latte,1,11.0,11.0,QR,Sunny
TXN-2106,2026-02-10,18:54,Puncak Alam,Espresso-based,Americano,1,9.0,9.0,QR,Sunny
TXN-2147,2026-02-10,19:02,Puncak Alam,Espresso-based,Espresso,1,7.0,7.0,QR,Sunny
TXN-2143,2026-02-10,19:13,Puncak Alam,Espresso-based,Espresso,1,7.0,7.0,QR,Sunny
TXN-2048,2026-02-10,19:21,Putrajaya,Espresso-based,Espresso,2,7.0,14.0,Cash,Cloudy
TXN-2115,2026-02-10,19:25,Puncak Alam,Milk-based,Cappuccino,1,11.0,11.0,Cash,Sunny
TXN-2145,2026-02-10,19:41,Puncak Alam,Milk-based,Latte,3,11.0,33.0,QR,Sunny
TXN-2044,2026-02-10,19:53,Putrajaya,Milk-based,Cappuccino,2,11.0,22.0,Cash,Cloudy
TXN-2094,2026-02-10,20:41,Puncak Alam,Milk-based,Mocha,1,12.0,12.0,QR,Sunny
TXN-2155,2026-02-10,20:49,Puncak Alam,Espresso-based,Americano,3,9.0,27.0,QR,Sunny
TXN-2163,2026-02-10,20:54,Puncak Alam,Milk-based,Latte,1,11.0,11.0,QR,Sunny
TXN-2121,2026-02-10,21:02,Puncak Alam,Milk-based,Caramel Macchiato,1,13.0,13.0,QR,Sunny
TXN-2142,2026-02-10,21:04,Puncak Alam,Ice Blended,Ice Blended Chocolate Chip,1,14.0,14.0,QR,Sunny
TXN-2156,2026-02-10,21:17,Puncak Alam,Milk-based,Caramel Macchiato,1,13.0,13.0,Cash,Sunny
TXN-2159,2026-02-10,21:18,Puncak Alam,Ice Blended,Ice Blended Chocolate Chip,2,14.0,28.0,QR,Sunny
TXN-2063,2026-02-10,21:23,Putrajaya,Ice Blended,Ice Blended Chocolate Chip,1,14.0,14.0,QR,Cloudy
TXN-2096,2026-02-10,21:25,Puncak Alam,Milk-based,Latte,1,11.0,11.0,QR,Sunny
TXN-2113,2026-02-10,21:32,Puncak Alam,Milk-based,Mocha,3,12.0,36.0,QR,Sunny
TXN-2050,2026-02-10,21:33,Putrajaya,Milk-based,Latte,1,11.0,11.0,Cash,Cloudy
TXN-2127,2026-02-10,21:39,Puncak Alam,Milk-based,Mocha,1,12.0,12.0,Cash,Sunny
TXN-2112,2026-02-10,21:48,Puncak Alam,Milk-based,Latte,1,11.0,11.0,QR,Sunny
TXN-2130,2026-02-10,21:52,Puncak Alam,Espresso-based,Espresso,1,7.0,7.0,QR,Sunny
TXN-2202,2026-02-11,08:01,Puncak Alam,Milk-based,Caramel Macchiato,2,13.0,26.0,Cash,Sunny
TXN-2223,2026-02-11,08:04,Puncak Alam,Milk-based,Latte,2,11.0,22.0,Cash,Sunny
TXN-2209,2026-02-11,08:12,Puncak Alam,Espresso-based,Espresso,1,7.0,7.0,QR,Sunny
TXN-2176,2026-02-11,08:17,Putrajaya,Espresso-based,Espresso,1,7.0,7.0,QR,Sunny
TXN-2212,2026-02-11,08:18,Puncak Alam,Espresso-based,Americano,1,9.0,9.0,QR,Sunny
TXN-2235,2026-02-11,08:30,Puncak Alam,Ice Blended,Ice Blended Chocolate Chip,2,14.0,28.0,QR,Sunny
TXN-2188,2026-02-11,08:43,Putrajaya,Espresso-based,Americano,1,9.0,9.0,QR,Sunny
TXN-2203,2026-02-11,08:50,Puncak Alam,Milk-based,Cappuccino,1,11.0,11.0,Cash,Sunny
TXN-2252,2026-02-11,09:03,Puncak Alam,Ice Blended,Ice Blended Chocolate Chip,1,14.0,14.0,Cash,Sunny
TXN-2200,2026-02-11,09:06,Puncak Alam,Espresso-based,Espresso,1,7.0,7.0,QR,Sunny
TXN-2216,2026-02-11,09:24,Puncak Alam,Milk-based,Mocha,1,12.0,12.0,QR,Sunny
TXN-2190,2026-02-11,09:33,Putrajaya,Milk-based,Mocha,1,12.0,12.0,Cash,Sunny
TXN-2218,2026-02-11,09:56,Puncak Alam,Espresso-based,Americano,2,9.0,18.0,QR,Sunny
TXN-2193,2026-02-11,10:07,Putrajaya,Ice Blended,Ice Blended Chocolate Chip,2,14.0,28.0,Cash,Sunny
TXN-2227,2026-02-11,10:08,Puncak Alam,Espresso-based,Americano,1,9.0,9.0,QR,Sunny
TXN-2234,2026-02-11,10:09,Puncak Alam,Milk-based,Latte,1,11.0,11.0,Cash,Sunny
TXN-2213,2026-02-11,10:38,Puncak Alam,Espresso-based,Espresso,1,7.0,7.0,QR,Sunny
TXN-2186,2026-02-11,10:47,Putrajaya,Ice Blended,Ice Blended Chocolate Chip,2,14.0,28.0,QR,Sunny
TXN-2172,2026-02-11,10:53,Putrajaya,Espresso-based,Espresso,1,7.0,7.0,Cash,Sunny
TXN-2206,2026-02-11,11:02,Puncak Alam,Espresso-based,Espresso,1,7.0,7.0,Cash,Sunny
TXN-2201,2026-02-11,11:11,Puncak Alam,Milk-based,Latte,1,11.0,11.0,QR,Sunny
TXN-2230,2026-02-11,11:13,Puncak Alam,Milk-based,Mocha,1,12.0,12.0,QR,Sunny
TXN-2219,2026-02-11,11:16,Puncak Alam,Espresso-based,Espresso,1,7.0,7.0,Cash,Sunny
TXN-2204,2026-02-11,11:42,Puncak Alam,Espresso-based,Americano,4,9.0,36.0,QR,Sunny
TXN-2240,2026-02-11,11:44,Puncak Alam,Espresso-based,Americano,1,9.0,9.0,Cash,Sunny
TXN-2236,2026-02-11,12:18,Puncak Alam,Milk-based,Cappuccino,1,11.0,11.0,QR,Sunny
TXN-2226,2026-02-11,12:48,Puncak Alam,Milk-based,Mocha,1,12.0,12.0,Cash,Sunny
TXN-2182,2026-02-11,12:51,Putrajaya,Milk-based,Cappuccino,2,11.0,22.0,Cash,Sunny
TXN-2239,2026-02-11,12:55,Puncak Alam,Milk-based,Mocha,2,12.0,24.0,QR,Sunny
TXN-2217,2026-02-11,13:15,Puncak Alam,Milk-based,Latte,3,11.0,33.0,QR,Sunny
TXN-2184,2026-02-11,13:18,Putrajaya,Ice Blended,Ice Blended Chocolate Chip,3,14.0,42.0,QR,Sunny
TXN-2170,2026-02-11,13:26,Putrajaya,Espresso-based,Espresso,1,7.0,7.0,QR,Sunny
TXN-2241,2026-02-11,13:45,Puncak Alam,Milk-based,Mocha,1,12.0,12.0,Cash,Sunny
TXN-2177,2026-02-11,13:49,Putrajaya,Milk-based,Mocha,1,12.0,12.0,QR,Sunny
TXN-2249,2026-02-11,14:03,Puncak Alam,Milk-based,Mocha,1,12.0,12.0,Cash,Sunny
TXN-2198,2026-02-11,14:04,Puncak Alam,Milk-based,Caramel Macchiato,1,13.0,13.0,QR,Sunny
TXN-2233,2026-02-11,14:22,Puncak Alam,Milk-based,Latte,1,11.0,11.0,QR,Sunny
TXN-2232,2026-02-11,14:30,Puncak Alam,Milk-based,Latte,3,11.0,33.0,QR,Sunny
TXN-2169,2026-02-11,14:31,Putrajaya,Milk-based,Caramel Macchiato,2,13.0,26.0,QR,Sunny
TXN-2185,2026-02-11,14:43,Putrajaya,Milk-based,Latte,3,11.0,33.0,QR,Sunny
TXN-2196,2026-02-11,15:06,Putrajaya,Ice Blended,Ice Blended Chocolate Chip,2,14.0,28.0,Cash,Sunny
TXN-2245,2026-02-11,15:28,Puncak Alam,Espresso-based,Espresso,2,7.0,14.0,QR,Sunny
TXN-2194,2026-02-11,15:41,Putrajaya,Milk-based,Cappuccino,1,11.0,11.0,QR,Sunny
TXN-2179,2026-02-11,15:45,Putrajaya,Espresso-based,Americano,2,9.0,18.0,QR,Sunny
TXN-2210,2026-02-11,15:48,Puncak Alam,Espresso-based,Americano,1,9.0,9.0,QR,Sunny
TXN-2228,2026-02-11,15:50,Puncak Alam,Ice Blended,Ice Blended Chocolate Chip,1,14.0,14.0,QR,Sunny
TXN-2242,2026-02-11,16:02,Puncak Alam,Milk-based,Latte,1,11.0,11.0,QR,Sunny
TXN-2222,2026-02-11,16:14,Puncak Alam,Milk-based,Caramel Macchiato,1,13.0,13.0,Cash,Sunny
TXN-2224,2026-02-11,16:15,Puncak Alam,Espresso-based,Americano,1,9.0,9.0,QR,Sunny
TXN-2189,2026-02-11,16:44,Putrajaya,Milk-based,Latte,2,11.0,22.0,QR,Sunny
TXN-2231,2026-02-11,16:44,Puncak Alam,Milk-based,Caramel Macchiato,3,13.0,39.0,Cash,Sunny
TXN-2178,2026-02-11,16:58,Putrajaya,Milk-based,Mocha,1,12.0,12.0,QR,Sunny
TXN-2207,2026-02-11,17:13,Puncak Alam,Milk-based,Latte,1,11.0,11.0,QR,Sunny
TXN-2174,2026-02-11,17:31,Putrajaya,Espresso-based,Espresso,1,7.0,7.0,Cash,Sunny
TXN-2243,2026-02-11,17:35,Puncak Alam,Espresso-based,Espresso,1,7.0,7.0,Cash,Sunny
TXN-2205,2026-02-11,17:45,Puncak Alam,Espresso-based,Americano,1,9.0,9.0,QR,Sunny
TXN-2211,2026-02-11,17:53,Puncak Alam,Milk-based,Mocha,1,12.0,12.0,QR,Sunny
TXN-2237,2026-02-11,17:54,Puncak Alam,Espresso-based,Americano,2,9.0,18.0,QR,Sunny
TXN-2195,2026-02-11,18:08,Putrajaya,Espresso-based,Espresso,1,7.0,7.0,Cash,Sunny
TXN-2208,2026-02-11,18:11,Puncak Alam,Milk-based,Caramel Macchiato,1,13.0,13.0,QR,Sunny
TXN-2221,2026-02-11,18:20,Puncak Alam,Milk-based,Latte,1,11.0,11.0,Cash,Sunny
TXN-2171,2026-02-11,18:24,Putrajaya,Milk-based,Caramel Macchiato,3,13.0,39.0,QR,Sunny
TXN-2191,2026-02-11,18:35,Putrajaya,Milk-based,Caramel Macchiato,2,13.0,26.0,QR,Sunny
TXN-2248,2026-02-11,18:37,Puncak Alam,Milk-based,Cappuccino,1,11.0,11.0,QR,Sunny
TXN-2183,2026-02-11,18:39,Putrajaya,Espresso-based,Espresso,1,7.0,7.0,QR,Sunny
TXN-2192,2026-02-11,18:49,Putrajaya,Milk-based,Caramel Macchiato,1,13.0,13.0,QR,Sunny
TXN-2244,2026-02-11,18:59,Puncak Alam,Milk-based,Latte,1,11.0,11.0,QR,Sunny
TXN-2225,2026-02-11,19:03,Puncak Alam,Espresso-based,Espresso,1,7.0,7.0,QR,Sunny
TXN-2229,2026-02-11,19:23,Puncak Alam,Milk-based,Caramel Macchiato,1,13.0,13.0,QR,Sunny
TXN-2247,2026-02-11,19:28,Puncak Alam,Milk-based,Cappuccino,1,11.0,11.0,QR,Sunny
TXN-2220,2026-02-11,19:36,Puncak Alam,Milk-based,Caramel Macchiato,1,13.0,13.0,QR,Sunny
TXN-2175,2026-02-11,19:41,Putrajaya,Milk-based,Mocha,1,12.0,12.0,QR,Sunny
TXN-2180,2026-02-11,19:53,Putrajaya,Milk-based,Cappuccino,4,11.0,44.0,QR,Sunny
TXN-2246,2026-02-11,20:06,Puncak Alam,Milk-based,Mocha,1,12.0,12.0,QR,Sunny
TXN-2181,2026-02-11,20:25,Putrajaya,Milk-based,Mocha,1,12.0,12.0,Cash,Sunny
TXN-2187,2026-02-11,20:30,Putrajaya,Ice Blended,Ice Blended Chocolate Chip,1,14.0,14.0,QR,Sunny
TXN-2250,2026-02-11,20:56,Puncak Alam,Milk-based,Mocha,1,12.0,12.0,QR,Sunny
TXN-2214,2026-02-11,21:08,Puncak Alam,Espresso-based,Espresso,2,7.0,14.0,Cash,Sunny
TXN-2215,2026-02-11,21:08,Puncak Alam,Ice Blended,Ice Blended Chocolate Chip,3,14.0,42.0,QR,Sunny
TXN-2199,2026-02-11,21:11,Puncak Alam,Ice Blended,Ice Blended Chocolate Chip,2,14.0,28.0,QR,Sunny
TXN-2168,2026-02-11,21:19,Putrajaya,Espresso-based,Americano,2,9.0,18.0,QR,Sunny
TXN-2251,2026-02-11,21:23,Puncak Alam,Milk-based,Mocha,1,12.0,12.0,QR,Sunny
TXN-2197,2026-02-11,21:28,Putrajaya,Milk-based,Latte,1,11.0,11.0,QR,Sunny
TXN-2173,2026-02-11,21:42,Putrajaya,Milk-based,Cappuccino,1,11.0,11.0,QR,Sunny
TXN-2238,2026-02-11,21:54,Puncak Alam,Milk-based,Cappuccino,1,11.0,11.0,QR,Sunny
TXN-2317,2026-02-12,08:06,Puncak Alam,Milk-based,Cappuccino,1,11.0,11.0,QR,Sunny
TXN-2320,2026-02-12,08:07,Puncak Alam,Milk-based,Caramel Macchiato,1,13.0,13.0,QR,Sunny
TXN-2298,2026-02-12,08:12,Puncak Alam,Espresso-based,Americano,1,9.0,9.0,QR,Sunny
TXN-2318,2026-02-12,08:28,Puncak Alam,Milk-based,Latte,2,11.0,22.0,QR,Sunny
TXN-2256,2026-02-12,08:30,Putrajaya,Milk-based,Mocha,1,12.0,12.0,Cash,Sunny
TXN-2321,2026-02-12,08:36,Puncak Alam,Espresso-based,Americano,2,9.0,18.0,QR,Sunny
TXN-2277,2026-02-12,08:56,Putrajaya,Milk-based,Mocha,2,12.0,24.0,QR,Sunny
TXN-2316,2026-02-12,09:06,Puncak Alam,Milk-based,Latte,1,11.0,11.0,Cash,Sunny
TXN-2268,2026-02-12,09:12,Putrajaya,Ice Blended,Ice Blended Chocolate Chip,1,14.0,14.0,QR,Sunny
TXN-2306,2026-02-12,09:22,Puncak Alam,Espresso-based,Espresso,1,7.0,7.0,QR,Sunny
TXN-2261,2026-02-12,09:23,Putrajaya,Milk-based,Mocha,1,12.0,12.0,QR,Sunny
TXN-2265,2026-02-12,09:24,Putrajaya,Milk-based,Cappuccino,1,11.0,11.0,Cash,Sunny
TXN-2295,2026-02-12,09:30,Putrajaya,Milk-based,Caramel Macchiato,2,13.0,26.0,QR,Sunny
TXN-2253,2026-02-12,09:48,Putrajaya,Espresso-based,Americano,1,9.0,9.0,QR,Sunny
TXN-2315,2026-02-12,09:58,Puncak Alam,Ice Blended,Ice Blended Chocolate Chip,1,14.0,14.0,Cash,Sunny
TXN-2255,2026-02-12,10:08,Putrajaya,Milk-based,Latte,1,11.0,11.0,QR,Sunny
TXN-2257,2026-02-12,10:17,Putrajaya,Espresso-based,Americano,1,9.0,9.0,Cash,Sunny
TXN-2307,2026-02-12,10:17,Puncak Alam,Milk-based,Caramel Macchiato,3,13.0,39.0,Cash,Sunny
TXN-2288,2026-02-12,10:39,Putrajaya,Espresso-based,Americano,1,9.0,9.0,QR,Sunny
TXN-2334,2026-02-12,10:45,Puncak Alam,Espresso-based,Espresso,1,7.0,7.0,Cash,Sunny
TXN-2293,2026-02-12,10:50,Putrajaya,Espresso-based,Espresso,1,7.0,7.0,QR,Sunny
TXN-2341,2026-02-12,10:51,Puncak Alam,Milk-based,Mocha,1,12.0,12.0,Cash,Sunny
TXN-2338,2026-02-12,10:53,Puncak Alam,Milk-based,Mocha,3,12.0,36.0,QR,Sunny
TXN-2270,2026-02-12,11:02,Putrajaya,Milk-based,Latte,1,11.0,11.0,Cash,Sunny
TXN-2292,2026-02-12,11:03,Putrajaya,Milk-based,Caramel Macchiato,1,13.0,13.0,Cash,Sunny
TXN-2327,2026-02-12,11:05,Puncak Alam,Milk-based,Latte,1,11.0,11.0,QR,Sunny
TXN-2258,2026-02-12,11:06,Putrajaya,Ice Blended,Ice Blended Chocolate Chip,1,14.0,14.0,QR,Sunny
TXN-2303,2026-02-12,11:26,Puncak Alam,Milk-based,Latte,1,11.0,11.0,Cash,Sunny
TXN-2302,2026-02-12,11:36,Puncak Alam,Milk-based,Cappuccino,1,11.0,11.0,QR,Sunny
TXN-2272,2026-02-12,11:38,Putrajaya,Espresso-based,Americano,3,9.0,27.0,QR,Sunny
TXN-2271,2026-02-12,11:53,Putrajaya,Espresso-based,Espresso,2,7.0,14.0,Cash,Sunny
TXN-2274,2026-02-12,12:11,Putrajaya,Milk-based,Latte,1,11.0,11.0,QR,Sunny
TXN-2337,2026-02-12,12:11,Puncak Alam,Ice Blended,Ice Blended Chocolate Chip,1,14.0,14.0,Cash,Sunny
TXN-2275,2026-02-12,12:17,Putrajaya,Milk-based,Mocha,1,12.0,12.0,QR,Sunny
TXN-2335,2026-02-12,12:19,Puncak Alam,Espresso-based,Espresso,1,7.0,7.0,QR,Sunny
TXN-2262,2026-02-12,12:22,Putrajaya,Espresso-based,Americano,1,9.0,9.0,Cash,Sunny
TXN-2305,2026-02-12,12:23,Puncak Alam,Milk-based,Latte,1,11.0,11.0,Cash,Sunny
TXN-2310,2026-02-12,12:34,Puncak Alam,Milk-based,Latte,1,11.0,11.0,QR,Sunny
TXN-2311,2026-02-12,12:58,Puncak Alam,Espresso-based,Espresso,1,7.0,7.0,QR,Sunny
TXN-2328,2026-02-12,13:05,Puncak Alam,Espresso-based,Americano,1,9.0,9.0,QR,Sunny
TXN-2286,2026-02-12,13:23,Putrajaya,Milk-based,Caramel Macchiato,1,13.0,13.0,QR,Sunny
TXN-2254,2026-02-12,13:45,Putrajaya,Espresso-based,Americano,1,9.0,9.0,Cash,Sunny
TXN-2343,2026-02-12,13:45,Puncak Alam,Espresso-based,Americano,1,9.0,9.0,QR,Sunny
TXN-2276,2026-02-12,13:49,Putrajaya,Milk-based,Mocha,2,12.0,24.0,QR,Sunny
TXN-2322,2026-02-12,13:51,Puncak Alam,Milk-based,Latte,1,11.0,11.0,QR,Sunny
TXN-2283,2026-02-12,14:08,Putrajaya,Espresso-based,Americano,1,9.0,9.0,QR,Sunny
TXN-2296,2026-02-12,14:08,Puncak Alam,Espresso-based,Americano,1,9.0,9.0,QR,Sunny
TXN-2331,2026-02-12,14:09,Puncak Alam,Espresso-based,Espresso,2,7.0,14.0,QR,Sunny
TXN-2259,2026-02-12,14:14,Putrajaya,Ice Blended,Ice Blended Chocolate Chip,1,14.0,14.0,QR,Sunny
TXN-2319,2026-02-12,14:20,Puncak Alam,Milk-based,Cappuccino,1,11.0,11.0,QR,Sunny
TXN-2289,2026-02-12,14:41,Putrajaya,Espresso-based,Americano,1,9.0,9.0,QR,Sunny
TXN-2263,2026-02-12,14:51,Putrajaya,Milk-based,Caramel Macchiato,2,13.0,26.0,QR,Sunny
TXN-2326,2026-02-12,15:00,Puncak Alam,Milk-based,Mocha,1,12.0,12.0,Cash,Sunny
TXN-2308,2026-02-12,15:04,Puncak Alam,Milk-based,Latte,1,11.0,11.0,QR,Sunny
TXN-2280,2026-02-12,15:09,Putrajaya,Milk-based,Latte,1,11.0,11.0,Cash,Sunny
TXN-2281,2026-02-12,15:23,Putrajaya,Milk-based,Cappuccino,2,11.0,22.0,QR,Sunny
TXN-2291,2026-02-12,15:23,Putrajaya,Espresso-based,Americano,1,9.0,9.0,QR,Sunny
TXN-2300,2026-02-12,15:25,Puncak Alam,Espresso-based,Espresso,1,7.0,7.0,Cash,Sunny
TXN-2282,2026-02-12,16:16,Putrajaya,Espresso-based,Americano,1,9.0,9.0,Cash,Sunny
TXN-2299,2026-02-12,16:26,Puncak Alam,Ice Blended,Ice Blended Chocolate Chip,2,14.0,28.0,QR,Sunny
TXN-2266,2026-02-12,16:29,Putrajaya,Milk-based,Caramel Macchiato,1,13.0,13.0,Cash,Sunny
TXN-2330,2026-02-12,16:51,Puncak Alam,Milk-based,Mocha,1,12.0,12.0,QR,Sunny
TXN-2260,2026-02-12,16:59,Putrajaya,Milk-based,Caramel Macchiato,1,13.0,13.0,QR,Sunny
TXN-2314,2026-02-12,17:10,Puncak Alam,Espresso-based,Americano,1,9.0,9.0,QR,Sunny
TXN-2342,2026-02-12,17:13,Puncak Alam,Milk-based,Cappuccino,1,11.0,11.0,QR,Sunny
TXN-2294,2026-02-12,17:24,Putrajaya,Milk-based,Mocha,2,12.0,24.0,QR,Sunny
TXN-2297,2026-02-12,17:29,Puncak Alam,Ice Blended,Ice Blended Chocolate Chip,1,14.0,14.0,Cash,Sunny
TXN-2329,2026-02-12,17:33,Puncak Alam,Milk-based,Caramel Macchiato,2,13.0,26.0,QR,Sunny
TXN-2287,2026-02-12,18:08,Putrajaya,Milk-based,Latte,1,11.0,11.0,QR,Sunny
TXN-2284,2026-02-12,18:15,Putrajaya,Ice Blended,Ice Blended Chocolate Chip,1,14.0,14.0,QR,Sunny
TXN-2267,2026-02-12,18:20,Putrajaya,Milk-based,Cappuccino,1,11.0,11.0,QR,Sunny
TXN-2325,2026-02-12,18:54,Puncak Alam,Espresso-based,Espresso,1,7.0,7.0,QR,Sunny
TXN-2278,2026-02-12,19:02,Putrajaya,Espresso-based,Americano,4,9.0,36.0,QR,Sunny
TXN-2269,2026-02-12,19:33,Putrajaya,Espresso-based,Americano,1,9.0,9.0,Cash,Sunny
TXN-2324,2026-02-12,19:40,Puncak Alam,Milk-based,Caramel Macchiato,2,13.0,26.0,QR,Sunny
TXN-2340,2026-02-12,19:41,Puncak Alam,Milk-based,Cappuccino,2,11.0,22.0,Cash,Sunny
TXN-2279,2026-02-12,19:43,Putrajaya,Espresso-based,Americano,1,9.0,9.0,QR,Sunny
TXN-2313,2026-02-12,19:43,Puncak Alam,Espresso-based,Americano,1,9.0,9.0,QR,Sunny
TXN-2273,2026-02-12,19:52,Putrajaya,Milk-based,Latte,1,11.0,11.0,QR,Sunny
TXN-2264,2026-02-12,20:05,Putrajaya,Espresso-based,Espresso,1,7.0,7.0,Cash,Sunny
TXN-2332,2026-02-12,20:13,Puncak Alam,Milk-based,Caramel Macchiato,1,13.0,13.0,Cash,Sunny
TXN-2339,2026-02-12,20:14,Puncak Alam,Ice Blended,Ice Blended Chocolate Chip,3,14.0,42.0,QR,Sunny
TXN-2285,2026-02-12,20:23,Putrajaya,Espresso-based,Americano,1,9.0,9.0,QR,Sunny
TXN-2301,2026-02-12,20:23,Puncak Alam,Milk-based,Latte,1,11.0,11.0,QR,Sunny
TXN-2323,2026-02-12,20:28,Puncak Alam,Ice Blended,Ice Blended Chocolate Chip,3,14.0,42.0,Cash,Sunny
TXN-2290,2026-02-12,20:44,Putrajaya,Espresso-based,Espresso,1,7.0,7.0,Cash,Sunny
TXN-2336,2026-02-12,20:54,Puncak Alam,Milk-based,Mocha,1,12.0,12.0,QR,Sunny
TXN-2309,2026-02-12,21:04,Puncak Alam,Milk-based,Mocha,2,12.0,24.0,Cash,Sunny
TXN-2333,2026-02-12,21:08,Puncak Alam,Espresso-based,Americano,1,9.0,9.0,QR,Sunny
TXN-2304,2026-02-12,21:21,Puncak Alam,Espresso-based,Espresso,2,7.0,14.0,Cash,Sunny
TXN-2312,2026-02-12,21:53,Puncak Alam,Milk-based,Mocha,2,12.0,24.0,Cash,Sunny
TXN-2353,2026-02-13,08:09,Putrajaya,Milk-based,Cappuccino,1,11.0,11.0,Cash,Cloudy
TXN-2449,2026-02-13,08:09,Puncak Alam,Milk-based,Latte,2,11.0,22.0,QR,Cloudy
TXN-2385,2026-02-13,08:40,Putrajaya,Milk-based,Cappuccino,1,11.0,11.0,QR,Cloudy
TXN-2387,2026-02-13,08:41,Putrajaya,Milk-based,Mocha,1,12.0,12.0,Cash,Cloudy
TXN-2386,2026-02-13,08:48,Putrajaya,Espresso-based,Espresso,1,7.0,7.0,QR,Cloudy
TXN-2378,2026-02-13,08:55,Putrajaya,Milk-based,Mocha,1,12.0,12.0,QR,Cloudy
TXN-2416,2026-02-13,08:57,Puncak Alam,Espresso-based,Espresso,1,7.0,7.0,QR,Cloudy
TXN-2372,2026-02-13,09:05,Putrajaya,Milk-based,Mocha,2,12.0,24.0,Cash,Cloudy
TXN-2413,2026-02-13,09:11,Puncak Alam,Milk-based,Mocha,1,12.0,12.0,QR,Cloudy
TXN-2348,2026-02-13,09:16,Putrajaya,Milk-based,Caramel Macchiato,1,13.0,13.0,QR,Cloudy
TXN-2405,2026-02-13,09:23,Putrajaya,Espresso-based,Espresso,1,7.0,7.0,QR,Cloudy
TXN-2456,2026-02-13,09:23,Puncak Alam,Milk-based,Latte,1,11.0,11.0,QR,Cloudy
TXN-2383,2026-02-13,09:26,Putrajaya,Milk-based,Caramel Macchiato,1,13.0,13.0,QR,Cloudy
TXN-2382,2026-02-13,09:32,Putrajaya,Espresso-based,Espresso,1,7.0,7.0,QR,Cloudy
TXN-2376,2026-02-13,09:34,Putrajaya,Milk-based,Cappuccino,2,11.0,22.0,QR,Cloudy
TXN-2397,2026-02-13,09:49,Putrajaya,Ice Blended,Ice Blended Chocolate Chip,1,14.0,14.0,QR,Cloudy
TXN-2355,2026-02-13,10:01,Putrajaya,Milk-based,Mocha,1,12.0,12.0,QR,Cloudy
TXN-2454,2026-02-13,10:07,Puncak Alam,Milk-based,Cappuccino,1,11.0,11.0,QR,Cloudy
TXN-2435,2026-02-13,10:15,Puncak Alam,Milk-based,Latte,4,11.0,44.0,QR,Cloudy
TXN-2356,2026-02-13,10:16,Putrajaya,Milk-based,Caramel Macchiato,1,13.0,13.0,QR,Cloudy
TXN-2407,2026-02-13,10:27,Putrajaya,Milk-based,Latte,1,11.0,11.0,Cash,Cloudy
TXN-2424,2026-02-13,10:30,Puncak Alam,Ice Blended,Ice Blended Chocolate Chip,1,14.0,14.0,QR,Cloudy
TXN-2455,2026-02-13,10:47,Puncak Alam,Ice Blended,Ice Blended Chocolate Chip,1,14.0,14.0,QR,Cloudy
TXN-2401,2026-02-13,10:59,Putrajaya,Espresso-based,Espresso,2,7.0,14.0,QR,Cloudy
TXN-2446,2026-02-13,11:02,Puncak Alam,Ice Blended,Ice Blended Chocolate Chip,2,14.0,28.0,Cash,Cloudy
TXN-2390,2026-02-13,11:19,Putrajaya,Espresso-based,Espresso,1,7.0,7.0,Cash,Cloudy
TXN-2429,2026-02-13,11:23,Puncak Alam,Milk-based,Cappuccino,1,11.0,11.0,Cash,Cloudy
TXN-2406,2026-02-13,11:24,Putrajaya,Ice Blended,Ice Blended Chocolate Chip,1,14.0,14.0,QR,Cloudy
TXN-2451,2026-02-13,11:26,Puncak Alam,Milk-based,Latte,2,11.0,22.0,QR,Cloudy
TXN-2422,2026-02-13,11:30,Puncak Alam,Ice Blended,Ice Blended Chocolate Chip,2,14.0,28.0,Cash,Cloudy
TXN-2457,2026-02-13,11:40,Puncak Alam,Milk-based,Cappuccino,1,11.0,11.0,QR,Cloudy
TXN-2410,2026-02-13,11:44,Puncak Alam,Milk-based,Mocha,3,12.0,36.0,QR,Cloudy
TXN-2411,2026-02-13,11:44,Puncak Alam,Milk-based,Latte,2,11.0,22.0,Cash,Cloudy
TXN-2373,2026-02-13,12:20,Putrajaya,Milk-based,Caramel Macchiato,1,13.0,13.0,QR,Cloudy
TXN-2374,2026-02-13,12:26,Putrajaya,Milk-based,Latte,1,11.0,11.0,Cash,Cloudy
TXN-2403,2026-02-13,12:45,Putrajaya,Milk-based,Mocha,1,12.0,12.0,QR,Cloudy
TXN-2364,2026-02-13,13:15,Putrajaya,Milk-based,Caramel Macchiato,2,13.0,26.0,QR,Cloudy
TXN-2351,2026-02-13,13:18,Putrajaya,Milk-based,Caramel Macchiato,1,13.0,13.0,QR,Cloudy
TXN-2399,2026-02-13,13:25,Putrajaya,Milk-based,Caramel Macchiato,4,13.0,52.0,QR,Cloudy
TXN-2417,2026-02-13,13:25,Puncak Alam,Milk-based,Caramel Macchiato,1,13.0,13.0,QR,Cloudy
TXN-2412,2026-02-13,13:40,Puncak Alam,Milk-based,Caramel Macchiato,1,13.0,13.0,Cash,Cloudy
TXN-2431,2026-02-13,13:46,Puncak Alam,Ice Blended,Ice Blended Chocolate Chip,1,14.0,14.0,QR,Cloudy
TXN-2394,2026-02-13,13:49,Putrajaya,Ice Blended,Ice Blended Chocolate Chip,1,14.0,14.0,QR,Cloudy
TXN-2448,2026-02-13,13:54,Puncak Alam,Milk-based,Caramel Macchiato,2,13.0,26.0,QR,Cloudy
TXN-2447,2026-02-13,13:57,Puncak Alam,Milk-based,Cappuccino,1,11.0,11.0,QR,Cloudy
TXN-2352,2026-02-13,14:08,Putrajaya,Milk-based,Cappuccino,1,11.0,11.0,QR,Cloudy
TXN-2400,2026-02-13,14:11,Putrajaya,Espresso-based,Espresso,1,7.0,7.0,Cash,Cloudy
TXN-2393,2026-02-13,14:32,Putrajaya,Milk-based,Mocha,1,12.0,12.0,QR,Cloudy
TXN-2430,2026-02-13,14:33,Puncak Alam,Espresso-based,Espresso,1,7.0,7.0,Cash,Cloudy
TXN-2380,2026-02-13,14:36,Putrajaya,Ice Blended,Ice Blended Chocolate Chip,2,14.0,28.0,QR,Cloudy
TXN-2362,2026-02-13,14:44,Putrajaya,Milk-based,Cappuccino,1,11.0,11.0,QR,Cloudy
TXN-2357,2026-02-13,14:51,Putrajaya,Ice Blended,Ice Blended Chocolate Chip,1,14.0,14.0,Cash,Cloudy
TXN-2349,2026-02-13,14:52,Putrajaya,Ice Blended,Ice Blended Chocolate Chip,1,14.0,14.0,QR,Cloudy
TXN-2440,2026-02-13,15:07,Puncak Alam,Milk-based,Caramel Macchiato,3,13.0,39.0,QR,Cloudy
TXN-2359,2026-02-13,15:15,Putrajaya,Milk-based,Caramel Macchiato,1,13.0,13.0,QR,Cloudy
TXN-2396,2026-02-13,15:22,Putrajaya,Ice Blended,Ice Blended Chocolate Chip,1,14.0,14.0,QR,Cloudy
TXN-2391,2026-02-13,15:24,Putrajaya,Milk-based,Cappuccino,1,11.0,11.0,QR,Cloudy
TXN-2439,2026-02-13,15:25,Puncak Alam,Milk-based,Cappuccino,4,11.0,44.0,QR,Cloudy
TXN-2421,2026-02-13,15:29,Puncak Alam,Milk-based,Latte,1,11.0,11.0,QR,Cloudy
TXN-2345,2026-02-13,15:48,Putrajaya,Ice Blended,Ice Blended Chocolate Chip,1,14.0,14.0,QR,Cloudy
TXN-2445,2026-02-13,15:59,Puncak Alam,Milk-based,Mocha,1,12.0,12.0,QR,Cloudy
TXN-2427,2026-02-13,16:05,Puncak Alam,Espresso-based,Espresso,1,7.0,7.0,QR,Cloudy
TXN-2367,2026-02-13,16:13,Putrajaya,Milk-based,Caramel Macchiato,3,13.0,39.0,QR,Cloudy
TXN-2436,2026-02-13,16:36,Puncak Alam,Milk-based,Caramel Macchiato,1,13.0,13.0,QR,Cloudy
TXN-2388,2026-02-13,16:39,Putrajaya,Milk-based,Caramel Macchiato,1,13.0,13.0,QR,Cloudy
TXN-2428,2026-02-13,16:40,Puncak Alam,Milk-based,Cappuccino,3,11.0,33.0,QR,Cloudy
TXN-2444,2026-02-13,16:45,Puncak Alam,Milk-based,Caramel Macchiato,1,13.0,13.0,QR,Cloudy
TXN-2363,2026-02-13,16:53,Putrajaya,Milk-based,Caramel Macchiato,1,13.0,13.0,Cash,Cloudy
TXN-2419,2026-02-13,17:02,Puncak Alam,Espresso-based,Espresso,1,7.0,7.0,Cash,Cloudy
TXN-2423,2026-02-13,17:02,Puncak Alam,Milk-based,Caramel Macchiato,1,13.0,13.0,QR,Cloudy
TXN-2438,2026-02-13,17:02,Puncak Alam,Milk-based,Caramel Macchiato,1,13.0,13.0,QR,Cloudy
TXN-2365,2026-02-13,17:05,Putrajaya,Milk-based,Cappuccino,1,11.0,11.0,QR,Cloudy
TXN-2404,2026-02-13,17:18,Putrajaya,Espresso-based,Americano,1,9.0,9.0,Cash,Cloudy
TXN-2366,2026-02-13,17:22,Putrajaya,Milk-based,Caramel Macchiato,1,13.0,13.0,Cash,Cloudy
TXN-2395,2026-02-13,17:22,Putrajaya,Ice Blended,Ice Blended Chocolate Chip,1,14.0,14.0,Cash,Cloudy
TXN-2425,2026-02-13,17:27,Puncak Alam,Espresso-based,Espresso,1,7.0,7.0,QR,Cloudy
TXN-2360,2026-02-13,17:46,Putrajaya,Espresso-based,Americano,1,9.0,9.0,QR,Cloudy
TXN-2408,2026-02-13,17:47,Putrajaya,Ice Blended,Ice Blended Chocolate Chip,1,14.0,14.0,QR,Cloudy
TXN-2379,2026-02-13,17:50,Putrajaya,Milk-based,Latte,1,11.0,11.0,QR,Cloudy
TXN-2441,2026-02-13,18:13,Puncak Alam,Milk-based,Latte,1,11.0,11.0,QR,Cloudy
TXN-2452,2026-02-13,18:18,Puncak Alam,Milk-based,Cappuccino,1,11.0,11.0,QR,Cloudy
TXN-2442,2026-02-13,18:29,Puncak Alam,Ice Blended,Ice Blended Chocolate Chip,1,14.0,14.0,QR,Cloudy
TXN-2371,2026-02-13,18:36,Putrajaya,Espresso-based,Espresso,1,7.0,7.0,QR,Cloudy
TXN-2433,2026-02-13,18:37,Puncak Alam,Espresso-based,Espresso,1,7.0,7.0,QR,Cloudy
TXN-2354,2026-02-13,18:46,Putrajaya,Milk-based,Latte,1,11.0,11.0,QR,Cloudy
TXN-2402,2026-02-13,18:53,Putrajaya,Milk-based,Cappuccino,1,11.0,11.0,Cash,Cloudy
TXN-2350,2026-02-13,18:58,Putrajaya,Milk-based,Latte,2,11.0,22.0,Cash,Cloudy
TXN-2361,2026-02-13,19:13,Putrajaya,Milk-based,Latte,1,11.0,11.0,QR,Cloudy
TXN-2347,2026-02-13,19:15,Putrajaya,Ice Blended,Ice Blended Chocolate Chip,2,14.0,28.0,Cash,Cloudy
TXN-2414,2026-02-13,19:34,Puncak Alam,Espresso-based,Espresso,1,7.0,7.0,Cash,Cloudy
TXN-2346,2026-02-13,19:37,Putrajaya,Ice Blended,Ice Blended Chocolate Chip,1,14.0,14.0,Cash,Cloudy
TXN-2381,2026-02-13,19:46,Putrajaya,Milk-based,Cappuccino,2,11.0,22.0,QR,Cloudy
TXN-2370,2026-02-13,19:48,Putrajaya,Espresso-based,Espresso,3,7.0,21.0,Cash,Cloudy
TXN-2450,2026-02-13,19:51,Puncak Alam,Milk-based,Latte,1,11.0,11.0,QR,Cloudy
TXN-2420,2026-02-13,19:55,Puncak Alam,Milk-based,Mocha,1,12.0,12.0,QR,Cloudy
TXN-2426,2026-02-13,19:55,Puncak Alam,Ice Blended,Ice Blended Chocolate Chip,1,14.0,14.0,QR,Cloudy
TXN-2398,2026-02-13,20:12,Putrajaya,Espresso-based,Espresso,1,7.0,7.0,QR,Cloudy
TXN-2418,2026-02-13,20:40,Puncak Alam,Espresso-based,Espresso,2,7.0,14.0,QR,Cloudy
TXN-2375,2026-02-13,20:43,Putrajaya,Espresso-based,Americano,2,9.0,18.0,QR,Cloudy
TXN-2415,2026-02-13,20:46,Puncak Alam,Ice Blended,Ice Blended Chocolate Chip,1,14.0,14.0,QR,Cloudy
TXN-2443,2026-02-13,20:49,Puncak Alam,Ice Blended,Ice Blended Chocolate Chip,1,14.0,14.0,QR,Cloudy
TXN-2409,2026-02-13,20:56,Puncak Alam,Ice Blended,Ice Blended Chocolate Chip,1,14.0,14.0,QR,Cloudy
TXN-2368,2026-02-13,20:58,Putrajaya,Ice Blended,Ice Blended Chocolate Chip,1,14.0,14.0,QR,Cloudy
TXN-2392,2026-02-13,20:58,Putrajaya,Ice Blended,Ice Blended Chocolate Chip,1,14.0,14.0,Cash,Cloudy
TXN-2432,2026-02-13,20:58,Puncak Alam,Milk-based,Mocha,1,12.0,12.0,Cash,Cloudy
TXN-2458,2026-02-13,21:13,Puncak Alam,Milk-based,Caramel Macchiato,1,13.0,13.0,QR,Cloudy
TXN-2344,2026-02-13,21:17,Putrajaya,Espresso-based,Americano,2,9.0,18.0,QR,Cloudy
TXN-2434,2026-02-13,21:29,Puncak Alam,Espresso-based,Espresso,2,7.0,14.0,QR,Cloudy
TXN-2459,2026-02-13,21:30,Puncak Alam,Espresso-based,Espresso,1,7.0,7.0,QR,Cloudy
TXN-2358,2026-02-13,21:39,Putrajaya,Milk-based,Latte,2,11.0,22.0,QR,Cloudy
TXN-2389,2026-02-13,21:39,Putrajaya,Milk-based,Cappuccino,1,11.0,11.0,QR,Cloudy
TXN-2384,2026-02-13,21:40,Putrajaya,Milk-based,Mocha,1,12.0,12.0,QR,Cloudy
TXN-2453,2026-02-13,21:44,Puncak Alam,Milk-based,Caramel Macchiato,2,13.0,26.0,QR,Cloudy
TXN-2437,2026-02-13,21:46,Puncak Alam,Milk-based,Latte,1,11.0,11.0,QR,Cloudy
TXN-2369,2026-02-13,21:51,Putrajaya,Milk-based,Mocha,1,12.0,12.0,Cash,Cloudy
TXN-2377,2026-02-13,21:58,Putrajaya,Milk-based,Latte,1,11.0,11.0,Cash,Cloudy
TXN-2520,2026-02-14,08:02,Putrajaya,Espresso-based,Americano,1,9.0,9.0,Cash,Sunny
TXN-2576,2026-02-14,08:03,Puncak Alam,Ice Blended,Ice Blended Chocolate Chip,1,14.0,14.0,QR,Sunny
TXN-2579,2026-02-14,08:10,Puncak Alam,Milk-based,Caramel Macchiato,1,13.0,13.0,QR,Sunny
TXN-2485,2026-02-14,08:13,Putrajaya,Espresso-based,Americano,1,9.0,9.0,Cash,Sunny
TXN-2524,2026-02-14,08:33,Putrajaya,Milk-based,Caramel Macchiato,2,13.0,26.0,Cash,Sunny
TXN-2473,2026-02-14,08:35,Putrajaya,Milk-based,Caramel Macchiato,3,13.0,39.0,Cash,Sunny
TXN-2464,2026-02-14,08:37,Putrajaya,Ice Blended,Ice Blended Chocolate Chip,1,14.0,14.0,QR,Sunny
TXN-2533,2026-02-14,08:40,Putrajaya,Milk-based,Mocha,1,12.0,12.0,QR,Sunny
TXN-2572,2026-02-14,08:48,Puncak Alam,Milk-based,Mocha,1,12.0,12.0,QR,Sunny
TXN-2544,2026-02-14,08:58,Puncak Alam,Ice Blended,Ice Blended Chocolate Chip,1,14.0,14.0,QR,Sunny
TXN-2523,2026-02-14,09:03,Putrajaya,Milk-based,Latte,1,11.0,11.0,Cash,Sunny
TXN-2463,2026-02-14,09:05,Putrajaya,Espresso-based,Espresso,2,7.0,14.0,Cash,Sunny
TXN-2552,2026-02-14,09:12,Puncak Alam,Milk-based,Mocha,1,12.0,12.0,QR,Sunny
TXN-2571,2026-02-14,09:12,Puncak Alam,Espresso-based,Espresso,3,7.0,21.0,QR,Sunny
TXN-2592,2026-02-14,09:16,Puncak Alam,Milk-based,Latte,1,11.0,11.0,QR,Sunny
TXN-2516,2026-02-14,09:30,Putrajaya,Milk-based,Mocha,1,12.0,12.0,QR,Sunny
TXN-2522,2026-02-14,09:34,Putrajaya,Ice Blended,Ice Blended Chocolate Chip,1,14.0,14.0,Cash,Sunny
TXN-2525,2026-02-14,09:37,Putrajaya,Ice Blended,Ice Blended Chocolate Chip,1,14.0,14.0,QR,Sunny
TXN-2535,2026-02-14,09:41,Putrajaya,Milk-based,Latte,1,11.0,11.0,Cash,Sunny
TXN-2481,2026-02-14,09:42,Putrajaya,Milk-based,Mocha,1,12.0,12.0,QR,Sunny
TXN-2587,2026-02-14,09:56,Puncak Alam,Milk-based,Latte,1,11.0,11.0,Cash,Sunny
TXN-2555,2026-02-14,10:01,Puncak Alam,Milk-based,Cappuccino,1,11.0,11.0,QR,Sunny
TXN-2589,2026-02-14,10:05,Puncak Alam,Espresso-based,Espresso,1,7.0,7.0,QR,Sunny
TXN-2526,2026-02-14,10:08,Putrajaya,Milk-based,Caramel Macchiato,4,13.0,52.0,QR,Sunny
TXN-2504,2026-02-14,10:13,Putrajaya,Espresso-based,Espresso,1,7.0,7.0,QR,Sunny
TXN-2573,2026-02-14,10:13,Puncak Alam,Milk-based,Mocha,1,12.0,12.0,QR,Sunny
TXN-2558,2026-02-14,10:21,Puncak Alam,Milk-based,Cappuccino,1,11.0,11.0,QR,Sunny
TXN-2567,2026-02-14,10:24,Puncak Alam,Milk-based,Cappuccino,1,11.0,11.0,QR,Sunny
TXN-2549,2026-02-14,10:27,Puncak Alam,Espresso-based,Americano,1,9.0,9.0,QR,Sunny
TXN-2487,2026-02-14,10:33,Putrajaya,Espresso-based,Espresso,1,7.0,7.0,QR,Sunny
TXN-2480,2026-02-14,10:35,Putrajaya,Espresso-based,Americano,1,9.0,9.0,QR,Sunny
TXN-2511,2026-02-14,11:03,Putrajaya,Espresso-based,Espresso,3,7.0,21.0,QR,Sunny
TXN-2521,2026-02-14,11:05,Putrajaya,Milk-based,Mocha,1,12.0,12.0,Cash,Sunny
TXN-2538,2026-02-14,11:06,Puncak Alam,Milk-based,Caramel Macchiato,1,13.0,13.0,Cash,Sunny
TXN-2499,2026-02-14,11:10,Putrajaya,Espresso-based,Espresso,1,7.0,7.0,QR,Sunny
TXN-2532,2026-02-14,11:10,Putrajaya,Milk-based,Mocha,1,12.0,12.0,Cash,Sunny
TXN-2586,2026-02-14,11:17,Puncak Alam,Espresso-based,Americano,1,9.0,9.0,Cash,Sunny
TXN-2508,2026-02-14,11:21,Putrajaya,Milk-based,Cappuccino,1,11.0,11.0,QR,Sunny
TXN-2553,2026-02-14,11:24,Puncak Alam,Espresso-based,Americano,2,9.0,18.0,Cash,Sunny
TXN-2527,2026-02-14,11:28,Putrajaya,Milk-based,Cappuccino,1,11.0,11.0,Cash,Sunny
TXN-2476,2026-02-14,11:30,Putrajaya,Ice Blended,Ice Blended Chocolate Chip,2,14.0,28.0,QR,Sunny
TXN-2554,2026-02-14,11:52,Puncak Alam,Espresso-based,Americano,1,9.0,9.0,Cash,Sunny
TXN-2471,2026-02-14,11:54,Putrajaya,Milk-based,Caramel Macchiato,1,13.0,13.0,QR,Sunny
TXN-2460,2026-02-14,12:00,Putrajaya,Milk-based,Latte,2,11.0,22.0,Cash,Sunny
TXN-2461,2026-02-14,12:04,Putrajaya,Espresso-based,Americano,1,9.0,9.0,QR,Sunny
TXN-2528,2026-02-14,12:08,Putrajaya,Espresso-based,Americano,1,9.0,9.0,QR,Sunny
TXN-2507,2026-02-14,12:11,Putrajaya,Milk-based,Cappuccino,1,11.0,11.0,QR,Sunny
TXN-2506,2026-02-14,12:13,Putrajaya,Milk-based,Cappuccino,1,11.0,11.0,QR,Sunny
TXN-2510,2026-02-14,12:14,Putrajaya,Milk-based,Mocha,2,12.0,24.0,QR,Sunny
TXN-2498,2026-02-14,12:23,Putrajaya,Milk-based,Caramel Macchiato,1,13.0,13.0,QR,Sunny
TXN-2502,2026-02-14,12:29,Putrajaya,Espresso-based,Espresso,2,7.0,14.0,Cash,Sunny
TXN-2531,2026-02-14,12:48,Putrajaya,Espresso-based,Americano,1,9.0,9.0,QR,Sunny
TXN-2541,2026-02-14,12:54,Puncak Alam,Ice Blended,Ice Blended Chocolate Chip,1,14.0,14.0,QR,Sunny
TXN-2514,2026-02-14,12:55,Putrajaya,Milk-based,Caramel Macchiato,1,13.0,13.0,QR,Sunny
TXN-2583,2026-02-14,13:09,Puncak Alam,Milk-based,Mocha,1,12.0,12.0,Cash,Sunny
TXN-2472,2026-02-14,13:14,Putrajaya,Espresso-based,Americano,1,9.0,9.0,QR,Sunny
TXN-2564,2026-02-14,13:14,Puncak Alam,Milk-based,Caramel Macchiato,1,13.0,13.0,Cash,Sunny
TXN-2496,2026-02-14,13:18,Putrajaya,Milk-based,Latte,1,11.0,11.0,Cash,Sunny
TXN-2594,2026-02-14,13:20,Puncak Alam,Ice Blended,Ice Blended Chocolate Chip,2,14.0,28.0,QR,Sunny
TXN-2595,2026-02-14,13:47,Puncak Alam,Milk-based,Cappuccino,1,11.0,11.0,QR,Sunny
TXN-2545,2026-02-14,13:52,Puncak Alam,Milk-based,Mocha,2,12.0,24.0,QR,Sunny
TXN-2512,2026-02-14,13:58,Putrajaya,Espresso-based,Espresso,1,7.0,7.0,QR,Sunny
TXN-2518,2026-02-14,14:02,Putrajaya,Espresso-based,Americano,1,9.0,9.0,QR,Sunny
TXN-2569,2026-02-14,14:06,Puncak Alam,Milk-based,Mocha,1,12.0,12.0,QR,Sunny
TXN-2582,2026-02-14,14:08,Puncak Alam,Milk-based,Cappuccino,1,11.0,11.0,QR,Sunny
TXN-2562,2026-02-14,14:29,Puncak Alam,Milk-based,Caramel Macchiato,1,13.0,13.0,Cash,Sunny
TXN-2509,2026-02-14,14:40,Putrajaya,Espresso-based,Americano,1,9.0,9.0,QR,Sunny
TXN-2550,2026-02-14,14:43,Puncak Alam,Ice Blended,Ice Blended Chocolate Chip,2,14.0,28.0,QR,Sunny
TXN-2546,2026-02-14,14:48,Puncak Alam,Espresso-based,Espresso,1,7.0,7.0,Cash,Sunny
TXN-2478,2026-02-14,14:51,Putrajaya,Espresso-based,Americano,2,9.0,18.0,QR,Sunny
TXN-2574,2026-02-14,14:56,Puncak Alam,Milk-based,Latte,2,11.0,22.0,QR,Sunny
TXN-2497,2026-02-14,14:59,Putrajaya,Ice Blended,Ice Blended Chocolate Chip,1,14.0,14.0,QR,Sunny
TXN-2479,2026-02-14,15:02,Putrajaya,Espresso-based,Americano,2,9.0,18.0,QR,Sunny
TXN-2495,2026-02-14,15:16,Putrajaya,Espresso-based,Espresso,1,7.0,7.0,QR,Sunny
TXN-2492,2026-02-14,15:26,Putrajaya,Milk-based,Cappuccino,1,11.0,11.0,QR,Sunny
TXN-2588,2026-02-14,15:37,Puncak Alam,Milk-based,Mocha,1,12.0,12.0,QR,Sunny
TXN-2469,2026-02-14,15:38,Putrajaya,Milk-based,Cappuccino,2,11.0,22.0,QR,Sunny
TXN-2529,2026-02-14,15:41,Putrajaya,Milk-based,Latte,4,11.0,44.0,QR,Sunny
TXN-2486,2026-02-14,15:43,Putrajaya,Milk-based,Cappuccino,1,11.0,11.0,QR,Sunny
TXN-2570,2026-02-14,15:45,Puncak Alam,Milk-based,Cappuccino,4,11.0,44.0,Cash,Sunny
TXN-2517,2026-02-14,16:00,Putrajaya,Milk-based,Caramel Macchiato,1,13.0,13.0,QR,Sunny
TXN-2470,2026-02-14,16:02,Putrajaya,Milk-based,Mocha,1,12.0,12.0,Cash,Sunny
TXN-2568,2026-02-14,16:03,Puncak Alam,Milk-based,Cappuccino,2,11.0,22.0,QR,Sunny
TXN-2462,2026-02-14,16:14,Putrajaya,Espresso-based,Espresso,1,7.0,7.0,Cash,Sunny
TXN-2489,2026-02-14,16:16,Putrajaya,Espresso-based,Americano,1,9.0,9.0,Cash,Sunny
TXN-2500,2026-02-14,16:16,Putrajaya,Milk-based,Caramel Macchiato,1,13.0,13.0,QR,Sunny
TXN-2581,2026-02-14,16:23,Puncak Alam,Espresso-based,Americano,1,9.0,9.0,Cash,Sunny
TXN-2580,2026-02-14,16:29,Puncak Alam,Milk-based,Cappuccino,1,11.0,11.0,QR,Sunny
TXN-2501,2026-02-14,16:34,Putrajaya,Milk-based,Latte,2,11.0,22.0,Cash,Sunny
TXN-2519,2026-02-14,16:36,Putrajaya,Ice Blended,Ice Blended Chocolate Chip,1,14.0,14.0,QR,Sunny
TXN-2561,2026-02-14,16:38,Puncak Alam,Milk-based,Mocha,1,12.0,12.0,Cash,Sunny
TXN-2556,2026-02-14,16:42,Puncak Alam,Milk-based,Caramel Macchiato,1,13.0,13.0,QR,Sunny
TXN-2547,2026-02-14,16:50,Puncak Alam,Espresso-based,Espresso,1,7.0,7.0,QR,Sunny
TXN-2585,2026-02-14,16:55,Puncak Alam,Ice Blended,Ice Blended Chocolate Chip,1,14.0,14.0,QR,Sunny
TXN-2542,2026-02-14,16:57,Puncak Alam,Milk-based,Caramel Macchiato,1,13.0,13.0,QR,Sunny
TXN-2488,2026-02-14,17:13,Putrajaya,Milk-based,Latte,3,11.0,33.0,Cash,Sunny
TXN-2493,2026-02-14,17:30,Putrajaya,Ice Blended,Ice Blended Chocolate Chip,1,14.0,14.0,QR,Sunny
TXN-2490,2026-02-14,17:53,Putrajaya,Milk-based,Caramel Macchiato,2,13.0,26.0,Cash,Sunny
TXN-2505,2026-02-14,18:17,Putrajaya,Milk-based,Latte,3,11.0,33.0,QR,Sunny
TXN-2566,2026-02-14,18:22,Puncak Alam,Milk-based,Mocha,2,12.0,24.0,Cash,Sunny
TXN-2515,2026-02-14,18:40,Putrajaya,Milk-based,Mocha,1,12.0,12.0,QR,Sunny
TXN-2468,2026-02-14,18:45,Putrajaya,Milk-based,Mocha,2,12.0,24.0,Cash,Sunny
TXN-2557,2026-02-14,18:45,Puncak Alam,Milk-based,Caramel Macchiato,1,13.0,13.0,Cash,Sunny
TXN-2593,2026-02-14,18:45,Puncak Alam,Espresso-based,Espresso,1,7.0,7.0,Cash,Sunny
TXN-2503,2026-02-14,18:52,Putrajaya,Milk-based,Cappuccino,1,11.0,11.0,Cash,Sunny
TXN-2536,2026-02-14,18:57,Puncak Alam,Espresso-based,Espresso,1,7.0,7.0,QR,Sunny
TXN-2484,2026-02-14,19:09,Putrajaya,Milk-based,Latte,1,11.0,11.0,Cash,Sunny
TXN-2584,2026-02-14,19:12,Puncak Alam,Milk-based,Mocha,1,12.0,12.0,QR,Sunny
TXN-2575,2026-02-14,19:16,Puncak Alam,Ice Blended,Ice Blended Chocolate Chip,3,14.0,42.0,Cash,Sunny
TXN-2539,2026-02-14,19:18,Puncak Alam,Milk-based,Cappuccino,1,11.0,11.0,QR,Sunny
TXN-2540,2026-02-14,19:22,Puncak Alam,Milk-based,Caramel Macchiato,1,13.0,13.0,Cash,Sunny
TXN-2543,2026-02-14,19:26,Puncak Alam,Ice Blended,Ice Blended Chocolate Chip,1,14.0,14.0,QR,Sunny
TXN-2590,2026-02-14,19:28,Puncak Alam,Milk-based,Latte,1,11.0,11.0,QR,Sunny
TXN-2578,2026-02-14,19:31,Puncak Alam,Espresso-based,Americano,1,9.0,9.0,Cash,Sunny
TXN-2530,2026-02-14,19:34,Putrajaya,Espresso-based,Espresso,1,7.0,7.0,Cash,Sunny
TXN-2537,2026-02-14,19:42,Puncak Alam,Milk-based,Mocha,1,12.0,12.0,QR,Sunny
TXN-2494,2026-02-14,19:44,Putrajaya,Espresso-based,Espresso,1,7.0,7.0,QR,Sunny
TXN-2534,2026-02-14,19:45,Putrajaya,Milk-based,Cappuccino,1,11.0,11.0,Cash,Sunny
TXN-2477,2026-02-14,19:54,Putrajaya,Espresso-based,Espresso,2,7.0,14.0,Cash,Sunny
TXN-2467,2026-02-14,19:59,Putrajaya,Espresso-based,Americano,1,9.0,9.0,Cash,Sunny
TXN-2548,2026-02-14,20:07,Puncak Alam,Milk-based,Mocha,2,12.0,24.0,Cash,Sunny
TXN-2591,2026-02-14,20:14,Puncak Alam,Milk-based,Latte,1,11.0,11.0,Cash,Sunny
TXN-2597,2026-02-14,20:15,Puncak Alam,Espresso-based,Espresso,1,7.0,7.0,QR,Sunny
TXN-2560,2026-02-14,20:38,Puncak Alam,Milk-based,Caramel Macchiato,1,13.0,13.0,Cash,Sunny
TXN-2551,2026-02-14,20:45,Puncak Alam,Milk-based,Mocha,1,12.0,12.0,QR,Sunny
TXN-2599,2026-02-14,20:45,Puncak Alam,Milk-based,Latte,2,11.0,22.0,QR,Sunny
TXN-2482,2026-02-14,20:48,Putrajaya,Milk-based,Mocha,1,12.0,12.0,QR,Sunny
TXN-2475,2026-02-14,20:49,Putrajaya,Espresso-based,Espresso,2,7.0,14.0,QR,Sunny
TXN-2598,2026-02-14,20:49,Puncak Alam,Milk-based,Caramel Macchiato,3,13.0,39.0,QR,Sunny
TXN-2563,2026-02-14,20:50,Puncak Alam,Milk-based,Caramel Macchiato,1,13.0,13.0,QR,Sunny
TXN-2491,2026-02-14,21:02,Putrajaya,Espresso-based,Espresso,1,7.0,7.0,QR,Sunny
TXN-2577,2026-02-14,21:11,Puncak Alam,Milk-based,Cappuccino,1,11.0,11.0,QR,Sunny
TXN-2565,2026-02-14,21:16,Puncak Alam,Milk-based,Cappuccino,1,11.0,11.0,QR,Sunny
TXN-2465,2026-02-14,21:20,Putrajaya,Espresso-based,Espresso,1,7.0,7.0,QR,Sunny
TXN-2466,2026-02-14,21:45,Putrajaya,Espresso-based,Americano,1,9.0,9.0,QR,Sunny
TXN-2596,2026-02-14,21:50,Puncak Alam,Milk-based,Caramel Macchiato,1,13.0,13.0,QR,Sunny
TXN-2559,2026-02-14,21:52,Puncak Alam,Milk-based,Latte,2,11.0,22.0,Cash,Sunny
TXN-2513,2026-02-14,21:55,Putrajaya,Milk-based,Latte,1,11.0,11.0,QR,Sunny
TXN-2483,2026-02-14,21:57,Putrajaya,Milk-based,Caramel Macchiato,1,13.0,13.0,QR,Sunny
TXN-2474,2026-02-14,21:58,Putrajaya,Milk-based,Caramel Macchiato,1,13.0,13.0,Cash,Sunny
TXN-2638,2026-02-15,08:02,Putrajaya,Milk-based,Caramel Macchiato,1,13.0,13.0,Cash,Raining
TXN-2629,2026-02-15,08:08,Putrajaya,Espresso-based,Espresso,4,7.0,28.0,QR,Raining
TXN-2648,2026-02-15,08:23,Putrajaya,Espresso-based,Espresso,1,7.0,7.0,Cash,Raining
TXN-2693,2026-02-15,08:33,Puncak Alam,Ice Blended,Ice Blended Chocolate Chip,3,14.0,42.0,QR,Sunny
TXN-2696,2026-02-15,08:52,Puncak Alam,Milk-based,Mocha,2,12.0,24.0,Cash,Sunny
TXN-2641,2026-02-15,08:57,Putrajaya,Milk-based,Latte,1,11.0,11.0,Cash,Raining
TXN-2655,2026-02-15,08:57,Putrajaya,Milk-based,Latte,1,11.0,11.0,Cash,Raining
TXN-2665,2026-02-15,09:01,Puncak Alam,Milk-based,Latte,1,11.0,11.0,QR,Sunny
TXN-2617,2026-02-15,09:03,Putrajaya,Espresso-based,Espresso,1,7.0,7.0,Cash,Raining
TXN-2604,2026-02-15,09:15,Putrajaya,Espresso-based,Americano,3,9.0,27.0,QR,Raining
TXN-2704,2026-02-15,09:15,Puncak Alam,Espresso-based,Americano,1,9.0,9.0,QR,Sunny
TXN-2684,2026-02-15,09:16,Puncak Alam,Milk-based,Caramel Macchiato,1,13.0,13.0,QR,Sunny
TXN-2635,2026-02-15,09:22,Putrajaya,Ice Blended,Ice Blended Chocolate Chip,1,14.0,14.0,QR,Raining
TXN-2702,2026-02-15,09:29,Puncak Alam,Milk-based,Cappuccino,1,11.0,11.0,Cash,Sunny
TXN-2611,2026-02-15,09:39,Putrajaya,Milk-based,Latte,1,11.0,11.0,QR,Raining
TXN-2707,2026-02-15,09:53,Puncak Alam,Milk-based,Caramel Macchiato,1,13.0,13.0,QR,Sunny
TXN-2620,2026-02-15,10:10,Putrajaya,Espresso-based,Americano,2,9.0,18.0,QR,Raining
TXN-2614,2026-02-15,10:30,Putrajaya,Milk-based,Caramel Macchiato,1,13.0,13.0,QR,Raining
TXN-2628,2026-02-15,10:39,Putrajaya,Milk-based,Caramel Macchiato,1,13.0,13.0,QR,Raining
TXN-2643,2026-02-15,10:50,Putrajaya,Milk-based,Mocha,1,12.0,12.0,Cash,Raining
TXN-2683,2026-02-15,10:53,Puncak Alam,Milk-based,Latte,1,11.0,11.0,Cash,Sunny
TXN-2692,2026-02-15,10:57,Puncak Alam,Espresso-based,Americano,1,9.0,9.0,QR,Sunny
TXN-2605,2026-02-15,10:58,Putrajaya,Milk-based,Latte,1,11.0,11.0,Cash,Raining
TXN-2695,2026-02-15,11:03,Puncak Alam,Espresso-based,Americano,3,9.0,27.0,QR,Sunny
TXN-2664,2026-02-15,11:20,Puncak Alam,Milk-based,Cappuccino,1,11.0,11.0,QR,Sunny
TXN-2612,2026-02-15,11:21,Putrajaya,Milk-based,Latte,1,11.0,11.0,QR,Raining
TXN-2602,2026-02-15,11:22,Putrajaya,Milk-based,Latte,2,11.0,22.0,QR,Raining
TXN-2687,2026-02-15,11:23,Puncak Alam,Milk-based,Mocha,1,12.0,12.0,QR,Sunny
TXN-2636,2026-02-15,11:35,Putrajaya,Milk-based,Mocha,3,12.0,36.0,Cash,Raining
TXN-2624,2026-02-15,12:00,Putrajaya,Milk-based,Latte,1,11.0,11.0,Cash,Raining
TXN-2627,2026-02-15,12:01,Putrajaya,Milk-based,Mocha,1,12.0,12.0,QR,Raining
TXN-2662,2026-02-15,12:12,Putrajaya,Espresso-based,Americano,1,9.0,9.0,QR,Raining
TXN-2663,2026-02-15,12:12,Putrajaya,Milk-based,Mocha,2,12.0,24.0,QR,Raining
TXN-2623,2026-02-15,12:18,Putrajaya,Espresso-based,Americano,1,9.0,9.0,Cash,Raining
TXN-2680,2026-02-15,12:22,Puncak Alam,Milk-based,Mocha,1,12.0,12.0,QR,Sunny
TXN-2622,2026-02-15,12:26,Putrajaya,Espresso-based,Espresso,1,7.0,7.0,QR,Raining
TXN-2670,2026-02-15,12:27,Puncak Alam,Milk-based,Mocha,2,12.0,24.0,QR,Sunny
TXN-2688,2026-02-15,12:43,Puncak Alam,Milk-based,Cappuccino,1,11.0,11.0,Cash,Sunny
TXN-2669,2026-02-15,12:48,Puncak Alam,Milk-based,Cappuccino,1,11.0,11.0,Cash,Sunny
TXN-2676,2026-02-15,12:57,Puncak Alam,Milk-based,Cappuccino,1,11.0,11.0,QR,Sunny
TXN-2632,2026-02-15,13:07,Putrajaya,Milk-based,Cappuccino,1,11.0,11.0,QR,Raining
TXN-2660,2026-02-15,13:07,Putrajaya,Espresso-based,Americano,3,9.0,27.0,QR,Raining
TXN-2646,2026-02-15,13:13,Putrajaya,Milk-based,Latte,2,11.0,22.0,Cash,Raining
TXN-2608,2026-02-15,13:16,Putrajaya,Espresso-based,Americano,2,9.0,18.0,QR,Raining
TXN-2654,2026-02-15,13:17,Putrajaya,Milk-based,Caramel Macchiato,2,13.0,26.0,Cash,Raining
TXN-2606,2026-02-15,13:34,Putrajaya,Milk-based,Latte,1,11.0,11.0,Cash,Raining
TXN-2626,2026-02-15,13:41,Putrajaya,Milk-based,Latte,2,11.0,22.0,QR,Raining
TXN-2667,2026-02-15,13:48,Puncak Alam,Milk-based,Cappuccino,1,11.0,11.0,QR,Sunny
TXN-2644,2026-02-15,13:50,Putrajaya,Milk-based,Mocha,1,12.0,12.0,QR,Raining
TXN-2705,2026-02-15,14:07,Puncak Alam,Espresso-based,Americano,1,9.0,9.0,QR,Sunny
TXN-2613,2026-02-15,14:19,Putrajaya,Milk-based,Latte,1,11.0,11.0,QR,Raining
TXN-2703,2026-02-15,14:33,Puncak Alam,Milk-based,Mocha,2,12.0,24.0,QR,Sunny
TXN-2634,2026-02-15,14:40,Putrajaya,Ice Blended,Ice Blended Chocolate Chip,1,14.0,14.0,Cash,Raining
TXN-2681,2026-02-15,14:44,Puncak Alam,Ice Blended,Ice Blended Chocolate Chip,1,14.0,14.0,QR,Sunny
TXN-2652,2026-02-15,14:57,Putrajaya,Ice Blended,Ice Blended Chocolate Chip,2,14.0,28.0,Cash,Raining
TXN-2619,2026-02-15,15:03,Putrajaya,Milk-based,Cappuccino,1,11.0,11.0,Cash,Raining
TXN-2610,2026-02-15,15:04,Putrajaya,Espresso-based,Americano,3,9.0,27.0,QR,Raining
TXN-2682,2026-02-15,15:13,Puncak Alam,Milk-based,Mocha,3,12.0,36.0,Cash,Sunny
TXN-2639,2026-02-15,15:14,Putrajaya,Espresso-based,Espresso,2,7.0,14.0,QR,Raining
TXN-2678,2026-02-15,15:19,Puncak Alam,Milk-based,Cappuccino,3,11.0,33.0,QR,Sunny
TXN-2647,2026-02-15,15:33,Putrajaya,Ice Blended,Ice Blended Chocolate Chip,1,14.0,14.0,Cash,Raining
TXN-2640,2026-02-15,15:39,Putrajaya,Milk-based,Caramel Macchiato,1,13.0,13.0,QR,Raining
TXN-2689,2026-02-15,15:40,Puncak Alam,Milk-based,Mocha,1,12.0,12.0,Cash,Sunny
TXN-2618,2026-02-15,16:11,Putrajaya,Milk-based,Mocha,1,12.0,12.0,QR,Raining
TXN-2658,2026-02-15,16:18,Putrajaya,Milk-based,Cappuccino,1,11.0,11.0,QR,Raining
TXN-2631,2026-02-15,16:28,Putrajaya,Milk-based,Latte,1,11.0,11.0,QR,Raining
TXN-2674,2026-02-15,16:40,Puncak Alam,Espresso-based,Espresso,1,7.0,7.0,QR,Sunny
TXN-2615,2026-02-15,16:42,Putrajaya,Ice Blended,Ice Blended Chocolate Chip,2,14.0,28.0,QR,Raining
TXN-2649,2026-02-15,16:44,Putrajaya,Milk-based,Caramel Macchiato,2,13.0,26.0,QR,Raining
TXN-2701,2026-02-15,16:45,Puncak Alam,Espresso-based,Espresso,1,7.0,7.0,QR,Sunny
TXN-2616,2026-02-15,16:47,Putrajaya,Milk-based,Caramel Macchiato,1,13.0,13.0,QR,Raining
TXN-2659,2026-02-15,16:59,Putrajaya,Espresso-based,Espresso,1,7.0,7.0,QR,Raining
TXN-2677,2026-02-15,17:00,Puncak Alam,Milk-based,Mocha,3,12.0,36.0,QR,Sunny
TXN-2691,2026-02-15,17:02,Puncak Alam,Milk-based,Latte,2,11.0,22.0,Cash,Sunny
TXN-2642,2026-02-15,17:28,Putrajaya,Milk-based,Latte,1,11.0,11.0,QR,Raining
TXN-2656,2026-02-15,17:31,Putrajaya,Milk-based,Caramel Macchiato,1,13.0,13.0,QR,Raining
TXN-2706,2026-02-15,17:33,Puncak Alam,Milk-based,Cappuccino,1,11.0,11.0,QR,Sunny
TXN-2621,2026-02-15,17:34,Putrajaya,Milk-based,Caramel Macchiato,3,13.0,39.0,QR,Raining
TXN-2653,2026-02-15,17:56,Putrajaya,Milk-based,Mocha,1,12.0,12.0,QR,Raining
TXN-2694,2026-02-15,17:59,Puncak Alam,Ice Blended,Ice Blended Chocolate Chip,1,14.0,14.0,QR,Sunny
TXN-2708,2026-02-15,18:01,Puncak Alam,Milk-based,Latte,1,11.0,11.0,QR,Sunny
TXN-2633,2026-02-15,18:36,Putrajaya,Ice Blended,Ice Blended Chocolate Chip,2,14.0,28.0,QR,Raining
TXN-2603,2026-02-15,18:43,Putrajaya,Ice Blended,Ice Blended Chocolate Chip,1,14.0,14.0,QR,Raining
TXN-2666,2026-02-15,18:46,Puncak Alam,Ice Blended,Ice Blended Chocolate Chip,2,14.0,28.0,QR,Sunny
TXN-2601,2026-02-15,18:55,Putrajaya,Milk-based,Mocha,1,12.0,12.0,Cash,Raining
TXN-2686,2026-02-15,19:04,Puncak Alam,Espresso-based,Espresso,1,7.0,7.0,QR,Sunny
TXN-2607,2026-02-15,19:20,Putrajaya,Milk-based,Cappuccino,1,11.0,11.0,QR,Raining
TXN-2671,2026-02-15,19:20,Puncak Alam,Milk-based,Cappuccino,1,11.0,11.0,QR,Sunny
TXN-2700,2026-02-15,19:27,Puncak Alam,Ice Blended,Ice Blended Chocolate Chip,4,14.0,56.0,QR,Sunny
TXN-2673,2026-02-15,19:35,Puncak Alam,Espresso-based,Espresso,1,7.0,7.0,QR,Sunny
TXN-2600,2026-02-15,19:41,Putrajaya,Milk-based,Caramel Macchiato,2,13.0,26.0,Cash,Raining
TXN-2697,2026-02-15,19:44,Puncak Alam,Milk-based,Caramel Macchiato,1,13.0,13.0,QR,Sunny
TXN-2645,2026-02-15,19:56,Putrajaya,Milk-based,Mocha,1,12.0,12.0,QR,Raining
TXN-2690,2026-02-15,19:57,Puncak Alam,Milk-based,Mocha,1,12.0,12.0,QR,Sunny
TXN-2698,2026-02-15,19:57,Puncak Alam,Ice Blended,Ice Blended Chocolate Chip,1,14.0,14.0,Cash,Sunny
TXN-2625,2026-02-15,20:09,Putrajaya,Milk-based,Caramel Macchiato,1,13.0,13.0,QR,Raining
TXN-2668,2026-02-15,20:15,Puncak Alam,Milk-based,Latte,3,11.0,33.0,QR,Sunny
TXN-2630,2026-02-15,20:16,Putrajaya,Milk-based,Latte,1,11.0,11.0,Cash,Raining
TXN-2609,2026-02-15,20:19,Putrajaya,Espresso-based,Americano,1,9.0,9.0,QR,Raining
TXN-2637,2026-02-15,20:20,Putrajaya,Milk-based,Caramel Macchiato,2,13.0,26.0,QR,Raining
TXN-2679,2026-02-15,20:23,Puncak Alam,Milk-based,Caramel Macchiato,1,13.0,13.0,QR,Sunny
TXN-2657,2026-02-15,20:32,Putrajaya,Milk-based,Latte,1,11.0,11.0,Cash,Raining
TXN-2651,2026-02-15,20:35,Putrajaya,Milk-based,Latte,2,11.0,22.0,Cash,Raining
TXN-2650,2026-02-15,20:56,Putrajaya,Espresso-based,Espresso,1,7.0,7.0,QR,Raining
TXN-2661,2026-02-15,21:02,Putrajaya,Milk-based,Latte,1,11.0,11.0,QR,Raining
TXN-2672,2026-02-15,21:04,Puncak Alam,Espresso-based,Americano,1,9.0,9.0,Cash,Sunny
TXN-2675,2026-02-15,21:17,Puncak Alam,Milk-based,Caramel Macchiato,1,13.0,13.0,Cash,Sunny
TXN-2685,2026-02-15,21:44,Puncak Alam,Milk-based,Mocha,2,12.0,24.0,QR,Sunny
TXN-2709,2026-02-15,21:49,Puncak Alam,Milk-based,Mocha,3,12.0,36.0,Cash,Sunny
TXN-2699,2026-02-15,21:59,Puncak Alam,Milk-based,Caramel Macchiato,3,13.0,39.0,QR,Sunny
TXN-2781,2026-02-16,08:09,Puncak Alam,Espresso-based,Espresso,2,7.0,14.0,Cash,Sunny
TXN-2801,2026-02-16,08:12,Puncak Alam,Ice Blended,Ice Blended Chocolate Chip,1,14.0,14.0,QR,Sunny
TXN-2816,2026-02-16,08:13,Puncak Alam,Milk-based,Mocha,3,12.0,36.0,QR,Sunny
TXN-2794,2026-02-16,08:22,Puncak Alam,Milk-based,Latte,1,11.0,11.0,QR,Sunny
TXN-2824,2026-02-16,08:33,Puncak Alam,Espresso-based,Espresso,1,7.0,7.0,QR,Sunny
TXN-2766,2026-02-16,08:38,Putrajaya,Milk-based,Cappuccino,1,11.0,11.0,QR,Sunny
TXN-2800,2026-02-16,08:48,Puncak Alam,Milk-based,Caramel Macchiato,1,13.0,13.0,QR,Sunny
TXN-2829,2026-02-16,08:57,Puncak Alam,Espresso-based,Espresso,3,7.0,21.0,QR,Sunny
TXN-2738,2026-02-16,09:06,Putrajaya,Milk-based,Caramel Macchiato,1,13.0,13.0,QR,Sunny
TXN-2758,2026-02-16,09:09,Putrajaya,Espresso-based,Americano,1,9.0,9.0,Cash,Sunny
TXN-2787,2026-02-16,09:10,Puncak Alam,Milk-based,Mocha,1,12.0,12.0,QR,Sunny
TXN-2790,2026-02-16,09:12,Puncak Alam,Milk-based,Latte,1,11.0,11.0,QR,Sunny
TXN-2780,2026-02-16,09:23,Puncak Alam,Espresso-based,Americano,1,9.0,9.0,Cash,Sunny
TXN-2736,2026-02-16,09:29,Putrajaya,Espresso-based,Espresso,1,7.0,7.0,QR,Sunny
TXN-2737,2026-02-16,09:30,Putrajaya,Ice Blended,Ice Blended Chocolate Chip,2,14.0,28.0,QR,Sunny
TXN-2715,2026-02-16,09:34,Putrajaya,Milk-based,Mocha,2,12.0,24.0,QR,Sunny
TXN-2773,2026-02-16,09:34,Puncak Alam,Milk-based,Latte,1,11.0,11.0,QR,Sunny
TXN-2718,2026-02-16,09:36,Putrajaya,Espresso-based,Americano,3,9.0,27.0,QR,Sunny
TXN-2795,2026-02-16,09:47,Puncak Alam,Ice Blended,Ice Blended Chocolate Chip,1,14.0,14.0,QR,Sunny
TXN-2835,2026-02-16,10:18,Puncak Alam,Milk-based,Cappuccino,1,11.0,11.0,Cash,Sunny
TXN-2840,2026-02-16,10:41,Puncak Alam,Milk-based,Caramel Macchiato,1,13.0,13.0,QR,Sunny
TXN-2768,2026-02-16,11:07,Puncak Alam,Ice Blended,Ice Blended Chocolate Chip,1,14.0,14.0,QR,Sunny
TXN-2827,2026-02-16,11:13,Puncak Alam,Espresso-based,Americano,3,9.0,27.0,QR,Sunny
TXN-2815,2026-02-16,11:24,Puncak Alam,Milk-based,Mocha,1,12.0,12.0,QR,Sunny
TXN-2804,2026-02-16,11:33,Puncak Alam,Milk-based,Latte,2,11.0,22.0,Cash,Sunny
TXN-2830,2026-02-16,11:41,Puncak Alam,Ice Blended,Ice Blended Chocolate Chip,2,14.0,28.0,QR,Sunny
TXN-2717,2026-02-16,11:49,Putrajaya,Milk-based,Latte,2,11.0,22.0,QR,Sunny
TXN-2770,2026-02-16,11:54,Puncak Alam,Espresso-based,Americano,1,9.0,9.0,Cash,Sunny
TXN-2796,2026-02-16,11:57,Puncak Alam,Milk-based,Latte,2,11.0,22.0,QR,Sunny
TXN-2714,2026-02-16,12:07,Putrajaya,Milk-based,Caramel Macchiato,3,13.0,39.0,QR,Sunny
TXN-2809,2026-02-16,12:08,Puncak Alam,Espresso-based,Espresso,2,7.0,14.0,QR,Sunny
TXN-2765,2026-02-16,12:14,Putrajaya,Espresso-based,Americano,3,9.0,27.0,QR,Sunny
TXN-2836,2026-02-16,12:19,Puncak Alam,Milk-based,Mocha,1,12.0,12.0,Cash,Sunny
TXN-2759,2026-02-16,12:25,Putrajaya,Milk-based,Mocha,1,12.0,12.0,QR,Sunny
TXN-2784,2026-02-16,12:25,Puncak Alam,Ice Blended,Ice Blended Chocolate Chip,1,14.0,14.0,Cash,Sunny
TXN-2786,2026-02-16,12:27,Puncak Alam,Espresso-based,Americano,1,9.0,9.0,QR,Sunny
TXN-2774,2026-02-16,12:34,Puncak Alam,Espresso-based,Espresso,2,7.0,14.0,QR,Sunny
TXN-2839,2026-02-16,12:36,Puncak Alam,Milk-based,Cappuccino,1,11.0,11.0,QR,Sunny
TXN-2772,2026-02-16,12:37,Puncak Alam,Espresso-based,Americano,1,9.0,9.0,QR,Sunny
TXN-2776,2026-02-16,12:37,Puncak Alam,Espresso-based,Espresso,2,7.0,14.0,QR,Sunny
TXN-2757,2026-02-16,12:38,Putrajaya,Espresso-based,Espresso,1,7.0,7.0,QR,Sunny
TXN-2778,2026-02-16,12:43,Puncak Alam,Milk-based,Cappuccino,2,11.0,22.0,QR,Sunny
TXN-2788,2026-02-16,12:45,Puncak Alam,Milk-based,Caramel Macchiato,1,13.0,13.0,QR,Sunny
TXN-2832,2026-02-16,12:57,Puncak Alam,Milk-based,Mocha,1,12.0,12.0,QR,Sunny
TXN-2712,2026-02-16,12:59,Putrajaya,Milk-based,Mocha,1,12.0,12.0,QR,Sunny
TXN-2799,2026-02-16,13:18,Puncak Alam,Milk-based,Mocha,1,12.0,12.0,QR,Sunny
TXN-2750,2026-02-16,13:25,Putrajaya,Milk-based,Caramel Macchiato,1,13.0,13.0,QR,Sunny
TXN-2797,2026-02-16,13:28,Puncak Alam,Milk-based,Latte,1,11.0,11.0,QR,Sunny
TXN-2743,2026-02-16,13:49,Putrajaya,Milk-based,Latte,1,11.0,11.0,QR,Sunny
TXN-2783,2026-02-16,14:10,Puncak Alam,Milk-based,Caramel Macchiato,2,13.0,26.0,Cash,Sunny
TXN-2841,2026-02-16,14:12,Puncak Alam,Espresso-based,Espresso,2,7.0,14.0,QR,Sunny
TXN-2769,2026-02-16,14:22,Puncak Alam,Milk-based,Cappuccino,1,11.0,11.0,Cash,Sunny
TXN-2760,2026-02-16,14:38,Putrajaya,Milk-based,Mocha,3,12.0,36.0,QR,Sunny
TXN-2819,2026-02-16,14:46,Puncak Alam,Espresso-based,Espresso,1,7.0,7.0,Cash,Sunny
TXN-2831,2026-02-16,14:50,Puncak Alam,Milk-based,Mocha,1,12.0,12.0,QR,Sunny
TXN-2726,2026-02-16,15:02,Putrajaya,Milk-based,Cappuccino,2,11.0,22.0,QR,Sunny
TXN-2838,2026-02-16,15:15,Puncak Alam,Milk-based,Caramel Macchiato,1,13.0,13.0,QR,Sunny
TXN-2719,2026-02-16,15:17,Putrajaya,Espresso-based,Espresso,1,7.0,7.0,Cash,Sunny
TXN-2826,2026-02-16,15:20,Puncak Alam,Milk-based,Caramel Macchiato,1,13.0,13.0,QR,Sunny
TXN-2805,2026-02-16,15:21,Puncak Alam,Espresso-based,Espresso,1,7.0,7.0,QR,Sunny
TXN-2742,2026-02-16,15:25,Putrajaya,Milk-based,Cappuccino,4,11.0,44.0,QR,Sunny
TXN-2791,2026-02-16,15:26,Puncak Alam,Ice Blended,Ice Blended Chocolate Chip,1,14.0,14.0,Cash,Sunny
TXN-2823,2026-02-16,15:44,Puncak Alam,Espresso-based,Americano,1,9.0,9.0,QR,Sunny
TXN-2725,2026-02-16,15:47,Putrajaya,Milk-based,Cappuccino,1,11.0,11.0,QR,Sunny
TXN-2825,2026-02-16,15:53,Puncak Alam,Espresso-based,Espresso,1,7.0,7.0,QR,Sunny
TXN-2792,2026-02-16,16:01,Puncak Alam,Milk-based,Caramel Macchiato,1,13.0,13.0,QR,Sunny
TXN-2777,2026-02-16,16:09,Puncak Alam,Milk-based,Caramel Macchiato,1,13.0,13.0,Cash,Sunny
TXN-2729,2026-02-16,16:10,Putrajaya,Milk-based,Mocha,1,12.0,12.0,Cash,Sunny
TXN-2728,2026-02-16,16:22,Putrajaya,Espresso-based,Americano,1,9.0,9.0,QR,Sunny
TXN-2775,2026-02-16,16:23,Puncak Alam,Espresso-based,Espresso,1,7.0,7.0,QR,Sunny
TXN-2752,2026-02-16,16:27,Putrajaya,Espresso-based,Americano,1,9.0,9.0,Cash,Sunny
TXN-2749,2026-02-16,16:29,Putrajaya,Espresso-based,Espresso,2,7.0,14.0,Cash,Sunny
TXN-2828,2026-02-16,16:30,Puncak Alam,Milk-based,Mocha,1,12.0,12.0,QR,Sunny
TXN-2834,2026-02-16,16:30,Puncak Alam,Milk-based,Latte,1,11.0,11.0,Cash,Sunny
TXN-2761,2026-02-16,16:33,Putrajaya,Milk-based,Caramel Macchiato,1,13.0,13.0,Cash,Sunny
TXN-2812,2026-02-16,16:37,Puncak Alam,Milk-based,Cappuccino,4,11.0,44.0,QR,Sunny
TXN-2748,2026-02-16,16:39,Putrajaya,Espresso-based,Espresso,1,7.0,7.0,QR,Sunny
TXN-2710,2026-02-16,16:42,Putrajaya,Milk-based,Latte,1,11.0,11.0,QR,Sunny
TXN-2731,2026-02-16,16:54,Putrajaya,Ice Blended,Ice Blended Chocolate Chip,2,14.0,28.0,QR,Sunny
TXN-2735,2026-02-16,16:58,Putrajaya,Milk-based,Cappuccino,1,11.0,11.0,QR,Sunny
TXN-2730,2026-02-16,16:59,Putrajaya,Milk-based,Mocha,1,12.0,12.0,QR,Sunny
TXN-2721,2026-02-16,17:09,Putrajaya,Milk-based,Mocha,2,12.0,24.0,QR,Sunny
TXN-2724,2026-02-16,17:23,Putrajaya,Espresso-based,Americano,2,9.0,18.0,QR,Sunny
TXN-2767,2026-02-16,17:23,Puncak Alam,Milk-based,Latte,1,11.0,11.0,QR,Sunny
TXN-2740,2026-02-16,17:25,Putrajaya,Milk-based,Caramel Macchiato,1,13.0,13.0,Cash,Sunny
TXN-2756,2026-02-16,17:28,Putrajaya,Ice Blended,Ice Blended Chocolate Chip,1,14.0,14.0,QR,Sunny
TXN-2803,2026-02-16,17:37,Puncak Alam,Espresso-based,Americano,1,9.0,9.0,QR,Sunny
TXN-2822,2026-02-16,17:43,Puncak Alam,Milk-based,Mocha,1,12.0,12.0,QR,Sunny
TXN-2732,2026-02-16,17:44,Putrajaya,Milk-based,Mocha,1,12.0,12.0,QR,Sunny
TXN-2793,2026-02-16,17:46,Puncak Alam,Milk-based,Caramel Macchiato,1,13.0,13.0,QR,Sunny
TXN-2785,2026-02-16,18:03,Puncak Alam,Ice Blended,Ice Blended Chocolate Chip,2,14.0,28.0,QR,Sunny
TXN-2842,2026-02-16,18:07,Puncak Alam,Espresso-based,Espresso,1,7.0,7.0,QR,Sunny
TXN-2811,2026-02-16,18:09,Puncak Alam,Milk-based,Mocha,1,12.0,12.0,QR,Sunny
TXN-2821,2026-02-16,18:18,Puncak Alam,Milk-based,Mocha,1,12.0,12.0,QR,Sunny
TXN-2753,2026-02-16,18:23,Putrajaya,Milk-based,Mocha,3,12.0,36.0,QR,Sunny
TXN-2779,2026-02-16,18:28,Puncak Alam,Milk-based,Latte,1,11.0,11.0,QR,Sunny
TXN-2741,2026-02-16,18:38,Putrajaya,Milk-based,Caramel Macchiato,1,13.0,13.0,Cash,Sunny
TXN-2754,2026-02-16,18:44,Putrajaya,Milk-based,Latte,2,11.0,22.0,QR,Sunny
TXN-2837,2026-02-16,18:46,Puncak Alam,Milk-based,Cappuccino,1,11.0,11.0,QR,Sunny
TXN-2723,2026-02-16,18:50,Putrajaya,Ice Blended,Ice Blended Chocolate Chip,3,14.0,42.0,QR,Sunny
TXN-2802,2026-02-16,18:51,Puncak Alam,Milk-based,Caramel Macchiato,1,13.0,13.0,Cash,Sunny
TXN-2782,2026-02-16,18:55,Puncak Alam,Ice Blended,Ice Blended Chocolate Chip,4,14.0,56.0,QR,Sunny
TXN-2711,2026-02-16,18:57,Putrajaya,Espresso-based,Espresso,1,7.0,7.0,QR,Sunny
TXN-2763,2026-02-16,19:12,Putrajaya,Espresso-based,Americano,1,9.0,9.0,QR,Sunny
TXN-2762,2026-02-16,19:14,Putrajaya,Milk-based,Caramel Macchiato,1,13.0,13.0,QR,Sunny
TXN-2798,2026-02-16,19:22,Puncak Alam,Milk-based,Mocha,3,12.0,36.0,Cash,Sunny
TXN-2751,2026-02-16,19:31,Putrajaya,Ice Blended,Ice Blended Chocolate Chip,3,14.0,42.0,QR,Sunny
TXN-2745,2026-02-16,19:35,Putrajaya,Milk-based,Mocha,1,12.0,12.0,Cash,Sunny
TXN-2727,2026-02-16,19:43,Putrajaya,Espresso-based,Espresso,1,7.0,7.0,QR,Sunny
TXN-2739,2026-02-16,19:50,Putrajaya,Milk-based,Cappuccino,2,11.0,22.0,QR,Sunny
TXN-2733,2026-02-16,19:51,Putrajaya,Milk-based,Mocha,1,12.0,12.0,Cash,Sunny
TXN-2720,2026-02-16,19:57,Putrajaya,Milk-based,Cappuccino,1,11.0,11.0,QR,Sunny
TXN-2755,2026-02-16,19:58,Putrajaya,Milk-based,Caramel Macchiato,1,13.0,13.0,QR,Sunny
TXN-2764,2026-02-16,20:04,Putrajaya,Milk-based,Mocha,2,12.0,24.0,QR,Sunny
TXN-2771,2026-02-16,20:04,Puncak Alam,Milk-based,Mocha,2,12.0,24.0,QR,Sunny
TXN-2789,2026-02-16,20:05,Puncak Alam,Milk-based,Mocha,3,12.0,36.0,QR,Sunny
TXN-2820,2026-02-16,20:10,Puncak Alam,Espresso-based,Espresso,2,7.0,14.0,QR,Sunny
TXN-2808,2026-02-16,20:19,Puncak Alam,Milk-based,Latte,1,11.0,11.0,QR,Sunny
TXN-2806,2026-02-16,20:21,Puncak Alam,Milk-based,Latte,1,11.0,11.0,QR,Sunny
TXN-2833,2026-02-16,20:30,Puncak Alam,Milk-based,Cappuccino,1,11.0,11.0,QR,Sunny
TXN-2722,2026-02-16,20:41,Putrajaya,Espresso-based,Americano,1,9.0,9.0,QR,Sunny
TXN-2713,2026-02-16,20:47,Putrajaya,Ice Blended,Ice Blended Chocolate Chip,1,14.0,14.0,QR,Sunny
TXN-2734,2026-02-16,21:15,Putrajaya,Espresso-based,Espresso,1,7.0,7.0,Cash,Sunny
TXN-2817,2026-02-16,21:15,Puncak Alam,Milk-based,Mocha,1,12.0,12.0,Cash,Sunny
TXN-2744,2026-02-16,21:21,Putrajaya,Espresso-based,Americano,1,9.0,9.0,QR,Sunny
TXN-2807,2026-02-16,21:23,Puncak Alam,Milk-based,Mocha,1,12.0,12.0,QR,Sunny
TXN-2813,2026-02-16,21:24,Puncak Alam,Espresso-based,Americano,1,9.0,9.0,QR,Sunny
TXN-2716,2026-02-16,21:31,Putrajaya,Ice Blended,Ice Blended Chocolate Chip,1,14.0,14.0,QR,Sunny
TXN-2747,2026-02-16,21:36,Putrajaya,Milk-based,Caramel Macchiato,1,13.0,13.0,Cash,Sunny
TXN-2810,2026-02-16,21:47,Puncak Alam,Milk-based,Mocha,1,12.0,12.0,Cash,Sunny
TXN-2814,2026-02-16,21:50,Puncak Alam,Espresso-based,Americano,1,9.0,9.0,Cash,Sunny
TXN-2746,2026-02-16,21:52,Putrajaya,Milk-based,Mocha,2,12.0,24.0,QR,Sunny
TXN-2818,2026-02-16,21:54,Puncak Alam,Espresso-based,Americano,2,9.0,18.0,QR,Sunny
TXN-2948,2026-02-17,08:00,Puncak Alam,Milk-based,Caramel Macchiato,1,13.0,13.0,QR,Sunny
TXN-2849,2026-02-17,08:08,Putrajaya,Ice Blended,Ice Blended Chocolate Chip,2,14.0,28.0,QR,Sunny
TXN-2874,2026-02-17,08:51,Putrajaya,Milk-based,Caramel Macchiato,1,13.0,13.0,QR,Sunny
TXN-2897,2026-02-17,08:57,Putrajaya,Milk-based,Latte,1,11.0,11.0,QR,Sunny
TXN-2951,2026-02-17,09:13,Puncak Alam,Espresso-based,Espresso,1,7.0,7.0,QR,Sunny
TXN-2872,2026-02-17,09:34,Putrajaya,Milk-based,Cappuccino,2,11.0,22.0,Cash,Sunny
TXN-2862,2026-02-17,09:35,Putrajaya,Espresso-based,Americano,1,9.0,9.0,QR,Sunny
TXN-2915,2026-02-17,09:41,Puncak Alam,Milk-based,Caramel Macchiato,2,13.0,26.0,Cash,Sunny
TXN-2865,2026-02-17,09:43,Putrajaya,Milk-based,Caramel Macchiato,2,13.0,26.0,Cash,Sunny
TXN-2929,2026-02-17,09:50,Puncak Alam,Ice Blended,Ice Blended Chocolate Chip,1,14.0,14.0,QR,Sunny
TXN-2878,2026-02-17,09:53,Putrajaya,Milk-based,Mocha,1,12.0,12.0,QR,Sunny
TXN-2882,2026-02-17,10:37,Putrajaya,Ice Blended,Ice Blended Chocolate Chip,1,14.0,14.0,QR,Sunny
TXN-2906,2026-02-17,10:40,Puncak Alam,Ice Blended,Ice Blended Chocolate Chip,1,14.0,14.0,QR,Sunny
TXN-2912,2026-02-17,10:41,Puncak Alam,Milk-based,Caramel Macchiato,2,13.0,26.0,QR,Sunny
TXN-2916,2026-02-17,10:57,Puncak Alam,Milk-based,Cappuccino,2,11.0,22.0,QR,Sunny
TXN-2950,2026-02-17,11:19,Puncak Alam,Milk-based,Latte,2,11.0,22.0,QR,Sunny
TXN-2899,2026-02-17,11:20,Putrajaya,Milk-based,Latte,1,11.0,11.0,Cash,Sunny
TXN-2901,2026-02-17,11:32,Putrajaya,Milk-based,Caramel Macchiato,1,13.0,13.0,Cash,Sunny
TXN-2922,2026-02-17,11:34,Puncak Alam,Milk-based,Latte,1,11.0,11.0,QR,Sunny
TXN-2870,2026-02-17,11:45,Putrajaya,Espresso-based,Americano,1,9.0,9.0,Cash,Sunny
TXN-2888,2026-02-17,12:02,Putrajaya,Milk-based,Mocha,1,12.0,12.0,QR,Sunny
TXN-2866,2026-02-17,12:06,Putrajaya,Milk-based,Latte,1,11.0,11.0,Cash,Sunny
TXN-2896,2026-02-17,12:06,Putrajaya,Milk-based,Caramel Macchiato,1,13.0,13.0,QR,Sunny
TXN-2892,2026-02-17,12:15,Putrajaya,Espresso-based,Espresso,1,7.0,7.0,QR,Sunny
TXN-2952,2026-02-17,12:25,Puncak Alam,Ice Blended,Ice Blended Chocolate Chip,2,14.0,28.0,QR,Sunny
TXN-2927,2026-02-17,12:34,Puncak Alam,Milk-based,Latte,3,11.0,33.0,Cash,Sunny
TXN-2877,2026-02-17,12:38,Putrajaya,Milk-based,Latte,1,11.0,11.0,QR,Sunny
TXN-2934,2026-02-17,12:50,Puncak Alam,Milk-based,Cappuccino,1,11.0,11.0,Cash,Sunny
TXN-2850,2026-02-17,13:00,Putrajaya,Espresso-based,Americano,1,9.0,9.0,QR,Sunny
TXN-2902,2026-02-17,13:08,Putrajaya,Ice Blended,Ice Blended Chocolate Chip,1,14.0,14.0,Cash,Sunny
TXN-2857,2026-02-17,13:15,Putrajaya,Milk-based,Mocha,2,12.0,24.0,Cash,Sunny
TXN-2873,2026-02-17,13:30,Putrajaya,Milk-based,Caramel Macchiato,1,13.0,13.0,Cash,Sunny
TXN-2910,2026-02-17,13:35,Puncak Alam,Milk-based,Caramel Macchiato,1,13.0,13.0,Cash,Sunny
TXN-2856,2026-02-17,13:37,Putrajaya,Milk-based,Caramel Macchiato,1,13.0,13.0,QR,Sunny
TXN-2867,2026-02-17,13:48,Putrajaya,Milk-based,Caramel Macchiato,1,13.0,13.0,Cash,Sunny
TXN-2868,2026-02-17,13:48,Putrajaya,Espresso-based,Americano,1,9.0,9.0,QR,Sunny
TXN-2904,2026-02-17,14:04,Putrajaya,Espresso-based,Espresso,2,7.0,14.0,Cash,Sunny
TXN-2893,2026-02-17,14:11,Putrajaya,Ice Blended,Ice Blended Chocolate Chip,1,14.0,14.0,Cash,Sunny
TXN-2909,2026-02-17,14:20,Puncak Alam,Milk-based,Mocha,1,12.0,12.0,QR,Sunny
TXN-2898,2026-02-17,14:28,Putrajaya,Milk-based,Cappuccino,2,11.0,22.0,QR,Sunny
TXN-2903,2026-02-17,14:31,Putrajaya,Espresso-based,Americano,1,9.0,9.0,Cash,Sunny
TXN-2860,2026-02-17,14:36,Putrajaya,Espresso-based,Americano,1,9.0,9.0,QR,Sunny
TXN-2919,2026-02-17,14:44,Puncak Alam,Espresso-based,Americano,1,9.0,9.0,QR,Sunny
TXN-2881,2026-02-17,14:54,Putrajaya,Milk-based,Cappuccino,1,11.0,11.0,QR,Sunny
TXN-2863,2026-02-17,14:59,Putrajaya,Milk-based,Cappuccino,1,11.0,11.0,QR,Sunny
TXN-2921,2026-02-17,14:59,Puncak Alam,Ice Blended,Ice Blended Chocolate Chip,1,14.0,14.0,Cash,Sunny
TXN-2843,2026-02-17,15:00,Putrajaya,Espresso-based,Espresso,3,7.0,21.0,Cash,Sunny
TXN-2895,2026-02-17,15:08,Putrajaya,Milk-based,Mocha,1,12.0,12.0,Cash,Sunny
TXN-2855,2026-02-17,15:22,Putrajaya,Milk-based,Caramel Macchiato,1,13.0,13.0,QR,Sunny
TXN-2851,2026-02-17,15:28,Putrajaya,Ice Blended,Ice Blended Chocolate Chip,3,14.0,42.0,QR,Sunny
TXN-2954,2026-02-17,15:34,Puncak Alam,Espresso-based,Espresso,1,7.0,7.0,QR,Sunny
TXN-2943,2026-02-17,15:36,Puncak Alam,Milk-based,Cappuccino,2,11.0,22.0,QR,Sunny
TXN-2847,2026-02-17,15:43,Putrajaya,Espresso-based,Americano,1,9.0,9.0,QR,Sunny
TXN-2891,2026-02-17,15:55,Putrajaya,Espresso-based,Americano,1,9.0,9.0,QR,Sunny
TXN-2900,2026-02-17,15:55,Putrajaya,Ice Blended,Ice Blended Chocolate Chip,1,14.0,14.0,QR,Sunny
TXN-2844,2026-02-17,15:56,Putrajaya,Espresso-based,Espresso,1,7.0,7.0,QR,Sunny
TXN-2936,2026-02-17,15:59,Puncak Alam,Espresso-based,Espresso,1,7.0,7.0,QR,Sunny
TXN-2885,2026-02-17,16:08,Putrajaya,Espresso-based,Americano,1,9.0,9.0,Cash,Sunny
TXN-2845,2026-02-17,16:11,Putrajaya,Espresso-based,Espresso,1,7.0,7.0,QR,Sunny
TXN-2846,2026-02-17,16:16,Putrajaya,Milk-based,Caramel Macchiato,1,13.0,13.0,Cash,Sunny
TXN-2926,2026-02-17,16:18,Puncak Alam,Milk-based,Latte,1,11.0,11.0,Cash,Sunny
TXN-2945,2026-02-17,16:19,Puncak Alam,Espresso-based,Americano,1,9.0,9.0,QR,Sunny
TXN-2861,2026-02-17,16:23,Putrajaya,Milk-based,Mocha,1,12.0,12.0,Cash,Sunny
TXN-2925,2026-02-17,16:28,Puncak Alam,Milk-based,Latte,2,11.0,22.0,QR,Sunny
TXN-2939,2026-02-17,16:34,Puncak Alam,Espresso-based,Americano,2,9.0,18.0,Cash,Sunny
TXN-2947,2026-02-17,16:38,Puncak Alam,Espresso-based,Espresso,1,7.0,7.0,Cash,Sunny
TXN-2949,2026-02-17,16:45,Puncak Alam,Milk-based,Latte,1,11.0,11.0,QR,Sunny
TXN-2924,2026-02-17,16:47,Puncak Alam,Milk-based,Mocha,1,12.0,12.0,QR,Sunny
TXN-2854,2026-02-17,16:48,Putrajaya,Milk-based,Latte,1,11.0,11.0,QR,Sunny
TXN-2932,2026-02-17,16:53,Puncak Alam,Espresso-based,Espresso,1,7.0,7.0,QR,Sunny
TXN-2935,2026-02-17,16:54,Puncak Alam,Espresso-based,Espresso,1,7.0,7.0,QR,Sunny
TXN-2852,2026-02-17,16:58,Putrajaya,Espresso-based,Americano,1,9.0,9.0,QR,Sunny
TXN-2871,2026-02-17,17:00,Putrajaya,Milk-based,Mocha,1,12.0,12.0,QR,Sunny
TXN-2918,2026-02-17,17:02,Puncak Alam,Milk-based,Mocha,3,12.0,36.0,QR,Sunny
TXN-2913,2026-02-17,17:04,Puncak Alam,Milk-based,Caramel Macchiato,1,13.0,13.0,QR,Sunny
TXN-2942,2026-02-17,17:09,Puncak Alam,Espresso-based,Espresso,2,7.0,14.0,QR,Sunny
TXN-2848,2026-02-17,17:16,Putrajaya,Milk-based,Mocha,1,12.0,12.0,QR,Sunny
TXN-2879,2026-02-17,17:16,Putrajaya,Espresso-based,Espresso,1,7.0,7.0,QR,Sunny
TXN-2944,2026-02-17,17:23,Puncak Alam,Milk-based,Latte,1,11.0,11.0,QR,Sunny
TXN-2884,2026-02-17,17:27,Putrajaya,Milk-based,Cappuccino,1,11.0,11.0,QR,Sunny
TXN-2858,2026-02-17,17:28,Putrajaya,Ice Blended,Ice Blended Chocolate Chip,1,14.0,14.0,QR,Sunny
TXN-2876,2026-02-17,17:29,Putrajaya,Milk-based,Mocha,2,12.0,24.0,QR,Sunny
TXN-2883,2026-02-17,17:45,Putrajaya,Milk-based,Caramel Macchiato,3,13.0,39.0,QR,Sunny
TXN-2907,2026-02-17,18:06,Puncak Alam,Milk-based,Mocha,2,12.0,24.0,Cash,Sunny
TXN-2886,2026-02-17,18:08,Putrajaya,Espresso-based,Espresso,1,7.0,7.0,QR,Sunny
TXN-2940,2026-02-17,18:15,Puncak Alam,Milk-based,Latte,2,11.0,22.0,QR,Sunny
TXN-2930,2026-02-17,18:16,Puncak Alam,Espresso-based,Espresso,1,7.0,7.0,QR,Sunny
TXN-2894,2026-02-17,18:17,Putrajaya,Espresso-based,Espresso,2,7.0,14.0,QR,Sunny
TXN-2905,2026-02-17,18:20,Putrajaya,Milk-based,Caramel Macchiato,1,13.0,13.0,QR,Sunny
TXN-2864,2026-02-17,18:22,Putrajaya,Espresso-based,Espresso,1,7.0,7.0,Cash,Sunny
TXN-2869,2026-02-17,18:22,Putrajaya,Milk-based,Cappuccino,1,11.0,11.0,QR,Sunny
TXN-2923,2026-02-17,18:38,Puncak Alam,Milk-based,Mocha,1,12.0,12.0,QR,Sunny
TXN-2953,2026-02-17,18:47,Puncak Alam,Ice Blended,Ice Blended Chocolate Chip,1,14.0,14.0,QR,Sunny
TXN-2880,2026-02-17,18:52,Putrajaya,Milk-based,Latte,3,11.0,33.0,Cash,Sunny
TXN-2911,2026-02-17,18:52,Puncak Alam,Milk-based,Cappuccino,1,11.0,11.0,Cash,Sunny
TXN-2875,2026-02-17,19:12,Putrajaya,Milk-based,Caramel Macchiato,1,13.0,13.0,QR,Sunny
TXN-2941,2026-02-17,19:25,Puncak Alam,Espresso-based,Espresso,1,7.0,7.0,QR,Sunny
TXN-2920,2026-02-17,19:29,Puncak Alam,Milk-based,Mocha,2,12.0,24.0,QR,Sunny
TXN-2859,2026-02-17,19:31,Putrajaya,Ice Blended,Ice Blended Chocolate Chip,1,14.0,14.0,QR,Sunny
TXN-2887,2026-02-17,19:39,Putrajaya,Milk-based,Mocha,2,12.0,24.0,QR,Sunny
TXN-2928,2026-02-17,19:47,Puncak Alam,Ice Blended,Ice Blended Chocolate Chip,1,14.0,14.0,QR,Sunny
TXN-2931,2026-02-17,20:11,Puncak Alam,Milk-based,Caramel Macchiato,2,13.0,26.0,QR,Sunny
TXN-2938,2026-02-17,20:17,Puncak Alam,Espresso-based,Americano,2,9.0,18.0,Cash,Sunny
TXN-2890,2026-02-17,20:29,Putrajaya,Milk-based,Latte,2,11.0,22.0,QR,Sunny
TXN-2917,2026-02-17,20:29,Puncak Alam,Espresso-based,Espresso,1,7.0,7.0,Cash,Sunny
TXN-2946,2026-02-17,20:36,Puncak Alam,Ice Blended,Ice Blended Chocolate Chip,2,14.0,28.0,QR,Sunny
TXN-2933,2026-02-17,20:42,Puncak Alam,Milk-based,Caramel Macchiato,3,13.0,39.0,QR,Sunny
TXN-2889,2026-02-17,20:43,Putrajaya,Milk-based,Caramel Macchiato,2,13.0,26.0,QR,Sunny
TXN-2914,2026-02-17,20:54,Puncak Alam,Ice Blended,Ice Blended Chocolate Chip,1,14.0,14.0,QR,Sunny
TXN-2853,2026-02-17,20:56,Putrajaya,Milk-based,Caramel Macchiato,1,13.0,13.0,QR,Sunny
TXN-2908,2026-02-17,21:23,Puncak Alam,Ice Blended,Ice Blended Chocolate Chip,1,14.0,14.0,Cash,Sunny
TXN-2937,2026-02-17,21:30,Puncak Alam,Ice Blended,Ice Blended Chocolate Chip,1,14.0,14.0,QR,Sunny
TXN-3056,2026-02-18,08:00,Puncak Alam,Ice Blended,Ice Blended Chocolate Chip,1,14.0,14.0,QR,Sunny
TXN-2955,2026-02-18,08:05,Putrajaya,Milk-based,Mocha,1,12.0,12.0,Cash,Sunny
TXN-2983,2026-02-18,08:12,Putrajaya,Milk-based,Mocha,1,12.0,12.0,Cash,Sunny
TXN-3067,2026-02-18,08:20,Puncak Alam,Espresso-based,Americano,1,9.0,9.0,Cash,Sunny
TXN-3007,2026-02-18,08:31,Putrajaya,Milk-based,Mocha,1,12.0,12.0,QR,Sunny
TXN-3021,2026-02-18,08:31,Puncak Alam,Milk-based,Caramel Macchiato,1,13.0,13.0,Cash,Sunny
TXN-3047,2026-02-18,08:38,Puncak Alam,Espresso-based,Americano,3,9.0,27.0,QR,Sunny
TXN-3058,2026-02-18,08:39,Puncak Alam,Espresso-based,Americano,1,9.0,9.0,Cash,Sunny
TXN-3028,2026-02-18,08:40,Puncak Alam,Milk-based,Cappuccino,1,11.0,11.0,Cash,Sunny
TXN-2978,2026-02-18,08:49,Putrajaya,Ice Blended,Ice Blended Chocolate Chip,2,14.0,28.0,QR,Sunny
TXN-3037,2026-02-18,08:58,Puncak Alam,Ice Blended,Ice Blended Chocolate Chip,1,14.0,14.0,QR,Sunny
TXN-2959,2026-02-18,09:15,Putrajaya,Ice Blended,Ice Blended Chocolate Chip,1,14.0,14.0,QR,Sunny
TXN-2960,2026-02-18,09:16,Putrajaya,Espresso-based,Americano,1,9.0,9.0,QR,Sunny
TXN-3033,2026-02-18,09:28,Puncak Alam,Ice Blended,Ice Blended Chocolate Chip,1,14.0,14.0,QR,Sunny
TXN-3013,2026-02-18,09:42,Puncak Alam,Milk-based,Mocha,1,12.0,12.0,Cash,Sunny
TXN-3061,2026-02-18,09:42,Puncak Alam,Milk-based,Mocha,1,12.0,12.0,Cash,Sunny
TXN-2998,2026-02-18,09:43,Putrajaya,Milk-based,Cappuccino,1,11.0,11.0,QR,Sunny
TXN-3003,2026-02-18,09:55,Putrajaya,Milk-based,Mocha,1,12.0,12.0,QR,Sunny
TXN-3034,2026-02-18,10:04,Puncak Alam,Milk-based,Cappuccino,3,11.0,33.0,QR,Sunny
TXN-3020,2026-02-18,10:13,Puncak Alam,Milk-based,Latte,1,11.0,11.0,QR,Sunny
TXN-3038,2026-02-18,10:13,Puncak Alam,Milk-based,Mocha,2,12.0,24.0,Cash,Sunny
TXN-2982,2026-02-18,10:16,Putrajaya,Espresso-based,Espresso,1,7.0,7.0,QR,Sunny
TXN-3054,2026-02-18,10:16,Puncak Alam,Milk-based,Latte,3,11.0,33.0,QR,Sunny
TXN-3041,2026-02-18,10:26,Puncak Alam,Espresso-based,Espresso,1,7.0,7.0,QR,Sunny
TXN-2975,2026-02-18,10:29,Putrajaya,Espresso-based,Americano,2,9.0,18.0,QR,Sunny
TXN-2957,2026-02-18,10:34,Putrajaya,Milk-based,Cappuccino,1,11.0,11.0,Cash,Sunny
TXN-3060,2026-02-18,10:55,Puncak Alam,Espresso-based,Americano,1,9.0,9.0,QR,Sunny
TXN-3052,2026-02-18,11:01,Puncak Alam,Espresso-based,Espresso,1,7.0,7.0,QR,Sunny
TXN-2958,2026-02-18,11:25,Putrajaya,Milk-based,Caramel Macchiato,1,13.0,13.0,QR,Sunny
TXN-2969,2026-02-18,11:29,Putrajaya,Ice Blended,Ice Blended Chocolate Chip,1,14.0,14.0,QR,Sunny
TXN-2963,2026-02-18,11:32,Putrajaya,Milk-based,Caramel Macchiato,1,13.0,13.0,Cash,Sunny
TXN-3044,2026-02-18,11:50,Puncak Alam,Ice Blended,Ice Blended Chocolate Chip,3,14.0,42.0,QR,Sunny
TXN-3011,2026-02-18,12:05,Puncak Alam,Milk-based,Caramel Macchiato,1,13.0,13.0,QR,Sunny
TXN-3039,2026-02-18,12:09,Puncak Alam,Milk-based,Caramel Macchiato,1,13.0,13.0,Cash,Sunny
TXN-3005,2026-02-18,12:11,Putrajaya,Ice Blended,Ice Blended Chocolate Chip,2,14.0,28.0,QR,Sunny
TXN-3027,2026-02-18,12:24,Puncak Alam,Espresso-based,Espresso,2,7.0,14.0,QR,Sunny
TXN-2972,2026-02-18,12:38,Putrajaya,Milk-based,Caramel Macchiato,2,13.0,26.0,QR,Sunny
TXN-3040,2026-02-18,12:52,Puncak Alam,Milk-based,Cappuccino,1,11.0,11.0,Cash,Sunny
TXN-2974,2026-02-18,13:01,Putrajaya,Ice Blended,Ice Blended Chocolate Chip,2,14.0,28.0,QR,Sunny
TXN-2987,2026-02-18,13:11,Putrajaya,Ice Blended,Ice Blended Chocolate Chip,1,14.0,14.0,QR,Sunny
TXN-2956,2026-02-18,13:30,Putrajaya,Ice Blended,Ice Blended Chocolate Chip,1,14.0,14.0,Cash,Sunny
TXN-2989,2026-02-18,13:31,Putrajaya,Espresso-based,Espresso,1,7.0,7.0,Cash,Sunny
TXN-3019,2026-02-18,13:42,Puncak Alam,Milk-based,Cappuccino,1,11.0,11.0,QR,Sunny
TXN-3008,2026-02-18,13:50,Putrajaya,Milk-based,Mocha,1,12.0,12.0,QR,Sunny
TXN-2986,2026-02-18,13:59,Putrajaya,Milk-based,Latte,1,11.0,11.0,QR,Sunny
TXN-3050,2026-02-18,14:01,Puncak Alam,Milk-based,Mocha,1,12.0,12.0,QR,Sunny
TXN-2979,2026-02-18,14:03,Putrajaya,Milk-based,Caramel Macchiato,1,13.0,13.0,QR,Sunny
TXN-2964,2026-02-18,14:04,Putrajaya,Milk-based,Cappuccino,1,11.0,11.0,QR,Sunny
TXN-3016,2026-02-18,14:10,Puncak Alam,Milk-based,Mocha,1,12.0,12.0,Cash,Sunny
TXN-2990,2026-02-18,14:41,Putrajaya,Ice Blended,Ice Blended Chocolate Chip,1,14.0,14.0,QR,Sunny
TXN-3048,2026-02-18,14:56,Puncak Alam,Espresso-based,Espresso,2,7.0,14.0,QR,Sunny
TXN-3059,2026-02-18,14:57,Puncak Alam,Ice Blended,Ice Blended Chocolate Chip,2,14.0,28.0,Cash,Sunny
TXN-3042,2026-02-18,15:00,Puncak Alam,Espresso-based,Americano,2,9.0,18.0,QR,Sunny
TXN-2977,2026-02-18,15:02,Putrajaya,Milk-based,Latte,1,11.0,11.0,QR,Sunny
TXN-3063,2026-02-18,15:04,Puncak Alam,Milk-based,Cappuccino,1,11.0,11.0,Cash,Sunny
TXN-3004,2026-02-18,15:05,Putrajaya,Milk-based,Latte,1,11.0,11.0,QR,Sunny
TXN-3009,2026-02-18,15:07,Putrajaya,Milk-based,Latte,1,11.0,11.0,QR,Sunny
TXN-3045,2026-02-18,15:10,Puncak Alam,Espresso-based,Americano,3,9.0,27.0,QR,Sunny
TXN-2992,2026-02-18,15:12,Putrajaya,Milk-based,Mocha,1,12.0,12.0,QR,Sunny
TXN-2981,2026-02-18,15:13,Putrajaya,Milk-based,Cappuccino,1,11.0,11.0,QR,Sunny
TXN-2970,2026-02-18,15:20,Putrajaya,Milk-based,Latte,1,11.0,11.0,QR,Sunny
TXN-2971,2026-02-18,15:34,Putrajaya,Espresso-based,Americano,1,9.0,9.0,QR,Sunny
TXN-2999,2026-02-18,15:50,Putrajaya,Milk-based,Mocha,2,12.0,24.0,QR,Sunny
TXN-2996,2026-02-18,16:10,Putrajaya,Milk-based,Cappuccino,1,11.0,11.0,QR,Sunny
TXN-3017,2026-02-18,16:10,Puncak Alam,Espresso-based,Americano,1,9.0,9.0,QR,Sunny
TXN-3049,2026-02-18,16:17,Puncak Alam,Milk-based,Latte,2,11.0,22.0,QR,Sunny
TXN-3024,2026-02-18,16:19,Puncak Alam,Milk-based,Cappuccino,1,11.0,11.0,Cash,Sunny
TXN-2966,2026-02-18,16:33,Putrajaya,Milk-based,Mocha,1,12.0,12.0,QR,Sunny
TXN-2997,2026-02-18,16:33,Putrajaya,Ice Blended,Ice Blended Chocolate Chip,1,14.0,14.0,QR,Sunny
TXN-3057,2026-02-18,16:33,Puncak Alam,Espresso-based,Americano,1,9.0,9.0,Cash,Sunny
TXN-3015,2026-02-18,16:35,Puncak Alam,Espresso-based,Americano,1,9.0,9.0,QR,Sunny
TXN-3036,2026-02-18,16:51,Puncak Alam,Milk-based,Mocha,1,12.0,12.0,QR,Sunny
TXN-3031,2026-02-18,17:03,Puncak Alam,Milk-based,Latte,3,11.0,33.0,Cash,Sunny
TXN-2994,2026-02-18,17:09,Putrajaya,Ice Blended,Ice Blended Chocolate Chip,3,14.0,42.0,QR,Sunny
TXN-3046,2026-02-18,17:19,Puncak Alam,Milk-based,Mocha,1,12.0,12.0,QR,Sunny
TXN-2968,2026-02-18,17:22,Putrajaya,Espresso-based,Espresso,3,7.0,21.0,QR,Sunny
TXN-2962,2026-02-18,17:43,Putrajaya,Milk-based,Latte,3,11.0,33.0,QR,Sunny
TXN-3055,2026-02-18,17:45,Puncak Alam,Milk-based,Cappuccino,1,11.0,11.0,QR,Sunny
TXN-2984,2026-02-18,18:02,Putrajaya,Milk-based,Mocha,1,12.0,12.0,QR,Sunny
TXN-2965,2026-02-18,18:08,Putrajaya,Espresso-based,Americano,1,9.0,9.0,QR,Sunny
TXN-3023,2026-02-18,18:16,Puncak Alam,Ice Blended,Ice Blended Chocolate Chip,1,14.0,14.0,Cash,Sunny
TXN-3000,2026-02-18,18:19,Putrajaya,Milk-based,Latte,1,11.0,11.0,Cash,Sunny
TXN-2985,2026-02-18,18:20,Putrajaya,Milk-based,Caramel Macchiato,2,13.0,26.0,Cash,Sunny
TXN-3014,2026-02-18,18:36,Puncak Alam,Espresso-based,Espresso,1,7.0,7.0,QR,Sunny
TXN-3012,2026-02-18,18:42,Puncak Alam,Milk-based,Mocha,2,12.0,24.0,QR,Sunny
TXN-3022,2026-02-18,18:47,Puncak Alam,Ice Blended,Ice Blended Chocolate Chip,1,14.0,14.0,QR,Sunny
TXN-3035,2026-02-18,18:57,Puncak Alam,Milk-based,Latte,3,11.0,33.0,QR,Sunny
TXN-3025,2026-02-18,18:59,Puncak Alam,Milk-based,Latte,1,11.0,11.0,QR,Sunny
TXN-3001,2026-02-18,19:01,Putrajaya,Milk-based,Caramel Macchiato,1,13.0,13.0,QR,Sunny
TXN-2993,2026-02-18,19:09,Putrajaya,Milk-based,Cappuccino,3,11.0,33.0,Cash,Sunny
TXN-3043,2026-02-18,19:09,Puncak Alam,Ice Blended,Ice Blended Chocolate Chip,1,14.0,14.0,Cash,Sunny
TXN-3065,2026-02-18,19:21,Puncak Alam,Espresso-based,Espresso,3,7.0,21.0,Cash,Sunny
TXN-3026,2026-02-18,19:33,Puncak Alam,Espresso-based,Espresso,1,7.0,7.0,Cash,Sunny
TXN-2961,2026-02-18,19:38,Putrajaya,Milk-based,Caramel Macchiato,2,13.0,26.0,QR,Sunny
TXN-3062,2026-02-18,19:43,Puncak Alam,Milk-based,Caramel Macchiato,1,13.0,13.0,Cash,Sunny
TXN-3018,2026-02-18,19:45,Puncak Alam,Espresso-based,Americano,1,9.0,9.0,QR,Sunny
TXN-2973,2026-02-18,19:47,Putrajaya,Espresso-based,Espresso,1,7.0,7.0,QR,Sunny
TXN-2967,2026-02-18,19:49,Putrajaya,Milk-based,Cappuccino,1,11.0,11.0,Cash,Sunny
TXN-2976,2026-02-18,19:56,Putrajaya,Milk-based,Caramel Macchiato,1,13.0,13.0,Cash,Sunny
TXN-3053,2026-02-18,19:57,Puncak Alam,Espresso-based,Americano,1,9.0,9.0,QR,Sunny
TXN-3030,2026-02-18,20:08,Puncak Alam,Milk-based,Caramel Macchiato,1,13.0,13.0,QR,Sunny
TXN-3002,2026-02-18,20:09,Putrajaya,Milk-based,Cappuccino,1,11.0,11.0,QR,Sunny
TXN-3032,2026-02-18,20:19,Puncak Alam,Milk-based,Latte,1,11.0,11.0,QR,Sunny
TXN-3064,2026-02-18,20:25,Puncak Alam,Ice Blended,Ice Blended Chocolate Chip,1,14.0,14.0,QR,Sunny
TXN-3068,2026-02-18,20:35,Puncak Alam,Milk-based,Mocha,2,12.0,24.0,QR,Sunny
TXN-3051,2026-02-18,20:44,Puncak Alam,Espresso-based,Americano,1,9.0,9.0,QR,Sunny
TXN-3066,2026-02-18,20:56,Puncak Alam,Milk-based,Cappuccino,1,11.0,11.0,QR,Sunny
TXN-2988,2026-02-18,21:04,Putrajaya,Milk-based,Caramel Macchiato,1,13.0,13.0,QR,Sunny
TXN-2991,2026-02-18,21:08,Putrajaya,Milk-based,Caramel Macchiato,1,13.0,13.0,QR,Sunny
TXN-3010,2026-02-18,21:10,Puncak Alam,Milk-based,Latte,1,11.0,11.0,QR,Sunny
TXN-2995,2026-02-18,21:31,Putrajaya,Milk-based,Mocha,2,12.0,24.0,QR,Sunny
TXN-3006,2026-02-18,21:37,Putrajaya,Espresso-based,Espresso,2,7.0,14.0,Cash,Sunny
TXN-2980,2026-02-18,21:41,Putrajaya,Espresso-based,Espresso,1,7.0,7.0,QR,Sunny
TXN-3029,2026-02-18,21:45,Puncak Alam,Milk-based,Latte,1,11.0,11.0,QR,Sunny
TXN-3077,2026-02-19,08:01,Putrajaya,Espresso-based,Americano,1,9.0,9.0,QR,Sunny
TXN-3090,2026-02-19,08:30,Putrajaya,Ice Blended,Ice Blended Chocolate Chip,2,14.0,28.0,QR,Sunny
TXN-3115,2026-02-19,08:34,Puncak Alam,Milk-based,Caramel Macchiato,1,13.0,13.0,QR,Sunny
TXN-3159,2026-02-19,08:36,Puncak Alam,Ice Blended,Ice Blended Chocolate Chip,1,14.0,14.0,QR,Sunny
TXN-3123,2026-02-19,08:38,Puncak Alam,Milk-based,Cappuccino,1,11.0,11.0,QR,Sunny
TXN-3172,2026-02-19,08:49,Puncak Alam,Espresso-based,Espresso,1,7.0,7.0,QR,Sunny
TXN-3105,2026-02-19,08:57,Putrajaya,Milk-based,Caramel Macchiato,1,13.0,13.0,Cash,Sunny
TXN-3071,2026-02-19,09:01,Putrajaya,Milk-based,Latte,1,11.0,11.0,QR,Sunny
TXN-3082,2026-02-19,09:04,Putrajaya,Milk-based,Latte,3,11.0,33.0,Cash,Sunny
TXN-3088,2026-02-19,09:28,Putrajaya,Milk-based,Mocha,1,12.0,12.0,Cash,Sunny
TXN-3174,2026-02-19,09:28,Puncak Alam,Milk-based,Latte,1,11.0,11.0,QR,Sunny
TXN-3097,2026-02-19,09:29,Putrajaya,Milk-based,Cappuccino,1,11.0,11.0,Cash,Sunny
TXN-3130,2026-02-19,09:29,Puncak Alam,Espresso-based,Espresso,1,7.0,7.0,QR,Sunny
TXN-3162,2026-02-19,09:29,Puncak Alam,Milk-based,Caramel Macchiato,1,13.0,13.0,QR,Sunny
TXN-3141,2026-02-19,09:35,Puncak Alam,Milk-based,Cappuccino,1,11.0,11.0,Cash,Sunny
TXN-3107,2026-02-19,09:44,Putrajaya,Ice Blended,Ice Blended Chocolate Chip,1,14.0,14.0,QR,Sunny
TXN-3118,2026-02-19,09:52,Puncak Alam,Milk-based,Latte,1,11.0,11.0,QR,Sunny
TXN-3145,2026-02-19,09:57,Puncak Alam,Ice Blended,Ice Blended Chocolate Chip,3,14.0,42.0,Cash,Sunny
TXN-3170,2026-02-19,10:01,Puncak Alam,Ice Blended,Ice Blended Chocolate Chip,2,14.0,28.0,QR,Sunny
TXN-3109,2026-02-19,10:10,Putrajaya,Milk-based,Cappuccino,1,11.0,11.0,Cash,Sunny
TXN-3171,2026-02-19,10:14,Puncak Alam,Espresso-based,Americano,1,9.0,9.0,Cash,Sunny
TXN-3179,2026-02-19,10:17,Puncak Alam,Espresso-based,Espresso,1,7.0,7.0,QR,Sunny
TXN-3114,2026-02-19,10:20,Putrajaya,Ice Blended,Ice Blended Chocolate Chip,4,14.0,56.0,QR,Sunny
TXN-3142,2026-02-19,10:22,Puncak Alam,Milk-based,Caramel Macchiato,1,13.0,13.0,QR,Sunny
TXN-3079,2026-02-19,10:23,Putrajaya,Espresso-based,Americano,1,9.0,9.0,Cash,Sunny
TXN-3074,2026-02-19,10:24,Putrajaya,Ice Blended,Ice Blended Chocolate Chip,1,14.0,14.0,QR,Sunny
TXN-3110,2026-02-19,10:39,Putrajaya,Milk-based,Caramel Macchiato,2,13.0,26.0,QR,Sunny
TXN-3085,2026-02-19,10:40,Putrajaya,Ice Blended,Ice Blended Chocolate Chip,2,14.0,28.0,QR,Sunny
TXN-3099,2026-02-19,10:54,Putrajaya,Milk-based,Mocha,1,12.0,12.0,QR,Sunny
TXN-3167,2026-02-19,11:04,Puncak Alam,Milk-based,Cappuccino,1,11.0,11.0,Cash,Sunny
TXN-3083,2026-02-19,11:27,Putrajaya,Espresso-based,Americano,1,9.0,9.0,QR,Sunny
TXN-3106,2026-02-19,11:27,Putrajaya,Espresso-based,Espresso,1,7.0,7.0,QR,Sunny
TXN-3154,2026-02-19,11:45,Puncak Alam,Ice Blended,Ice Blended Chocolate Chip,1,14.0,14.0,Cash,Sunny
TXN-3092,2026-02-19,11:58,Putrajaya,Milk-based,Caramel Macchiato,1,13.0,13.0,QR,Sunny
TXN-3108,2026-02-19,12:11,Putrajaya,Milk-based,Cappuccino,3,11.0,33.0,QR,Sunny
TXN-3112,2026-02-19,12:13,Putrajaya,Milk-based,Mocha,3,12.0,36.0,Cash,Sunny
TXN-3164,2026-02-19,12:13,Puncak Alam,Milk-based,Cappuccino,1,11.0,11.0,QR,Sunny
TXN-3160,2026-02-19,12:40,Puncak Alam,Milk-based,Cappuccino,1,11.0,11.0,QR,Sunny
TXN-3144,2026-02-19,12:42,Puncak Alam,Milk-based,Mocha,2,12.0,24.0,QR,Sunny
TXN-3173,2026-02-19,12:45,Puncak Alam,Milk-based,Latte,1,11.0,11.0,QR,Sunny
TXN-3093,2026-02-19,12:51,Putrajaya,Ice Blended,Ice Blended Chocolate Chip,1,14.0,14.0,Cash,Sunny
TXN-3155,2026-02-19,12:53,Puncak Alam,Milk-based,Cappuccino,1,11.0,11.0,QR,Sunny
TXN-3161,2026-02-19,12:56,Puncak Alam,Milk-based,Cappuccino,3,11.0,33.0,QR,Sunny
TXN-3126,2026-02-19,13:01,Puncak Alam,Milk-based,Latte,1,11.0,11.0,Cash,Sunny
TXN-3076,2026-02-19,13:04,Putrajaya,Espresso-based,Espresso,2,7.0,14.0,QR,Sunny
TXN-3070,2026-02-19,13:06,Putrajaya,Milk-based,Latte,1,11.0,11.0,QR,Sunny
TXN-3113,2026-02-19,13:08,Putrajaya,Ice Blended,Ice Blended Chocolate Chip,1,14.0,14.0,QR,Sunny
TXN-3089,2026-02-19,13:19,Putrajaya,Espresso-based,Americano,1,9.0,9.0,QR,Sunny
TXN-3150,2026-02-19,13:27,Puncak Alam,Milk-based,Cappuccino,1,11.0,11.0,QR,Sunny
TXN-3096,2026-02-19,13:40,Putrajaya,Milk-based,Mocha,1,12.0,12.0,QR,Sunny
TXN-3125,2026-02-19,13:42,Puncak Alam,Milk-based,Mocha,1,12.0,12.0,QR,Sunny
TXN-3163,2026-02-19,13:46,Puncak Alam,Espresso-based,Americano,1,9.0,9.0,Cash,Sunny
TXN-3117,2026-02-19,13:50,Puncak Alam,Milk-based,Caramel Macchiato,1,13.0,13.0,QR,Sunny
TXN-3080,2026-02-19,13:55,Putrajaya,Ice Blended,Ice Blended Chocolate Chip,1,14.0,14.0,Cash,Sunny
TXN-3101,2026-02-19,13:57,Putrajaya,Espresso-based,Americano,1,9.0,9.0,QR,Sunny
TXN-3091,2026-02-19,14:11,Putrajaya,Espresso-based,Americano,3,9.0,27.0,Cash,Sunny
TXN-3166,2026-02-19,14:11,Puncak Alam,Milk-based,Mocha,2,12.0,24.0,QR,Sunny
TXN-3165,2026-02-19,14:14,Puncak Alam,Ice Blended,Ice Blended Chocolate Chip,1,14.0,14.0,QR,Sunny
TXN-3178,2026-02-19,14:18,Puncak Alam,Espresso-based,Americano,2,9.0,18.0,Cash,Sunny
TXN-3158,2026-02-19,14:24,Puncak Alam,Milk-based,Latte,2,11.0,22.0,Cash,Sunny
TXN-3095,2026-02-19,14:31,Putrajaya,Milk-based,Caramel Macchiato,2,13.0,26.0,QR,Sunny
TXN-3103,2026-02-19,14:39,Putrajaya,Milk-based,Latte,1,11.0,11.0,QR,Sunny
TXN-3139,2026-02-19,14:40,Puncak Alam,Milk-based,Caramel Macchiato,1,13.0,13.0,QR,Sunny
TXN-3137,2026-02-19,14:42,Puncak Alam,Milk-based,Cappuccino,2,11.0,22.0,QR,Sunny
TXN-3134,2026-02-19,14:44,Puncak Alam,Milk-based,Cappuccino,1,11.0,11.0,QR,Sunny
TXN-3152,2026-02-19,14:59,Puncak Alam,Espresso-based,Espresso,1,7.0,7.0,QR,Sunny
TXN-3116,2026-02-19,15:00,Puncak Alam,Espresso-based,Espresso,1,7.0,7.0,QR,Sunny
TXN-3081,2026-02-19,15:13,Putrajaya,Espresso-based,Espresso,2,7.0,14.0,Cash,Sunny
TXN-3147,2026-02-19,15:14,Puncak Alam,Ice Blended,Ice Blended Chocolate Chip,1,14.0,14.0,QR,Sunny
TXN-3100,2026-02-19,15:38,Putrajaya,Milk-based,Mocha,1,12.0,12.0,QR,Sunny
TXN-3175,2026-02-19,15:38,Puncak Alam,Milk-based,Caramel Macchiato,1,13.0,13.0,QR,Sunny
TXN-3135,2026-02-19,15:40,Puncak Alam,Milk-based,Latte,3,11.0,33.0,QR,Sunny
TXN-3098,2026-02-19,15:46,Putrajaya,Espresso-based,Espresso,1,7.0,7.0,Cash,Sunny
TXN-3176,2026-02-19,15:50,Puncak Alam,Milk-based,Latte,2,11.0,22.0,QR,Sunny
TXN-3094,2026-02-19,15:52,Putrajaya,Milk-based,Caramel Macchiato,3,13.0,39.0,Cash,Sunny
TXN-3148,2026-02-19,16:10,Puncak Alam,Espresso-based,Espresso,1,7.0,7.0,QR,Sunny
TXN-3131,2026-02-19,16:20,Puncak Alam,Milk-based,Latte,2,11.0,22.0,QR,Sunny
TXN-3149,2026-02-19,16:28,Puncak Alam,Ice Blended,Ice Blended Chocolate Chip,1,14.0,14.0,QR,Sunny
TXN-3086,2026-02-19,16:44,Putrajaya,Milk-based,Caramel Macchiato,1,13.0,13.0,QR,Sunny
TXN-3069,2026-02-19,16:48,Putrajaya,Espresso-based,Americano,3,9.0,27.0,QR,Sunny
TXN-3133,2026-02-19,16:48,Puncak Alam,Espresso-based,Americano,1,9.0,9.0,QR,Sunny
TXN-3151,2026-02-19,16:51,Puncak Alam,Milk-based,Caramel Macchiato,1,13.0,13.0,QR,Sunny
TXN-3128,2026-02-19,16:58,Puncak Alam,Espresso-based,Americano,2,9.0,18.0,QR,Sunny
TXN-3138,2026-02-19,17:00,Puncak Alam,Milk-based,Mocha,1,12.0,12.0,QR,Sunny
TXN-3132,2026-02-19,17:11,Puncak Alam,Milk-based,Mocha,1,12.0,12.0,QR,Sunny
TXN-3122,2026-02-19,17:12,Puncak Alam,Espresso-based,Americano,1,9.0,9.0,QR,Sunny
TXN-3136,2026-02-19,17:18,Puncak Alam,Milk-based,Cappuccino,1,11.0,11.0,QR,Sunny
TXN-3102,2026-02-19,17:27,Putrajaya,Ice Blended,Ice Blended Chocolate Chip,1,14.0,14.0,QR,Sunny
TXN-3140,2026-02-19,17:44,Puncak Alam,Milk-based,Mocha,1,12.0,12.0,QR,Sunny
TXN-3075,2026-02-19,17:59,Putrajaya,Milk-based,Latte,3,11.0,33.0,Cash,Sunny
TXN-3120,2026-02-19,18:18,Puncak Alam,Milk-based,Caramel Macchiato,1,13.0,13.0,QR,Sunny
TXN-3168,2026-02-19,18:22,Puncak Alam,Espresso-based,Americano,2,9.0,18.0,QR,Sunny
TXN-3073,2026-02-19,19:07,Putrajaya,Milk-based,Caramel Macchiato,1,13.0,13.0,Cash,Sunny
TXN-3087,2026-02-19,19:14,Putrajaya,Milk-based,Latte,1,11.0,11.0,Cash,Sunny
TXN-3124,2026-02-19,19:28,Puncak Alam,Milk-based,Mocha,2,12.0,24.0,QR,Sunny
TXN-3153,2026-02-19,19:35,Puncak Alam,Milk-based,Latte,1,11.0,11.0,QR,Sunny
TXN-3156,2026-02-19,19:36,Puncak Alam,Milk-based,Mocha,1,12.0,12.0,QR,Sunny
TXN-3157,2026-02-19,19:42,Puncak Alam,Milk-based,Mocha,1,12.0,12.0,Cash,Sunny
TXN-3121,2026-02-19,19:56,Puncak Alam,Milk-based,Cappuccino,1,11.0,11.0,QR,Sunny
TXN-3111,2026-02-19,20:08,Putrajaya,Espresso-based,Americano,1,9.0,9.0,QR,Sunny
TXN-3127,2026-02-19,20:10,Puncak Alam,Ice Blended,Ice Blended Chocolate Chip,1,14.0,14.0,QR,Sunny
TXN-3177,2026-02-19,20:12,Puncak Alam,Ice Blended,Ice Blended Chocolate Chip,1,14.0,14.0,QR,Sunny
TXN-3146,2026-02-19,20:14,Puncak Alam,Ice Blended,Ice Blended Chocolate Chip,1,14.0,14.0,QR,Sunny
TXN-3078,2026-02-19,20:24,Putrajaya,Espresso-based,Espresso,1,7.0,7.0,Cash,Sunny
TXN-3143,2026-02-19,20:37,Puncak Alam,Ice Blended,Ice Blended Chocolate Chip,1,14.0,14.0,Cash,Sunny
TXN-3104,2026-02-19,20:44,Putrajaya,Espresso-based,Espresso,3,7.0,21.0,QR,Sunny
TXN-3084,2026-02-19,21:04,Putrajaya,Espresso-based,Americano,1,9.0,9.0,Cash,Sunny
TXN-3169,2026-02-19,21:08,Puncak Alam,Milk-based,Latte,1,11.0,11.0,QR,Sunny
TXN-3129,2026-02-19,21:09,Puncak Alam,Espresso-based,Espresso,3,7.0,21.0,QR,Sunny
TXN-3119,2026-02-19,21:28,Puncak Alam,Ice Blended,Ice Blended Chocolate Chip,1,14.0,14.0,Cash,Sunny
TXN-3072,2026-02-19,21:40,Putrajaya,Milk-based,Mocha,4,12.0,48.0,QR,Sunny
TXN-3236,2026-02-20,08:01,Putrajaya,Milk-based,Latte,1,11.0,11.0,QR,Raining
TXN-3241,2026-02-20,08:07,Putrajaya,Milk-based,Mocha,1,12.0,12.0,Cash,Raining
TXN-3312,2026-02-20,08:10,Puncak Alam,Ice Blended,Ice Blended Chocolate Chip,1,14.0,14.0,QR,Raining
TXN-3289,2026-02-20,08:14,Puncak Alam,Espresso-based,Espresso,1,7.0,7.0,Cash,Raining
TXN-3235,2026-02-20,08:18,Putrajaya,Milk-based,Latte,2,11.0,22.0,Cash,Raining
TXN-3244,2026-02-20,08:28,Putrajaya,Ice Blended,Ice Blended Chocolate Chip,1,14.0,14.0,QR,Raining
TXN-3225,2026-02-20,08:31,Putrajaya,Ice Blended,Ice Blended Chocolate Chip,1,14.0,14.0,QR,Raining
TXN-3182,2026-02-20,08:38,Putrajaya,Milk-based,Latte,1,11.0,11.0,QR,Raining
TXN-3239,2026-02-20,08:44,Putrajaya,Milk-based,Latte,1,11.0,11.0,QR,Raining
TXN-3240,2026-02-20,08:44,Putrajaya,Milk-based,Caramel Macchiato,1,13.0,13.0,QR,Raining
TXN-3304,2026-02-20,08:44,Puncak Alam,Espresso-based,Americano,3,9.0,27.0,Cash,Raining
TXN-3257,2026-02-20,08:52,Puncak Alam,Milk-based,Latte,1,11.0,11.0,Cash,Raining
TXN-3198,2026-02-20,09:02,Putrajaya,Milk-based,Caramel Macchiato,1,13.0,13.0,Cash,Raining
TXN-3299,2026-02-20,09:04,Puncak Alam,Ice Blended,Ice Blended Chocolate Chip,1,14.0,14.0,QR,Raining
TXN-3211,2026-02-20,09:10,Putrajaya,Ice Blended,Ice Blended Chocolate Chip,1,14.0,14.0,QR,Raining
TXN-3294,2026-02-20,09:22,Puncak Alam,Milk-based,Latte,1,11.0,11.0,QR,Raining
TXN-3201,2026-02-20,09:32,Putrajaya,Ice Blended,Ice Blended Chocolate Chip,1,14.0,14.0,QR,Raining
TXN-3213,2026-02-20,09:32,Putrajaya,Milk-based,Mocha,3,12.0,36.0,QR,Raining
TXN-3186,2026-02-20,09:34,Putrajaya,Milk-based,Latte,3,11.0,33.0,QR,Raining
TXN-3217,2026-02-20,09:40,Putrajaya,Milk-based,Caramel Macchiato,1,13.0,13.0,QR,Raining
TXN-3180,2026-02-20,09:43,Putrajaya,Ice Blended,Ice Blended Chocolate Chip,2,14.0,28.0,QR,Raining
TXN-3216,2026-02-20,09:54,Putrajaya,Milk-based,Mocha,1,12.0,12.0,Cash,Raining
TXN-3295,2026-02-20,10:06,Puncak Alam,Milk-based,Latte,2,11.0,22.0,QR,Raining
TXN-3252,2026-02-20,10:17,Puncak Alam,Milk-based,Caramel Macchiato,1,13.0,13.0,QR,Raining
TXN-3232,2026-02-20,10:43,Putrajaya,Milk-based,Latte,3,11.0,33.0,QR,Raining
TXN-3262,2026-02-20,10:44,Puncak Alam,Ice Blended,Ice Blended Chocolate Chip,1,14.0,14.0,QR,Raining
TXN-3307,2026-02-20,10:46,Puncak Alam,Espresso-based,Americano,1,9.0,9.0,QR,Raining
TXN-3274,2026-02-20,10:50,Puncak Alam,Milk-based,Cappuccino,1,11.0,11.0,QR,Raining
TXN-3253,2026-02-20,10:53,Puncak Alam,Espresso-based,Americano,1,9.0,9.0,QR,Raining
TXN-3184,2026-02-20,10:55,Putrajaya,Ice Blended,Ice Blended Chocolate Chip,1,14.0,14.0,QR,Raining
TXN-3238,2026-02-20,11:02,Putrajaya,Espresso-based,Americano,2,9.0,18.0,QR,Raining
TXN-3185,2026-02-20,11:03,Putrajaya,Milk-based,Mocha,1,12.0,12.0,QR,Raining
TXN-3223,2026-02-20,11:14,Putrajaya,Milk-based,Mocha,1,12.0,12.0,QR,Raining
TXN-3280,2026-02-20,11:21,Puncak Alam,Milk-based,Caramel Macchiato,2,13.0,26.0,Cash,Raining
TXN-3263,2026-02-20,11:33,Puncak Alam,Milk-based,Caramel Macchiato,2,13.0,26.0,QR,Raining
TXN-3214,2026-02-20,11:35,Putrajaya,Milk-based,Cappuccino,3,11.0,33.0,QR,Raining
TXN-3187,2026-02-20,11:37,Putrajaya,Milk-based,Caramel Macchiato,1,13.0,13.0,Cash,Raining
TXN-3227,2026-02-20,11:51,Putrajaya,Espresso-based,Espresso,2,7.0,14.0,Cash,Raining
TXN-3207,2026-02-20,12:02,Putrajaya,Espresso-based,Americano,3,9.0,27.0,QR,Raining
TXN-3229,2026-02-20,12:03,Putrajaya,Milk-based,Mocha,1,12.0,12.0,QR,Raining
TXN-3264,2026-02-20,12:15,Puncak Alam,Espresso-based,Espresso,1,7.0,7.0,QR,Raining
TXN-3222,2026-02-20,12:23,Putrajaya,Milk-based,Mocha,1,12.0,12.0,QR,Raining
TXN-3275,2026-02-20,12:23,Puncak Alam,Espresso-based,Americano,1,9.0,9.0,QR,Raining
TXN-3284,2026-02-20,12:37,Puncak Alam,Milk-based,Caramel Macchiato,1,13.0,13.0,Cash,Raining
TXN-3290,2026-02-20,12:38,Puncak Alam,Ice Blended,Ice Blended Chocolate Chip,1,14.0,14.0,QR,Raining
TXN-3297,2026-02-20,12:41,Puncak Alam,Milk-based,Caramel Macchiato,1,13.0,13.0,QR,Raining
TXN-3281,2026-02-20,12:46,Puncak Alam,Milk-based,Mocha,4,12.0,48.0,QR,Raining
TXN-3219,2026-02-20,12:51,Putrajaya,Milk-based,Latte,1,11.0,11.0,QR,Raining
TXN-3277,2026-02-20,12:55,Puncak Alam,Milk-based,Latte,1,11.0,11.0,Cash,Raining
TXN-3269,2026-02-20,12:58,Puncak Alam,Milk-based,Caramel Macchiato,1,13.0,13.0,QR,Raining
TXN-3197,2026-02-20,13:00,Putrajaya,Milk-based,Caramel Macchiato,1,13.0,13.0,QR,Raining
TXN-3196,2026-02-20,13:02,Putrajaya,Ice Blended,Ice Blended Chocolate Chip,3,14.0,42.0,QR,Raining
TXN-3272,2026-02-20,13:11,Puncak Alam,Espresso-based,Americano,1,9.0,9.0,Cash,Raining
TXN-3266,2026-02-20,13:33,Puncak Alam,Ice Blended,Ice Blended Chocolate Chip,4,14.0,56.0,Cash,Raining
TXN-3311,2026-02-20,13:44,Puncak Alam,Milk-based,Mocha,1,12.0,12.0,QR,Raining
TXN-3271,2026-02-20,13:47,Puncak Alam,Milk-based,Cappuccino,1,11.0,11.0,QR,Raining
TXN-3278,2026-02-20,13:47,Puncak Alam,Espresso-based,Americano,1,9.0,9.0,Cash,Raining
TXN-3242,2026-02-20,13:49,Putrajaya,Ice Blended,Ice Blended Chocolate Chip,1,14.0,14.0,QR,Raining
TXN-3188,2026-02-20,13:55,Putrajaya,Milk-based,Mocha,1,12.0,12.0,QR,Raining
TXN-3202,2026-02-20,13:59,Putrajaya,Milk-based,Caramel Macchiato,1,13.0,13.0,QR,Raining
TXN-3243,2026-02-20,14:00,Putrajaya,Ice Blended,Ice Blended Chocolate Chip,2,14.0,28.0,QR,Raining
TXN-3193,2026-02-20,14:02,Putrajaya,Milk-based,Cappuccino,1,11.0,11.0,QR,Raining
TXN-3231,2026-02-20,14:06,Putrajaya,Milk-based,Mocha,1,12.0,12.0,QR,Raining
TXN-3191,2026-02-20,14:11,Putrajaya,Milk-based,Mocha,2,12.0,24.0,Cash,Raining
TXN-3228,2026-02-20,14:17,Putrajaya,Milk-based,Cappuccino,1,11.0,11.0,QR,Raining
TXN-3305,2026-02-20,14:17,Puncak Alam,Ice Blended,Ice Blended Chocolate Chip,2,14.0,28.0,QR,Raining
TXN-3260,2026-02-20,14:22,Puncak Alam,Milk-based,Mocha,1,12.0,12.0,QR,Raining
TXN-3192,2026-02-20,14:31,Putrajaya,Ice Blended,Ice Blended Chocolate Chip,1,14.0,14.0,QR,Raining
TXN-3195,2026-02-20,14:43,Putrajaya,Espresso-based,Espresso,1,7.0,7.0,QR,Raining
TXN-3224,2026-02-20,14:56,Putrajaya,Milk-based,Caramel Macchiato,1,13.0,13.0,QR,Raining
TXN-3208,2026-02-20,14:58,Putrajaya,Milk-based,Caramel Macchiato,2,13.0,26.0,QR,Raining
TXN-3298,2026-02-20,15:03,Puncak Alam,Milk-based,Cappuccino,1,11.0,11.0,QR,Raining
TXN-3234,2026-02-20,15:05,Putrajaya,Ice Blended,Ice Blended Chocolate Chip,1,14.0,14.0,Cash,Raining
TXN-3310,2026-02-20,15:07,Puncak Alam,Milk-based,Cappuccino,1,11.0,11.0,QR,Raining
TXN-3251,2026-02-20,15:13,Puncak Alam,Espresso-based,Americano,1,9.0,9.0,Cash,Raining
TXN-3226,2026-02-20,15:14,Putrajaya,Ice Blended,Ice Blended Chocolate Chip,1,14.0,14.0,Cash,Raining
TXN-3286,2026-02-20,15:27,Puncak Alam,Milk-based,Mocha,1,12.0,12.0,QR,Raining
TXN-3200,2026-02-20,15:30,Putrajaya,Milk-based,Latte,3,11.0,33.0,QR,Raining
TXN-3313,2026-02-20,15:31,Puncak Alam,Milk-based,Cappuccino,1,11.0,11.0,Cash,Raining
TXN-3206,2026-02-20,15:35,Putrajaya,Milk-based,Mocha,2,12.0,24.0,QR,Raining
TXN-3205,2026-02-20,15:38,Putrajaya,Milk-based,Latte,2,11.0,22.0,QR,Raining
TXN-3276,2026-02-20,15:52,Puncak Alam,Espresso-based,Espresso,1,7.0,7.0,QR,Raining
TXN-3215,2026-02-20,15:58,Putrajaya,Milk-based,Mocha,1,12.0,12.0,QR,Raining
TXN-3301,2026-02-20,16:05,Puncak Alam,Ice Blended,Ice Blended Chocolate Chip,1,14.0,14.0,Cash,Raining
TXN-3308,2026-02-20,16:24,Puncak Alam,Ice Blended,Ice Blended Chocolate Chip,4,14.0,56.0,QR,Raining
TXN-3183,2026-02-20,16:25,Putrajaya,Milk-based,Cappuccino,1,11.0,11.0,Cash,Raining
TXN-3250,2026-02-20,16:30,Puncak Alam,Milk-based,Caramel Macchiato,2,13.0,26.0,Cash,Raining
TXN-3258,2026-02-20,16:51,Puncak Alam,Milk-based,Caramel Macchiato,1,13.0,13.0,QR,Raining
TXN-3230,2026-02-20,16:53,Putrajaya,Milk-based,Cappuccino,1,11.0,11.0,QR,Raining
TXN-3218,2026-02-20,17:06,Putrajaya,Espresso-based,Espresso,1,7.0,7.0,QR,Raining
TXN-3181,2026-02-20,17:12,Putrajaya,Milk-based,Cappuccino,1,11.0,11.0,QR,Raining
TXN-3255,2026-02-20,17:22,Puncak Alam,Ice Blended,Ice Blended Chocolate Chip,2,14.0,28.0,Cash,Raining
TXN-3237,2026-02-20,17:30,Putrajaya,Espresso-based,Americano,1,9.0,9.0,QR,Raining
TXN-3189,2026-02-20,17:43,Putrajaya,Milk-based,Caramel Macchiato,3,13.0,39.0,Cash,Raining
TXN-3246,2026-02-20,17:56,Putrajaya,Ice Blended,Ice Blended Chocolate Chip,2,14.0,28.0,QR,Raining
TXN-3194,2026-02-20,18:01,Putrajaya,Ice Blended,Ice Blended Chocolate Chip,1,14.0,14.0,QR,Raining
TXN-3212,2026-02-20,18:02,Putrajaya,Milk-based,Cappuccino,4,11.0,44.0,QR,Raining
TXN-3273,2026-02-20,18:15,Puncak Alam,Milk-based,Cappuccino,1,11.0,11.0,Cash,Raining
TXN-3288,2026-02-20,18:33,Puncak Alam,Milk-based,Cappuccino,1,11.0,11.0,Cash,Raining
TXN-3265,2026-02-20,18:43,Puncak Alam,Espresso-based,Espresso,1,7.0,7.0,QR,Raining
TXN-3190,2026-02-20,18:47,Putrajaya,Milk-based,Mocha,1,12.0,12.0,QR,Raining
TXN-3204,2026-02-20,18:47,Putrajaya,Espresso-based,Americano,1,9.0,9.0,QR,Raining
TXN-3221,2026-02-20,18:48,Putrajaya,Espresso-based,Espresso,1,7.0,7.0,QR,Raining
TXN-3233,2026-02-20,18:54,Putrajaya,Milk-based,Cappuccino,1,11.0,11.0,Cash,Raining
TXN-3256,2026-02-20,19:01,Puncak Alam,Milk-based,Caramel Macchiato,1,13.0,13.0,QR,Raining
TXN-3259,2026-02-20,19:01,Puncak Alam,Espresso-based,Americano,3,9.0,27.0,QR,Raining
TXN-3220,2026-02-20,19:36,Putrajaya,Ice Blended,Ice Blended Chocolate Chip,1,14.0,14.0,Cash,Raining
TXN-3287,2026-02-20,19:45,Puncak Alam,Espresso-based,Americano,1,9.0,9.0,QR,Raining
TXN-3203,2026-02-20,19:55,Putrajaya,Milk-based,Cappuccino,4,11.0,44.0,QR,Raining
TXN-3247,2026-02-20,19:58,Puncak Alam,Milk-based,Cappuccino,1,11.0,11.0,QR,Raining
TXN-3300,2026-02-20,20:00,Puncak Alam,Milk-based,Mocha,1,12.0,12.0,QR,Raining
TXN-3249,2026-02-20,20:02,Puncak Alam,Espresso-based,Espresso,1,7.0,7.0,QR,Raining
TXN-3279,2026-02-20,20:22,Puncak Alam,Espresso-based,Espresso,1,7.0,7.0,QR,Raining
TXN-3283,2026-02-20,20:24,Puncak Alam,Espresso-based,Espresso,1,7.0,7.0,QR,Raining
TXN-3199,2026-02-20,20:25,Putrajaya,Milk-based,Latte,1,11.0,11.0,QR,Raining
TXN-3293,2026-02-20,20:32,Puncak Alam,Milk-based,Mocha,1,12.0,12.0,Cash,Raining
TXN-3210,2026-02-20,20:34,Putrajaya,Milk-based,Mocha,1,12.0,12.0,Cash,Raining
TXN-3302,2026-02-20,20:36,Puncak Alam,Espresso-based,Americano,2,9.0,18.0,QR,Raining
TXN-3309,2026-02-20,20:36,Puncak Alam,Ice Blended,Ice Blended Chocolate Chip,1,14.0,14.0,Cash,Raining
TXN-3254,2026-02-20,20:40,Puncak Alam,Milk-based,Latte,3,11.0,33.0,Cash,Raining
TXN-3270,2026-02-20,20:40,Puncak Alam,Milk-based,Mocha,2,12.0,24.0,QR,Raining
TXN-3303,2026-02-20,20:44,Puncak Alam,Milk-based,Cappuccino,1,11.0,11.0,QR,Raining
TXN-3268,2026-02-20,20:51,Puncak Alam,Milk-based,Cappuccino,2,11.0,22.0,Cash,Raining
TXN-3267,2026-02-20,20:58,Puncak Alam,Milk-based,Latte,1,11.0,11.0,Cash,Raining
TXN-3291,2026-02-20,20:58,Puncak Alam,Milk-based,Cappuccino,1,11.0,11.0,Cash,Raining
TXN-3296,2026-02-20,21:00,Puncak Alam,Espresso-based,Espresso,3,7.0,21.0,Cash,Raining
TXN-3306,2026-02-20,21:06,Puncak Alam,Milk-based,Caramel Macchiato,3,13.0,39.0,QR,Raining
TXN-3209,2026-02-20,21:11,Putrajaya,Milk-based,Caramel Macchiato,1,13.0,13.0,QR,Raining
TXN-3285,2026-02-20,21:12,Puncak Alam,Milk-based,Cappuccino,3,11.0,33.0,Cash,Raining
TXN-3261,2026-02-20,21:24,Puncak Alam,Milk-based,Caramel Macchiato,1,13.0,13.0,QR,Raining
TXN-3245,2026-02-20,21:28,Putrajaya,Milk-based,Cappuccino,1,11.0,11.0,QR,Raining
TXN-3292,2026-02-20,21:39,Puncak Alam,Milk-based,Cappuccino,1,11.0,11.0,QR,Raining
TXN-3248,2026-02-20,21:42,Puncak Alam,Milk-based,Cappuccino,2,11.0,22.0,QR,Raining
TXN-3282,2026-02-20,21:55,Puncak Alam,Ice Blended,Ice Blended Chocolate Chip,2,14.0,28.0,QR,Raining
TXN-3332,2026-02-21,08:02,Putrajaya,Milk-based,Caramel Macchiato,1,13.0,13.0,Cash,Raining
TXN-3364,2026-02-21,08:05,Puncak Alam,Espresso-based,Espresso,2,7.0,14.0,Cash,Cloudy
TXN-3365,2026-02-21,08:05,Puncak Alam,Espresso-based,Americano,2,9.0,18.0,Cash,Cloudy
TXN-3326,2026-02-21,08:16,Putrajaya,Espresso-based,Espresso,2,7.0,14.0,QR,Raining
TXN-3338,2026-02-21,08:26,Putrajaya,Espresso-based,Espresso,1,7.0,7.0,QR,Raining
TXN-3376,2026-02-21,08:35,Puncak Alam,Espresso-based,Americano,1,9.0,9.0,Cash,Cloudy
TXN-3353,2026-02-21,08:38,Puncak Alam,Milk-based,Caramel Macchiato,2,13.0,26.0,Cash,Cloudy
TXN-3327,2026-02-21,08:49,Putrajaya,Milk-based,Caramel Macchiato,1,13.0,13.0,QR,Raining
TXN-3356,2026-02-21,08:57,Puncak Alam,Milk-based,Latte,1,11.0,11.0,QR,Cloudy
TXN-3361,2026-02-21,09:32,Puncak Alam,Espresso-based,Americano,2,9.0,18.0,QR,Cloudy
TXN-3323,2026-02-21,09:36,Putrajaya,Milk-based,Caramel Macchiato,1,13.0,13.0,Cash,Raining
TXN-3342,2026-02-21,09:59,Putrajaya,Milk-based,Latte,1,11.0,11.0,QR,Raining
TXN-3351,2026-02-21,10:11,Puncak Alam,Milk-based,Caramel Macchiato,1,13.0,13.0,QR,Cloudy
TXN-3344,2026-02-21,10:15,Putrajaya,Milk-based,Cappuccino,1,11.0,11.0,QR,Raining
TXN-3336,2026-02-21,10:28,Putrajaya,Milk-based,Mocha,2,12.0,24.0,Cash,Raining
TXN-3382,2026-02-21,10:49,Puncak Alam,Milk-based,Latte,1,11.0,11.0,QR,Cloudy
TXN-3341,2026-02-21,10:54,Putrajaya,Espresso-based,Espresso,1,7.0,7.0,QR,Raining
TXN-3346,2026-02-21,10:56,Putrajaya,Espresso-based,Americano,4,9.0,36.0,QR,Raining
TXN-3354,2026-02-21,11:14,Puncak Alam,Milk-based,Cappuccino,1,11.0,11.0,Cash,Cloudy
TXN-3319,2026-02-21,11:17,Putrajaya,Milk-based,Mocha,3,12.0,36.0,Cash,Raining
TXN-3329,2026-02-21,11:26,Putrajaya,Espresso-based,Espresso,1,7.0,7.0,Cash,Raining
TXN-3345,2026-02-21,11:41,Putrajaya,Ice Blended,Ice Blended Chocolate Chip,3,14.0,42.0,QR,Raining
TXN-3373,2026-02-21,11:50,Puncak Alam,Milk-based,Cappuccino,1,11.0,11.0,Cash,Cloudy
TXN-3369,2026-02-21,12:23,Puncak Alam,Milk-based,Latte,1,11.0,11.0,Cash,Cloudy
TXN-3337,2026-02-21,13:04,Putrajaya,Milk-based,Mocha,1,12.0,12.0,QR,Raining
TXN-3367,2026-02-21,13:12,Puncak Alam,Milk-based,Caramel Macchiato,1,13.0,13.0,Cash,Cloudy
TXN-3359,2026-02-21,13:22,Puncak Alam,Milk-based,Latte,1,11.0,11.0,QR,Cloudy
TXN-3331,2026-02-21,13:32,Putrajaya,Milk-based,Mocha,4,12.0,48.0,Cash,Raining
TXN-3321,2026-02-21,13:59,Putrajaya,Ice Blended,Ice Blended Chocolate Chip,1,14.0,14.0,Cash,Raining
TXN-3384,2026-02-21,14:24,Puncak Alam,Milk-based,Caramel Macchiato,1,13.0,13.0,QR,Cloudy
TXN-3378,2026-02-21,14:43,Puncak Alam,Milk-based,Latte,1,11.0,11.0,QR,Cloudy
TXN-3368,2026-02-21,14:49,Puncak Alam,Milk-based,Caramel Macchiato,1,13.0,13.0,Cash,Cloudy
TXN-3343,2026-02-21,14:51,Putrajaya,Espresso-based,Espresso,1,7.0,7.0,QR,Raining
TXN-3357,2026-02-21,14:59,Puncak Alam,Milk-based,Caramel Macchiato,1,13.0,13.0,QR,Cloudy
TXN-3383,2026-02-21,15:07,Puncak Alam,Milk-based,Caramel Macchiato,2,13.0,26.0,QR,Cloudy
TXN-3325,2026-02-21,15:36,Putrajaya,Espresso-based,Espresso,2,7.0,14.0,Cash,Raining
TXN-3348,2026-02-21,15:36,Putrajaya,Milk-based,Caramel Macchiato,2,13.0,26.0,QR,Raining
TXN-3381,2026-02-21,15:45,Puncak Alam,Milk-based,Mocha,1,12.0,12.0,Cash,Cloudy
TXN-3347,2026-02-21,16:07,Putrajaya,Ice Blended,Ice Blended Chocolate Chip,1,14.0,14.0,QR,Raining
TXN-3377,2026-02-21,16:27,Puncak Alam,Milk-based,Mocha,1,12.0,12.0,QR,Cloudy
TXN-3360,2026-02-21,16:32,Puncak Alam,Milk-based,Cappuccino,1,11.0,11.0,QR,Cloudy
TXN-3363,2026-02-21,16:39,Puncak Alam,Milk-based,Latte,1,11.0,11.0,QR,Cloudy
TXN-3366,2026-02-21,17:07,Puncak Alam,Espresso-based,Americano,2,9.0,18.0,QR,Cloudy
TXN-3358,2026-02-21,17:27,Puncak Alam,Milk-based,Latte,1,11.0,11.0,QR,Cloudy
TXN-3370,2026-02-21,17:27,Puncak Alam,Milk-based,Caramel Macchiato,2,13.0,26.0,QR,Cloudy
TXN-3315,2026-02-21,17:32,Putrajaya,Ice Blended,Ice Blended Chocolate Chip,4,14.0,56.0,QR,Raining
TXN-3340,2026-02-21,18:12,Putrajaya,Espresso-based,Espresso,3,7.0,21.0,Cash,Raining
TXN-3318,2026-02-21,18:14,Putrajaya,Ice Blended,Ice Blended Chocolate Chip,2,14.0,28.0,QR,Raining
TXN-3379,2026-02-21,18:17,Puncak Alam,Milk-based,Caramel Macchiato,1,13.0,13.0,QR,Cloudy
TXN-3375,2026-02-21,18:36,Puncak Alam,Espresso-based,Americano,1,9.0,9.0,Cash,Cloudy
TXN-3314,2026-02-21,18:49,Putrajaya,Milk-based,Cappuccino,1,11.0,11.0,Cash,Raining
TXN-3320,2026-02-21,18:49,Putrajaya,Milk-based,Mocha,2,12.0,24.0,Cash,Raining
TXN-3324,2026-02-21,19:01,Putrajaya,Espresso-based,Americano,1,9.0,9.0,QR,Raining
TXN-3322,2026-02-21,19:03,Putrajaya,Ice Blended,Ice Blended Chocolate Chip,3,14.0,42.0,QR,Raining
TXN-3374,2026-02-21,19:03,Puncak Alam,Espresso-based,Americano,1,9.0,9.0,Cash,Cloudy
TXN-3362,2026-02-21,19:25,Puncak Alam,Espresso-based,Espresso,1,7.0,7.0,QR,Cloudy
TXN-3334,2026-02-21,19:38,Putrajaya,Milk-based,Latte,2,11.0,22.0,QR,Raining
TXN-3352,2026-02-21,19:40,Puncak Alam,Milk-based,Cappuccino,1,11.0,11.0,QR,Cloudy
TXN-3380,2026-02-21,19:40,Puncak Alam,Espresso-based,Americano,1,9.0,9.0,QR,Cloudy
TXN-3316,2026-02-21,19:46,Putrajaya,Ice Blended,Ice Blended Chocolate Chip,1,14.0,14.0,QR,Raining
TXN-3317,2026-02-21,20:11,Putrajaya,Espresso-based,Espresso,2,7.0,14.0,QR,Raining
TXN-3355,2026-02-21,20:14,Puncak Alam,Espresso-based,Americano,4,9.0,36.0,QR,Cloudy
TXN-3349,2026-02-21,20:21,Putrajaya,Milk-based,Latte,1,11.0,11.0,Cash,Raining
TXN-3333,2026-02-21,20:26,Putrajaya,Milk-based,Latte,1,11.0,11.0,QR,Raining
TXN-3371,2026-02-21,20:47,Puncak Alam,Milk-based,Latte,1,11.0,11.0,Cash,Cloudy
TXN-3350,2026-02-21,20:56,Putrajaya,Milk-based,Caramel Macchiato,3,13.0,39.0,QR,Raining
TXN-3339,2026-02-21,21:06,Putrajaya,Espresso-based,Espresso,2,7.0,14.0,Cash,Raining
TXN-3328,2026-02-21,21:21,Putrajaya,Milk-based,Latte,1,11.0,11.0,QR,Raining
TXN-3330,2026-02-21,21:24,Putrajaya,Milk-based,Caramel Macchiato,1,13.0,13.0,QR,Raining
TXN-3372,2026-02-21,21:30,Puncak Alam,Milk-based,Cappuccino,1,11.0,11.0,QR,Cloudy
TXN-3335,2026-02-21,21:46,Putrajaya,Milk-based,Latte,2,11.0,22.0,QR,Raining
TXN-3422,2026-02-22,08:00,Putrajaya,Milk-based,Latte,1,11.0,11.0,QR,Sunny
TXN-3420,2026-02-22,08:04,Putrajaya,Espresso-based,Espresso,1,7.0,7.0,Cash,Sunny
TXN-3428,2026-02-22,08:13,Puncak Alam,Espresso-based,Espresso,1,7.0,7.0,QR,Sunny
TXN-3398,2026-02-22,08:35,Putrajaya,Milk-based,Mocha,1,12.0,12.0,QR,Sunny
TXN-3405,2026-02-22,08:44,Putrajaya,Milk-based,Mocha,1,12.0,12.0,Cash,Sunny
TXN-3400,2026-02-22,08:45,Putrajaya,Milk-based,Latte,1,11.0,11.0,QR,Sunny
TXN-3417,2026-02-22,08:45,Putrajaya,Milk-based,Caramel Macchiato,1,13.0,13.0,QR,Sunny
TXN-3394,2026-02-22,08:49,Putrajaya,Milk-based,Latte,1,11.0,11.0,QR,Sunny
TXN-3415,2026-02-22,09:01,Putrajaya,Espresso-based,Americano,1,9.0,9.0,QR,Sunny
TXN-3418,2026-02-22,09:10,Putrajaya,Espresso-based,Espresso,1,7.0,7.0,QR,Sunny
TXN-3437,2026-02-22,09:20,Puncak Alam,Milk-based,Caramel Macchiato,1,13.0,13.0,QR,Sunny
TXN-3427,2026-02-22,09:53,Putrajaya,Milk-based,Mocha,4,12.0,48.0,Cash,Sunny
TXN-3421,2026-02-22,09:55,Putrajaya,Milk-based,Latte,1,11.0,11.0,QR,Sunny
TXN-3401,2026-02-22,09:56,Putrajaya,Milk-based,Latte,1,11.0,11.0,QR,Sunny
TXN-3404,2026-02-22,10:02,Putrajaya,Milk-based,Mocha,1,12.0,12.0,QR,Sunny
TXN-3447,2026-02-22,10:08,Puncak Alam,Milk-based,Mocha,1,12.0,12.0,QR,Sunny
TXN-3452,2026-02-22,10:08,Puncak Alam,Milk-based,Latte,1,11.0,11.0,QR,Sunny
TXN-3411,2026-02-22,10:31,Putrajaya,Milk-based,Cappuccino,1,11.0,11.0,QR,Sunny
TXN-3410,2026-02-22,10:59,Putrajaya,Milk-based,Cappuccino,2,11.0,22.0,QR,Sunny
TXN-3419,2026-02-22,10:59,Putrajaya,Milk-based,Cappuccino,1,11.0,11.0,QR,Sunny
TXN-3386,2026-02-22,11:13,Putrajaya,Espresso-based,Espresso,2,7.0,14.0,Cash,Sunny
TXN-3430,2026-02-22,11:27,Puncak Alam,Milk-based,Cappuccino,1,11.0,11.0,Cash,Sunny
TXN-3446,2026-02-22,11:34,Puncak Alam,Milk-based,Latte,1,11.0,11.0,Cash,Sunny
TXN-3432,2026-02-22,11:37,Puncak Alam,Ice Blended,Ice Blended Chocolate Chip,1,14.0,14.0,Cash,Sunny
TXN-3436,2026-02-22,11:37,Puncak Alam,Milk-based,Cappuccino,1,11.0,11.0,Cash,Sunny
TXN-3438,2026-02-22,11:45,Puncak Alam,Milk-based,Cappuccino,1,11.0,11.0,QR,Sunny
TXN-3423,2026-02-22,11:46,Putrajaya,Ice Blended,Ice Blended Chocolate Chip,1,14.0,14.0,Cash,Sunny
TXN-3407,2026-02-22,12:09,Putrajaya,Milk-based,Mocha,1,12.0,12.0,QR,Sunny
TXN-3387,2026-02-22,12:10,Putrajaya,Milk-based,Caramel Macchiato,2,13.0,26.0,Cash,Sunny
TXN-3439,2026-02-22,12:58,Puncak Alam,Milk-based,Caramel Macchiato,2,13.0,26.0,Cash,Sunny
TXN-3440,2026-02-22,13:16,Puncak Alam,Milk-based,Caramel Macchiato,1,13.0,13.0,QR,Sunny
TXN-3434,2026-02-22,13:23,Puncak Alam,Milk-based,Cappuccino,1,11.0,11.0,QR,Sunny
TXN-3395,2026-02-22,13:39,Putrajaya,Milk-based,Cappuccino,1,11.0,11.0,QR,Sunny
TXN-3429,2026-02-22,13:41,Puncak Alam,Milk-based,Caramel Macchiato,1,13.0,13.0,QR,Sunny
TXN-3396,2026-02-22,13:45,Putrajaya,Milk-based,Caramel Macchiato,1,13.0,13.0,QR,Sunny
TXN-3412,2026-02-22,13:48,Putrajaya,Espresso-based,Espresso,2,7.0,14.0,QR,Sunny
TXN-3460,2026-02-22,14:36,Puncak Alam,Milk-based,Caramel Macchiato,2,13.0,26.0,QR,Sunny
TXN-3402,2026-02-22,14:52,Putrajaya,Milk-based,Cappuccino,1,11.0,11.0,QR,Sunny
TXN-3455,2026-02-22,14:52,Puncak Alam,Espresso-based,Espresso,1,7.0,7.0,QR,Sunny
TXN-3441,2026-02-22,14:54,Puncak Alam,Milk-based,Caramel Macchiato,1,13.0,13.0,QR,Sunny
TXN-3443,2026-02-22,14:55,Puncak Alam,Milk-based,Latte,1,11.0,11.0,Cash,Sunny
TXN-3416,2026-02-22,14:57,Putrajaya,Ice Blended,Ice Blended Chocolate Chip,1,14.0,14.0,QR,Sunny
TXN-3461,2026-02-22,15:01,Puncak Alam,Milk-based,Caramel Macchiato,3,13.0,39.0,QR,Sunny
TXN-3399,2026-02-22,15:08,Putrajaya,Milk-based,Cappuccino,2,11.0,22.0,Cash,Sunny
TXN-3385,2026-02-22,15:24,Putrajaya,Espresso-based,Espresso,1,7.0,7.0,QR,Sunny
TXN-3451,2026-02-22,15:27,Puncak Alam,Espresso-based,Espresso,1,7.0,7.0,QR,Sunny
TXN-3444,2026-02-22,15:28,Puncak Alam,Ice Blended,Ice Blended Chocolate Chip,1,14.0,14.0,QR,Sunny
TXN-3408,2026-02-22,15:37,Putrajaya,Milk-based,Caramel Macchiato,1,13.0,13.0,QR,Sunny
TXN-3426,2026-02-22,15:37,Putrajaya,Ice Blended,Ice Blended Chocolate Chip,3,14.0,42.0,QR,Sunny
TXN-3435,2026-02-22,15:45,Puncak Alam,Milk-based,Caramel Macchiato,1,13.0,13.0,QR,Sunny
TXN-3448,2026-02-22,15:51,Puncak Alam,Milk-based,Latte,1,11.0,11.0,QR,Sunny
TXN-3403,2026-02-22,15:52,Putrajaya,Milk-based,Cappuccino,3,11.0,33.0,Cash,Sunny
TXN-3450,2026-02-22,15:54,Puncak Alam,Ice Blended,Ice Blended Chocolate Chip,1,14.0,14.0,Cash,Sunny
TXN-3457,2026-02-22,16:05,Puncak Alam,Milk-based,Mocha,1,12.0,12.0,QR,Sunny
TXN-3413,2026-02-22,16:12,Putrajaya,Espresso-based,Espresso,3,7.0,21.0,Cash,Sunny
TXN-3458,2026-02-22,16:14,Puncak Alam,Espresso-based,Americano,3,9.0,27.0,QR,Sunny
TXN-3390,2026-02-22,16:16,Putrajaya,Milk-based,Latte,1,11.0,11.0,QR,Sunny
TXN-3391,2026-02-22,16:22,Putrajaya,Ice Blended,Ice Blended Chocolate Chip,2,14.0,28.0,Cash,Sunny
TXN-3388,2026-02-22,17:03,Putrajaya,Espresso-based,Americano,1,9.0,9.0,QR,Sunny
TXN-3406,2026-02-22,17:08,Putrajaya,Milk-based,Caramel Macchiato,2,13.0,26.0,QR,Sunny
TXN-3414,2026-02-22,17:13,Putrajaya,Milk-based,Caramel Macchiato,1,13.0,13.0,QR,Sunny
TXN-3409,2026-02-22,17:17,Putrajaya,Milk-based,Mocha,1,12.0,12.0,Cash,Sunny
TXN-3442,2026-02-22,17:22,Puncak Alam,Ice Blended,Ice Blended Chocolate Chip,1,14.0,14.0,QR,Sunny
TXN-3445,2026-02-22,17:34,Puncak Alam,Ice Blended,Ice Blended Chocolate Chip,1,14.0,14.0,QR,Sunny
TXN-3389,2026-02-22,17:43,Putrajaya,Milk-based,Cappuccino,1,11.0,11.0,QR,Sunny
TXN-3433,2026-02-22,17:51,Puncak Alam,Espresso-based,Espresso,3,7.0,21.0,Cash,Sunny
TXN-3393,2026-02-22,17:54,Putrajaya,Espresso-based,Espresso,1,7.0,7.0,Cash,Sunny
TXN-3456,2026-02-22,19:02,Puncak Alam,Milk-based,Mocha,2,12.0,24.0,QR,Sunny
TXN-3454,2026-02-22,19:16,Puncak Alam,Espresso-based,Americano,2,9.0,18.0,QR,Sunny
TXN-3459,2026-02-22,19:18,Puncak Alam,Milk-based,Cappuccino,1,11.0,11.0,QR,Sunny
TXN-3392,2026-02-22,19:23,Putrajaya,Espresso-based,Espresso,1,7.0,7.0,QR,Sunny
TXN-3431,2026-02-22,19:38,Puncak Alam,Milk-based,Cappuccino,1,11.0,11.0,Cash,Sunny
TXN-3462,2026-02-22,20:45,Puncak Alam,Milk-based,Cappuccino,1,11.0,11.0,QR,Sunny
TXN-3449,2026-02-22,20:48,Puncak Alam,Milk-based,Caramel Macchiato,2,13.0,26.0,QR,Sunny
TXN-3425,2026-02-22,20:55,Putrajaya,Espresso-based,Espresso,1,7.0,7.0,QR,Sunny
TXN-3424,2026-02-22,21:26,Putrajaya,Espresso-based,Americano,1,9.0,9.0,QR,Sunny
TXN-3453,2026-02-22,21:28,Puncak Alam,Milk-based,Latte,1,11.0,11.0,QR,Sunny
TXN-3397,2026-02-22,21:41,Putrajaya,Milk-based,Cappuccino,1,11.0,11.0,QR,Sunny
TXN-3520,2026-02-23,08:00,Puncak Alam,Milk-based,Mocha,1,12.0,12.0,Cash,Sunny
TXN-3495,2026-02-23,08:05,Puncak Alam,Milk-based,Caramel Macchiato,1,13.0,13.0,QR,Sunny
TXN-3480,2026-02-23,08:17,Putrajaya,Ice Blended,Ice Blended Chocolate Chip,2,14.0,28.0,QR,Cloudy
TXN-3544,2026-02-23,08:48,Puncak Alam,Espresso-based,Americano,1,9.0,9.0,QR,Sunny
TXN-3527,2026-02-23,08:58,Puncak Alam,Espresso-based,Americano,1,9.0,9.0,QR,Sunny
TXN-3548,2026-02-23,09:05,Puncak Alam,Milk-based,Mocha,1,12.0,12.0,QR,Sunny
TXN-3477,2026-02-23,09:13,Putrajaya,Espresso-based,Americano,1,9.0,9.0,QR,Cloudy
TXN-3502,2026-02-23,09:20,Puncak Alam,Ice Blended,Ice Blended Chocolate Chip,1,14.0,14.0,QR,Sunny
TXN-3528,2026-02-23,09:20,Puncak Alam,Ice Blended,Ice Blended Chocolate Chip,1,14.0,14.0,QR,Sunny
TXN-3468,2026-02-23,09:24,Putrajaya,Milk-based,Mocha,1,12.0,12.0,QR,Cloudy
TXN-3482,2026-02-23,09:30,Putrajaya,Espresso-based,Espresso,1,7.0,7.0,QR,Cloudy
TXN-3486,2026-02-23,09:36,Putrajaya,Milk-based,Latte,2,11.0,22.0,QR,Cloudy
TXN-3514,2026-02-23,09:36,Puncak Alam,Milk-based,Mocha,1,12.0,12.0,QR,Sunny
TXN-3537,2026-02-23,09:46,Puncak Alam,Espresso-based,Espresso,2,7.0,14.0,QR,Sunny
TXN-3483,2026-02-23,09:54,Putrajaya,Espresso-based,Espresso,1,7.0,7.0,QR,Cloudy
TXN-3498,2026-02-23,09:57,Puncak Alam,Milk-based,Caramel Macchiato,1,13.0,13.0,QR,Sunny
TXN-3481,2026-02-23,09:58,Putrajaya,Espresso-based,Americano,2,9.0,18.0,Cash,Cloudy
TXN-3469,2026-02-23,10:30,Putrajaya,Espresso-based,Americano,1,9.0,9.0,Cash,Cloudy
TXN-3508,2026-02-23,10:33,Puncak Alam,Milk-based,Latte,1,11.0,11.0,QR,Sunny
TXN-3464,2026-02-23,11:09,Putrajaya,Milk-based,Mocha,1,12.0,12.0,Cash,Cloudy
TXN-3539,2026-02-23,11:13,Puncak Alam,Ice Blended,Ice Blended Chocolate Chip,4,14.0,56.0,Cash,Sunny
TXN-3516,2026-02-23,11:22,Puncak Alam,Espresso-based,Espresso,3,7.0,21.0,Cash,Sunny
TXN-3512,2026-02-23,11:32,Puncak Alam,Milk-based,Latte,1,11.0,11.0,QR,Sunny
TXN-3488,2026-02-23,11:39,Putrajaya,Espresso-based,Espresso,2,7.0,14.0,QR,Cloudy
TXN-3517,2026-02-23,12:06,Puncak Alam,Milk-based,Mocha,1,12.0,12.0,QR,Sunny
TXN-3463,2026-02-23,12:09,Putrajaya,Ice Blended,Ice Blended Chocolate Chip,3,14.0,42.0,QR,Cloudy
TXN-3513,2026-02-23,12:09,Puncak Alam,Milk-based,Mocha,1,12.0,12.0,QR,Sunny
TXN-3475,2026-02-23,12:11,Putrajaya,Milk-based,Mocha,2,12.0,24.0,Cash,Cloudy
TXN-3543,2026-02-23,12:25,Puncak Alam,Milk-based,Caramel Macchiato,1,13.0,13.0,Cash,Sunny
TXN-3541,2026-02-23,12:26,Puncak Alam,Espresso-based,Espresso,1,7.0,7.0,QR,Sunny
TXN-3497,2026-02-23,12:28,Puncak Alam,Milk-based,Mocha,1,12.0,12.0,QR,Sunny
TXN-3492,2026-02-23,13:07,Putrajaya,Espresso-based,Americano,2,9.0,18.0,QR,Cloudy
TXN-3534,2026-02-23,13:13,Puncak Alam,Milk-based,Latte,1,11.0,11.0,QR,Sunny
TXN-3521,2026-02-23,13:15,Puncak Alam,Espresso-based,Americano,3,9.0,27.0,QR,Sunny
TXN-3473,2026-02-23,13:21,Putrajaya,Espresso-based,Espresso,1,7.0,7.0,QR,Cloudy
TXN-3540,2026-02-23,13:33,Puncak Alam,Ice Blended,Ice Blended Chocolate Chip,1,14.0,14.0,QR,Sunny
TXN-3507,2026-02-23,13:42,Puncak Alam,Milk-based,Caramel Macchiato,1,13.0,13.0,QR,Sunny
TXN-3547,2026-02-23,13:50,Puncak Alam,Espresso-based,Americano,1,9.0,9.0,Cash,Sunny
TXN-3504,2026-02-23,13:57,Puncak Alam,Milk-based,Mocha,1,12.0,12.0,QR,Sunny
TXN-3474,2026-02-23,14:21,Putrajaya,Milk-based,Mocha,2,12.0,24.0,QR,Cloudy
TXN-3485,2026-02-23,14:21,Putrajaya,Milk-based,Mocha,1,12.0,12.0,QR,Cloudy
TXN-3493,2026-02-23,14:25,Putrajaya,Ice Blended,Ice Blended Chocolate Chip,1,14.0,14.0,QR,Cloudy
TXN-3500,2026-02-23,14:28,Puncak Alam,Espresso-based,Americano,1,9.0,9.0,Cash,Sunny
TXN-3529,2026-02-23,14:46,Puncak Alam,Milk-based,Latte,1,11.0,11.0,QR,Sunny
TXN-3505,2026-02-23,15:02,Puncak Alam,Milk-based,Latte,3,11.0,33.0,QR,Sunny
TXN-3491,2026-02-23,15:19,Putrajaya,Milk-based,Latte,1,11.0,11.0,QR,Cloudy
TXN-3552,2026-02-23,15:22,Puncak Alam,Ice Blended,Ice Blended Chocolate Chip,1,14.0,14.0,QR,Sunny
TXN-3550,2026-02-23,15:29,Puncak Alam,Espresso-based,Americano,1,9.0,9.0,Cash,Sunny
TXN-3506,2026-02-23,15:35,Puncak Alam,Milk-based,Mocha,1,12.0,12.0,QR,Sunny
TXN-3499,2026-02-23,15:36,Puncak Alam,Milk-based,Caramel Macchiato,2,13.0,26.0,Cash,Sunny
TXN-3489,2026-02-23,15:38,Putrajaya,Milk-based,Caramel Macchiato,1,13.0,13.0,Cash,Cloudy
TXN-3509,2026-02-23,15:39,Puncak Alam,Milk-based,Latte,1,11.0,11.0,QR,Sunny
TXN-3476,2026-02-23,15:43,Putrajaya,Espresso-based,Americano,2,9.0,18.0,QR,Cloudy
TXN-3551,2026-02-23,15:43,Puncak Alam,Milk-based,Caramel Macchiato,2,13.0,26.0,QR,Sunny
TXN-3533,2026-02-23,15:57,Puncak Alam,Espresso-based,Americano,1,9.0,9.0,Cash,Sunny
TXN-3531,2026-02-23,15:58,Puncak Alam,Milk-based,Caramel Macchiato,1,13.0,13.0,QR,Sunny
TXN-3545,2026-02-23,16:14,Puncak Alam,Milk-based,Cappuccino,2,11.0,22.0,QR,Sunny
TXN-3484,2026-02-23,16:21,Putrajaya,Milk-based,Mocha,1,12.0,12.0,Cash,Cloudy
TXN-3546,2026-02-23,16:31,Puncak Alam,Milk-based,Latte,1,11.0,11.0,Cash,Sunny
TXN-3478,2026-02-23,16:34,Putrajaya,Milk-based,Cappuccino,3,11.0,33.0,Cash,Cloudy
TXN-3511,2026-02-23,16:38,Puncak Alam,Espresso-based,Espresso,1,7.0,7.0,QR,Sunny
TXN-3479,2026-02-23,16:45,Putrajaya,Milk-based,Latte,1,11.0,11.0,QR,Cloudy
TXN-3501,2026-02-23,16:48,Puncak Alam,Milk-based,Caramel Macchiato,1,13.0,13.0,QR,Sunny
TXN-3524,2026-02-23,17:03,Puncak Alam,Espresso-based,Espresso,1,7.0,7.0,Cash,Sunny
TXN-3470,2026-02-23,17:08,Putrajaya,Milk-based,Cappuccino,2,11.0,22.0,Cash,Cloudy
TXN-3522,2026-02-23,17:11,Puncak Alam,Milk-based,Caramel Macchiato,1,13.0,13.0,QR,Sunny
TXN-3487,2026-02-23,18:04,Putrajaya,Espresso-based,Americano,2,9.0,18.0,Cash,Cloudy
TXN-3542,2026-02-23,18:27,Puncak Alam,Milk-based,Mocha,3,12.0,36.0,Cash,Sunny
TXN-3530,2026-02-23,18:29,Puncak Alam,Milk-based,Mocha,2,12.0,24.0,QR,Sunny
TXN-3536,2026-02-23,18:43,Puncak Alam,Milk-based,Mocha,1,12.0,12.0,QR,Sunny
TXN-3472,2026-02-23,18:59,Putrajaya,Milk-based,Mocha,1,12.0,12.0,QR,Cloudy
TXN-3525,2026-02-23,18:59,Puncak Alam,Milk-based,Caramel Macchiato,1,13.0,13.0,QR,Sunny
TXN-3538,2026-02-23,19:02,Puncak Alam,Ice Blended,Ice Blended Chocolate Chip,2,14.0,28.0,Cash,Sunny
TXN-3518,2026-02-23,19:07,Puncak Alam,Milk-based,Latte,1,11.0,11.0,Cash,Sunny
TXN-3467,2026-02-23,19:17,Putrajaya,Milk-based,Latte,1,11.0,11.0,Cash,Cloudy
TXN-3549,2026-02-23,19:22,Puncak Alam,Milk-based,Cappuccino,2,11.0,22.0,QR,Sunny
TXN-3535,2026-02-23,19:33,Puncak Alam,Espresso-based,Americano,1,9.0,9.0,Cash,Sunny
TXN-3490,2026-02-23,19:34,Putrajaya,Milk-based,Latte,1,11.0,11.0,Cash,Cloudy
TXN-3526,2026-02-23,19:40,Puncak Alam,Milk-based,Cappuccino,1,11.0,11.0,Cash,Sunny
TXN-3515,2026-02-23,19:42,Puncak Alam,Milk-based,Latte,1,11.0,11.0,QR,Sunny
TXN-3523,2026-02-23,19:43,Puncak Alam,Espresso-based,Americano,1,9.0,9.0,Cash,Sunny
TXN-3465,2026-02-23,20:12,Putrajaya,Milk-based,Mocha,1,12.0,12.0,QR,Cloudy
TXN-3519,2026-02-23,20:16,Puncak Alam,Milk-based,Mocha,2,12.0,24.0,QR,Sunny
TXN-3494,2026-02-23,20:24,Puncak Alam,Milk-based,Mocha,2,12.0,24.0,Cash,Sunny
TXN-3466,2026-02-23,20:31,Putrajaya,Ice Blended,Ice Blended Chocolate Chip,2,14.0,28.0,QR,Cloudy
TXN-3510,2026-02-23,21:00,Puncak Alam,Milk-based,Latte,2,11.0,22.0,QR,Sunny
TXN-3496,2026-02-23,21:23,Puncak Alam,Ice Blended,Ice Blended Chocolate Chip,1,14.0,14.0,QR,Sunny
TXN-3503,2026-02-23,21:24,Puncak Alam,Espresso-based,Espresso,1,7.0,7.0,QR,Sunny
TXN-3532,2026-02-23,21:29,Puncak Alam,Espresso-based,Americano,1,9.0,9.0,Cash,Sunny
TXN-3471,2026-02-23,21:47,Putrajaya,Espresso-based,Espresso,1,7.0,7.0,QR,Cloudy
TXN-3642,2026-02-24,08:02,Puncak Alam,Espresso-based,Americano,2,9.0,18.0,QR,Raining
TXN-3562,2026-02-24,08:04,Putrajaya,Espresso-based,Americano,1,9.0,9.0,Cash,Sunny
TXN-3592,2026-02-24,08:19,Putrajaya,Espresso-based,Americano,2,9.0,18.0,QR,Sunny
TXN-3586,2026-02-24,08:23,Putrajaya,Espresso-based,Americano,2,9.0,18.0,Cash,Sunny
TXN-3614,2026-02-24,08:49,Puncak Alam,Espresso-based,Americano,3,9.0,27.0,QR,Raining
TXN-3607,2026-02-24,09:13,Puncak Alam,Espresso-based,Espresso,1,7.0,7.0,QR,Raining
TXN-3631,2026-02-24,09:14,Puncak Alam,Milk-based,Latte,2,11.0,22.0,Cash,Raining
TXN-3557,2026-02-24,09:33,Putrajaya,Milk-based,Latte,2,11.0,22.0,Cash,Sunny
TXN-3606,2026-02-24,09:50,Puncak Alam,Milk-based,Caramel Macchiato,1,13.0,13.0,QR,Raining
TXN-3636,2026-02-24,10:17,Puncak Alam,Ice Blended,Ice Blended Chocolate Chip,2,14.0,28.0,QR,Raining
TXN-3567,2026-02-24,10:27,Putrajaya,Espresso-based,Espresso,4,7.0,28.0,Cash,Sunny
TXN-3601,2026-02-24,10:28,Puncak Alam,Milk-based,Cappuccino,1,11.0,11.0,Cash,Raining
TXN-3582,2026-02-24,10:29,Putrajaya,Milk-based,Latte,1,11.0,11.0,Cash,Sunny
TXN-3609,2026-02-24,10:30,Puncak Alam,Milk-based,Caramel Macchiato,1,13.0,13.0,Cash,Raining
TXN-3638,2026-02-24,10:49,Puncak Alam,Milk-based,Mocha,1,12.0,12.0,QR,Raining
TXN-3608,2026-02-24,11:25,Puncak Alam,Milk-based,Mocha,1,12.0,12.0,QR,Raining
TXN-3569,2026-02-24,11:35,Putrajaya,Milk-based,Latte,1,11.0,11.0,QR,Sunny
TXN-3574,2026-02-24,11:49,Putrajaya,Milk-based,Mocha,1,12.0,12.0,Cash,Sunny
TXN-3593,2026-02-24,11:49,Putrajaya,Milk-based,Cappuccino,1,11.0,11.0,Cash,Sunny
TXN-3563,2026-02-24,11:53,Putrajaya,Milk-based,Caramel Macchiato,1,13.0,13.0,QR,Sunny
TXN-3556,2026-02-24,12:00,Putrajaya,Milk-based,Cappuccino,1,11.0,11.0,Cash,Sunny
TXN-3600,2026-02-24,12:02,Puncak Alam,Ice Blended,Ice Blended Chocolate Chip,1,14.0,14.0,QR,Raining
TXN-3621,2026-02-24,12:07,Puncak Alam,Ice Blended,Ice Blended Chocolate Chip,1,14.0,14.0,QR,Raining
TXN-3581,2026-02-24,12:09,Putrajaya,Milk-based,Mocha,1,12.0,12.0,Cash,Sunny
TXN-3625,2026-02-24,12:25,Puncak Alam,Milk-based,Caramel Macchiato,2,13.0,26.0,QR,Raining
TXN-3611,2026-02-24,12:36,Puncak Alam,Ice Blended,Ice Blended Chocolate Chip,1,14.0,14.0,QR,Raining
TXN-3630,2026-02-24,13:15,Puncak Alam,Espresso-based,Espresso,3,7.0,21.0,QR,Raining
TXN-3595,2026-02-24,13:21,Putrajaya,Ice Blended,Ice Blended Chocolate Chip,1,14.0,14.0,QR,Sunny
TXN-3559,2026-02-24,13:23,Putrajaya,Espresso-based,Americano,1,9.0,9.0,Cash,Sunny
TXN-3560,2026-02-24,13:24,Putrajaya,Milk-based,Latte,1,11.0,11.0,QR,Sunny
TXN-3585,2026-02-24,13:40,Putrajaya,Milk-based,Mocha,1,12.0,12.0,QR,Sunny
TXN-3587,2026-02-24,13:40,Putrajaya,Espresso-based,Americano,1,9.0,9.0,Cash,Sunny
TXN-3618,2026-02-24,13:54,Puncak Alam,Espresso-based,Espresso,2,7.0,14.0,QR,Raining
TXN-3604,2026-02-24,13:59,Puncak Alam,Ice Blended,Ice Blended Chocolate Chip,1,14.0,14.0,QR,Raining
TXN-3580,2026-02-24,14:23,Putrajaya,Milk-based,Cappuccino,1,11.0,11.0,QR,Sunny
TXN-3632,2026-02-24,14:28,Puncak Alam,Milk-based,Cappuccino,1,11.0,11.0,QR,Raining
TXN-3613,2026-02-24,14:35,Puncak Alam,Ice Blended,Ice Blended Chocolate Chip,1,14.0,14.0,QR,Raining
TXN-3596,2026-02-24,14:51,Putrajaya,Milk-based,Mocha,1,12.0,12.0,Cash,Sunny
TXN-3571,2026-02-24,15:02,Putrajaya,Ice Blended,Ice Blended Chocolate Chip,1,14.0,14.0,Cash,Sunny
TXN-3627,2026-02-24,15:07,Puncak Alam,Milk-based,Caramel Macchiato,1,13.0,13.0,Cash,Raining
TXN-3616,2026-02-24,15:27,Puncak Alam,Milk-based,Mocha,1,12.0,12.0,QR,Raining
TXN-3610,2026-02-24,15:29,Puncak Alam,Ice Blended,Ice Blended Chocolate Chip,1,14.0,14.0,QR,Raining
TXN-3640,2026-02-24,15:32,Puncak Alam,Milk-based,Cappuccino,2,11.0,22.0,QR,Raining
TXN-3564,2026-02-24,15:36,Putrajaya,Milk-based,Caramel Macchiato,1,13.0,13.0,QR,Sunny
TXN-3570,2026-02-24,15:40,Putrajaya,Espresso-based,Americano,1,9.0,9.0,QR,Sunny
TXN-3554,2026-02-24,15:58,Putrajaya,Ice Blended,Ice Blended Chocolate Chip,1,14.0,14.0,Cash,Sunny
TXN-3633,2026-02-24,16:10,Puncak Alam,Milk-based,Mocha,1,12.0,12.0,QR,Raining
TXN-3619,2026-02-24,16:15,Puncak Alam,Espresso-based,Espresso,2,7.0,14.0,Cash,Raining
TXN-3626,2026-02-24,16:15,Puncak Alam,Milk-based,Mocha,1,12.0,12.0,QR,Raining
TXN-3629,2026-02-24,16:15,Puncak Alam,Ice Blended,Ice Blended Chocolate Chip,1,14.0,14.0,QR,Raining
TXN-3639,2026-02-24,16:16,Puncak Alam,Espresso-based,Americano,2,9.0,18.0,Cash,Raining
TXN-3620,2026-02-24,16:17,Puncak Alam,Milk-based,Latte,1,11.0,11.0,Cash,Raining
TXN-3565,2026-02-24,16:27,Putrajaya,Milk-based,Latte,1,11.0,11.0,Cash,Sunny
TXN-3566,2026-02-24,16:43,Putrajaya,Milk-based,Cappuccino,1,11.0,11.0,Cash,Sunny
TXN-3575,2026-02-24,17:03,Putrajaya,Ice Blended,Ice Blended Chocolate Chip,2,14.0,28.0,QR,Sunny
TXN-3591,2026-02-24,17:36,Putrajaya,Ice Blended,Ice Blended Chocolate Chip,1,14.0,14.0,QR,Sunny
TXN-3622,2026-02-24,17:40,Puncak Alam,Milk-based,Mocha,1,12.0,12.0,QR,Raining
TXN-3584,2026-02-24,17:41,Putrajaya,Milk-based,Cappuccino,3,11.0,33.0,QR,Sunny
TXN-3637,2026-02-24,17:42,Puncak Alam,Ice Blended,Ice Blended Chocolate Chip,1,14.0,14.0,QR,Raining
TXN-3583,2026-02-24,18:51,Putrajaya,Espresso-based,Americano,1,9.0,9.0,QR,Sunny
TXN-3577,2026-02-24,18:52,Putrajaya,Milk-based,Cappuccino,1,11.0,11.0,QR,Sunny
TXN-3576,2026-02-24,18:55,Putrajaya,Milk-based,Caramel Macchiato,1,13.0,13.0,QR,Sunny
TXN-3617,2026-02-24,18:59,Puncak Alam,Milk-based,Caramel Macchiato,1,13.0,13.0,QR,Raining
TXN-3561,2026-02-24,19:03,Putrajaya,Espresso-based,Americano,1,9.0,9.0,QR,Sunny
TXN-3558,2026-02-24,19:11,Putrajaya,Milk-based,Caramel Macchiato,1,13.0,13.0,QR,Sunny
TXN-3635,2026-02-24,19:13,Puncak Alam,Ice Blended,Ice Blended Chocolate Chip,1,14.0,14.0,Cash,Raining
TXN-3572,2026-02-24,19:17,Putrajaya,Milk-based,Caramel Macchiato,1,13.0,13.0,Cash,Sunny
TXN-3612,2026-02-24,19:21,Puncak Alam,Espresso-based,Espresso,1,7.0,7.0,Cash,Raining
TXN-3623,2026-02-24,19:24,Puncak Alam,Espresso-based,Americano,1,9.0,9.0,QR,Raining
TXN-3589,2026-02-24,19:26,Putrajaya,Milk-based,Cappuccino,1,11.0,11.0,QR,Sunny
TXN-3605,2026-02-24,19:26,Puncak Alam,Milk-based,Cappuccino,1,11.0,11.0,QR,Raining
TXN-3553,2026-02-24,19:34,Putrajaya,Milk-based,Latte,1,11.0,11.0,QR,Sunny
TXN-3603,2026-02-24,19:45,Puncak Alam,Espresso-based,Americano,1,9.0,9.0,QR,Raining
TXN-3594,2026-02-24,20:11,Putrajaya,Milk-based,Caramel Macchiato,2,13.0,26.0,Cash,Sunny
TXN-3598,2026-02-24,20:16,Putrajaya,Milk-based,Cappuccino,1,11.0,11.0,QR,Sunny
TXN-3599,2026-02-24,20:18,Puncak Alam,Milk-based,Mocha,1,12.0,12.0,QR,Raining
TXN-3568,2026-02-24,20:20,Putrajaya,Milk-based,Cappuccino,1,11.0,11.0,QR,Sunny
TXN-3579,2026-02-24,20:24,Putrajaya,Espresso-based,Espresso,3,7.0,21.0,Cash,Sunny
TXN-3641,2026-02-24,20:33,Puncak Alam,Espresso-based,Americano,1,9.0,9.0,Cash,Raining
TXN-3615,2026-02-24,20:34,Puncak Alam,Milk-based,Mocha,2,12.0,24.0,Cash,Raining
TXN-3624,2026-02-24,20:49,Puncak Alam,Ice Blended,Ice Blended Chocolate Chip,1,14.0,14.0,QR,Raining
TXN-3555,2026-02-24,21:00,Putrajaya,Ice Blended,Ice Blended Chocolate Chip,1,14.0,14.0,Cash,Sunny
TXN-3597,2026-02-24,21:04,Putrajaya,Milk-based,Mocha,1,12.0,12.0,QR,Sunny
TXN-3573,2026-02-24,21:19,Putrajaya,Milk-based,Latte,1,11.0,11.0,Cash,Sunny
TXN-3578,2026-02-24,21:24,Putrajaya,Espresso-based,Espresso,4,7.0,28.0,Cash,Sunny
TXN-3602,2026-02-24,21:29,Puncak Alam,Espresso-based,Americano,1,9.0,9.0,QR,Raining
TXN-3588,2026-02-24,21:41,Putrajaya,Milk-based,Caramel Macchiato,1,13.0,13.0,QR,Sunny
TXN-3590,2026-02-24,21:47,Putrajaya,Ice Blended,Ice Blended Chocolate Chip,1,14.0,14.0,Cash,Sunny
TXN-3628,2026-02-24,21:47,Puncak Alam,Milk-based,Mocha,1,12.0,12.0,Cash,Raining
TXN-3634,2026-02-24,21:50,Puncak Alam,Espresso-based,Americano,1,9.0,9.0,QR,Raining
TXN-3761,2026-02-25,08:02,Puncak Alam,Espresso-based,Americano,2,9.0,18.0,QR,Cloudy
TXN-3709,2026-02-25,08:23,Puncak Alam,Milk-based,Caramel Macchiato,1,13.0,13.0,Cash,Cloudy
TXN-3682,2026-02-25,08:27,Putrajaya,Espresso-based,Americano,2,9.0,18.0,QR,Raining
TXN-3693,2026-02-25,08:34,Puncak Alam,Milk-based,Latte,1,11.0,11.0,QR,Cloudy
TXN-3652,2026-02-25,08:36,Putrajaya,Espresso-based,Espresso,4,7.0,28.0,Cash,Raining
TXN-3674,2026-02-25,08:36,Putrajaya,Espresso-based,Espresso,1,7.0,7.0,Cash,Raining
TXN-3735,2026-02-25,08:38,Puncak Alam,Milk-based,Cappuccino,1,11.0,11.0,Cash,Cloudy
TXN-3719,2026-02-25,08:44,Puncak Alam,Milk-based,Cappuccino,3,11.0,33.0,QR,Cloudy
TXN-3724,2026-02-25,09:01,Puncak Alam,Milk-based,Latte,1,11.0,11.0,QR,Cloudy
TXN-3659,2026-02-25,09:03,Putrajaya,Milk-based,Cappuccino,2,11.0,22.0,Cash,Raining
TXN-3698,2026-02-25,09:03,Puncak Alam,Milk-based,Mocha,1,12.0,12.0,Cash,Cloudy
TXN-3695,2026-02-25,09:28,Puncak Alam,Espresso-based,Americano,1,9.0,9.0,Cash,Cloudy
TXN-3740,2026-02-25,09:31,Puncak Alam,Espresso-based,Espresso,1,7.0,7.0,Cash,Cloudy
TXN-3685,2026-02-25,09:34,Putrajaya,Milk-based,Caramel Macchiato,3,13.0,39.0,QR,Raining
TXN-3731,2026-02-25,09:34,Puncak Alam,Espresso-based,Espresso,3,7.0,21.0,QR,Cloudy
TXN-3739,2026-02-25,09:37,Puncak Alam,Espresso-based,Americano,1,9.0,9.0,QR,Cloudy
TXN-3665,2026-02-25,09:59,Putrajaya,Milk-based,Mocha,1,12.0,12.0,Cash,Raining
TXN-3702,2026-02-25,10:01,Puncak Alam,Milk-based,Latte,1,11.0,11.0,Cash,Cloudy
TXN-3748,2026-02-25,10:18,Puncak Alam,Milk-based,Mocha,1,12.0,12.0,Cash,Cloudy
TXN-3673,2026-02-25,10:22,Putrajaya,Milk-based,Cappuccino,1,11.0,11.0,Cash,Raining
TXN-3706,2026-02-25,10:43,Puncak Alam,Milk-based,Latte,1,11.0,11.0,Cash,Cloudy
TXN-3738,2026-02-25,10:45,Puncak Alam,Ice Blended,Ice Blended Chocolate Chip,2,14.0,28.0,QR,Cloudy
TXN-3657,2026-02-25,10:48,Putrajaya,Espresso-based,Espresso,1,7.0,7.0,Cash,Raining
TXN-3725,2026-02-25,10:54,Puncak Alam,Espresso-based,Americano,1,9.0,9.0,QR,Cloudy
TXN-3746,2026-02-25,11:01,Puncak Alam,Milk-based,Latte,1,11.0,11.0,QR,Cloudy
TXN-3689,2026-02-25,11:32,Putrajaya,Milk-based,Mocha,1,12.0,12.0,QR,Raining
TXN-3708,2026-02-25,11:44,Puncak Alam,Milk-based,Latte,1,11.0,11.0,QR,Cloudy
TXN-3722,2026-02-25,11:48,Puncak Alam,Espresso-based,Americano,1,9.0,9.0,QR,Cloudy
TXN-3723,2026-02-25,11:50,Puncak Alam,Espresso-based,Americano,2,9.0,18.0,QR,Cloudy
TXN-3734,2026-02-25,11:52,Puncak Alam,Milk-based,Caramel Macchiato,1,13.0,13.0,Cash,Cloudy
TXN-3736,2026-02-25,11:56,Puncak Alam,Milk-based,Latte,1,11.0,11.0,Cash,Cloudy
TXN-3737,2026-02-25,12:07,Puncak Alam,Milk-based,Mocha,1,12.0,12.0,QR,Cloudy
TXN-3715,2026-02-25,12:09,Puncak Alam,Milk-based,Mocha,4,12.0,48.0,QR,Cloudy
TXN-3711,2026-02-25,12:16,Puncak Alam,Espresso-based,Espresso,1,7.0,7.0,QR,Cloudy
TXN-3663,2026-02-25,12:38,Putrajaya,Ice Blended,Ice Blended Chocolate Chip,1,14.0,14.0,QR,Raining
TXN-3656,2026-02-25,12:49,Putrajaya,Milk-based,Cappuccino,2,11.0,22.0,QR,Raining
TXN-3676,2026-02-25,13:06,Putrajaya,Milk-based,Latte,1,11.0,11.0,QR,Raining
TXN-3742,2026-02-25,13:06,Puncak Alam,Espresso-based,Americano,2,9.0,18.0,Cash,Cloudy
TXN-3753,2026-02-25,13:09,Puncak Alam,Espresso-based,Espresso,1,7.0,7.0,QR,Cloudy
TXN-3712,2026-02-25,13:13,Puncak Alam,Ice Blended,Ice Blended Chocolate Chip,1,14.0,14.0,QR,Cloudy
TXN-3681,2026-02-25,13:21,Putrajaya,Milk-based,Mocha,2,12.0,24.0,Cash,Raining
TXN-3668,2026-02-25,13:29,Putrajaya,Espresso-based,Espresso,2,7.0,14.0,QR,Raining
TXN-3764,2026-02-25,13:39,Puncak Alam,Espresso-based,Espresso,2,7.0,14.0,QR,Cloudy
TXN-3758,2026-02-25,13:45,Puncak Alam,Ice Blended,Ice Blended Chocolate Chip,1,14.0,14.0,Cash,Cloudy
TXN-3710,2026-02-25,14:19,Puncak Alam,Milk-based,Cappuccino,1,11.0,11.0,QR,Cloudy
TXN-3762,2026-02-25,14:19,Puncak Alam,Milk-based,Latte,1,11.0,11.0,QR,Cloudy
TXN-3704,2026-02-25,14:21,Puncak Alam,Espresso-based,Americano,1,9.0,9.0,Cash,Cloudy
TXN-3716,2026-02-25,14:24,Puncak Alam,Espresso-based,Espresso,1,7.0,7.0,QR,Cloudy
TXN-3680,2026-02-25,14:40,Putrajaya,Espresso-based,Americano,1,9.0,9.0,QR,Raining
TXN-3667,2026-02-25,14:47,Putrajaya,Milk-based,Mocha,1,12.0,12.0,QR,Raining
TXN-3687,2026-02-25,14:49,Putrajaya,Milk-based,Latte,1,11.0,11.0,QR,Raining
TXN-3645,2026-02-25,14:53,Putrajaya,Ice Blended,Ice Blended Chocolate Chip,1,14.0,14.0,QR,Raining
TXN-3646,2026-02-25,14:55,Putrajaya,Ice Blended,Ice Blended Chocolate Chip,1,14.0,14.0,QR,Raining
TXN-3713,2026-02-25,15:01,Puncak Alam,Milk-based,Latte,1,11.0,11.0,QR,Cloudy
TXN-3694,2026-02-25,15:05,Puncak Alam,Milk-based,Latte,1,11.0,11.0,QR,Cloudy
TXN-3732,2026-02-25,15:05,Puncak Alam,Milk-based,Latte,2,11.0,22.0,Cash,Cloudy
TXN-3654,2026-02-25,15:06,Putrajaya,Milk-based,Cappuccino,1,11.0,11.0,QR,Raining
TXN-3751,2026-02-25,15:46,Puncak Alam,Milk-based,Cappuccino,1,11.0,11.0,Cash,Cloudy
TXN-3756,2026-02-25,15:51,Puncak Alam,Milk-based,Caramel Macchiato,2,13.0,26.0,QR,Cloudy
TXN-3733,2026-02-25,16:10,Puncak Alam,Milk-based,Latte,1,11.0,11.0,QR,Cloudy
TXN-3721,2026-02-25,16:12,Puncak Alam,Milk-based,Latte,2,11.0,22.0,Cash,Cloudy
TXN-3670,2026-02-25,16:19,Putrajaya,Espresso-based,Americano,1,9.0,9.0,QR,Raining
TXN-3703,2026-02-25,16:19,Puncak Alam,Milk-based,Cappuccino,1,11.0,11.0,QR,Cloudy
TXN-3744,2026-02-25,16:19,Puncak Alam,Ice Blended,Ice Blended Chocolate Chip,1,14.0,14.0,QR,Cloudy
TXN-3675,2026-02-25,16:20,Putrajaya,Ice Blended,Ice Blended Chocolate Chip,1,14.0,14.0,Cash,Raining
TXN-3679,2026-02-25,16:20,Putrajaya,Espresso-based,Espresso,1,7.0,7.0,QR,Raining
TXN-3699,2026-02-25,16:23,Puncak Alam,Milk-based,Cappuccino,1,11.0,11.0,Cash,Cloudy
TXN-3757,2026-02-25,16:30,Puncak Alam,Ice Blended,Ice Blended Chocolate Chip,1,14.0,14.0,Cash,Cloudy
TXN-3743,2026-02-25,16:38,Puncak Alam,Espresso-based,Espresso,1,7.0,7.0,Cash,Cloudy
TXN-3690,2026-02-25,16:42,Puncak Alam,Espresso-based,Americano,1,9.0,9.0,QR,Cloudy
TXN-3697,2026-02-25,16:45,Puncak Alam,Espresso-based,Americano,1,9.0,9.0,Cash,Cloudy
TXN-3651,2026-02-25,16:50,Putrajaya,Ice Blended,Ice Blended Chocolate Chip,2,14.0,28.0,Cash,Raining
TXN-3752,2026-02-25,16:51,Puncak Alam,Espresso-based,Americano,2,9.0,18.0,QR,Cloudy
TXN-3714,2026-02-25,17:07,Puncak Alam,Milk-based,Cappuccino,1,11.0,11.0,QR,Cloudy
TXN-3755,2026-02-25,17:14,Puncak Alam,Milk-based,Mocha,1,12.0,12.0,Cash,Cloudy
TXN-3696,2026-02-25,17:15,Puncak Alam,Espresso-based,Espresso,1,7.0,7.0,QR,Cloudy
TXN-3750,2026-02-25,17:21,Puncak Alam,Milk-based,Latte,1,11.0,11.0,Cash,Cloudy
TXN-3729,2026-02-25,17:23,Puncak Alam,Espresso-based,Espresso,1,7.0,7.0,QR,Cloudy
TXN-3686,2026-02-25,17:25,Putrajaya,Espresso-based,Espresso,1,7.0,7.0,Cash,Raining
TXN-3669,2026-02-25,17:28,Putrajaya,Milk-based,Mocha,2,12.0,24.0,QR,Raining
TXN-3684,2026-02-25,17:33,Putrajaya,Milk-based,Caramel Macchiato,3,13.0,39.0,QR,Raining
TXN-3745,2026-02-25,17:38,Puncak Alam,Espresso-based,Espresso,1,7.0,7.0,QR,Cloudy
TXN-3728,2026-02-25,17:39,Puncak Alam,Milk-based,Caramel Macchiato,1,13.0,13.0,QR,Cloudy
TXN-3672,2026-02-25,17:53,Putrajaya,Milk-based,Latte,1,11.0,11.0,QR,Raining
TXN-3701,2026-02-25,17:54,Puncak Alam,Milk-based,Caramel Macchiato,2,13.0,26.0,Cash,Cloudy
TXN-3643,2026-02-25,17:57,Putrajaya,Milk-based,Mocha,1,12.0,12.0,Cash,Raining
TXN-3726,2026-02-25,17:57,Puncak Alam,Espresso-based,Espresso,1,7.0,7.0,QR,Cloudy
TXN-3705,2026-02-25,17:59,Puncak Alam,Milk-based,Mocha,1,12.0,12.0,QR,Cloudy
TXN-3650,2026-02-25,18:04,Putrajaya,Espresso-based,Espresso,1,7.0,7.0,Cash,Raining
TXN-3666,2026-02-25,18:11,Putrajaya,Milk-based,Mocha,1,12.0,12.0,QR,Raining
TXN-3677,2026-02-25,18:13,Putrajaya,Milk-based,Mocha,1,12.0,12.0,Cash,Raining
TXN-3730,2026-02-25,18:20,Puncak Alam,Milk-based,Mocha,1,12.0,12.0,Cash,Cloudy
TXN-3644,2026-02-25,18:37,Putrajaya,Milk-based,Latte,1,11.0,11.0,Cash,Raining
TXN-3647,2026-02-25,18:57,Putrajaya,Espresso-based,Espresso,1,7.0,7.0,Cash,Raining
TXN-3692,2026-02-25,19:20,Puncak Alam,Espresso-based,Americano,1,9.0,9.0,Cash,Cloudy
TXN-3660,2026-02-25,19:26,Putrajaya,Milk-based,Mocha,3,12.0,36.0,Cash,Raining
TXN-3688,2026-02-25,19:26,Putrajaya,Ice Blended,Ice Blended Chocolate Chip,1,14.0,14.0,QR,Raining
TXN-3717,2026-02-25,19:27,Puncak Alam,Espresso-based,Americano,2,9.0,18.0,QR,Cloudy
TXN-3683,2026-02-25,19:31,Putrajaya,Milk-based,Latte,2,11.0,22.0,QR,Raining
TXN-3763,2026-02-25,19:31,Puncak Alam,Milk-based,Mocha,1,12.0,12.0,Cash,Cloudy
TXN-3664,2026-02-25,19:43,Putrajaya,Ice Blended,Ice Blended Chocolate Chip,1,14.0,14.0,QR,Raining
TXN-3720,2026-02-25,19:43,Puncak Alam,Milk-based,Latte,1,11.0,11.0,Cash,Cloudy
TXN-3649,2026-02-25,19:44,Putrajaya,Espresso-based,Americano,1,9.0,9.0,QR,Raining
TXN-3678,2026-02-25,19:45,Putrajaya,Milk-based,Caramel Macchiato,2,13.0,26.0,Cash,Raining
TXN-3658,2026-02-25,19:52,Putrajaya,Milk-based,Cappuccino,1,11.0,11.0,QR,Raining
TXN-3653,2026-02-25,19:58,Putrajaya,Milk-based,Caramel Macchiato,2,13.0,26.0,QR,Raining
TXN-3718,2026-02-25,20:07,Puncak Alam,Milk-based,Cappuccino,1,11.0,11.0,Cash,Cloudy
TXN-3741,2026-02-25,20:13,Puncak Alam,Espresso-based,Americano,1,9.0,9.0,QR,Cloudy
TXN-3648,2026-02-25,20:17,Putrajaya,Milk-based,Caramel Macchiato,1,13.0,13.0,QR,Raining
TXN-3655,2026-02-25,20:19,Putrajaya,Ice Blended,Ice Blended Chocolate Chip,2,14.0,28.0,Cash,Raining
TXN-3691,2026-02-25,20:24,Puncak Alam,Ice Blended,Ice Blended Chocolate Chip,1,14.0,14.0,QR,Cloudy
TXN-3747,2026-02-25,20:33,Puncak Alam,Espresso-based,Espresso,1,7.0,7.0,QR,Cloudy
TXN-3759,2026-02-25,20:35,Puncak Alam,Espresso-based,Espresso,1,7.0,7.0,QR,Cloudy
TXN-3749,2026-02-25,20:50,Puncak Alam,Milk-based,Cappuccino,1,11.0,11.0,Cash,Cloudy
TXN-3700,2026-02-25,20:55,Puncak Alam,Espresso-based,Americano,1,9.0,9.0,QR,Cloudy
TXN-3754,2026-02-25,21:02,Puncak Alam,Milk-based,Cappuccino,1,11.0,11.0,QR,Cloudy
TXN-3661,2026-02-25,21:04,Putrajaya,Milk-based,Caramel Macchiato,1,13.0,13.0,Cash,Raining
TXN-3760,2026-02-25,21:22,Puncak Alam,Milk-based,Cappuccino,1,11.0,11.0,QR,Cloudy
TXN-3727,2026-02-25,21:30,Puncak Alam,Milk-based,Latte,1,11.0,11.0,Cash,Cloudy
TXN-3707,2026-02-25,21:33,Puncak Alam,Milk-based,Cappuccino,2,11.0,22.0,QR,Cloudy
TXN-3662,2026-02-25,21:46,Putrajaya,Espresso-based,Espresso,2,7.0,14.0,QR,Raining
TXN-3671,2026-02-25,21:48,Putrajaya,Milk-based,Cappuccino,1,11.0,11.0,QR,Raining
TXN-3829,2026-02-26,08:06,Putrajaya,Espresso-based,Americano,2,9.0,18.0,QR,Sunny
TXN-3768,2026-02-26,08:07,Putrajaya,Espresso-based,Espresso,2,7.0,14.0,Cash,Sunny
TXN-3879,2026-02-26,08:17,Puncak Alam,Milk-based,Caramel Macchiato,1,13.0,13.0,Cash,Sunny
TXN-3866,2026-02-26,08:18,Puncak Alam,Milk-based,Caramel Macchiato,1,13.0,13.0,QR,Sunny
TXN-3815,2026-02-26,08:19,Putrajaya,Milk-based,Caramel Macchiato,1,13.0,13.0,Cash,Sunny
TXN-3827,2026-02-26,08:23,Putrajaya,Milk-based,Latte,4,11.0,44.0,QR,Sunny
TXN-3799,2026-02-26,08:30,Putrajaya,Milk-based,Mocha,2,12.0,24.0,QR,Sunny
TXN-3785,2026-02-26,08:33,Putrajaya,Milk-based,Cappuccino,2,11.0,22.0,Cash,Sunny
TXN-3864,2026-02-26,08:37,Puncak Alam,Milk-based,Mocha,1,12.0,12.0,QR,Sunny
TXN-3853,2026-02-26,08:46,Puncak Alam,Milk-based,Latte,1,11.0,11.0,QR,Sunny
TXN-3850,2026-02-26,08:47,Puncak Alam,Ice Blended,Ice Blended Chocolate Chip,1,14.0,14.0,QR,Sunny
TXN-3816,2026-02-26,08:48,Putrajaya,Milk-based,Latte,3,11.0,33.0,Cash,Sunny
TXN-3769,2026-02-26,08:49,Putrajaya,Espresso-based,Espresso,1,7.0,7.0,QR,Sunny
TXN-3859,2026-02-26,09:01,Puncak Alam,Milk-based,Mocha,1,12.0,12.0,QR,Sunny
TXN-3800,2026-02-26,09:08,Putrajaya,Espresso-based,Americano,1,9.0,9.0,QR,Sunny
TXN-3883,2026-02-26,09:15,Puncak Alam,Espresso-based,Americano,1,9.0,9.0,QR,Sunny
TXN-3811,2026-02-26,09:19,Putrajaya,Milk-based,Cappuccino,1,11.0,11.0,QR,Sunny
TXN-3774,2026-02-26,09:20,Putrajaya,Milk-based,Mocha,3,12.0,36.0,QR,Sunny
TXN-3789,2026-02-26,09:32,Putrajaya,Milk-based,Cappuccino,2,11.0,22.0,QR,Sunny
TXN-3775,2026-02-26,09:33,Putrajaya,Milk-based,Latte,1,11.0,11.0,QR,Sunny
TXN-3851,2026-02-26,09:34,Puncak Alam,Milk-based,Latte,2,11.0,22.0,Cash,Sunny
TXN-3828,2026-02-26,10:09,Putrajaya,Milk-based,Mocha,2,12.0,24.0,QR,Sunny
TXN-3801,2026-02-26,10:23,Putrajaya,Milk-based,Latte,1,11.0,11.0,QR,Sunny
TXN-3796,2026-02-26,10:29,Putrajaya,Espresso-based,Americano,1,9.0,9.0,QR,Sunny
TXN-3781,2026-02-26,10:35,Putrajaya,Ice Blended,Ice Blended Chocolate Chip,1,14.0,14.0,QR,Sunny
TXN-3868,2026-02-26,10:37,Puncak Alam,Milk-based,Mocha,1,12.0,12.0,QR,Sunny
TXN-3821,2026-02-26,10:41,Putrajaya,Espresso-based,Americano,1,9.0,9.0,QR,Sunny
TXN-3810,2026-02-26,10:45,Putrajaya,Milk-based,Latte,4,11.0,44.0,Cash,Sunny
TXN-3803,2026-02-26,10:53,Putrajaya,Espresso-based,Americano,3,9.0,27.0,QR,Sunny
TXN-3825,2026-02-26,11:11,Putrajaya,Espresso-based,Americano,1,9.0,9.0,QR,Sunny
TXN-3874,2026-02-26,11:15,Puncak Alam,Milk-based,Mocha,1,12.0,12.0,Cash,Sunny
TXN-3838,2026-02-26,11:16,Puncak Alam,Milk-based,Latte,2,11.0,22.0,QR,Sunny
TXN-3865,2026-02-26,11:24,Puncak Alam,Milk-based,Mocha,1,12.0,12.0,Cash,Sunny
TXN-3772,2026-02-26,11:41,Putrajaya,Milk-based,Caramel Macchiato,1,13.0,13.0,QR,Sunny
TXN-3792,2026-02-26,11:49,Putrajaya,Ice Blended,Ice Blended Chocolate Chip,1,14.0,14.0,QR,Sunny
TXN-3773,2026-02-26,12:04,Putrajaya,Milk-based,Caramel Macchiato,1,13.0,13.0,QR,Sunny
TXN-3805,2026-02-26,12:07,Putrajaya,Espresso-based,Espresso,1,7.0,7.0,Cash,Sunny
TXN-3885,2026-02-26,12:07,Puncak Alam,Milk-based,Cappuccino,1,11.0,11.0,QR,Sunny
TXN-3839,2026-02-26,12:08,Puncak Alam,Milk-based,Mocha,1,12.0,12.0,QR,Sunny
TXN-3837,2026-02-26,12:15,Puncak Alam,Milk-based,Caramel Macchiato,1,13.0,13.0,QR,Sunny
TXN-3822,2026-02-26,12:23,Putrajaya,Ice Blended,Ice Blended Chocolate Chip,1,14.0,14.0,QR,Sunny
TXN-3783,2026-02-26,12:29,Putrajaya,Milk-based,Caramel Macchiato,1,13.0,13.0,QR,Sunny
TXN-3884,2026-02-26,12:43,Puncak Alam,Milk-based,Mocha,2,12.0,24.0,QR,Sunny
TXN-3873,2026-02-26,12:46,Puncak Alam,Ice Blended,Ice Blended Chocolate Chip,2,14.0,28.0,QR,Sunny
TXN-3780,2026-02-26,12:50,Putrajaya,Espresso-based,Americano,2,9.0,18.0,QR,Sunny
TXN-3854,2026-02-26,13:09,Puncak Alam,Ice Blended,Ice Blended Chocolate Chip,1,14.0,14.0,Cash,Sunny
TXN-3765,2026-02-26,13:16,Putrajaya,Milk-based,Caramel Macchiato,2,13.0,26.0,Cash,Sunny
TXN-3782,2026-02-26,13:24,Putrajaya,Milk-based,Latte,3,11.0,33.0,Cash,Sunny
TXN-3806,2026-02-26,13:28,Putrajaya,Milk-based,Mocha,1,12.0,12.0,QR,Sunny
TXN-3791,2026-02-26,13:34,Putrajaya,Ice Blended,Ice Blended Chocolate Chip,1,14.0,14.0,QR,Sunny
TXN-3849,2026-02-26,13:46,Puncak Alam,Espresso-based,Espresso,1,7.0,7.0,Cash,Sunny
TXN-3787,2026-02-26,14:04,Putrajaya,Milk-based,Latte,1,11.0,11.0,QR,Sunny
TXN-3790,2026-02-26,14:11,Putrajaya,Milk-based,Cappuccino,1,11.0,11.0,QR,Sunny
TXN-3794,2026-02-26,14:16,Putrajaya,Milk-based,Cappuccino,1,11.0,11.0,QR,Sunny
TXN-3808,2026-02-26,14:17,Putrajaya,Espresso-based,Espresso,1,7.0,7.0,QR,Sunny
TXN-3824,2026-02-26,14:23,Putrajaya,Espresso-based,Espresso,1,7.0,7.0,Cash,Sunny
TXN-3823,2026-02-26,14:30,Putrajaya,Milk-based,Caramel Macchiato,2,13.0,26.0,Cash,Sunny
TXN-3848,2026-02-26,14:35,Puncak Alam,Espresso-based,Espresso,1,7.0,7.0,Cash,Sunny
TXN-3786,2026-02-26,14:41,Putrajaya,Milk-based,Latte,2,11.0,22.0,Cash,Sunny
TXN-3857,2026-02-26,14:42,Puncak Alam,Espresso-based,Americano,1,9.0,9.0,QR,Sunny
TXN-3872,2026-02-26,14:47,Puncak Alam,Milk-based,Cappuccino,1,11.0,11.0,Cash,Sunny
TXN-3804,2026-02-26,15:00,Putrajaya,Milk-based,Caramel Macchiato,1,13.0,13.0,QR,Sunny
TXN-3844,2026-02-26,15:02,Puncak Alam,Ice Blended,Ice Blended Chocolate Chip,1,14.0,14.0,QR,Sunny
TXN-3871,2026-02-26,15:02,Puncak Alam,Espresso-based,Americano,1,9.0,9.0,QR,Sunny
TXN-3878,2026-02-26,15:14,Puncak Alam,Milk-based,Caramel Macchiato,1,13.0,13.0,QR,Sunny
TXN-3882,2026-02-26,15:28,Puncak Alam,Milk-based,Latte,1,11.0,11.0,QR,Sunny
TXN-3870,2026-02-26,15:50,Puncak Alam,Ice Blended,Ice Blended Chocolate Chip,1,14.0,14.0,Cash,Sunny
TXN-3856,2026-02-26,15:54,Puncak Alam,Milk-based,Cappuccino,2,11.0,22.0,QR,Sunny
TXN-3830,2026-02-26,16:02,Putrajaya,Milk-based,Cappuccino,1,11.0,11.0,QR,Sunny
TXN-3776,2026-02-26,16:04,Putrajaya,Milk-based,Latte,2,11.0,22.0,QR,Sunny
TXN-3812,2026-02-26,16:10,Putrajaya,Milk-based,Caramel Macchiato,1,13.0,13.0,Cash,Sunny
TXN-3779,2026-02-26,16:17,Putrajaya,Milk-based,Caramel Macchiato,1,13.0,13.0,QR,Sunny
TXN-3771,2026-02-26,16:19,Putrajaya,Espresso-based,Americano,3,9.0,27.0,Cash,Sunny
TXN-3880,2026-02-26,16:24,Puncak Alam,Ice Blended,Ice Blended Chocolate Chip,2,14.0,28.0,QR,Sunny
TXN-3813,2026-02-26,16:33,Putrajaya,Milk-based,Caramel Macchiato,3,13.0,39.0,QR,Sunny
TXN-3875,2026-02-26,16:34,Puncak Alam,Milk-based,Cappuccino,1,11.0,11.0,QR,Sunny
TXN-3876,2026-02-26,16:43,Puncak Alam,Ice Blended,Ice Blended Chocolate Chip,1,14.0,14.0,Cash,Sunny
TXN-3881,2026-02-26,16:53,Puncak Alam,Milk-based,Cappuccino,1,11.0,11.0,QR,Sunny
TXN-3846,2026-02-26,16:55,Puncak Alam,Milk-based,Caramel Macchiato,2,13.0,26.0,QR,Sunny
TXN-3777,2026-02-26,17:00,Putrajaya,Espresso-based,Espresso,1,7.0,7.0,Cash,Sunny
TXN-3784,2026-02-26,17:00,Putrajaya,Espresso-based,Americano,1,9.0,9.0,Cash,Sunny
TXN-3847,2026-02-26,17:01,Puncak Alam,Milk-based,Caramel Macchiato,3,13.0,39.0,QR,Sunny
TXN-3842,2026-02-26,17:03,Puncak Alam,Milk-based,Latte,2,11.0,22.0,Cash,Sunny
TXN-3855,2026-02-26,17:11,Puncak Alam,Milk-based,Caramel Macchiato,1,13.0,13.0,QR,Sunny
TXN-3819,2026-02-26,17:28,Putrajaya,Milk-based,Latte,2,11.0,22.0,QR,Sunny
TXN-3832,2026-02-26,17:28,Puncak Alam,Ice Blended,Ice Blended Chocolate Chip,1,14.0,14.0,Cash,Sunny
TXN-3869,2026-02-26,17:28,Puncak Alam,Milk-based,Cappuccino,1,11.0,11.0,Cash,Sunny
TXN-3877,2026-02-26,17:45,Puncak Alam,Milk-based,Cappuccino,1,11.0,11.0,Cash,Sunny
TXN-3798,2026-02-26,17:51,Putrajaya,Milk-based,Latte,1,11.0,11.0,QR,Sunny
TXN-3766,2026-02-26,17:54,Putrajaya,Milk-based,Latte,1,11.0,11.0,QR,Sunny
TXN-3814,2026-02-26,18:04,Putrajaya,Ice Blended,Ice Blended Chocolate Chip,1,14.0,14.0,Cash,Sunny
TXN-3845,2026-02-26,18:15,Puncak Alam,Espresso-based,Espresso,3,7.0,21.0,QR,Sunny
TXN-3834,2026-02-26,18:29,Puncak Alam,Milk-based,Mocha,2,12.0,24.0,Cash,Sunny
TXN-3778,2026-02-26,18:34,Putrajaya,Milk-based,Cappuccino,1,11.0,11.0,QR,Sunny
TXN-3833,2026-02-26,18:39,Puncak Alam,Milk-based,Caramel Macchiato,1,13.0,13.0,QR,Sunny
TXN-3831,2026-02-26,18:46,Putrajaya,Ice Blended,Ice Blended Chocolate Chip,1,14.0,14.0,QR,Sunny
TXN-3807,2026-02-26,18:56,Putrajaya,Milk-based,Cappuccino,1,11.0,11.0,Cash,Sunny
TXN-3863,2026-02-26,18:56,Puncak Alam,Milk-based,Mocha,1,12.0,12.0,Cash,Sunny
TXN-3840,2026-02-26,18:57,Puncak Alam,Milk-based,Caramel Macchiato,2,13.0,26.0,QR,Sunny
TXN-3861,2026-02-26,19:02,Puncak Alam,Milk-based,Caramel Macchiato,4,13.0,52.0,QR,Sunny
TXN-3770,2026-02-26,19:07,Putrajaya,Milk-based,Caramel Macchiato,2,13.0,26.0,QR,Sunny
TXN-3795,2026-02-26,19:13,Putrajaya,Milk-based,Caramel Macchiato,1,13.0,13.0,QR,Sunny
TXN-3767,2026-02-26,19:21,Putrajaya,Espresso-based,Espresso,2,7.0,14.0,Cash,Sunny
TXN-3802,2026-02-26,19:31,Putrajaya,Espresso-based,Americano,1,9.0,9.0,QR,Sunny
TXN-3818,2026-02-26,19:31,Putrajaya,Milk-based,Mocha,1,12.0,12.0,QR,Sunny
TXN-3835,2026-02-26,19:35,Puncak Alam,Espresso-based,Espresso,1,7.0,7.0,QR,Sunny
TXN-3867,2026-02-26,19:42,Puncak Alam,Espresso-based,Espresso,1,7.0,7.0,Cash,Sunny
TXN-3826,2026-02-26,19:43,Putrajaya,Milk-based,Latte,3,11.0,33.0,QR,Sunny
TXN-3852,2026-02-26,19:56,Puncak Alam,Milk-based,Cappuccino,1,11.0,11.0,QR,Sunny
TXN-3788,2026-02-26,20:04,Putrajaya,Ice Blended,Ice Blended Chocolate Chip,1,14.0,14.0,QR,Sunny
TXN-3836,2026-02-26,20:10,Puncak Alam,Espresso-based,Espresso,1,7.0,7.0,QR,Sunny
TXN-3793,2026-02-26,20:18,Putrajaya,Ice Blended,Ice Blended Chocolate Chip,1,14.0,14.0,QR,Sunny
TXN-3841,2026-02-26,20:22,Puncak Alam,Milk-based,Caramel Macchiato,1,13.0,13.0,QR,Sunny
TXN-3858,2026-02-26,20:43,Puncak Alam,Espresso-based,Americano,1,9.0,9.0,QR,Sunny
TXN-3817,2026-02-26,21:09,Putrajaya,Milk-based,Cappuccino,1,11.0,11.0,Cash,Sunny
TXN-3862,2026-02-26,21:15,Puncak Alam,Milk-based,Cappuccino,1,11.0,11.0,Cash,Sunny
TXN-3820,2026-02-26,21:16,Putrajaya,Ice Blended,Ice Blended Chocolate Chip,1,14.0,14.0,QR,Sunny
TXN-3860,2026-02-26,21:26,Puncak Alam,Milk-based,Mocha,2,12.0,24.0,QR,Sunny
TXN-3843,2026-02-26,21:27,Puncak Alam,Milk-based,Latte,2,11.0,22.0,QR,Sunny
TXN-3797,2026-02-26,21:31,Putrajaya,Milk-based,Caramel Macchiato,4,13.0,52.0,Cash,Sunny
TXN-3809,2026-02-26,21:35,Putrajaya,Milk-based,Cappuccino,1,11.0,11.0,QR,Sunny
TXN-3911,2026-02-27,08:01,Putrajaya,Milk-based,Caramel Macchiato,2,13.0,26.0,QR,Cloudy
TXN-4017,2026-02-27,08:16,Puncak Alam,Milk-based,Caramel Macchiato,2,13.0,26.0,QR,Sunny
TXN-3898,2026-02-27,08:17,Putrajaya,Milk-based,Latte,1,11.0,11.0,Cash,Cloudy
TXN-3957,2026-02-27,08:20,Putrajaya,Ice Blended,Ice Blended Chocolate Chip,2,14.0,28.0,QR,Cloudy
TXN-3989,2026-02-27,08:20,Puncak Alam,Milk-based,Latte,2,11.0,22.0,Cash,Sunny
TXN-3951,2026-02-27,08:22,Putrajaya,Milk-based,Caramel Macchiato,1,13.0,13.0,QR,Cloudy
TXN-3946,2026-02-27,08:30,Putrajaya,Ice Blended,Ice Blended Chocolate Chip,2,14.0,28.0,Cash,Cloudy
TXN-3940,2026-02-27,08:31,Putrajaya,Espresso-based,Americano,1,9.0,9.0,QR,Cloudy
TXN-4011,2026-02-27,08:32,Puncak Alam,Milk-based,Mocha,1,12.0,12.0,Cash,Sunny
TXN-4002,2026-02-27,08:38,Puncak Alam,Espresso-based,Espresso,2,7.0,14.0,Cash,Sunny
TXN-3933,2026-02-27,08:53,Putrajaya,Milk-based,Latte,1,11.0,11.0,Cash,Cloudy
TXN-3945,2026-02-27,09:05,Putrajaya,Espresso-based,Americano,1,9.0,9.0,QR,Cloudy
TXN-3973,2026-02-27,09:12,Puncak Alam,Ice Blended,Ice Blended Chocolate Chip,1,14.0,14.0,Cash,Sunny
TXN-3913,2026-02-27,09:19,Putrajaya,Ice Blended,Ice Blended Chocolate Chip,1,14.0,14.0,Cash,Cloudy
TXN-4004,2026-02-27,09:25,Puncak Alam,Milk-based,Cappuccino,2,11.0,22.0,Cash,Sunny
TXN-3965,2026-02-27,09:26,Puncak Alam,Espresso-based,Americano,1,9.0,9.0,Cash,Sunny
TXN-4006,2026-02-27,09:40,Puncak Alam,Espresso-based,Americano,1,9.0,9.0,QR,Sunny
TXN-3939,2026-02-27,09:41,Putrajaya,Espresso-based,Espresso,1,7.0,7.0,QR,Cloudy
TXN-3976,2026-02-27,09:42,Puncak Alam,Espresso-based,Espresso,1,7.0,7.0,Cash,Sunny
TXN-4019,2026-02-27,09:48,Puncak Alam,Ice Blended,Ice Blended Chocolate Chip,1,14.0,14.0,QR,Sunny
TXN-3892,2026-02-27,09:55,Putrajaya,Milk-based,Caramel Macchiato,1,13.0,13.0,QR,Cloudy
TXN-3891,2026-02-27,10:01,Putrajaya,Espresso-based,Americano,3,9.0,27.0,Cash,Cloudy
TXN-4021,2026-02-27,10:03,Puncak Alam,Milk-based,Latte,1,11.0,11.0,Cash,Sunny
TXN-3993,2026-02-27,10:13,Puncak Alam,Espresso-based,Americano,1,9.0,9.0,QR,Sunny
TXN-3962,2026-02-27,10:19,Putrajaya,Milk-based,Mocha,1,12.0,12.0,QR,Cloudy
TXN-3995,2026-02-27,10:28,Puncak Alam,Ice Blended,Ice Blended Chocolate Chip,1,14.0,14.0,QR,Sunny
TXN-3890,2026-02-27,10:38,Putrajaya,Milk-based,Caramel Macchiato,1,13.0,13.0,QR,Cloudy
TXN-3999,2026-02-27,10:39,Puncak Alam,Ice Blended,Ice Blended Chocolate Chip,1,14.0,14.0,QR,Sunny
TXN-3970,2026-02-27,10:41,Puncak Alam,Espresso-based,Espresso,1,7.0,7.0,QR,Sunny
TXN-3912,2026-02-27,10:54,Putrajaya,Espresso-based,Espresso,1,7.0,7.0,Cash,Cloudy
TXN-3930,2026-02-27,10:56,Putrajaya,Espresso-based,Espresso,1,7.0,7.0,QR,Cloudy
TXN-3924,2026-02-27,11:08,Putrajaya,Milk-based,Latte,1,11.0,11.0,Cash,Cloudy
TXN-3997,2026-02-27,11:15,Puncak Alam,Espresso-based,Americano,1,9.0,9.0,QR,Sunny
TXN-4014,2026-02-27,11:16,Puncak Alam,Milk-based,Latte,1,11.0,11.0,QR,Sunny
TXN-3985,2026-02-27,11:27,Puncak Alam,Espresso-based,Espresso,3,7.0,21.0,Cash,Sunny
TXN-4007,2026-02-27,11:31,Puncak Alam,Espresso-based,Americano,1,9.0,9.0,QR,Sunny
TXN-3905,2026-02-27,11:34,Putrajaya,Ice Blended,Ice Blended Chocolate Chip,1,14.0,14.0,QR,Cloudy
TXN-3988,2026-02-27,11:36,Puncak Alam,Ice Blended,Ice Blended Chocolate Chip,1,14.0,14.0,QR,Sunny
TXN-3932,2026-02-27,11:47,Putrajaya,Espresso-based,Espresso,1,7.0,7.0,Cash,Cloudy
TXN-3935,2026-02-27,11:55,Putrajaya,Espresso-based,Americano,2,9.0,18.0,QR,Cloudy
TXN-3954,2026-02-27,12:05,Putrajaya,Milk-based,Caramel Macchiato,3,13.0,39.0,QR,Cloudy
TXN-3907,2026-02-27,12:08,Putrajaya,Milk-based,Mocha,1,12.0,12.0,Cash,Cloudy
TXN-3966,2026-02-27,12:09,Puncak Alam,Milk-based,Caramel Macchiato,1,13.0,13.0,Cash,Sunny
TXN-3975,2026-02-27,12:19,Puncak Alam,Ice Blended,Ice Blended Chocolate Chip,1,14.0,14.0,QR,Sunny
TXN-3956,2026-02-27,12:20,Putrajaya,Espresso-based,Espresso,1,7.0,7.0,Cash,Cloudy
TXN-4020,2026-02-27,12:21,Puncak Alam,Milk-based,Caramel Macchiato,1,13.0,13.0,Cash,Sunny
TXN-4001,2026-02-27,12:27,Puncak Alam,Ice Blended,Ice Blended Chocolate Chip,2,14.0,28.0,QR,Sunny
TXN-4013,2026-02-27,12:30,Puncak Alam,Espresso-based,Americano,2,9.0,18.0,Cash,Sunny
TXN-4003,2026-02-27,12:43,Puncak Alam,Milk-based,Caramel Macchiato,1,13.0,13.0,Cash,Sunny
TXN-3928,2026-02-27,12:45,Putrajaya,Milk-based,Latte,2,11.0,22.0,Cash,Cloudy
TXN-3901,2026-02-27,12:46,Putrajaya,Ice Blended,Ice Blended Chocolate Chip,1,14.0,14.0,Cash,Cloudy
TXN-3958,2026-02-27,12:49,Putrajaya,Milk-based,Cappuccino,1,11.0,11.0,QR,Cloudy
TXN-3943,2026-02-27,13:09,Putrajaya,Espresso-based,Americano,1,9.0,9.0,Cash,Cloudy
TXN-3915,2026-02-27,13:13,Putrajaya,Milk-based,Caramel Macchiato,2,13.0,26.0,QR,Cloudy
TXN-3960,2026-02-27,13:15,Putrajaya,Espresso-based,Americano,3,9.0,27.0,Cash,Cloudy
TXN-3899,2026-02-27,13:30,Putrajaya,Espresso-based,Americano,2,9.0,18.0,QR,Cloudy
TXN-4022,2026-02-27,13:41,Puncak Alam,Milk-based,Caramel Macchiato,1,13.0,13.0,Cash,Sunny
TXN-3893,2026-02-27,13:44,Putrajaya,Espresso-based,Americano,1,9.0,9.0,QR,Cloudy
TXN-3931,2026-02-27,13:48,Putrajaya,Espresso-based,Espresso,1,7.0,7.0,QR,Cloudy
TXN-3929,2026-02-27,13:50,Putrajaya,Ice Blended,Ice Blended Chocolate Chip,1,14.0,14.0,Cash,Cloudy
TXN-3984,2026-02-27,13:52,Puncak Alam,Ice Blended,Ice Blended Chocolate Chip,1,14.0,14.0,QR,Sunny
TXN-3963,2026-02-27,14:00,Puncak Alam,Milk-based,Caramel Macchiato,3,13.0,39.0,QR,Sunny
TXN-3916,2026-02-27,14:08,Putrajaya,Milk-based,Mocha,1,12.0,12.0,QR,Cloudy
TXN-3934,2026-02-27,14:09,Putrajaya,Milk-based,Mocha,2,12.0,24.0,QR,Cloudy
TXN-3910,2026-02-27,14:12,Putrajaya,Espresso-based,Espresso,1,7.0,7.0,QR,Cloudy
TXN-3961,2026-02-27,14:12,Putrajaya,Milk-based,Cappuccino,2,11.0,22.0,QR,Cloudy
TXN-3888,2026-02-27,14:15,Putrajaya,Espresso-based,Americano,1,9.0,9.0,QR,Cloudy
TXN-3921,2026-02-27,14:21,Putrajaya,Milk-based,Mocha,2,12.0,24.0,QR,Cloudy
TXN-3981,2026-02-27,14:24,Puncak Alam,Milk-based,Cappuccino,1,11.0,11.0,QR,Sunny
TXN-3947,2026-02-27,14:28,Putrajaya,Espresso-based,Americano,1,9.0,9.0,Cash,Cloudy
TXN-4015,2026-02-27,14:38,Puncak Alam,Espresso-based,Americano,1,9.0,9.0,Cash,Sunny
TXN-4031,2026-02-27,14:42,Puncak Alam,Milk-based,Caramel Macchiato,1,13.0,13.0,Cash,Sunny
TXN-3903,2026-02-27,14:45,Putrajaya,Milk-based,Caramel Macchiato,1,13.0,13.0,Cash,Cloudy
TXN-3986,2026-02-27,14:51,Puncak Alam,Milk-based,Latte,1,11.0,11.0,Cash,Sunny
TXN-3968,2026-02-27,14:52,Puncak Alam,Ice Blended,Ice Blended Chocolate Chip,1,14.0,14.0,QR,Sunny
TXN-3897,2026-02-27,14:57,Putrajaya,Milk-based,Caramel Macchiato,2,13.0,26.0,QR,Cloudy
TXN-3964,2026-02-27,14:58,Puncak Alam,Milk-based,Latte,2,11.0,22.0,Cash,Sunny
TXN-4005,2026-02-27,15:07,Puncak Alam,Milk-based,Latte,1,11.0,11.0,Cash,Sunny
TXN-3982,2026-02-27,15:20,Puncak Alam,Milk-based,Mocha,1,12.0,12.0,QR,Sunny
TXN-3953,2026-02-27,15:23,Putrajaya,Espresso-based,Americano,1,9.0,9.0,QR,Cloudy
TXN-3971,2026-02-27,15:27,Puncak Alam,Milk-based,Latte,1,11.0,11.0,QR,Sunny
TXN-3987,2026-02-27,15:35,Puncak Alam,Espresso-based,Espresso,2,7.0,14.0,QR,Sunny
TXN-3909,2026-02-27,15:55,Putrajaya,Milk-based,Caramel Macchiato,1,13.0,13.0,QR,Cloudy
TXN-3990,2026-02-27,15:55,Puncak Alam,Ice Blended,Ice Blended Chocolate Chip,1,14.0,14.0,QR,Sunny
TXN-3920,2026-02-27,15:58,Putrajaya,Milk-based,Mocha,2,12.0,24.0,QR,Cloudy
TXN-4008,2026-02-27,16:01,Puncak Alam,Espresso-based,Americano,1,9.0,9.0,QR,Sunny
TXN-3902,2026-02-27,16:03,Putrajaya,Milk-based,Latte,2,11.0,22.0,QR,Cloudy
TXN-3948,2026-02-27,16:30,Putrajaya,Milk-based,Cappuccino,1,11.0,11.0,QR,Cloudy
TXN-3944,2026-02-27,16:31,Putrajaya,Espresso-based,Espresso,1,7.0,7.0,QR,Cloudy
TXN-3983,2026-02-27,16:48,Puncak Alam,Milk-based,Latte,1,11.0,11.0,QR,Sunny
TXN-4018,2026-02-27,16:53,Puncak Alam,Ice Blended,Ice Blended Chocolate Chip,3,14.0,42.0,QR,Sunny
TXN-3922,2026-02-27,16:57,Putrajaya,Espresso-based,Espresso,1,7.0,7.0,Cash,Cloudy
TXN-4009,2026-02-27,17:06,Puncak Alam,Espresso-based,Americano,1,9.0,9.0,QR,Sunny
TXN-4027,2026-02-27,17:06,Puncak Alam,Milk-based,Latte,1,11.0,11.0,Cash,Sunny
TXN-3914,2026-02-27,17:08,Putrajaya,Espresso-based,Espresso,1,7.0,7.0,QR,Cloudy
TXN-3938,2026-02-27,17:09,Putrajaya,Espresso-based,Americano,2,9.0,18.0,QR,Cloudy
TXN-3949,2026-02-27,17:15,Putrajaya,Ice Blended,Ice Blended Chocolate Chip,2,14.0,28.0,QR,Cloudy
TXN-3941,2026-02-27,17:26,Putrajaya,Milk-based,Latte,1,11.0,11.0,QR,Cloudy
TXN-4000,2026-02-27,17:33,Puncak Alam,Ice Blended,Ice Blended Chocolate Chip,1,14.0,14.0,Cash,Sunny
TXN-3980,2026-02-27,17:41,Puncak Alam,Milk-based,Cappuccino,1,11.0,11.0,QR,Sunny
TXN-3972,2026-02-27,17:42,Puncak Alam,Espresso-based,Espresso,2,7.0,14.0,QR,Sunny
TXN-4012,2026-02-27,17:45,Puncak Alam,Milk-based,Caramel Macchiato,2,13.0,26.0,QR,Sunny
TXN-3900,2026-02-27,17:47,Putrajaya,Milk-based,Latte,1,11.0,11.0,QR,Cloudy
TXN-3937,2026-02-27,17:53,Putrajaya,Milk-based,Cappuccino,1,11.0,11.0,QR,Cloudy
TXN-3942,2026-02-27,17:56,Putrajaya,Milk-based,Caramel Macchiato,1,13.0,13.0,QR,Cloudy
TXN-3955,2026-02-27,17:57,Putrajaya,Milk-based,Mocha,1,12.0,12.0,QR,Cloudy
TXN-3908,2026-02-27,17:58,Putrajaya,Espresso-based,Americano,1,9.0,9.0,QR,Cloudy
TXN-3896,2026-02-27,17:59,Putrajaya,Milk-based,Latte,1,11.0,11.0,QR,Cloudy
TXN-4029,2026-02-27,18:13,Puncak Alam,Milk-based,Cappuccino,1,11.0,11.0,Cash,Sunny
TXN-4026,2026-02-27,18:15,Puncak Alam,Milk-based,Mocha,2,12.0,24.0,QR,Sunny
TXN-4030,2026-02-27,18:17,Puncak Alam,Ice Blended,Ice Blended Chocolate Chip,1,14.0,14.0,QR,Sunny
TXN-3967,2026-02-27,18:18,Puncak Alam,Milk-based,Latte,1,11.0,11.0,QR,Sunny
TXN-3950,2026-02-27,18:28,Putrajaya,Milk-based,Cappuccino,1,11.0,11.0,QR,Cloudy
TXN-3959,2026-02-27,18:32,Putrajaya,Milk-based,Latte,2,11.0,22.0,Cash,Cloudy
TXN-3904,2026-02-27,18:40,Putrajaya,Milk-based,Caramel Macchiato,1,13.0,13.0,QR,Cloudy
TXN-3978,2026-02-27,18:47,Puncak Alam,Ice Blended,Ice Blended Chocolate Chip,1,14.0,14.0,QR,Sunny
TXN-3998,2026-02-27,18:51,Puncak Alam,Espresso-based,Americano,1,9.0,9.0,QR,Sunny
TXN-3936,2026-02-27,18:56,Putrajaya,Milk-based,Cappuccino,2,11.0,22.0,Cash,Cloudy
TXN-3977,2026-02-27,19:10,Puncak Alam,Milk-based,Cappuccino,3,11.0,33.0,QR,Sunny
TXN-3889,2026-02-27,19:17,Putrajaya,Ice Blended,Ice Blended Chocolate Chip,1,14.0,14.0,Cash,Cloudy
TXN-3906,2026-02-27,19:17,Putrajaya,Espresso-based,Americano,1,9.0,9.0,Cash,Cloudy
TXN-3887,2026-02-27,19:18,Putrajaya,Milk-based,Latte,1,11.0,11.0,Cash,Cloudy
TXN-3969,2026-02-27,19:19,Puncak Alam,Milk-based,Caramel Macchiato,1,13.0,13.0,QR,Sunny
TXN-3979,2026-02-27,19:29,Puncak Alam,Milk-based,Caramel Macchiato,1,13.0,13.0,QR,Sunny
TXN-3923,2026-02-27,19:30,Putrajaya,Milk-based,Mocha,1,12.0,12.0,QR,Cloudy
TXN-3918,2026-02-27,20:04,Putrajaya,Milk-based,Mocha,2,12.0,24.0,QR,Cloudy
TXN-4028,2026-02-27,20:11,Puncak Alam,Milk-based,Caramel Macchiato,2,13.0,26.0,QR,Sunny
TXN-4016,2026-02-27,20:22,Puncak Alam,Milk-based,Caramel Macchiato,1,13.0,13.0,QR,Sunny
TXN-3919,2026-02-27,20:29,Putrajaya,Milk-based,Mocha,1,12.0,12.0,QR,Cloudy
TXN-3974,2026-02-27,20:33,Puncak Alam,Milk-based,Mocha,1,12.0,12.0,QR,Sunny
TXN-4024,2026-02-27,20:35,Puncak Alam,Milk-based,Latte,1,11.0,11.0,QR,Sunny
TXN-3991,2026-02-27,20:39,Puncak Alam,Milk-based,Latte,1,11.0,11.0,Cash,Sunny
TXN-4025,2026-02-27,20:39,Puncak Alam,Espresso-based,Americano,2,9.0,18.0,QR,Sunny
TXN-3927,2026-02-27,20:42,Putrajaya,Milk-based,Latte,1,11.0,11.0,QR,Cloudy
TXN-3886,2026-02-27,20:43,Putrajaya,Milk-based,Cappuccino,1,11.0,11.0,QR,Cloudy
TXN-4010,2026-02-27,20:46,Puncak Alam,Milk-based,Mocha,1,12.0,12.0,Cash,Sunny
TXN-3926,2026-02-27,20:52,Putrajaya,Milk-based,Mocha,1,12.0,12.0,Cash,Cloudy
TXN-4023,2026-02-27,21:11,Puncak Alam,Espresso-based,Americano,1,9.0,9.0,QR,Sunny
TXN-3917,2026-02-27,21:22,Putrajaya,Espresso-based,Espresso,1,7.0,7.0,Cash,Cloudy
TXN-3925,2026-02-27,21:28,Putrajaya,Milk-based,Latte,1,11.0,11.0,QR,Cloudy
TXN-3952,2026-02-27,21:30,Putrajaya,Espresso-based,Espresso,3,7.0,21.0,QR,Cloudy
TXN-3992,2026-02-27,21:32,Puncak Alam,Espresso-based,Americano,1,9.0,9.0,Cash,Sunny
TXN-3895,2026-02-27,21:46,Putrajaya,Espresso-based,Americano,1,9.0,9.0,QR,Cloudy
TXN-3994,2026-02-27,21:48,Puncak Alam,Espresso-based,Espresso,1,7.0,7.0,Cash,Sunny
TXN-3894,2026-02-27,21:50,Putrajaya,Espresso-based,Espresso,1,7.0,7.0,QR,Cloudy
TXN-3996,2026-02-27,21:57,Puncak Alam,Espresso-based,Espresso,1,7.0,7.0,Cash,Sunny
TXN-4040,2026-02-28,08:13,Putrajaya,Espresso-based,Espresso,1,7.0,7.0,QR,Sunny
TXN-4042,2026-02-28,08:37,Putrajaya,Milk-based,Mocha,1,12.0,12.0,QR,Sunny
TXN-4067,2026-02-28,08:46,Putrajaya,Ice Blended,Ice Blended Chocolate Chip,1,14.0,14.0,QR,Sunny
TXN-4087,2026-02-28,08:47,Puncak Alam,Milk-based,Caramel Macchiato,1,13.0,13.0,Cash,Sunny
TXN-4043,2026-02-28,08:51,Putrajaya,Milk-based,Caramel Macchiato,1,13.0,13.0,QR,Sunny
TXN-4137,2026-02-28,08:55,Puncak Alam,Ice Blended,Ice Blended Chocolate Chip,1,14.0,14.0,QR,Sunny
TXN-4077,2026-02-28,09:05,Putrajaya,Milk-based,Caramel Macchiato,1,13.0,13.0,QR,Sunny
TXN-4102,2026-02-28,09:14,Puncak Alam,Espresso-based,Espresso,1,7.0,7.0,QR,Sunny
TXN-4050,2026-02-28,09:20,Putrajaya,Ice Blended,Ice Blended Chocolate Chip,1,14.0,14.0,QR,Sunny
TXN-4049,2026-02-28,09:53,Putrajaya,Ice Blended,Ice Blended Chocolate Chip,1,14.0,14.0,QR,Sunny
TXN-4062,2026-02-28,09:54,Putrajaya,Milk-based,Cappuccino,2,11.0,22.0,QR,Sunny
TXN-4078,2026-02-28,10:14,Putrajaya,Ice Blended,Ice Blended Chocolate Chip,1,14.0,14.0,Cash,Sunny
TXN-4089,2026-02-28,10:22,Puncak Alam,Espresso-based,Espresso,1,7.0,7.0,QR,Sunny
TXN-4105,2026-02-28,10:24,Puncak Alam,Milk-based,Mocha,2,12.0,24.0,QR,Sunny
TXN-4101,2026-02-28,10:33,Puncak Alam,Milk-based,Cappuccino,1,11.0,11.0,Cash,Sunny
TXN-4044,2026-02-28,10:39,Putrajaya,Espresso-based,Americano,1,9.0,9.0,QR,Sunny
TXN-4133,2026-02-28,10:45,Puncak Alam,Ice Blended,Ice Blended Chocolate Chip,2,14.0,28.0,QR,Sunny
TXN-4124,2026-02-28,10:48,Puncak Alam,Milk-based,Latte,1,11.0,11.0,QR,Sunny
TXN-4100,2026-02-28,10:53,Puncak Alam,Milk-based,Mocha,1,12.0,12.0,QR,Sunny
TXN-4061,2026-02-28,11:04,Putrajaya,Espresso-based,Espresso,1,7.0,7.0,QR,Sunny
TXN-4069,2026-02-28,11:17,Putrajaya,Milk-based,Mocha,1,12.0,12.0,Cash,Sunny
TXN-4126,2026-02-28,11:20,Puncak Alam,Milk-based,Mocha,2,12.0,24.0,QR,Sunny
TXN-4085,2026-02-28,11:21,Puncak Alam,Milk-based,Cappuccino,1,11.0,11.0,Cash,Sunny
TXN-4104,2026-02-28,11:27,Puncak Alam,Espresso-based,Espresso,1,7.0,7.0,QR,Sunny
TXN-4094,2026-02-28,12:02,Puncak Alam,Milk-based,Latte,2,11.0,22.0,QR,Sunny
TXN-4084,2026-02-28,12:06,Putrajaya,Milk-based,Mocha,1,12.0,12.0,QR,Sunny
TXN-4088,2026-02-28,12:06,Puncak Alam,Milk-based,Caramel Macchiato,2,13.0,26.0,QR,Sunny
TXN-4071,2026-02-28,12:11,Putrajaya,Milk-based,Caramel Macchiato,1,13.0,13.0,QR,Sunny
TXN-4041,2026-02-28,12:22,Putrajaya,Milk-based,Latte,1,11.0,11.0,QR,Sunny
TXN-4072,2026-02-28,13:05,Putrajaya,Milk-based,Caramel Macchiato,1,13.0,13.0,QR,Sunny
TXN-4032,2026-02-28,13:11,Putrajaya,Milk-based,Cappuccino,2,11.0,22.0,Cash,Sunny
TXN-4112,2026-02-28,13:13,Puncak Alam,Milk-based,Cappuccino,1,11.0,11.0,QR,Sunny
TXN-4063,2026-02-28,13:27,Putrajaya,Milk-based,Mocha,3,12.0,36.0,QR,Sunny
TXN-4109,2026-02-28,13:29,Puncak Alam,Ice Blended,Ice Blended Chocolate Chip,2,14.0,28.0,QR,Sunny
TXN-4068,2026-02-28,13:34,Putrajaya,Milk-based,Mocha,1,12.0,12.0,QR,Sunny
TXN-4080,2026-02-28,13:34,Putrajaya,Milk-based,Caramel Macchiato,2,13.0,26.0,Cash,Sunny
TXN-4047,2026-02-28,13:40,Putrajaya,Espresso-based,Espresso,2,7.0,14.0,Cash,Sunny
TXN-4111,2026-02-28,13:49,Puncak Alam,Espresso-based,Americano,1,9.0,9.0,Cash,Sunny
TXN-4129,2026-02-28,13:51,Puncak Alam,Milk-based,Caramel Macchiato,1,13.0,13.0,QR,Sunny
TXN-4064,2026-02-28,13:54,Putrajaya,Milk-based,Mocha,1,12.0,12.0,Cash,Sunny
TXN-4114,2026-02-28,13:59,Puncak Alam,Milk-based,Cappuccino,2,11.0,22.0,QR,Sunny
TXN-4065,2026-02-28,14:02,Putrajaya,Milk-based,Latte,1,11.0,11.0,QR,Sunny
TXN-4059,2026-02-28,14:09,Putrajaya,Milk-based,Cappuccino,1,11.0,11.0,QR,Sunny
TXN-4079,2026-02-28,14:21,Putrajaya,Milk-based,Caramel Macchiato,1,13.0,13.0,QR,Sunny
TXN-4086,2026-02-28,14:21,Puncak Alam,Ice Blended,Ice Blended Chocolate Chip,1,14.0,14.0,Cash,Sunny
TXN-4119,2026-02-28,14:24,Puncak Alam,Milk-based,Latte,1,11.0,11.0,QR,Sunny
TXN-4083,2026-02-28,14:32,Putrajaya,Milk-based,Latte,1,11.0,11.0,QR,Sunny
TXN-4051,2026-02-28,14:39,Putrajaya,Milk-based,Latte,1,11.0,11.0,QR,Sunny
TXN-4134,2026-02-28,14:42,Puncak Alam,Espresso-based,Espresso,1,7.0,7.0,QR,Sunny
TXN-4060,2026-02-28,14:53,Putrajaya,Milk-based,Cappuccino,1,11.0,11.0,QR,Sunny
TXN-4082,2026-02-28,14:59,Putrajaya,Ice Blended,Ice Blended Chocolate Chip,1,14.0,14.0,QR,Sunny
TXN-4136,2026-02-28,15:04,Puncak Alam,Espresso-based,Espresso,1,7.0,7.0,Cash,Sunny
TXN-4120,2026-02-28,15:22,Puncak Alam,Milk-based,Latte,1,11.0,11.0,QR,Sunny
TXN-4093,2026-02-28,15:23,Puncak Alam,Milk-based,Caramel Macchiato,1,13.0,13.0,QR,Sunny
TXN-4095,2026-02-28,15:24,Puncak Alam,Ice Blended,Ice Blended Chocolate Chip,1,14.0,14.0,Cash,Sunny
TXN-4135,2026-02-28,15:48,Puncak Alam,Espresso-based,Americano,1,9.0,9.0,QR,Sunny
TXN-4081,2026-02-28,15:49,Putrajaya,Milk-based,Caramel Macchiato,1,13.0,13.0,QR,Sunny
TXN-4045,2026-02-28,15:51,Putrajaya,Milk-based,Caramel Macchiato,1,13.0,13.0,QR,Sunny
TXN-4123,2026-02-28,16:04,Puncak Alam,Milk-based,Latte,1,11.0,11.0,Cash,Sunny
TXN-4048,2026-02-28,16:20,Putrajaya,Ice Blended,Ice Blended Chocolate Chip,1,14.0,14.0,QR,Sunny
TXN-4052,2026-02-28,16:41,Putrajaya,Ice Blended,Ice Blended Chocolate Chip,2,14.0,28.0,QR,Sunny
TXN-4092,2026-02-28,16:42,Puncak Alam,Milk-based,Caramel Macchiato,1,13.0,13.0,Cash,Sunny
TXN-4038,2026-02-28,17:04,Putrajaya,Espresso-based,Americano,3,9.0,27.0,QR,Sunny
TXN-4046,2026-02-28,17:10,Putrajaya,Espresso-based,Espresso,1,7.0,7.0,QR,Sunny
TXN-4035,2026-02-28,17:12,Putrajaya,Espresso-based,Espresso,1,7.0,7.0,QR,Sunny
TXN-4036,2026-02-28,17:12,Putrajaya,Espresso-based,Americano,1,9.0,9.0,Cash,Sunny
TXN-4056,2026-02-28,17:24,Putrajaya,Ice Blended,Ice Blended Chocolate Chip,1,14.0,14.0,QR,Sunny
TXN-4074,2026-02-28,17:24,Putrajaya,Espresso-based,Espresso,3,7.0,21.0,Cash,Sunny
TXN-4130,2026-02-28,17:27,Puncak Alam,Espresso-based,Espresso,1,7.0,7.0,QR,Sunny
TXN-4106,2026-02-28,17:35,Puncak Alam,Ice Blended,Ice Blended Chocolate Chip,2,14.0,28.0,Cash,Sunny
TXN-4103,2026-02-28,17:38,Puncak Alam,Ice Blended,Ice Blended Chocolate Chip,2,14.0,28.0,QR,Sunny
TXN-4055,2026-02-28,17:44,Putrajaya,Milk-based,Latte,1,11.0,11.0,Cash,Sunny
TXN-4073,2026-02-28,17:59,Putrajaya,Milk-based,Caramel Macchiato,2,13.0,26.0,QR,Sunny
TXN-4108,2026-02-28,18:06,Puncak Alam,Milk-based,Mocha,2,12.0,24.0,QR,Sunny
TXN-4128,2026-02-28,18:09,Puncak Alam,Milk-based,Mocha,3,12.0,36.0,QR,Sunny
TXN-4076,2026-02-28,18:14,Putrajaya,Milk-based,Caramel Macchiato,1,13.0,13.0,Cash,Sunny
TXN-4121,2026-02-28,18:28,Puncak Alam,Ice Blended,Ice Blended Chocolate Chip,1,14.0,14.0,QR,Sunny
TXN-4053,2026-02-28,18:34,Putrajaya,Espresso-based,Americano,3,9.0,27.0,QR,Sunny
TXN-4054,2026-02-28,18:39,Putrajaya,Milk-based,Mocha,1,12.0,12.0,QR,Sunny
TXN-4034,2026-02-28,18:40,Putrajaya,Milk-based,Cappuccino,1,11.0,11.0,QR,Sunny
TXN-4091,2026-02-28,18:41,Puncak Alam,Milk-based,Cappuccino,1,11.0,11.0,Cash,Sunny
TXN-4117,2026-02-28,19:03,Puncak Alam,Espresso-based,Americano,1,9.0,9.0,QR,Sunny
TXN-4075,2026-02-28,19:10,Putrajaya,Milk-based,Caramel Macchiato,3,13.0,39.0,QR,Sunny
TXN-4098,2026-02-28,19:10,Puncak Alam,Espresso-based,Americano,1,9.0,9.0,QR,Sunny
TXN-4096,2026-02-28,19:13,Puncak Alam,Espresso-based,Americano,1,9.0,9.0,QR,Sunny
TXN-4097,2026-02-28,19:18,Puncak Alam,Milk-based,Caramel Macchiato,3,13.0,39.0,QR,Sunny
TXN-4118,2026-02-28,19:29,Puncak Alam,Milk-based,Mocha,3,12.0,36.0,QR,Sunny
TXN-4090,2026-02-28,19:31,Puncak Alam,Milk-based,Mocha,1,12.0,12.0,QR,Sunny
TXN-4066,2026-02-28,19:32,Putrajaya,Milk-based,Latte,3,11.0,33.0,QR,Sunny
TXN-4131,2026-02-28,19:38,Puncak Alam,Espresso-based,Americano,2,9.0,18.0,QR,Sunny
TXN-4033,2026-02-28,19:48,Putrajaya,Milk-based,Cappuccino,1,11.0,11.0,QR,Sunny
TXN-4113,2026-02-28,19:54,Puncak Alam,Ice Blended,Ice Blended Chocolate Chip,2,14.0,28.0,QR,Sunny
TXN-4070,2026-02-28,20:02,Putrajaya,Milk-based,Caramel Macchiato,1,13.0,13.0,QR,Sunny
TXN-4057,2026-02-28,20:08,Putrajaya,Milk-based,Caramel Macchiato,1,13.0,13.0,Cash,Sunny
TXN-4107,2026-02-28,20:12,Puncak Alam,Milk-based,Mocha,1,12.0,12.0,QR,Sunny
TXN-4039,2026-02-28,20:22,Putrajaya,Milk-based,Mocha,1,12.0,12.0,QR,Sunny
TXN-4110,2026-02-28,20:34,Puncak Alam,Milk-based,Cappuccino,1,11.0,11.0,QR,Sunny
TXN-4058,2026-02-28,20:58,Putrajaya,Espresso-based,Americano,1,9.0,9.0,QR,Sunny
TXN-4116,2026-02-28,21:00,Puncak Alam,Espresso-based,Americano,1,9.0,9.0,QR,Sunny
TXN-4037,2026-02-28,21:01,Putrajaya,Milk-based,Caramel Macchiato,1,13.0,13.0,Cash,Sunny
TXN-4115,2026-02-28,21:03,Puncak Alam,Milk-based,Cappuccino,3,11.0,33.0,QR,Sunny
TXN-4099,2026-02-28,21:15,Puncak Alam,Milk-based,Mocha,2,12.0,24.0,QR,Sunny
TXN-4132,2026-02-28,21:16,Puncak Alam,Espresso-based,Americano,1,9.0,9.0,Cash,Sunny
TXN-4127,2026-02-28,21:23,Puncak Alam,Milk-based,Latte,2,11.0,22.0,QR,Sunny
TXN-4125,2026-02-28,21:46,Puncak Alam,Milk-based,Latte,2,11.0,22.0,QR,Sunny
TXN-4122,2026-02-28,21:56,Puncak Alam,Espresso-based,Americano,1,9.0,9.0,QR,Sunny
TXN-4161,2026-03-01,08:04,Putrajaya,Milk-based,Caramel Macchiato,1,13.0,13.0,Cash,Sunny
TXN-4208,2026-03-01,08:11,Puncak Alam,Ice Blended,Ice Blended Chocolate Chip,4,14.0,56.0,Cash,Cloudy
TXN-4184,2026-03-01,08:20,Puncak Alam,Milk-based,Mocha,1,12.0,12.0,Cash,Cloudy
TXN-4206,2026-03-01,08:22,Puncak Alam,Espresso-based,Espresso,3,7.0,21.0,Cash,Cloudy
TXN-4221,2026-03-01,08:28,Puncak Alam,Ice Blended,Ice Blended Chocolate Chip,1,14.0,14.0,Cash,Cloudy
TXN-4233,2026-03-01,08:35,Puncak Alam,Milk-based,Cappuccino,1,11.0,11.0,QR,Cloudy
TXN-4174,2026-03-01,08:43,Putrajaya,Milk-based,Cappuccino,1,11.0,11.0,Cash,Sunny
TXN-4212,2026-03-01,08:44,Puncak Alam,Espresso-based,Americano,1,9.0,9.0,Cash,Cloudy
TXN-4156,2026-03-01,08:48,Putrajaya,Espresso-based,Americano,4,9.0,36.0,QR,Sunny
TXN-4194,2026-03-01,09:21,Puncak Alam,Milk-based,Mocha,1,12.0,12.0,QR,Cloudy
TXN-4203,2026-03-01,09:29,Puncak Alam,Espresso-based,Americano,1,9.0,9.0,QR,Cloudy
TXN-4189,2026-03-01,09:38,Puncak Alam,Milk-based,Mocha,1,12.0,12.0,Cash,Cloudy
TXN-4197,2026-03-01,09:43,Puncak Alam,Milk-based,Caramel Macchiato,1,13.0,13.0,QR,Cloudy
TXN-4138,2026-03-01,09:44,Putrajaya,Milk-based,Caramel Macchiato,2,13.0,26.0,QR,Sunny
TXN-4171,2026-03-01,09:52,Putrajaya,Espresso-based,Americano,1,9.0,9.0,QR,Sunny
TXN-4178,2026-03-01,09:52,Putrajaya,Ice Blended,Ice Blended Chocolate Chip,1,14.0,14.0,QR,Sunny
TXN-4211,2026-03-01,10:03,Puncak Alam,Milk-based,Mocha,1,12.0,12.0,QR,Cloudy
TXN-4160,2026-03-01,10:06,Putrajaya,Milk-based,Latte,2,11.0,22.0,QR,Sunny
TXN-4224,2026-03-01,10:09,Puncak Alam,Ice Blended,Ice Blended Chocolate Chip,3,14.0,42.0,QR,Cloudy
TXN-4215,2026-03-01,10:37,Puncak Alam,Milk-based,Caramel Macchiato,1,13.0,13.0,Cash,Cloudy
TXN-4188,2026-03-01,10:43,Puncak Alam,Milk-based,Latte,2,11.0,22.0,QR,Cloudy
TXN-4176,2026-03-01,11:04,Putrajaya,Milk-based,Mocha,2,12.0,24.0,Cash,Sunny
TXN-4219,2026-03-01,11:12,Puncak Alam,Milk-based,Cappuccino,3,11.0,33.0,QR,Cloudy
TXN-4177,2026-03-01,11:15,Putrajaya,Ice Blended,Ice Blended Chocolate Chip,2,14.0,28.0,QR,Sunny
TXN-4149,2026-03-01,11:16,Putrajaya,Milk-based,Caramel Macchiato,1,13.0,13.0,QR,Sunny
TXN-4179,2026-03-01,11:20,Putrajaya,Milk-based,Latte,1,11.0,11.0,QR,Sunny
TXN-4165,2026-03-01,11:22,Putrajaya,Espresso-based,Americano,1,9.0,9.0,QR,Sunny
TXN-4202,2026-03-01,11:43,Puncak Alam,Milk-based,Mocha,1,12.0,12.0,QR,Cloudy
TXN-4175,2026-03-01,11:57,Putrajaya,Ice Blended,Ice Blended Chocolate Chip,1,14.0,14.0,QR,Sunny
TXN-4164,2026-03-01,12:12,Putrajaya,Ice Blended,Ice Blended Chocolate Chip,1,14.0,14.0,Cash,Sunny
TXN-4153,2026-03-01,12:14,Putrajaya,Milk-based,Latte,1,11.0,11.0,Cash,Sunny
TXN-4228,2026-03-01,12:17,Puncak Alam,Milk-based,Latte,1,11.0,11.0,Cash,Cloudy
TXN-4216,2026-03-01,12:22,Puncak Alam,Milk-based,Latte,1,11.0,11.0,QR,Cloudy
TXN-4157,2026-03-01,12:30,Putrajaya,Espresso-based,Espresso,2,7.0,14.0,Cash,Sunny
TXN-4140,2026-03-01,12:31,Putrajaya,Milk-based,Caramel Macchiato,1,13.0,13.0,Cash,Sunny
TXN-4214,2026-03-01,12:41,Puncak Alam,Ice Blended,Ice Blended Chocolate Chip,1,14.0,14.0,QR,Cloudy
TXN-4170,2026-03-01,12:46,Putrajaya,Espresso-based,Espresso,2,7.0,14.0,Cash,Sunny
TXN-4180,2026-03-01,12:50,Putrajaya,Milk-based,Cappuccino,1,11.0,11.0,QR,Sunny
TXN-4143,2026-03-01,12:54,Putrajaya,Milk-based,Cappuccino,1,11.0,11.0,Cash,Sunny
TXN-4139,2026-03-01,12:56,Putrajaya,Milk-based,Latte,1,11.0,11.0,QR,Sunny
TXN-4192,2026-03-01,13:02,Puncak Alam,Espresso-based,Espresso,2,7.0,14.0,QR,Cloudy
TXN-4162,2026-03-01,13:04,Putrajaya,Milk-based,Latte,1,11.0,11.0,QR,Sunny
TXN-4205,2026-03-01,13:19,Puncak Alam,Ice Blended,Ice Blended Chocolate Chip,1,14.0,14.0,QR,Cloudy
TXN-4223,2026-03-01,13:24,Puncak Alam,Milk-based,Caramel Macchiato,2,13.0,26.0,Cash,Cloudy
TXN-4183,2026-03-01,13:42,Puncak Alam,Milk-based,Mocha,1,12.0,12.0,QR,Cloudy
TXN-4236,2026-03-01,14:00,Puncak Alam,Milk-based,Latte,1,11.0,11.0,QR,Cloudy
TXN-4167,2026-03-01,14:19,Putrajaya,Milk-based,Cappuccino,2,11.0,22.0,Cash,Sunny
TXN-4187,2026-03-01,14:28,Puncak Alam,Milk-based,Cappuccino,1,11.0,11.0,QR,Cloudy
TXN-4230,2026-03-01,14:28,Puncak Alam,Milk-based,Cappuccino,1,11.0,11.0,QR,Cloudy
TXN-4166,2026-03-01,14:58,Putrajaya,Ice Blended,Ice Blended Chocolate Chip,1,14.0,14.0,QR,Sunny
TXN-4190,2026-03-01,15:14,Puncak Alam,Espresso-based,Espresso,1,7.0,7.0,Cash,Cloudy
TXN-4172,2026-03-01,15:18,Putrajaya,Espresso-based,Americano,1,9.0,9.0,QR,Sunny
TXN-4199,2026-03-01,15:20,Puncak Alam,Milk-based,Caramel Macchiato,1,13.0,13.0,QR,Cloudy
TXN-4222,2026-03-01,15:21,Puncak Alam,Milk-based,Latte,2,11.0,22.0,Cash,Cloudy
TXN-4141,2026-03-01,15:28,Putrajaya,Ice Blended,Ice Blended Chocolate Chip,1,14.0,14.0,QR,Sunny
TXN-4151,2026-03-01,15:32,Putrajaya,Espresso-based,Espresso,2,7.0,14.0,QR,Sunny
TXN-4186,2026-03-01,15:47,Puncak Alam,Ice Blended,Ice Blended Chocolate Chip,1,14.0,14.0,QR,Cloudy
TXN-4155,2026-03-01,15:53,Putrajaya,Milk-based,Caramel Macchiato,1,13.0,13.0,Cash,Sunny
TXN-4217,2026-03-01,16:01,Puncak Alam,Milk-based,Latte,1,11.0,11.0,QR,Cloudy
TXN-4213,2026-03-01,16:02,Puncak Alam,Milk-based,Latte,1,11.0,11.0,QR,Cloudy
TXN-4168,2026-03-01,16:07,Putrajaya,Espresso-based,Americano,2,9.0,18.0,Cash,Sunny
TXN-4145,2026-03-01,16:10,Putrajaya,Ice Blended,Ice Blended Chocolate Chip,1,14.0,14.0,QR,Sunny
TXN-4154,2026-03-01,16:21,Putrajaya,Espresso-based,Espresso,2,7.0,14.0,QR,Sunny
TXN-4209,2026-03-01,16:29,Puncak Alam,Espresso-based,Americano,1,9.0,9.0,Cash,Cloudy
TXN-4181,2026-03-01,16:51,Putrajaya,Milk-based,Cappuccino,1,11.0,11.0,QR,Sunny
TXN-4144,2026-03-01,16:59,Putrajaya,Milk-based,Latte,1,11.0,11.0,QR,Sunny
TXN-4234,2026-03-01,17:18,Puncak Alam,Milk-based,Latte,1,11.0,11.0,QR,Cloudy
TXN-4159,2026-03-01,17:27,Putrajaya,Espresso-based,Espresso,1,7.0,7.0,QR,Sunny
TXN-4201,2026-03-01,17:35,Puncak Alam,Ice Blended,Ice Blended Chocolate Chip,1,14.0,14.0,Cash,Cloudy
TXN-4191,2026-03-01,17:36,Puncak Alam,Espresso-based,Espresso,2,7.0,14.0,QR,Cloudy
TXN-4218,2026-03-01,17:53,Puncak Alam,Milk-based,Cappuccino,1,11.0,11.0,QR,Cloudy
TXN-4225,2026-03-01,17:53,Puncak Alam,Milk-based,Mocha,1,12.0,12.0,Cash,Cloudy
TXN-4207,2026-03-01,17:56,Puncak Alam,Espresso-based,Americano,2,9.0,18.0,QR,Cloudy
TXN-4231,2026-03-01,18:07,Puncak Alam,Ice Blended,Ice Blended Chocolate Chip,2,14.0,28.0,QR,Cloudy
TXN-4220,2026-03-01,18:09,Puncak Alam,Milk-based,Mocha,1,12.0,12.0,QR,Cloudy
TXN-4235,2026-03-01,18:12,Puncak Alam,Ice Blended,Ice Blended Chocolate Chip,2,14.0,28.0,QR,Cloudy
TXN-4142,2026-03-01,18:14,Putrajaya,Milk-based,Caramel Macchiato,1,13.0,13.0,Cash,Sunny
TXN-4163,2026-03-01,18:14,Putrajaya,Espresso-based,Americano,2,9.0,18.0,QR,Sunny
TXN-4200,2026-03-01,18:31,Puncak Alam,Ice Blended,Ice Blended Chocolate Chip,2,14.0,28.0,Cash,Cloudy
TXN-4147,2026-03-01,18:34,Putrajaya,Ice Blended,Ice Blended Chocolate Chip,2,14.0,28.0,Cash,Sunny
TXN-4204,2026-03-01,18:40,Puncak Alam,Milk-based,Cappuccino,2,11.0,22.0,QR,Cloudy
TXN-4148,2026-03-01,19:14,Putrajaya,Espresso-based,Americano,1,9.0,9.0,QR,Sunny
TXN-4210,2026-03-01,19:17,Puncak Alam,Milk-based,Latte,1,11.0,11.0,QR,Cloudy
TXN-4182,2026-03-01,19:46,Puncak Alam,Ice Blended,Ice Blended Chocolate Chip,2,14.0,28.0,QR,Cloudy
TXN-4152,2026-03-01,19:47,Putrajaya,Milk-based,Mocha,2,12.0,24.0,QR,Sunny
TXN-4226,2026-03-01,19:54,Puncak Alam,Milk-based,Cappuccino,2,11.0,22.0,QR,Cloudy
TXN-4227,2026-03-01,20:04,Puncak Alam,Espresso-based,Americano,3,9.0,27.0,QR,Cloudy
TXN-4237,2026-03-01,20:05,Puncak Alam,Milk-based,Cappuccino,1,11.0,11.0,QR,Cloudy
TXN-4173,2026-03-01,20:10,Putrajaya,Milk-based,Mocha,1,12.0,12.0,QR,Sunny
TXN-4229,2026-03-01,20:11,Puncak Alam,Ice Blended,Ice Blended Chocolate Chip,4,14.0,56.0,QR,Cloudy
TXN-4146,2026-03-01,20:14,Putrajaya,Milk-based,Latte,1,11.0,11.0,QR,Sunny
TXN-4198,2026-03-01,20:27,Puncak Alam,Ice Blended,Ice Blended Chocolate Chip,2,14.0,28.0,QR,Cloudy
TXN-4196,2026-03-01,20:37,Puncak Alam,Milk-based,Mocha,2,12.0,24.0,QR,Cloudy
TXN-4158,2026-03-01,20:54,Putrajaya,Milk-based,Cappuccino,2,11.0,22.0,QR,Sunny
TXN-4193,2026-03-01,21:02,Puncak Alam,Espresso-based,Espresso,2,7.0,14.0,QR,Cloudy
TXN-4195,2026-03-01,21:08,Puncak Alam,Ice Blended,Ice Blended Chocolate Chip,1,14.0,14.0,Cash,Cloudy
TXN-4169,2026-03-01,21:25,Putrajaya,Espresso-based,Americano,1,9.0,9.0,QR,Sunny
TXN-4232,2026-03-01,21:39,Puncak Alam,Milk-based,Cappuccino,2,11.0,22.0,Cash,Cloudy
TXN-4150,2026-03-01,21:50,Putrajaya,Espresso-based,Espresso,1,7.0,7.0,QR,Sunny
TXN-4185,2026-03-01,21:54,Puncak Alam,Milk-based,Caramel Macchiato,1,13.0,13.0,QR,Cloudy
TXN-4258,2026-03-02,08:11,Putrajaya,Ice Blended,Ice Blended Chocolate Chip,1,14.0,14.0,QR,Sunny
TXN-4328,2026-03-02,08:12,Puncak Alam,Milk-based,Latte,1,11.0,11.0,QR,Raining
TXN-4326,2026-03-02,08:17,Puncak Alam,Milk-based,Caramel Macchiato,1,13.0,13.0,QR,Raining
TXN-4271,2026-03-02,08:34,Putrajaya,Espresso-based,Espresso,1,7.0,7.0,QR,Sunny
TXN-4266,2026-03-02,08:38,Putrajaya,Espresso-based,Espresso,1,7.0,7.0,QR,Sunny
TXN-4323,2026-03-02,08:52,Puncak Alam,Espresso-based,Espresso,1,7.0,7.0,QR,Raining
TXN-4241,2026-03-02,08:54,Putrajaya,Espresso-based,Espresso,1,7.0,7.0,QR,Sunny
TXN-4288,2026-03-02,09:06,Puncak Alam,Espresso-based,Espresso,1,7.0,7.0,QR,Raining
TXN-4282,2026-03-02,09:21,Puncak Alam,Espresso-based,Americano,1,9.0,9.0,QR,Raining
TXN-4284,2026-03-02,09:39,Puncak Alam,Espresso-based,Espresso,2,7.0,14.0,QR,Raining
TXN-4279,2026-03-02,10:04,Putrajaya,Espresso-based,Espresso,1,7.0,7.0,QR,Sunny
TXN-4285,2026-03-02,10:07,Puncak Alam,Espresso-based,Americano,1,9.0,9.0,Cash,Raining
TXN-4253,2026-03-02,10:18,Putrajaya,Milk-based,Caramel Macchiato,1,13.0,13.0,QR,Sunny
TXN-4291,2026-03-02,10:40,Puncak Alam,Espresso-based,Espresso,1,7.0,7.0,QR,Raining
TXN-4327,2026-03-02,10:44,Puncak Alam,Ice Blended,Ice Blended Chocolate Chip,1,14.0,14.0,QR,Raining
TXN-4260,2026-03-02,10:46,Putrajaya,Espresso-based,Espresso,1,7.0,7.0,Cash,Sunny
TXN-4310,2026-03-02,10:59,Puncak Alam,Ice Blended,Ice Blended Chocolate Chip,1,14.0,14.0,QR,Raining
TXN-4250,2026-03-02,11:32,Putrajaya,Espresso-based,Espresso,3,7.0,21.0,QR,Sunny
TXN-4247,2026-03-02,11:37,Putrajaya,Milk-based,Mocha,3,12.0,36.0,Cash,Sunny
TXN-4265,2026-03-02,11:46,Putrajaya,Milk-based,Latte,1,11.0,11.0,QR,Sunny
TXN-4315,2026-03-02,11:59,Puncak Alam,Milk-based,Mocha,1,12.0,12.0,QR,Raining
TXN-4275,2026-03-02,12:17,Putrajaya,Espresso-based,Espresso,1,7.0,7.0,QR,Sunny
TXN-4319,2026-03-02,12:24,Puncak Alam,Milk-based,Latte,1,11.0,11.0,QR,Raining
TXN-4303,2026-03-02,12:46,Puncak Alam,Milk-based,Caramel Macchiato,3,13.0,39.0,Cash,Raining
TXN-4248,2026-03-02,12:59,Putrajaya,Milk-based,Latte,1,11.0,11.0,QR,Sunny
TXN-4308,2026-03-02,13:02,Puncak Alam,Milk-based,Cappuccino,2,11.0,22.0,Cash,Raining
TXN-4254,2026-03-02,13:08,Putrajaya,Espresso-based,Espresso,1,7.0,7.0,QR,Sunny
TXN-4298,2026-03-02,13:15,Puncak Alam,Milk-based,Latte,1,11.0,11.0,QR,Raining
TXN-4238,2026-03-02,13:18,Putrajaya,Milk-based,Caramel Macchiato,1,13.0,13.0,QR,Sunny
TXN-4256,2026-03-02,13:23,Putrajaya,Milk-based,Cappuccino,1,11.0,11.0,Cash,Sunny
TXN-4292,2026-03-02,13:28,Puncak Alam,Milk-based,Mocha,1,12.0,12.0,Cash,Raining
TXN-4259,2026-03-02,13:36,Putrajaya,Espresso-based,Espresso,1,7.0,7.0,Cash,Sunny
TXN-4306,2026-03-02,13:39,Puncak Alam,Milk-based,Latte,1,11.0,11.0,QR,Raining
TXN-4307,2026-03-02,13:57,Puncak Alam,Espresso-based,Espresso,2,7.0,14.0,QR,Raining
TXN-4270,2026-03-02,14:01,Putrajaya,Ice Blended,Ice Blended Chocolate Chip,1,14.0,14.0,Cash,Sunny
TXN-4329,2026-03-02,14:07,Puncak Alam,Milk-based,Cappuccino,2,11.0,22.0,QR,Raining
TXN-4264,2026-03-02,14:26,Putrajaya,Ice Blended,Ice Blended Chocolate Chip,1,14.0,14.0,QR,Sunny
TXN-4289,2026-03-02,14:42,Puncak Alam,Milk-based,Latte,2,11.0,22.0,Cash,Raining
TXN-4277,2026-03-02,14:45,Putrajaya,Milk-based,Latte,1,11.0,11.0,QR,Sunny
TXN-4321,2026-03-02,14:53,Puncak Alam,Espresso-based,Americano,1,9.0,9.0,Cash,Raining
TXN-4296,2026-03-02,15:04,Puncak Alam,Espresso-based,Americano,1,9.0,9.0,QR,Raining
TXN-4302,2026-03-02,15:11,Puncak Alam,Ice Blended,Ice Blended Chocolate Chip,1,14.0,14.0,Cash,Raining
TXN-4299,2026-03-02,15:33,Puncak Alam,Milk-based,Cappuccino,1,11.0,11.0,Cash,Raining
TXN-4309,2026-03-02,15:38,Puncak Alam,Espresso-based,Americano,2,9.0,18.0,QR,Raining
TXN-4290,2026-03-02,16:12,Puncak Alam,Milk-based,Latte,1,11.0,11.0,QR,Raining
TXN-4286,2026-03-02,16:14,Puncak Alam,Espresso-based,Espresso,1,7.0,7.0,QR,Raining
TXN-4318,2026-03-02,16:17,Puncak Alam,Milk-based,Cappuccino,2,11.0,22.0,Cash,Raining
TXN-4255,2026-03-02,16:25,Putrajaya,Milk-based,Caramel Macchiato,2,13.0,26.0,QR,Sunny
TXN-4320,2026-03-02,16:36,Puncak Alam,Milk-based,Latte,1,11.0,11.0,Cash,Raining
TXN-4244,2026-03-02,16:37,Putrajaya,Espresso-based,Americano,1,9.0,9.0,Cash,Sunny
TXN-4313,2026-03-02,16:40,Puncak Alam,Milk-based,Caramel Macchiato,1,13.0,13.0,QR,Raining
TXN-4269,2026-03-02,16:42,Putrajaya,Milk-based,Caramel Macchiato,1,13.0,13.0,QR,Sunny
TXN-4239,2026-03-02,16:53,Putrajaya,Espresso-based,Espresso,1,7.0,7.0,QR,Sunny
TXN-4280,2026-03-02,16:54,Puncak Alam,Milk-based,Mocha,1,12.0,12.0,QR,Raining
TXN-4311,2026-03-02,16:58,Puncak Alam,Milk-based,Caramel Macchiato,3,13.0,39.0,QR,Raining
TXN-4246,2026-03-02,17:09,Putrajaya,Espresso-based,Americano,1,9.0,9.0,Cash,Sunny
TXN-4324,2026-03-02,17:22,Puncak Alam,Milk-based,Mocha,1,12.0,12.0,QR,Raining
TXN-4317,2026-03-02,17:35,Puncak Alam,Milk-based,Cappuccino,1,11.0,11.0,QR,Raining
TXN-4274,2026-03-02,17:55,Putrajaya,Espresso-based,Espresso,1,7.0,7.0,QR,Sunny
TXN-4293,2026-03-02,18:28,Puncak Alam,Milk-based,Latte,1,11.0,11.0,QR,Raining
TXN-4276,2026-03-02,18:35,Putrajaya,Milk-based,Caramel Macchiato,1,13.0,13.0,QR,Sunny
TXN-4263,2026-03-02,18:36,Putrajaya,Milk-based,Mocha,1,12.0,12.0,QR,Sunny
TXN-4243,2026-03-02,18:38,Putrajaya,Milk-based,Mocha,1,12.0,12.0,Cash,Sunny
TXN-4272,2026-03-02,18:41,Putrajaya,Milk-based,Latte,1,11.0,11.0,QR,Sunny
TXN-4287,2026-03-02,18:47,Puncak Alam,Milk-based,Mocha,1,12.0,12.0,QR,Raining
TXN-4283,2026-03-02,18:50,Puncak Alam,Milk-based,Latte,1,11.0,11.0,QR,Raining
TXN-4251,2026-03-02,18:54,Putrajaya,Milk-based,Cappuccino,2,11.0,22.0,Cash,Sunny
TXN-4312,2026-03-02,19:03,Puncak Alam,Milk-based,Latte,1,11.0,11.0,QR,Raining
TXN-4325,2026-03-02,19:07,Puncak Alam,Milk-based,Cappuccino,1,11.0,11.0,QR,Raining
TXN-4322,2026-03-02,19:15,Puncak Alam,Espresso-based,Espresso,1,7.0,7.0,QR,Raining
TXN-4273,2026-03-02,19:31,Putrajaya,Espresso-based,Espresso,3,7.0,21.0,QR,Sunny
TXN-4261,2026-03-02,19:49,Putrajaya,Milk-based,Cappuccino,1,11.0,11.0,Cash,Sunny
TXN-4242,2026-03-02,20:03,Putrajaya,Milk-based,Mocha,1,12.0,12.0,Cash,Sunny
TXN-4314,2026-03-02,20:09,Puncak Alam,Espresso-based,Espresso,1,7.0,7.0,QR,Raining
TXN-4316,2026-03-02,20:14,Puncak Alam,Espresso-based,Americano,3,9.0,27.0,QR,Raining
TXN-4262,2026-03-02,20:15,Putrajaya,Milk-based,Caramel Macchiato,1,13.0,13.0,QR,Sunny
TXN-4278,2026-03-02,20:26,Putrajaya,Ice Blended,Ice Blended Chocolate Chip,1,14.0,14.0,QR,Sunny
TXN-4267,2026-03-02,20:34,Putrajaya,Espresso-based,Americano,1,9.0,9.0,Cash,Sunny
TXN-4294,2026-03-02,20:34,Puncak Alam,Milk-based,Mocha,1,12.0,12.0,QR,Raining
TXN-4304,2026-03-02,20:38,Puncak Alam,Milk-based,Caramel Macchiato,2,13.0,26.0,QR,Raining
TXN-4300,2026-03-02,20:51,Puncak Alam,Milk-based,Cappuccino,2,11.0,22.0,QR,Raining
TXN-4305,2026-03-02,21:06,Puncak Alam,Ice Blended,Ice Blended Chocolate Chip,1,14.0,14.0,Cash,Raining
TXN-4252,2026-03-02,21:07,Putrajaya,Milk-based,Mocha,1,12.0,12.0,QR,Sunny
TXN-4295,2026-03-02,21:08,Puncak Alam,Milk-based,Cappuccino,3,11.0,33.0,QR,Raining
TXN-4301,2026-03-02,21:18,Puncak Alam,Ice Blended,Ice Blended Chocolate Chip,1,14.0,14.0,QR,Raining
TXN-4257,2026-03-02,21:22,Putrajaya,Milk-based,Caramel Macchiato,3,13.0,39.0,QR,Sunny
TXN-4268,2026-03-02,21:23,Putrajaya,Espresso-based,Espresso,2,7.0,14.0,Cash,Sunny
TXN-4240,2026-03-02,21:29,Putrajaya,Milk-based,Caramel Macchiato,1,13.0,13.0,QR,Sunny
TXN-4281,2026-03-02,21:40,Puncak Alam,Milk-based,Latte,1,11.0,11.0,QR,Raining
TXN-4249,2026-03-02,21:47,Putrajaya,Milk-based,Caramel Macchiato,2,13.0,26.0,QR,Sunny
TXN-4245,2026-03-02,21:51,Putrajaya,Milk-based,Mocha,2,12.0,24.0,QR,Sunny
TXN-4297,2026-03-02,21:53,Puncak Alam,Milk-based,Caramel Macchiato,1,13.0,13.0,QR,Raining
TXN-4361,2026-03-03,08:07,Putrajaya,Milk-based,Latte,3,11.0,33.0,QR,Cloudy
TXN-4455,2026-03-03,08:07,Puncak Alam,Ice Blended,Ice Blended Chocolate Chip,1,14.0,14.0,QR,Sunny
TXN-4443,2026-03-03,08:10,Puncak Alam,Milk-based,Cappuccino,2,11.0,22.0,QR,Sunny
TXN-4377,2026-03-03,08:33,Putrajaya,Milk-based,Caramel Macchiato,1,13.0,13.0,QR,Cloudy
TXN-4444,2026-03-03,08:36,Puncak Alam,Espresso-based,Espresso,1,7.0,7.0,QR,Sunny
TXN-4335,2026-03-03,08:38,Putrajaya,Espresso-based,Espresso,2,7.0,14.0,QR,Cloudy
TXN-4344,2026-03-03,08:46,Putrajaya,Milk-based,Latte,1,11.0,11.0,Cash,Cloudy
TXN-4382,2026-03-03,09:12,Putrajaya,Milk-based,Cappuccino,1,11.0,11.0,QR,Cloudy
TXN-4367,2026-03-03,09:14,Putrajaya,Ice Blended,Ice Blended Chocolate Chip,3,14.0,42.0,QR,Cloudy
TXN-4393,2026-03-03,09:15,Putrajaya,Espresso-based,Espresso,1,7.0,7.0,QR,Cloudy
TXN-4358,2026-03-03,09:29,Putrajaya,Ice Blended,Ice Blended Chocolate Chip,1,14.0,14.0,QR,Cloudy
TXN-4383,2026-03-03,09:44,Putrajaya,Espresso-based,Americano,1,9.0,9.0,Cash,Cloudy
TXN-4372,2026-03-03,09:48,Putrajaya,Ice Blended,Ice Blended Chocolate Chip,1,14.0,14.0,QR,Cloudy
TXN-4330,2026-03-03,09:58,Putrajaya,Milk-based,Mocha,2,12.0,24.0,QR,Cloudy
TXN-4457,2026-03-03,10:00,Puncak Alam,Ice Blended,Ice Blended Chocolate Chip,1,14.0,14.0,QR,Sunny
TXN-4378,2026-03-03,10:07,Putrajaya,Espresso-based,Americano,1,9.0,9.0,QR,Cloudy
TXN-4392,2026-03-03,10:16,Putrajaya,Espresso-based,Americano,3,9.0,27.0,QR,Cloudy
TXN-4346,2026-03-03,10:24,Putrajaya,Ice Blended,Ice Blended Chocolate Chip,2,14.0,28.0,QR,Cloudy
TXN-4422,2026-03-03,10:25,Puncak Alam,Milk-based,Mocha,2,12.0,24.0,QR,Sunny
TXN-4419,2026-03-03,10:38,Puncak Alam,Milk-based,Caramel Macchiato,1,13.0,13.0,QR,Sunny
TXN-4440,2026-03-03,10:46,Puncak Alam,Milk-based,Mocha,1,12.0,12.0,QR,Sunny
TXN-4424,2026-03-03,10:52,Puncak Alam,Milk-based,Mocha,2,12.0,24.0,Cash,Sunny
TXN-4461,2026-03-03,10:54,Puncak Alam,Espresso-based,Espresso,1,7.0,7.0,QR,Sunny
TXN-4423,2026-03-03,10:58,Puncak Alam,Espresso-based,Americano,1,9.0,9.0,QR,Sunny
TXN-4398,2026-03-03,11:06,Putrajaya,Espresso-based,Espresso,1,7.0,7.0,QR,Cloudy
TXN-4465,2026-03-03,11:19,Puncak Alam,Milk-based,Latte,1,11.0,11.0,Cash,Sunny
TXN-4381,2026-03-03,11:34,Putrajaya,Milk-based,Mocha,1,12.0,12.0,QR,Cloudy
TXN-4453,2026-03-03,11:34,Puncak Alam,Milk-based,Cappuccino,4,11.0,44.0,QR,Sunny
TXN-4439,2026-03-03,11:36,Puncak Alam,Ice Blended,Ice Blended Chocolate Chip,1,14.0,14.0,Cash,Sunny
TXN-4407,2026-03-03,11:46,Puncak Alam,Milk-based,Caramel Macchiato,1,13.0,13.0,QR,Sunny
TXN-4431,2026-03-03,11:46,Puncak Alam,Espresso-based,Espresso,1,7.0,7.0,QR,Sunny
TXN-4404,2026-03-03,11:48,Putrajaya,Milk-based,Mocha,2,12.0,24.0,Cash,Cloudy
TXN-4405,2026-03-03,12:00,Putrajaya,Ice Blended,Ice Blended Chocolate Chip,3,14.0,42.0,QR,Cloudy
TXN-4380,2026-03-03,12:02,Putrajaya,Espresso-based,Espresso,1,7.0,7.0,Cash,Cloudy
TXN-4447,2026-03-03,12:04,Puncak Alam,Espresso-based,Espresso,1,7.0,7.0,QR,Sunny
TXN-4345,2026-03-03,12:05,Putrajaya,Espresso-based,Americano,1,9.0,9.0,Cash,Cloudy
TXN-4438,2026-03-03,12:05,Puncak Alam,Milk-based,Latte,2,11.0,22.0,QR,Sunny
TXN-4401,2026-03-03,12:06,Putrajaya,Ice Blended,Ice Blended Chocolate Chip,2,14.0,28.0,QR,Cloudy
TXN-4400,2026-03-03,12:08,Putrajaya,Milk-based,Cappuccino,2,11.0,22.0,QR,Cloudy
TXN-4342,2026-03-03,12:27,Putrajaya,Ice Blended,Ice Blended Chocolate Chip,2,14.0,28.0,QR,Cloudy
TXN-4464,2026-03-03,12:31,Puncak Alam,Espresso-based,Espresso,1,7.0,7.0,QR,Sunny
TXN-4463,2026-03-03,12:32,Puncak Alam,Milk-based,Cappuccino,1,11.0,11.0,QR,Sunny
TXN-4364,2026-03-03,12:33,Putrajaya,Milk-based,Caramel Macchiato,4,13.0,52.0,Cash,Cloudy
TXN-4352,2026-03-03,12:36,Putrajaya,Ice Blended,Ice Blended Chocolate Chip,4,14.0,56.0,QR,Cloudy
TXN-4441,2026-03-03,12:39,Puncak Alam,Milk-based,Mocha,1,12.0,12.0,QR,Sunny
TXN-4430,2026-03-03,13:11,Puncak Alam,Milk-based,Latte,2,11.0,22.0,Cash,Sunny
TXN-4425,2026-03-03,13:18,Puncak Alam,Espresso-based,Americano,1,9.0,9.0,QR,Sunny
TXN-4355,2026-03-03,13:31,Putrajaya,Milk-based,Latte,1,11.0,11.0,QR,Cloudy
TXN-4397,2026-03-03,13:31,Putrajaya,Milk-based,Latte,1,11.0,11.0,QR,Cloudy
TXN-4385,2026-03-03,13:54,Putrajaya,Espresso-based,Espresso,1,7.0,7.0,Cash,Cloudy
TXN-4414,2026-03-03,14:04,Puncak Alam,Milk-based,Latte,2,11.0,22.0,QR,Sunny
TXN-4406,2026-03-03,14:05,Puncak Alam,Milk-based,Caramel Macchiato,1,13.0,13.0,QR,Sunny
TXN-4371,2026-03-03,14:08,Putrajaya,Espresso-based,Espresso,1,7.0,7.0,QR,Cloudy
TXN-4349,2026-03-03,14:13,Putrajaya,Espresso-based,Espresso,3,7.0,21.0,QR,Cloudy
TXN-4427,2026-03-03,14:26,Puncak Alam,Espresso-based,Espresso,1,7.0,7.0,Cash,Sunny
TXN-4396,2026-03-03,14:27,Putrajaya,Ice Blended,Ice Blended Chocolate Chip,1,14.0,14.0,Cash,Cloudy
TXN-4356,2026-03-03,14:29,Putrajaya,Milk-based,Latte,1,11.0,11.0,Cash,Cloudy
TXN-4445,2026-03-03,14:33,Puncak Alam,Milk-based,Mocha,1,12.0,12.0,QR,Sunny
TXN-4402,2026-03-03,14:38,Putrajaya,Milk-based,Cappuccino,1,11.0,11.0,QR,Cloudy
TXN-4432,2026-03-03,14:44,Puncak Alam,Milk-based,Latte,1,11.0,11.0,QR,Sunny
TXN-4359,2026-03-03,14:49,Putrajaya,Espresso-based,Espresso,1,7.0,7.0,QR,Cloudy
TXN-4460,2026-03-03,14:54,Puncak Alam,Espresso-based,Americano,1,9.0,9.0,Cash,Sunny
TXN-4351,2026-03-03,14:55,Putrajaya,Espresso-based,Espresso,1,7.0,7.0,QR,Cloudy
TXN-4428,2026-03-03,14:56,Puncak Alam,Milk-based,Mocha,1,12.0,12.0,Cash,Sunny
TXN-4379,2026-03-03,15:16,Putrajaya,Ice Blended,Ice Blended Chocolate Chip,1,14.0,14.0,QR,Cloudy
TXN-4384,2026-03-03,15:19,Putrajaya,Milk-based,Mocha,1,12.0,12.0,QR,Cloudy
TXN-4458,2026-03-03,15:20,Puncak Alam,Espresso-based,Espresso,1,7.0,7.0,Cash,Sunny
TXN-4343,2026-03-03,15:33,Putrajaya,Milk-based,Caramel Macchiato,1,13.0,13.0,QR,Cloudy
TXN-4336,2026-03-03,15:44,Putrajaya,Espresso-based,Americano,1,9.0,9.0,QR,Cloudy
TXN-4360,2026-03-03,15:45,Putrajaya,Espresso-based,Americano,3,9.0,27.0,QR,Cloudy
TXN-4433,2026-03-03,15:45,Puncak Alam,Espresso-based,Espresso,2,7.0,14.0,QR,Sunny
TXN-4449,2026-03-03,15:48,Puncak Alam,Milk-based,Mocha,2,12.0,24.0,QR,Sunny
TXN-4389,2026-03-03,15:49,Putrajaya,Milk-based,Mocha,2,12.0,24.0,QR,Cloudy
TXN-4339,2026-03-03,16:09,Putrajaya,Milk-based,Cappuccino,1,11.0,11.0,QR,Cloudy
TXN-4399,2026-03-03,16:15,Putrajaya,Milk-based,Latte,2,11.0,22.0,Cash,Cloudy
TXN-4421,2026-03-03,16:16,Puncak Alam,Ice Blended,Ice Blended Chocolate Chip,1,14.0,14.0,QR,Sunny
TXN-4341,2026-03-03,16:29,Putrajaya,Espresso-based,Americano,1,9.0,9.0,QR,Cloudy
TXN-4462,2026-03-03,16:29,Puncak Alam,Milk-based,Cappuccino,1,11.0,11.0,Cash,Sunny
TXN-4369,2026-03-03,16:32,Putrajaya,Espresso-based,Americano,1,9.0,9.0,QR,Cloudy
TXN-4340,2026-03-03,16:34,Putrajaya,Milk-based,Latte,1,11.0,11.0,Cash,Cloudy
TXN-4331,2026-03-03,16:40,Putrajaya,Espresso-based,Americano,1,9.0,9.0,QR,Cloudy
TXN-4446,2026-03-03,16:43,Puncak Alam,Milk-based,Cappuccino,1,11.0,11.0,Cash,Sunny
TXN-4387,2026-03-03,16:49,Putrajaya,Espresso-based,Americano,2,9.0,18.0,QR,Cloudy
TXN-4391,2026-03-03,16:59,Putrajaya,Milk-based,Caramel Macchiato,1,13.0,13.0,QR,Cloudy
TXN-4394,2026-03-03,17:06,Putrajaya,Milk-based,Caramel Macchiato,2,13.0,26.0,QR,Cloudy
TXN-4456,2026-03-03,17:07,Puncak Alam,Milk-based,Latte,3,11.0,33.0,QR,Sunny
TXN-4334,2026-03-03,17:09,Putrajaya,Ice Blended,Ice Blended Chocolate Chip,3,14.0,42.0,Cash,Cloudy
TXN-4429,2026-03-03,17:11,Puncak Alam,Espresso-based,Americano,1,9.0,9.0,QR,Sunny
TXN-4413,2026-03-03,17:15,Puncak Alam,Espresso-based,Espresso,1,7.0,7.0,Cash,Sunny
TXN-4459,2026-03-03,17:26,Puncak Alam,Milk-based,Cappuccino,1,11.0,11.0,QR,Sunny
TXN-4337,2026-03-03,17:38,Putrajaya,Milk-based,Latte,1,11.0,11.0,QR,Cloudy
TXN-4408,2026-03-03,17:41,Puncak Alam,Espresso-based,Espresso,1,7.0,7.0,QR,Sunny
TXN-4353,2026-03-03,17:59,Putrajaya,Ice Blended,Ice Blended Chocolate Chip,4,14.0,56.0,QR,Cloudy
TXN-4348,2026-03-03,18:08,Putrajaya,Ice Blended,Ice Blended Chocolate Chip,2,14.0,28.0,QR,Cloudy
TXN-4365,2026-03-03,18:08,Putrajaya,Milk-based,Latte,1,11.0,11.0,Cash,Cloudy
TXN-4417,2026-03-03,18:10,Puncak Alam,Milk-based,Caramel Macchiato,1,13.0,13.0,Cash,Sunny
TXN-4376,2026-03-03,18:11,Putrajaya,Milk-based,Cappuccino,1,11.0,11.0,QR,Cloudy
TXN-4354,2026-03-03,18:15,Putrajaya,Milk-based,Cappuccino,3,11.0,33.0,Cash,Cloudy
TXN-4418,2026-03-03,18:18,Puncak Alam,Milk-based,Caramel Macchiato,3,13.0,39.0,Cash,Sunny
TXN-4366,2026-03-03,18:21,Putrajaya,Milk-based,Caramel Macchiato,1,13.0,13.0,QR,Cloudy
TXN-4411,2026-03-03,18:22,Puncak Alam,Milk-based,Latte,2,11.0,22.0,QR,Sunny
TXN-4426,2026-03-03,18:22,Puncak Alam,Milk-based,Caramel Macchiato,2,13.0,26.0,QR,Sunny
TXN-4338,2026-03-03,18:31,Putrajaya,Milk-based,Caramel Macchiato,1,13.0,13.0,Cash,Cloudy
TXN-4437,2026-03-03,18:32,Puncak Alam,Milk-based,Mocha,1,12.0,12.0,QR,Sunny
TXN-4410,2026-03-03,18:43,Puncak Alam,Espresso-based,Espresso,1,7.0,7.0,QR,Sunny
TXN-4420,2026-03-03,18:59,Puncak Alam,Milk-based,Latte,1,11.0,11.0,QR,Sunny
TXN-4357,2026-03-03,19:03,Putrajaya,Espresso-based,Americano,1,9.0,9.0,QR,Cloudy
TXN-4373,2026-03-03,19:09,Putrajaya,Milk-based,Caramel Macchiato,1,13.0,13.0,QR,Cloudy
TXN-4390,2026-03-03,19:11,Putrajaya,Milk-based,Caramel Macchiato,1,13.0,13.0,Cash,Cloudy
TXN-4386,2026-03-03,19:17,Putrajaya,Milk-based,Cappuccino,1,11.0,11.0,QR,Cloudy
TXN-4374,2026-03-03,19:19,Putrajaya,Milk-based,Latte,1,11.0,11.0,QR,Cloudy
TXN-4412,2026-03-03,19:19,Puncak Alam,Milk-based,Latte,1,11.0,11.0,QR,Sunny
TXN-4403,2026-03-03,19:25,Putrajaya,Milk-based,Cappuccino,2,11.0,22.0,QR,Cloudy
TXN-4350,2026-03-03,19:31,Putrajaya,Milk-based,Latte,3,11.0,33.0,QR,Cloudy
TXN-4388,2026-03-03,19:36,Putrajaya,Ice Blended,Ice Blended Chocolate Chip,1,14.0,14.0,Cash,Cloudy
TXN-4368,2026-03-03,19:38,Putrajaya,Espresso-based,Americano,2,9.0,18.0,QR,Cloudy
TXN-4332,2026-03-03,20:13,Putrajaya,Milk-based,Cappuccino,1,11.0,11.0,QR,Cloudy
TXN-4333,2026-03-03,20:15,Putrajaya,Milk-based,Cappuccino,1,11.0,11.0,Cash,Cloudy
TXN-4409,2026-03-03,20:17,Puncak Alam,Milk-based,Mocha,1,12.0,12.0,QR,Sunny
TXN-4435,2026-03-03,20:30,Puncak Alam,Milk-based,Mocha,3,12.0,36.0,QR,Sunny
TXN-4395,2026-03-03,20:32,Putrajaya,Ice Blended,Ice Blended Chocolate Chip,1,14.0,14.0,QR,Cloudy
TXN-4452,2026-03-03,20:38,Puncak Alam,Ice Blended,Ice Blended Chocolate Chip,1,14.0,14.0,QR,Sunny
TXN-4363,2026-03-03,20:41,Putrajaya,Milk-based,Caramel Macchiato,1,13.0,13.0,QR,Cloudy
TXN-4347,2026-03-03,20:42,Putrajaya,Espresso-based,Espresso,3,7.0,21.0,QR,Cloudy
TXN-4448,2026-03-03,20:46,Puncak Alam,Milk-based,Cappuccino,1,11.0,11.0,QR,Sunny
TXN-4466,2026-03-03,20:49,Puncak Alam,Espresso-based,Americano,1,9.0,9.0,Cash,Sunny
TXN-4450,2026-03-03,20:55,Puncak Alam,Milk-based,Cappuccino,3,11.0,33.0,QR,Sunny
TXN-4416,2026-03-03,21:00,Puncak Alam,Espresso-based,Espresso,1,7.0,7.0,QR,Sunny
TXN-4454,2026-03-03,21:03,Puncak Alam,Milk-based,Cappuccino,1,11.0,11.0,QR,Sunny
TXN-4375,2026-03-03,21:06,Putrajaya,Milk-based,Caramel Macchiato,1,13.0,13.0,Cash,Cloudy
TXN-4434,2026-03-03,21:08,Puncak Alam,Ice Blended,Ice Blended Chocolate Chip,1,14.0,14.0,Cash,Sunny
TXN-4415,2026-03-03,21:27,Puncak Alam,Espresso-based,Espresso,1,7.0,7.0,Cash,Sunny
TXN-4451,2026-03-03,21:30,Puncak Alam,Milk-based,Latte,1,11.0,11.0,Cash,Sunny
TXN-4436,2026-03-03,21:43,Puncak Alam,Milk-based,Cappuccino,1,11.0,11.0,Cash,Sunny
TXN-4370,2026-03-03,21:48,Putrajaya,Espresso-based,Americano,1,9.0,9.0,Cash,Cloudy
TXN-4362,2026-03-03,21:50,Putrajaya,Milk-based,Mocha,1,12.0,12.0,Cash,Cloudy
TXN-4442,2026-03-03,21:57,Puncak Alam,Milk-based,Cappuccino,1,11.0,11.0,Cash,Sunny
TXN-4549,2026-03-04,08:09,Puncak Alam,Milk-based,Cappuccino,1,11.0,11.0,QR,Cloudy
TXN-4522,2026-03-04,08:10,Puncak Alam,Espresso-based,Espresso,1,7.0,7.0,QR,Cloudy
TXN-4482,2026-03-04,08:29,Putrajaya,Ice Blended,Ice Blended Chocolate Chip,2,14.0,28.0,QR,Sunny
TXN-4575,2026-03-04,09:06,Puncak Alam,Milk-based,Mocha,1,12.0,12.0,QR,Cloudy
TXN-4495,2026-03-04,09:09,Putrajaya,Milk-based,Latte,1,11.0,11.0,QR,Sunny
TXN-4562,2026-03-04,09:18,Puncak Alam,Espresso-based,Americano,1,9.0,9.0,Cash,Cloudy
TXN-4512,2026-03-04,09:31,Putrajaya,Milk-based,Caramel Macchiato,1,13.0,13.0,Cash,Sunny
TXN-4487,2026-03-04,09:37,Putrajaya,Ice Blended,Ice Blended Chocolate Chip,1,14.0,14.0,QR,Sunny
TXN-4507,2026-03-04,09:41,Putrajaya,Espresso-based,Americano,1,9.0,9.0,QR,Sunny
TXN-4488,2026-03-04,09:42,Putrajaya,Milk-based,Cappuccino,1,11.0,11.0,QR,Sunny
TXN-4519,2026-03-04,09:46,Putrajaya,Milk-based,Latte,2,11.0,22.0,QR,Sunny
TXN-4474,2026-03-04,09:50,Putrajaya,Milk-based,Latte,1,11.0,11.0,Cash,Sunny
TXN-4527,2026-03-04,09:53,Puncak Alam,Espresso-based,Espresso,1,7.0,7.0,QR,Cloudy
TXN-4570,2026-03-04,10:01,Puncak Alam,Milk-based,Caramel Macchiato,2,13.0,26.0,Cash,Cloudy
TXN-4572,2026-03-04,10:19,Puncak Alam,Milk-based,Mocha,1,12.0,12.0,Cash,Cloudy
TXN-4486,2026-03-04,10:30,Putrajaya,Milk-based,Mocha,1,12.0,12.0,QR,Sunny
TXN-4498,2026-03-04,10:30,Putrajaya,Milk-based,Mocha,4,12.0,48.0,QR,Sunny
TXN-4555,2026-03-04,10:31,Puncak Alam,Ice Blended,Ice Blended Chocolate Chip,2,14.0,28.0,QR,Cloudy
TXN-4513,2026-03-04,10:38,Putrajaya,Ice Blended,Ice Blended Chocolate Chip,1,14.0,14.0,QR,Sunny
TXN-4473,2026-03-04,10:47,Putrajaya,Milk-based,Latte,1,11.0,11.0,QR,Sunny
TXN-4567,2026-03-04,10:48,Puncak Alam,Espresso-based,Espresso,2,7.0,14.0,QR,Cloudy
TXN-4566,2026-03-04,10:56,Puncak Alam,Milk-based,Mocha,2,12.0,24.0,QR,Cloudy
TXN-4469,2026-03-04,10:57,Putrajaya,Ice Blended,Ice Blended Chocolate Chip,2,14.0,28.0,QR,Sunny
TXN-4539,2026-03-04,11:06,Puncak Alam,Milk-based,Caramel Macchiato,1,13.0,13.0,QR,Cloudy
TXN-4502,2026-03-04,11:24,Putrajaya,Milk-based,Cappuccino,2,11.0,22.0,Cash,Sunny
TXN-4569,2026-03-04,11:29,Puncak Alam,Milk-based,Caramel Macchiato,4,13.0,52.0,Cash,Cloudy
TXN-4493,2026-03-04,11:50,Putrajaya,Ice Blended,Ice Blended Chocolate Chip,2,14.0,28.0,Cash,Sunny
TXN-4571,2026-03-04,11:53,Puncak Alam,Espresso-based,Espresso,1,7.0,7.0,Cash,Cloudy
TXN-4468,2026-03-04,12:23,Putrajaya,Milk-based,Caramel Macchiato,3,13.0,39.0,QR,Sunny
TXN-4485,2026-03-04,12:23,Putrajaya,Espresso-based,Espresso,1,7.0,7.0,QR,Sunny
TXN-4506,2026-03-04,12:31,Putrajaya,Espresso-based,Americano,2,9.0,18.0,Cash,Sunny
TXN-4563,2026-03-04,12:39,Puncak Alam,Espresso-based,Espresso,3,7.0,21.0,QR,Cloudy
TXN-4479,2026-03-04,12:42,Putrajaya,Milk-based,Mocha,1,12.0,12.0,QR,Sunny
TXN-4552,2026-03-04,12:47,Puncak Alam,Espresso-based,Espresso,1,7.0,7.0,QR,Cloudy
TXN-4546,2026-03-04,13:05,Puncak Alam,Milk-based,Caramel Macchiato,1,13.0,13.0,QR,Cloudy
TXN-4536,2026-03-04,13:33,Puncak Alam,Milk-based,Latte,1,11.0,11.0,QR,Cloudy
TXN-4540,2026-03-04,13:33,Puncak Alam,Milk-based,Mocha,1,12.0,12.0,Cash,Cloudy
TXN-4520,2026-03-04,13:34,Putrajaya,Milk-based,Cappuccino,1,11.0,11.0,QR,Sunny
TXN-4538,2026-03-04,13:34,Puncak Alam,Ice Blended,Ice Blended Chocolate Chip,1,14.0,14.0,QR,Cloudy
TXN-4534,2026-03-04,13:45,Puncak Alam,Milk-based,Latte,3,11.0,33.0,Cash,Cloudy
TXN-4524,2026-03-04,13:50,Puncak Alam,Milk-based,Cappuccino,2,11.0,22.0,Cash,Cloudy
TXN-4533,2026-03-04,13:54,Puncak Alam,Milk-based,Caramel Macchiato,1,13.0,13.0,QR,Cloudy
TXN-4576,2026-03-04,14:01,Puncak Alam,Ice Blended,Ice Blended Chocolate Chip,2,14.0,28.0,QR,Cloudy
TXN-4497,2026-03-04,14:02,Putrajaya,Espresso-based,Americano,1,9.0,9.0,QR,Sunny
TXN-4550,2026-03-04,14:19,Puncak Alam,Espresso-based,Americano,2,9.0,18.0,Cash,Cloudy
TXN-4505,2026-03-04,14:22,Putrajaya,Milk-based,Caramel Macchiato,1,13.0,13.0,QR,Sunny
TXN-4528,2026-03-04,14:22,Puncak Alam,Milk-based,Mocha,2,12.0,24.0,QR,Cloudy
TXN-4551,2026-03-04,14:37,Puncak Alam,Milk-based,Latte,3,11.0,33.0,QR,Cloudy
TXN-4503,2026-03-04,14:38,Putrajaya,Milk-based,Cappuccino,1,11.0,11.0,Cash,Sunny
TXN-4475,2026-03-04,14:44,Putrajaya,Espresso-based,Americano,1,9.0,9.0,QR,Sunny
TXN-4491,2026-03-04,14:49,Putrajaya,Ice Blended,Ice Blended Chocolate Chip,1,14.0,14.0,Cash,Sunny
TXN-4542,2026-03-04,14:49,Puncak Alam,Milk-based,Latte,1,11.0,11.0,QR,Cloudy
TXN-4537,2026-03-04,14:59,Puncak Alam,Milk-based,Cappuccino,1,11.0,11.0,Cash,Cloudy
TXN-4478,2026-03-04,15:15,Putrajaya,Milk-based,Mocha,1,12.0,12.0,Cash,Sunny
TXN-4521,2026-03-04,15:29,Putrajaya,Milk-based,Mocha,3,12.0,36.0,QR,Sunny
TXN-4531,2026-03-04,15:29,Puncak Alam,Espresso-based,Americano,1,9.0,9.0,Cash,Cloudy
TXN-4541,2026-03-04,15:34,Puncak Alam,Milk-based,Mocha,1,12.0,12.0,QR,Cloudy
TXN-4518,2026-03-04,15:48,Putrajaya,Espresso-based,Americano,1,9.0,9.0,QR,Sunny
TXN-4525,2026-03-04,15:49,Puncak Alam,Milk-based,Caramel Macchiato,1,13.0,13.0,Cash,Cloudy
TXN-4504,2026-03-04,15:57,Putrajaya,Ice Blended,Ice Blended Chocolate Chip,2,14.0,28.0,QR,Sunny
TXN-4508,2026-03-04,16:06,Putrajaya,Milk-based,Mocha,1,12.0,12.0,QR,Sunny
TXN-4554,2026-03-04,16:07,Puncak Alam,Milk-based,Caramel Macchiato,1,13.0,13.0,QR,Cloudy
TXN-4558,2026-03-04,16:09,Puncak Alam,Milk-based,Latte,1,11.0,11.0,Cash,Cloudy
TXN-4472,2026-03-04,16:15,Putrajaya,Espresso-based,Espresso,1,7.0,7.0,QR,Sunny
TXN-4565,2026-03-04,16:15,Puncak Alam,Milk-based,Latte,3,11.0,33.0,QR,Cloudy
TXN-4509,2026-03-04,16:32,Putrajaya,Milk-based,Cappuccino,1,11.0,11.0,Cash,Sunny
TXN-4514,2026-03-04,16:35,Putrajaya,Milk-based,Caramel Macchiato,1,13.0,13.0,Cash,Sunny
TXN-4480,2026-03-04,16:53,Putrajaya,Espresso-based,Espresso,1,7.0,7.0,QR,Sunny
TXN-4523,2026-03-04,17:04,Puncak Alam,Espresso-based,Espresso,1,7.0,7.0,QR,Cloudy
TXN-4477,2026-03-04,17:22,Putrajaya,Milk-based,Cappuccino,1,11.0,11.0,QR,Sunny
TXN-4499,2026-03-04,17:29,Putrajaya,Milk-based,Mocha,1,12.0,12.0,Cash,Sunny
TXN-4481,2026-03-04,17:46,Putrajaya,Espresso-based,Espresso,1,7.0,7.0,QR,Sunny
TXN-4483,2026-03-04,17:53,Putrajaya,Milk-based,Cappuccino,1,11.0,11.0,Cash,Sunny
TXN-4501,2026-03-04,17:53,Putrajaya,Ice Blended,Ice Blended Chocolate Chip,1,14.0,14.0,QR,Sunny
TXN-4530,2026-03-04,18:14,Puncak Alam,Milk-based,Caramel Macchiato,4,13.0,52.0,QR,Cloudy
TXN-4561,2026-03-04,18:28,Puncak Alam,Milk-based,Latte,2,11.0,22.0,QR,Cloudy
TXN-4517,2026-03-04,18:42,Putrajaya,Milk-based,Cappuccino,1,11.0,11.0,QR,Sunny
TXN-4494,2026-03-04,18:54,Putrajaya,Milk-based,Latte,2,11.0,22.0,QR,Sunny
TXN-4471,2026-03-04,19:08,Putrajaya,Milk-based,Cappuccino,1,11.0,11.0,QR,Sunny
TXN-4544,2026-03-04,19:09,Puncak Alam,Milk-based,Cappuccino,1,11.0,11.0,QR,Cloudy
TXN-4516,2026-03-04,19:13,Putrajaya,Espresso-based,Espresso,1,7.0,7.0,QR,Sunny
TXN-4492,2026-03-04,19:28,Putrajaya,Milk-based,Caramel Macchiato,1,13.0,13.0,QR,Sunny
TXN-4500,2026-03-04,19:28,Putrajaya,Espresso-based,Americano,1,9.0,9.0,QR,Sunny
TXN-4470,2026-03-04,19:43,Putrajaya,Milk-based,Latte,1,11.0,11.0,QR,Sunny
TXN-4545,2026-03-04,19:44,Puncak Alam,Milk-based,Latte,1,11.0,11.0,Cash,Cloudy
TXN-4526,2026-03-04,19:58,Puncak Alam,Espresso-based,Americano,1,9.0,9.0,QR,Cloudy
TXN-4529,2026-03-04,20:08,Puncak Alam,Espresso-based,Espresso,1,7.0,7.0,Cash,Cloudy
TXN-4559,2026-03-04,20:11,Puncak Alam,Ice Blended,Ice Blended Chocolate Chip,1,14.0,14.0,QR,Cloudy
TXN-4560,2026-03-04,20:11,Puncak Alam,Espresso-based,Espresso,1,7.0,7.0,QR,Cloudy
TXN-4489,2026-03-04,20:19,Putrajaya,Milk-based,Mocha,1,12.0,12.0,QR,Sunny
TXN-4510,2026-03-04,20:26,Putrajaya,Milk-based,Mocha,1,12.0,12.0,Cash,Sunny
TXN-4557,2026-03-04,20:34,Puncak Alam,Milk-based,Mocha,1,12.0,12.0,Cash,Cloudy
TXN-4490,2026-03-04,20:35,Putrajaya,Milk-based,Caramel Macchiato,1,13.0,13.0,Cash,Sunny
TXN-4547,2026-03-04,20:39,Puncak Alam,Milk-based,Mocha,1,12.0,12.0,Cash,Cloudy
TXN-4496,2026-03-04,20:44,Putrajaya,Milk-based,Mocha,2,12.0,24.0,QR,Sunny
TXN-4553,2026-03-04,20:49,Puncak Alam,Milk-based,Latte,1,11.0,11.0,QR,Cloudy
TXN-4535,2026-03-04,20:50,Puncak Alam,Espresso-based,Americano,1,9.0,9.0,QR,Cloudy
TXN-4548,2026-03-04,20:53,Puncak Alam,Milk-based,Caramel Macchiato,1,13.0,13.0,Cash,Cloudy
TXN-4476,2026-03-04,20:54,Putrajaya,Ice Blended,Ice Blended Chocolate Chip,1,14.0,14.0,QR,Sunny
TXN-4484,2026-03-04,21:07,Putrajaya,Milk-based,Cappuccino,1,11.0,11.0,QR,Sunny
TXN-4511,2026-03-04,21:07,Putrajaya,Milk-based,Mocha,1,12.0,12.0,Cash,Sunny
TXN-4515,2026-03-04,21:07,Putrajaya,Milk-based,Caramel Macchiato,1,13.0,13.0,Cash,Sunny
TXN-4556,2026-03-04,21:10,Puncak Alam,Milk-based,Cappuccino,1,11.0,11.0,QR,Cloudy
TXN-4574,2026-03-04,21:23,Puncak Alam,Espresso-based,Americano,1,9.0,9.0,QR,Cloudy
TXN-4573,2026-03-04,21:36,Puncak Alam,Espresso-based,Espresso,1,7.0,7.0,Cash,Cloudy
TXN-4532,2026-03-04,21:51,Puncak Alam,Ice Blended,Ice Blended Chocolate Chip,1,14.0,14.0,Cash,Cloudy
TXN-4467,2026-03-04,21:52,Putrajaya,Milk-based,Caramel Macchiato,1,13.0,13.0,QR,Sunny
TXN-4568,2026-03-04,21:56,Puncak Alam,Milk-based,Caramel Macchiato,1,13.0,13.0,Cash,Cloudy
TXN-4543,2026-03-04,21:58,Puncak Alam,Milk-based,Caramel Macchiato,1,13.0,13.0,QR,Cloudy
TXN-4564,2026-03-04,21:58,Puncak Alam,Milk-based,Latte,1,11.0,11.0,Cash,Cloudy
TXN-4616,2026-03-05,08:11,Puncak Alam,Milk-based,Caramel Macchiato,1,13.0,13.0,QR,Sunny
TXN-4635,2026-03-05,08:11,Puncak Alam,Milk-based,Cappuccino,1,11.0,11.0,QR,Sunny
TXN-4602,2026-03-05,08:12,Putrajaya,Espresso-based,Espresso,1,7.0,7.0,QR,Sunny
TXN-4579,2026-03-05,08:18,Putrajaya,Espresso-based,Espresso,1,7.0,7.0,QR,Sunny
TXN-4594,2026-03-05,08:31,Putrajaya,Milk-based,Mocha,2,12.0,24.0,QR,Sunny
TXN-4606,2026-03-05,08:42,Putrajaya,Milk-based,Cappuccino,1,11.0,11.0,QR,Sunny
TXN-4582,2026-03-05,08:46,Putrajaya,Ice Blended,Ice Blended Chocolate Chip,4,14.0,56.0,QR,Sunny
TXN-4603,2026-03-05,09:14,Putrajaya,Milk-based,Mocha,1,12.0,12.0,QR,Sunny
TXN-4624,2026-03-05,09:37,Puncak Alam,Espresso-based,Americano,1,9.0,9.0,QR,Sunny
TXN-4599,2026-03-05,09:42,Putrajaya,Milk-based,Latte,1,11.0,11.0,Cash,Sunny
TXN-4628,2026-03-05,09:58,Puncak Alam,Espresso-based,Espresso,1,7.0,7.0,QR,Sunny
TXN-4627,2026-03-05,10:00,Puncak Alam,Milk-based,Cappuccino,2,11.0,22.0,QR,Sunny
TXN-4633,2026-03-05,10:30,Puncak Alam,Milk-based,Mocha,1,12.0,12.0,QR,Sunny
TXN-4615,2026-03-05,10:31,Puncak Alam,Milk-based,Caramel Macchiato,2,13.0,26.0,QR,Sunny
TXN-4585,2026-03-05,10:43,Putrajaya,Milk-based,Cappuccino,1,11.0,11.0,QR,Sunny
TXN-4605,2026-03-05,10:53,Putrajaya,Espresso-based,Americano,3,9.0,27.0,Cash,Sunny
TXN-4623,2026-03-05,10:59,Puncak Alam,Milk-based,Caramel Macchiato,3,13.0,39.0,QR,Sunny
TXN-4637,2026-03-05,11:00,Puncak Alam,Espresso-based,Espresso,2,7.0,14.0,QR,Sunny
TXN-4597,2026-03-05,11:02,Putrajaya,Milk-based,Cappuccino,2,11.0,22.0,QR,Sunny
TXN-4588,2026-03-05,11:39,Putrajaya,Milk-based,Caramel Macchiato,2,13.0,26.0,QR,Sunny
TXN-4626,2026-03-05,11:39,Puncak Alam,Milk-based,Mocha,1,12.0,12.0,Cash,Sunny
TXN-4642,2026-03-05,12:26,Puncak Alam,Espresso-based,Espresso,1,7.0,7.0,QR,Sunny
TXN-4598,2026-03-05,12:39,Putrajaya,Milk-based,Cappuccino,2,11.0,22.0,QR,Sunny
TXN-4577,2026-03-05,13:20,Putrajaya,Milk-based,Latte,1,11.0,11.0,QR,Sunny
TXN-4610,2026-03-05,13:30,Puncak Alam,Ice Blended,Ice Blended Chocolate Chip,2,14.0,28.0,QR,Sunny
TXN-4617,2026-03-05,13:33,Puncak Alam,Milk-based,Cappuccino,2,11.0,22.0,QR,Sunny
TXN-4614,2026-03-05,13:38,Puncak Alam,Milk-based,Caramel Macchiato,1,13.0,13.0,QR,Sunny
TXN-4634,2026-03-05,13:55,Puncak Alam,Milk-based,Cappuccino,1,11.0,11.0,Cash,Sunny
TXN-4581,2026-03-05,14:05,Putrajaya,Ice Blended,Ice Blended Chocolate Chip,1,14.0,14.0,QR,Sunny
TXN-4583,2026-03-05,14:13,Putrajaya,Espresso-based,Espresso,1,7.0,7.0,QR,Sunny
TXN-4621,2026-03-05,14:14,Puncak Alam,Milk-based,Mocha,1,12.0,12.0,QR,Sunny
TXN-4609,2026-03-05,14:21,Puncak Alam,Espresso-based,Americano,1,9.0,9.0,QR,Sunny
TXN-4591,2026-03-05,14:22,Putrajaya,Espresso-based,Americano,1,9.0,9.0,QR,Sunny
TXN-4644,2026-03-05,14:34,Puncak Alam,Milk-based,Mocha,1,12.0,12.0,Cash,Sunny
TXN-4601,2026-03-05,14:42,Putrajaya,Milk-based,Cappuccino,1,11.0,11.0,QR,Sunny
TXN-4611,2026-03-05,14:57,Puncak Alam,Espresso-based,Americano,1,9.0,9.0,Cash,Sunny
TXN-4587,2026-03-05,14:58,Putrajaya,Milk-based,Cappuccino,1,11.0,11.0,QR,Sunny
TXN-4632,2026-03-05,15:03,Puncak Alam,Espresso-based,Americano,1,9.0,9.0,QR,Sunny
TXN-4631,2026-03-05,15:04,Puncak Alam,Milk-based,Cappuccino,1,11.0,11.0,Cash,Sunny
TXN-4640,2026-03-05,15:14,Puncak Alam,Milk-based,Latte,1,11.0,11.0,QR,Sunny
TXN-4638,2026-03-05,15:30,Puncak Alam,Milk-based,Mocha,1,12.0,12.0,QR,Sunny
TXN-4641,2026-03-05,15:45,Puncak Alam,Espresso-based,Espresso,2,7.0,14.0,QR,Sunny
TXN-4600,2026-03-05,16:07,Putrajaya,Espresso-based,Americano,2,9.0,18.0,QR,Sunny
TXN-4580,2026-03-05,16:44,Putrajaya,Milk-based,Latte,1,11.0,11.0,Cash,Sunny
TXN-4595,2026-03-05,16:45,Putrajaya,Espresso-based,Espresso,1,7.0,7.0,QR,Sunny
TXN-4593,2026-03-05,16:49,Putrajaya,Milk-based,Cappuccino,2,11.0,22.0,Cash,Sunny
TXN-4592,2026-03-05,16:59,Putrajaya,Espresso-based,Americano,1,9.0,9.0,QR,Sunny
TXN-4639,2026-03-05,17:07,Puncak Alam,Espresso-based,Americano,2,9.0,18.0,Cash,Sunny
TXN-4629,2026-03-05,17:16,Puncak Alam,Milk-based,Cappuccino,2,11.0,22.0,Cash,Sunny
TXN-4604,2026-03-05,17:25,Putrajaya,Milk-based,Mocha,1,12.0,12.0,Cash,Sunny
TXN-4596,2026-03-05,17:40,Putrajaya,Milk-based,Mocha,3,12.0,36.0,QR,Sunny
TXN-4630,2026-03-05,17:53,Puncak Alam,Milk-based,Mocha,1,12.0,12.0,Cash,Sunny
TXN-4584,2026-03-05,18:00,Putrajaya,Ice Blended,Ice Blended Chocolate Chip,1,14.0,14.0,QR,Sunny
TXN-4608,2026-03-05,18:28,Puncak Alam,Milk-based,Mocha,1,12.0,12.0,Cash,Sunny
TXN-4586,2026-03-05,18:38,Putrajaya,Ice Blended,Ice Blended Chocolate Chip,1,14.0,14.0,QR,Sunny
TXN-4622,2026-03-05,18:43,Puncak Alam,Milk-based,Cappuccino,1,11.0,11.0,QR,Sunny
TXN-4619,2026-03-05,18:50,Puncak Alam,Espresso-based,Espresso,1,7.0,7.0,QR,Sunny
TXN-4578,2026-03-05,18:58,Putrajaya,Espresso-based,Espresso,1,7.0,7.0,Cash,Sunny
TXN-4613,2026-03-05,19:19,Puncak Alam,Espresso-based,Americano,1,9.0,9.0,QR,Sunny
TXN-4645,2026-03-05,19:47,Puncak Alam,Espresso-based,Americano,1,9.0,9.0,QR,Sunny
TXN-4618,2026-03-05,19:57,Puncak Alam,Milk-based,Caramel Macchiato,1,13.0,13.0,QR,Sunny
TXN-4636,2026-03-05,20:25,Puncak Alam,Milk-based,Mocha,1,12.0,12.0,QR,Sunny
TXN-4625,2026-03-05,20:26,Puncak Alam,Ice Blended,Ice Blended Chocolate Chip,1,14.0,14.0,QR,Sunny
TXN-4607,2026-03-05,20:32,Puncak Alam,Milk-based,Latte,1,11.0,11.0,QR,Sunny
TXN-4620,2026-03-05,21:06,Puncak Alam,Espresso-based,Espresso,1,7.0,7.0,QR,Sunny
TXN-4612,2026-03-05,21:10,Puncak Alam,Espresso-based,Americano,1,9.0,9.0,Cash,Sunny
TXN-4590,2026-03-05,21:28,Putrajaya,Milk-based,Latte,1,11.0,11.0,QR,Sunny
TXN-4589,2026-03-05,21:31,Putrajaya,Espresso-based,Americano,4,9.0,36.0,QR,Sunny
TXN-4643,2026-03-05,21:47,Puncak Alam,Espresso-based,Americano,1,9.0,9.0,QR,Sunny
TXN-4767,2026-03-06,08:04,Puncak Alam,Milk-based,Caramel Macchiato,2,13.0,26.0,QR,Sunny
TXN-4673,2026-03-06,08:13,Putrajaya,Espresso-based,Americano,1,9.0,9.0,QR,Sunny
TXN-4727,2026-03-06,08:18,Puncak Alam,Milk-based,Latte,1,11.0,11.0,QR,Sunny
TXN-4654,2026-03-06,08:35,Putrajaya,Milk-based,Latte,2,11.0,22.0,QR,Sunny
TXN-4651,2026-03-06,08:37,Putrajaya,Ice Blended,Ice Blended Chocolate Chip,1,14.0,14.0,QR,Sunny
TXN-4653,2026-03-06,08:45,Putrajaya,Ice Blended,Ice Blended Chocolate Chip,1,14.0,14.0,QR,Sunny
TXN-4731,2026-03-06,08:48,Puncak Alam,Milk-based,Cappuccino,4,11.0,44.0,Cash,Sunny
TXN-4736,2026-03-06,08:51,Puncak Alam,Espresso-based,Espresso,1,7.0,7.0,QR,Sunny
TXN-4690,2026-03-06,08:53,Putrajaya,Milk-based,Cappuccino,1,11.0,11.0,QR,Sunny
TXN-4671,2026-03-06,08:56,Putrajaya,Milk-based,Mocha,1,12.0,12.0,QR,Sunny
TXN-4724,2026-03-06,09:01,Puncak Alam,Milk-based,Latte,2,11.0,22.0,QR,Sunny
TXN-4718,2026-03-06,09:14,Puncak Alam,Milk-based,Latte,3,11.0,33.0,QR,Sunny
TXN-4681,2026-03-06,09:27,Putrajaya,Ice Blended,Ice Blended Chocolate Chip,1,14.0,14.0,QR,Sunny
TXN-4660,2026-03-06,09:35,Putrajaya,Milk-based,Mocha,1,12.0,12.0,Cash,Sunny
TXN-4680,2026-03-06,09:38,Putrajaya,Milk-based,Caramel Macchiato,1,13.0,13.0,QR,Sunny
TXN-4747,2026-03-06,09:41,Puncak Alam,Milk-based,Mocha,1,12.0,12.0,Cash,Sunny
TXN-4759,2026-03-06,09:49,Puncak Alam,Milk-based,Caramel Macchiato,1,13.0,13.0,QR,Sunny
TXN-4712,2026-03-06,10:13,Puncak Alam,Espresso-based,Espresso,3,7.0,21.0,QR,Sunny
TXN-4755,2026-03-06,10:16,Puncak Alam,Milk-based,Cappuccino,1,11.0,11.0,QR,Sunny
TXN-4765,2026-03-06,10:16,Puncak Alam,Ice Blended,Ice Blended Chocolate Chip,1,14.0,14.0,QR,Sunny
TXN-4719,2026-03-06,10:19,Puncak Alam,Milk-based,Caramel Macchiato,1,13.0,13.0,QR,Sunny
TXN-4652,2026-03-06,10:23,Putrajaya,Ice Blended,Ice Blended Chocolate Chip,1,14.0,14.0,QR,Sunny
TXN-4669,2026-03-06,10:25,Putrajaya,Espresso-based,Americano,1,9.0,9.0,Cash,Sunny
TXN-4656,2026-03-06,10:28,Putrajaya,Espresso-based,Espresso,1,7.0,7.0,QR,Sunny
TXN-4697,2026-03-06,10:28,Putrajaya,Espresso-based,Americano,2,9.0,18.0,Cash,Sunny
TXN-4675,2026-03-06,10:32,Putrajaya,Milk-based,Caramel Macchiato,1,13.0,13.0,QR,Sunny
TXN-4705,2026-03-06,10:51,Puncak Alam,Ice Blended,Ice Blended Chocolate Chip,2,14.0,28.0,QR,Sunny
TXN-4694,2026-03-06,10:58,Putrajaya,Milk-based,Caramel Macchiato,2,13.0,26.0,QR,Sunny
TXN-4676,2026-03-06,11:07,Putrajaya,Milk-based,Caramel Macchiato,3,13.0,39.0,QR,Sunny
TXN-4704,2026-03-06,11:35,Putrajaya,Espresso-based,Espresso,2,7.0,14.0,QR,Sunny
TXN-4689,2026-03-06,11:41,Putrajaya,Milk-based,Mocha,1,12.0,12.0,QR,Sunny
TXN-4708,2026-03-06,11:43,Puncak Alam,Espresso-based,Espresso,1,7.0,7.0,QR,Sunny
TXN-4684,2026-03-06,11:55,Putrajaya,Espresso-based,Espresso,1,7.0,7.0,QR,Sunny
TXN-4695,2026-03-06,12:07,Putrajaya,Espresso-based,Espresso,3,7.0,21.0,Cash,Sunny
TXN-4763,2026-03-06,12:11,Puncak Alam,Milk-based,Latte,2,11.0,22.0,QR,Sunny
TXN-4720,2026-03-06,12:15,Puncak Alam,Milk-based,Cappuccino,1,11.0,11.0,QR,Sunny
TXN-4711,2026-03-06,12:23,Puncak Alam,Espresso-based,Americano,1,9.0,9.0,QR,Sunny
TXN-4700,2026-03-06,12:28,Putrajaya,Ice Blended,Ice Blended Chocolate Chip,1,14.0,14.0,QR,Sunny
TXN-4728,2026-03-06,12:29,Puncak Alam,Milk-based,Mocha,2,12.0,24.0,QR,Sunny
TXN-4649,2026-03-06,12:33,Putrajaya,Milk-based,Cappuccino,1,11.0,11.0,QR,Sunny
TXN-4663,2026-03-06,12:49,Putrajaya,Milk-based,Cappuccino,2,11.0,22.0,Cash,Sunny
TXN-4723,2026-03-06,12:54,Puncak Alam,Milk-based,Latte,1,11.0,11.0,QR,Sunny
TXN-4761,2026-03-06,13:02,Puncak Alam,Milk-based,Mocha,1,12.0,12.0,Cash,Sunny
TXN-4667,2026-03-06,13:10,Putrajaya,Ice Blended,Ice Blended Chocolate Chip,3,14.0,42.0,Cash,Sunny
TXN-4679,2026-03-06,13:15,Putrajaya,Espresso-based,Espresso,1,7.0,7.0,QR,Sunny
TXN-4691,2026-03-06,13:19,Putrajaya,Milk-based,Latte,2,11.0,22.0,QR,Sunny
TXN-4655,2026-03-06,13:32,Putrajaya,Ice Blended,Ice Blended Chocolate Chip,1,14.0,14.0,Cash,Sunny
TXN-4662,2026-03-06,13:34,Putrajaya,Ice Blended,Ice Blended Chocolate Chip,2,14.0,28.0,QR,Sunny
TXN-4659,2026-03-06,13:49,Putrajaya,Milk-based,Latte,1,11.0,11.0,QR,Sunny
TXN-4693,2026-03-06,13:58,Putrajaya,Espresso-based,Espresso,1,7.0,7.0,QR,Sunny
TXN-4713,2026-03-06,13:59,Puncak Alam,Milk-based,Cappuccino,2,11.0,22.0,QR,Sunny
TXN-4703,2026-03-06,14:02,Putrajaya,Milk-based,Cappuccino,1,11.0,11.0,Cash,Sunny
TXN-4685,2026-03-06,14:15,Putrajaya,Milk-based,Caramel Macchiato,2,13.0,26.0,Cash,Sunny
TXN-4688,2026-03-06,14:19,Putrajaya,Espresso-based,Espresso,1,7.0,7.0,QR,Sunny
TXN-4710,2026-03-06,14:38,Puncak Alam,Milk-based,Caramel Macchiato,1,13.0,13.0,QR,Sunny
TXN-4725,2026-03-06,14:57,Puncak Alam,Milk-based,Cappuccino,1,11.0,11.0,QR,Sunny
TXN-4750,2026-03-06,15:01,Puncak Alam,Ice Blended,Ice Blended Chocolate Chip,1,14.0,14.0,QR,Sunny
TXN-4741,2026-03-06,15:12,Puncak Alam,Milk-based,Mocha,1,12.0,12.0,QR,Sunny
TXN-4742,2026-03-06,15:15,Puncak Alam,Espresso-based,Espresso,1,7.0,7.0,Cash,Sunny
TXN-4734,2026-03-06,15:20,Puncak Alam,Espresso-based,Americano,1,9.0,9.0,Cash,Sunny
TXN-4752,2026-03-06,15:21,Puncak Alam,Espresso-based,Americano,1,9.0,9.0,Cash,Sunny
TXN-4715,2026-03-06,15:33,Puncak Alam,Milk-based,Latte,1,11.0,11.0,Cash,Sunny
TXN-4702,2026-03-06,15:37,Putrajaya,Milk-based,Mocha,2,12.0,24.0,Cash,Sunny
TXN-4706,2026-03-06,15:44,Puncak Alam,Ice Blended,Ice Blended Chocolate Chip,1,14.0,14.0,Cash,Sunny
TXN-4733,2026-03-06,15:46,Puncak Alam,Espresso-based,Espresso,3,7.0,21.0,Cash,Sunny
TXN-4757,2026-03-06,15:48,Puncak Alam,Espresso-based,Espresso,2,7.0,14.0,QR,Sunny
TXN-4692,2026-03-06,15:49,Putrajaya,Espresso-based,Espresso,1,7.0,7.0,Cash,Sunny
TXN-4740,2026-03-06,15:52,Puncak Alam,Espresso-based,Americano,1,9.0,9.0,QR,Sunny
TXN-4682,2026-03-06,15:57,Putrajaya,Milk-based,Cappuccino,1,11.0,11.0,QR,Sunny
TXN-4749,2026-03-06,16:04,Puncak Alam,Espresso-based,Americano,1,9.0,9.0,QR,Sunny
TXN-4687,2026-03-06,16:20,Putrajaya,Ice Blended,Ice Blended Chocolate Chip,2,14.0,28.0,QR,Sunny
TXN-4726,2026-03-06,16:22,Puncak Alam,Espresso-based,Espresso,1,7.0,7.0,QR,Sunny
TXN-4664,2026-03-06,16:30,Putrajaya,Milk-based,Mocha,1,12.0,12.0,Cash,Sunny
TXN-4701,2026-03-06,16:35,Putrajaya,Espresso-based,Espresso,3,7.0,21.0,Cash,Sunny
TXN-4683,2026-03-06,16:46,Putrajaya,Milk-based,Cappuccino,1,11.0,11.0,QR,Sunny
TXN-4729,2026-03-06,17:00,Puncak Alam,Milk-based,Cappuccino,1,11.0,11.0,QR,Sunny
TXN-4730,2026-03-06,17:00,Puncak Alam,Milk-based,Mocha,3,12.0,36.0,QR,Sunny
TXN-4674,2026-03-06,17:04,Putrajaya,Milk-based,Caramel Macchiato,1,13.0,13.0,QR,Sunny
TXN-4686,2026-03-06,17:07,Putrajaya,Milk-based,Cappuccino,1,11.0,11.0,QR,Sunny
TXN-4768,2026-03-06,17:16,Puncak Alam,Milk-based,Cappuccino,2,11.0,22.0,QR,Sunny
TXN-4657,2026-03-06,17:24,Putrajaya,Milk-based,Cappuccino,1,11.0,11.0,QR,Sunny
TXN-4646,2026-03-06,17:26,Putrajaya,Espresso-based,Americano,1,9.0,9.0,QR,Sunny
TXN-4737,2026-03-06,17:28,Puncak Alam,Espresso-based,Americano,1,9.0,9.0,Cash,Sunny
TXN-4743,2026-03-06,17:28,Puncak Alam,Milk-based,Mocha,1,12.0,12.0,Cash,Sunny
TXN-4677,2026-03-06,17:33,Putrajaya,Milk-based,Mocha,2,12.0,24.0,QR,Sunny
TXN-4722,2026-03-06,17:43,Puncak Alam,Milk-based,Mocha,2,12.0,24.0,QR,Sunny
TXN-4666,2026-03-06,17:44,Putrajaya,Ice Blended,Ice Blended Chocolate Chip,1,14.0,14.0,QR,Sunny
TXN-4739,2026-03-06,17:46,Puncak Alam,Espresso-based,Americano,1,9.0,9.0,QR,Sunny
TXN-4764,2026-03-06,18:26,Puncak Alam,Milk-based,Caramel Macchiato,1,13.0,13.0,QR,Sunny
TXN-4707,2026-03-06,18:27,Puncak Alam,Milk-based,Caramel Macchiato,1,13.0,13.0,QR,Sunny
TXN-4753,2026-03-06,18:28,Puncak Alam,Milk-based,Cappuccino,2,11.0,22.0,QR,Sunny
TXN-4650,2026-03-06,18:31,Putrajaya,Milk-based,Caramel Macchiato,2,13.0,26.0,QR,Sunny
TXN-4738,2026-03-06,18:38,Puncak Alam,Milk-based,Cappuccino,1,11.0,11.0,Cash,Sunny
TXN-4751,2026-03-06,18:44,Puncak Alam,Espresso-based,Americano,1,9.0,9.0,QR,Sunny
TXN-4762,2026-03-06,18:55,Puncak Alam,Espresso-based,Espresso,1,7.0,7.0,QR,Sunny
TXN-4658,2026-03-06,19:26,Putrajaya,Espresso-based,Americano,1,9.0,9.0,QR,Sunny
TXN-4647,2026-03-06,19:29,Putrajaya,Milk-based,Mocha,1,12.0,12.0,Cash,Sunny
TXN-4744,2026-03-06,19:35,Puncak Alam,Milk-based,Latte,1,11.0,11.0,Cash,Sunny
TXN-4754,2026-03-06,19:41,Puncak Alam,Milk-based,Latte,1,11.0,11.0,QR,Sunny
TXN-4678,2026-03-06,19:45,Putrajaya,Espresso-based,Espresso,2,7.0,14.0,QR,Sunny
TXN-4758,2026-03-06,19:47,Puncak Alam,Espresso-based,Americano,1,9.0,9.0,QR,Sunny
TXN-4665,2026-03-06,19:50,Putrajaya,Espresso-based,Espresso,1,7.0,7.0,QR,Sunny
TXN-4735,2026-03-06,20:04,Puncak Alam,Espresso-based,Americano,4,9.0,36.0,QR,Sunny
TXN-4745,2026-03-06,20:07,Puncak Alam,Milk-based,Cappuccino,1,11.0,11.0,Cash,Sunny
TXN-4699,2026-03-06,20:18,Putrajaya,Espresso-based,Americano,1,9.0,9.0,QR,Sunny
TXN-4748,2026-03-06,20:27,Puncak Alam,Espresso-based,Americano,1,9.0,9.0,QR,Sunny
TXN-4766,2026-03-06,20:32,Puncak Alam,Espresso-based,Americano,1,9.0,9.0,QR,Sunny
TXN-4716,2026-03-06,20:37,Puncak Alam,Espresso-based,Espresso,1,7.0,7.0,Cash,Sunny
TXN-4648,2026-03-06,20:38,Putrajaya,Ice Blended,Ice Blended Chocolate Chip,1,14.0,14.0,Cash,Sunny
TXN-4672,2026-03-06,20:38,Putrajaya,Espresso-based,Espresso,4,7.0,28.0,QR,Sunny
TXN-4760,2026-03-06,20:48,Puncak Alam,Espresso-based,Americano,1,9.0,9.0,QR,Sunny
TXN-4721,2026-03-06,20:49,Puncak Alam,Milk-based,Latte,3,11.0,33.0,Cash,Sunny
TXN-4698,2026-03-06,20:52,Putrajaya,Espresso-based,Americano,1,9.0,9.0,QR,Sunny
TXN-4771,2026-03-06,20:55,Puncak Alam,Espresso-based,Americano,3,9.0,27.0,QR,Sunny
TXN-4709,2026-03-06,20:58,Puncak Alam,Milk-based,Cappuccino,3,11.0,33.0,Cash,Sunny
TXN-4661,2026-03-06,21:01,Putrajaya,Milk-based,Cappuccino,2,11.0,22.0,QR,Sunny
TXN-4732,2026-03-06,21:02,Puncak Alam,Espresso-based,Espresso,3,7.0,21.0,QR,Sunny
TXN-4714,2026-03-06,21:03,Puncak Alam,Milk-based,Caramel Macchiato,1,13.0,13.0,QR,Sunny
TXN-4746,2026-03-06,21:18,Puncak Alam,Espresso-based,Espresso,1,7.0,7.0,QR,Sunny
TXN-4696,2026-03-06,21:20,Putrajaya,Milk-based,Cappuccino,2,11.0,22.0,QR,Sunny
TXN-4670,2026-03-06,21:23,Putrajaya,Espresso-based,Espresso,1,7.0,7.0,QR,Sunny
TXN-4717,2026-03-06,21:26,Puncak Alam,Milk-based,Caramel Macchiato,1,13.0,13.0,Cash,Sunny
TXN-4769,2026-03-06,21:28,Puncak Alam,Milk-based,Mocha,1,12.0,12.0,Cash,Sunny
TXN-4756,2026-03-06,21:29,Puncak Alam,Milk-based,Caramel Macchiato,2,13.0,26.0,QR,Sunny
TXN-4770,2026-03-06,21:49,Puncak Alam,Milk-based,Caramel Macchiato,1,13.0,13.0,QR,Sunny
TXN-4668,2026-03-06,21:58,Putrajaya,Milk-based,Cappuccino,4,11.0,44.0,QR,Sunny
TXN-4850,2026-03-07,08:02,Puncak Alam,Milk-based,Mocha,1,12.0,12.0,QR,Sunny
TXN-4853,2026-03-07,08:08,Puncak Alam,Espresso-based,Espresso,3,7.0,21.0,Cash,Sunny
TXN-4793,2026-03-07,08:17,Putrajaya,Milk-based,Latte,1,11.0,11.0,QR,Cloudy
TXN-4785,2026-03-07,08:22,Putrajaya,Espresso-based,Espresso,3,7.0,21.0,Cash,Cloudy
TXN-4819,2026-03-07,08:23,Putrajaya,Espresso-based,Americano,1,9.0,9.0,QR,Cloudy
TXN-4831,2026-03-07,08:23,Puncak Alam,Milk-based,Cappuccino,1,11.0,11.0,Cash,Sunny
TXN-4805,2026-03-07,08:42,Putrajaya,Espresso-based,Espresso,2,7.0,14.0,QR,Cloudy
TXN-4787,2026-03-07,09:01,Putrajaya,Espresso-based,Espresso,4,7.0,28.0,QR,Cloudy
TXN-4806,2026-03-07,09:06,Putrajaya,Milk-based,Caramel Macchiato,2,13.0,26.0,QR,Cloudy
TXN-4826,2026-03-07,09:17,Putrajaya,Milk-based,Mocha,2,12.0,24.0,QR,Cloudy
TXN-4802,2026-03-07,09:27,Putrajaya,Espresso-based,Espresso,2,7.0,14.0,Cash,Cloudy
TXN-4815,2026-03-07,09:31,Putrajaya,Milk-based,Caramel Macchiato,3,13.0,39.0,Cash,Cloudy
TXN-4792,2026-03-07,09:39,Putrajaya,Ice Blended,Ice Blended Chocolate Chip,1,14.0,14.0,QR,Cloudy
TXN-4839,2026-03-07,09:39,Puncak Alam,Espresso-based,Espresso,3,7.0,21.0,QR,Sunny
TXN-4849,2026-03-07,09:53,Puncak Alam,Espresso-based,Americano,2,9.0,18.0,QR,Sunny
TXN-4776,2026-03-07,09:56,Putrajaya,Milk-based,Latte,2,11.0,22.0,QR,Cloudy
TXN-4814,2026-03-07,09:59,Putrajaya,Milk-based,Cappuccino,1,11.0,11.0,QR,Cloudy
TXN-4858,2026-03-07,10:06,Puncak Alam,Ice Blended,Ice Blended Chocolate Chip,1,14.0,14.0,QR,Sunny
TXN-4862,2026-03-07,10:13,Puncak Alam,Espresso-based,Americano,1,9.0,9.0,QR,Sunny
TXN-4786,2026-03-07,10:33,Putrajaya,Espresso-based,Espresso,1,7.0,7.0,Cash,Cloudy
TXN-4842,2026-03-07,10:33,Puncak Alam,Milk-based,Caramel Macchiato,1,13.0,13.0,QR,Sunny
TXN-4845,2026-03-07,10:48,Puncak Alam,Espresso-based,Americano,1,9.0,9.0,Cash,Sunny
TXN-4859,2026-03-07,10:53,Puncak Alam,Milk-based,Cappuccino,1,11.0,11.0,QR,Sunny
TXN-4840,2026-03-07,10:55,Puncak Alam,Milk-based,Cappuccino,1,11.0,11.0,Cash,Sunny
TXN-4838,2026-03-07,11:25,Puncak Alam,Milk-based,Mocha,3,12.0,36.0,Cash,Sunny
TXN-4797,2026-03-07,11:28,Putrajaya,Milk-based,Caramel Macchiato,1,13.0,13.0,Cash,Cloudy
TXN-4789,2026-03-07,11:42,Putrajaya,Espresso-based,Espresso,2,7.0,14.0,Cash,Cloudy
TXN-4848,2026-03-07,11:53,Puncak Alam,Milk-based,Caramel Macchiato,1,13.0,13.0,QR,Sunny
TXN-4779,2026-03-07,11:55,Putrajaya,Espresso-based,Espresso,1,7.0,7.0,QR,Cloudy
TXN-4811,2026-03-07,12:03,Putrajaya,Espresso-based,Espresso,1,7.0,7.0,QR,Cloudy
TXN-4783,2026-03-07,12:04,Putrajaya,Milk-based,Caramel Macchiato,1,13.0,13.0,QR,Cloudy
TXN-4825,2026-03-07,12:05,Putrajaya,Espresso-based,Espresso,1,7.0,7.0,Cash,Cloudy
TXN-4807,2026-03-07,12:11,Putrajaya,Milk-based,Mocha,1,12.0,12.0,QR,Cloudy
TXN-4772,2026-03-07,12:23,Putrajaya,Milk-based,Cappuccino,1,11.0,11.0,QR,Cloudy
TXN-4801,2026-03-07,12:48,Putrajaya,Milk-based,Caramel Macchiato,2,13.0,26.0,QR,Cloudy
TXN-4775,2026-03-07,12:49,Putrajaya,Milk-based,Latte,4,11.0,44.0,Cash,Cloudy
TXN-4817,2026-03-07,12:58,Putrajaya,Milk-based,Caramel Macchiato,1,13.0,13.0,QR,Cloudy
TXN-4773,2026-03-07,13:03,Putrajaya,Espresso-based,Americano,1,9.0,9.0,QR,Cloudy
TXN-4803,2026-03-07,13:17,Putrajaya,Milk-based,Latte,1,11.0,11.0,QR,Cloudy
TXN-4777,2026-03-07,13:32,Putrajaya,Milk-based,Latte,1,11.0,11.0,Cash,Cloudy
TXN-4816,2026-03-07,13:40,Putrajaya,Milk-based,Cappuccino,2,11.0,22.0,QR,Cloudy
TXN-4788,2026-03-07,13:50,Putrajaya,Milk-based,Cappuccino,2,11.0,22.0,Cash,Cloudy
TXN-4809,2026-03-07,14:07,Putrajaya,Milk-based,Cappuccino,1,11.0,11.0,QR,Cloudy
TXN-4784,2026-03-07,14:12,Putrajaya,Milk-based,Mocha,1,12.0,12.0,QR,Cloudy
TXN-4843,2026-03-07,14:13,Puncak Alam,Milk-based,Mocha,1,12.0,12.0,QR,Sunny
TXN-4823,2026-03-07,14:19,Putrajaya,Espresso-based,Espresso,1,7.0,7.0,Cash,Cloudy
TXN-4841,2026-03-07,14:29,Puncak Alam,Milk-based,Latte,3,11.0,33.0,QR,Sunny
TXN-4861,2026-03-07,14:45,Puncak Alam,Milk-based,Mocha,2,12.0,24.0,QR,Sunny
TXN-4847,2026-03-07,14:58,Puncak Alam,Espresso-based,Americano,2,9.0,18.0,Cash,Sunny
TXN-4808,2026-03-07,15:00,Putrajaya,Milk-based,Mocha,3,12.0,36.0,Cash,Cloudy
TXN-4857,2026-03-07,15:00,Puncak Alam,Milk-based,Cappuccino,1,11.0,11.0,QR,Sunny
TXN-4778,2026-03-07,15:15,Putrajaya,Milk-based,Latte,1,11.0,11.0,QR,Cloudy
TXN-4837,2026-03-07,15:18,Puncak Alam,Espresso-based,Americano,3,9.0,27.0,QR,Sunny
TXN-4774,2026-03-07,15:23,Putrajaya,Espresso-based,Americano,1,9.0,9.0,QR,Cloudy
TXN-4824,2026-03-07,15:23,Putrajaya,Milk-based,Cappuccino,2,11.0,22.0,Cash,Cloudy
TXN-4835,2026-03-07,15:43,Puncak Alam,Espresso-based,Americano,1,9.0,9.0,QR,Sunny
TXN-4856,2026-03-07,15:44,Puncak Alam,Milk-based,Caramel Macchiato,1,13.0,13.0,QR,Sunny
TXN-4833,2026-03-07,15:55,Puncak Alam,Ice Blended,Ice Blended Chocolate Chip,1,14.0,14.0,Cash,Sunny
TXN-4829,2026-03-07,16:25,Putrajaya,Milk-based,Caramel Macchiato,1,13.0,13.0,QR,Cloudy
TXN-4795,2026-03-07,16:39,Putrajaya,Ice Blended,Ice Blended Chocolate Chip,1,14.0,14.0,QR,Cloudy
TXN-4791,2026-03-07,16:40,Putrajaya,Ice Blended,Ice Blended Chocolate Chip,1,14.0,14.0,QR,Cloudy
TXN-4836,2026-03-07,16:42,Puncak Alam,Milk-based,Caramel Macchiato,2,13.0,26.0,QR,Sunny
TXN-4844,2026-03-07,16:42,Puncak Alam,Espresso-based,Espresso,1,7.0,7.0,Cash,Sunny
TXN-4798,2026-03-07,17:07,Putrajaya,Espresso-based,Espresso,3,7.0,21.0,QR,Cloudy
TXN-4855,2026-03-07,17:12,Puncak Alam,Ice Blended,Ice Blended Chocolate Chip,2,14.0,28.0,QR,Sunny
TXN-4830,2026-03-07,17:37,Puncak Alam,Milk-based,Cappuccino,2,11.0,22.0,QR,Sunny
TXN-4832,2026-03-07,17:45,Puncak Alam,Ice Blended,Ice Blended Chocolate Chip,1,14.0,14.0,QR,Sunny
TXN-4852,2026-03-07,17:47,Puncak Alam,Milk-based,Cappuccino,3,11.0,33.0,Cash,Sunny
TXN-4854,2026-03-07,17:56,Puncak Alam,Espresso-based,Espresso,1,7.0,7.0,Cash,Sunny
TXN-4813,2026-03-07,18:15,Putrajaya,Milk-based,Caramel Macchiato,2,13.0,26.0,QR,Cloudy
TXN-4800,2026-03-07,18:20,Putrajaya,Espresso-based,Espresso,1,7.0,7.0,QR,Cloudy
TXN-4804,2026-03-07,18:28,Putrajaya,Milk-based,Latte,1,11.0,11.0,QR,Cloudy
TXN-4782,2026-03-07,18:32,Putrajaya,Milk-based,Mocha,1,12.0,12.0,QR,Cloudy
TXN-4780,2026-03-07,18:59,Putrajaya,Espresso-based,Espresso,1,7.0,7.0,Cash,Cloudy
TXN-4790,2026-03-07,19:05,Putrajaya,Milk-based,Mocha,2,12.0,24.0,QR,Cloudy
TXN-4810,2026-03-07,19:05,Putrajaya,Ice Blended,Ice Blended Chocolate Chip,2,14.0,28.0,QR,Cloudy
TXN-4827,2026-03-07,19:21,Putrajaya,Milk-based,Latte,1,11.0,11.0,QR,Cloudy
TXN-4812,2026-03-07,19:28,Putrajaya,Espresso-based,Americano,1,9.0,9.0,QR,Cloudy
TXN-4846,2026-03-07,19:36,Puncak Alam,Milk-based,Cappuccino,3,11.0,33.0,QR,Sunny
TXN-4794,2026-03-07,19:46,Putrajaya,Milk-based,Cappuccino,1,11.0,11.0,Cash,Cloudy
TXN-4860,2026-03-07,19:50,Puncak Alam,Espresso-based,Espresso,2,7.0,14.0,QR,Sunny
TXN-4820,2026-03-07,20:07,Putrajaya,Espresso-based,Espresso,3,7.0,21.0,Cash,Cloudy
TXN-4851,2026-03-07,20:21,Puncak Alam,Milk-based,Caramel Macchiato,1,13.0,13.0,QR,Sunny
TXN-4781,2026-03-07,20:26,Putrajaya,Milk-based,Caramel Macchiato,2,13.0,26.0,QR,Cloudy
TXN-4834,2026-03-07,20:33,Puncak Alam,Milk-based,Latte,1,11.0,11.0,QR,Sunny
TXN-4799,2026-03-07,20:42,Putrajaya,Milk-based,Mocha,1,12.0,12.0,Cash,Cloudy
TXN-4822,2026-03-07,20:43,Putrajaya,Milk-based,Latte,1,11.0,11.0,Cash,Cloudy
TXN-4796,2026-03-07,21:18,Putrajaya,Milk-based,Cappuccino,1,11.0,11.0,QR,Cloudy
TXN-4818,2026-03-07,21:19,Putrajaya,Milk-based,Latte,1,11.0,11.0,QR,Cloudy
TXN-4821,2026-03-07,21:24,Putrajaya,Espresso-based,Espresso,2,7.0,14.0,QR,Cloudy
TXN-4828,2026-03-07,21:44,Putrajaya,Espresso-based,Espresso,1,7.0,7.0,QR,Cloudy
TXN-4877,2026-03-08,08:07,Putrajaya,Milk-based,Cappuccino,1,11.0,11.0,Cash,Sunny
TXN-4876,2026-03-08,08:08,Putrajaya,Milk-based,Latte,3,11.0,33.0,QR,Sunny
TXN-4949,2026-03-08,08:13,Puncak Alam,Milk-based,Mocha,1,12.0,12.0,QR,Sunny
TXN-4970,2026-03-08,08:19,Puncak Alam,Ice Blended,Ice Blended Chocolate Chip,1,14.0,14.0,QR,Sunny
TXN-4922,2026-03-08,08:22,Putrajaya,Milk-based,Caramel Macchiato,1,13.0,13.0,QR,Sunny
TXN-5000,2026-03-08,08:25,Puncak Alam,Espresso-based,Espresso,1,7.0,7.0,QR,Sunny
TXN-4951,2026-03-08,08:45,Puncak Alam,Ice Blended,Ice Blended Chocolate Chip,1,14.0,14.0,QR,Sunny
TXN-4874,2026-03-08,08:53,Putrajaya,Milk-based,Caramel Macchiato,1,13.0,13.0,QR,Sunny
TXN-4869,2026-03-08,09:00,Putrajaya,Espresso-based,Americano,1,9.0,9.0,Cash,Sunny
TXN-5007,2026-03-08,09:02,Puncak Alam,Ice Blended,Ice Blended Chocolate Chip,1,14.0,14.0,QR,Sunny
TXN-4972,2026-03-08,09:08,Puncak Alam,Milk-based,Cappuccino,1,11.0,11.0,QR,Sunny
TXN-4956,2026-03-08,09:09,Puncak Alam,Milk-based,Caramel Macchiato,3,13.0,39.0,QR,Sunny
TXN-4883,2026-03-08,09:10,Putrajaya,Milk-based,Mocha,1,12.0,12.0,Cash,Sunny
TXN-4932,2026-03-08,09:12,Puncak Alam,Milk-based,Caramel Macchiato,2,13.0,26.0,QR,Sunny
TXN-4939,2026-03-08,09:16,Puncak Alam,Milk-based,Caramel Macchiato,1,13.0,13.0,Cash,Sunny
TXN-4928,2026-03-08,09:18,Putrajaya,Milk-based,Mocha,1,12.0,12.0,QR,Sunny
TXN-4973,2026-03-08,09:20,Puncak Alam,Milk-based,Latte,1,11.0,11.0,QR,Sunny
TXN-4983,2026-03-08,09:33,Puncak Alam,Espresso-based,Americano,1,9.0,9.0,QR,Sunny
TXN-4975,2026-03-08,09:51,Puncak Alam,Espresso-based,Espresso,2,7.0,14.0,Cash,Sunny
TXN-4889,2026-03-08,09:52,Putrajaya,Milk-based,Caramel Macchiato,1,13.0,13.0,QR,Sunny
TXN-4918,2026-03-08,09:53,Putrajaya,Ice Blended,Ice Blended Chocolate Chip,1,14.0,14.0,Cash,Sunny
TXN-4881,2026-03-08,09:55,Putrajaya,Milk-based,Latte,1,11.0,11.0,QR,Sunny
TXN-4989,2026-03-08,09:56,Puncak Alam,Espresso-based,Espresso,3,7.0,21.0,Cash,Sunny
TXN-4997,2026-03-08,09:59,Puncak Alam,Espresso-based,Americano,1,9.0,9.0,QR,Sunny
TXN-4903,2026-03-08,10:05,Putrajaya,Espresso-based,Americano,1,9.0,9.0,QR,Sunny
TXN-4980,2026-03-08,10:08,Puncak Alam,Milk-based,Caramel Macchiato,1,13.0,13.0,Cash,Sunny
TXN-4880,2026-03-08,10:11,Putrajaya,Milk-based,Cappuccino,1,11.0,11.0,QR,Sunny
TXN-4933,2026-03-08,10:14,Puncak Alam,Milk-based,Latte,2,11.0,22.0,Cash,Sunny
TXN-4930,2026-03-08,10:16,Putrajaya,Milk-based,Cappuccino,1,11.0,11.0,Cash,Sunny
TXN-4963,2026-03-08,10:18,Puncak Alam,Milk-based,Cappuccino,2,11.0,22.0,QR,Sunny
TXN-5004,2026-03-08,10:22,Puncak Alam,Milk-based,Cappuccino,1,11.0,11.0,QR,Sunny
TXN-4987,2026-03-08,10:33,Puncak Alam,Ice Blended,Ice Blended Chocolate Chip,1,14.0,14.0,QR,Sunny
TXN-4871,2026-03-08,10:38,Putrajaya,Milk-based,Caramel Macchiato,4,13.0,52.0,QR,Sunny
TXN-4911,2026-03-08,10:43,Putrajaya,Espresso-based,Americano,2,9.0,18.0,Cash,Sunny
TXN-4882,2026-03-08,10:48,Putrajaya,Ice Blended,Ice Blended Chocolate Chip,2,14.0,28.0,QR,Sunny
TXN-4893,2026-03-08,10:53,Putrajaya,Milk-based,Cappuccino,1,11.0,11.0,QR,Sunny
TXN-4894,2026-03-08,10:56,Putrajaya,Milk-based,Mocha,1,12.0,12.0,QR,Sunny
TXN-4959,2026-03-08,10:58,Puncak Alam,Milk-based,Mocha,1,12.0,12.0,QR,Sunny
TXN-4884,2026-03-08,11:18,Putrajaya,Milk-based,Mocha,2,12.0,24.0,QR,Sunny
TXN-4910,2026-03-08,11:19,Putrajaya,Espresso-based,Espresso,1,7.0,7.0,Cash,Sunny
TXN-4923,2026-03-08,11:38,Putrajaya,Ice Blended,Ice Blended Chocolate Chip,2,14.0,28.0,Cash,Sunny
TXN-4946,2026-03-08,11:38,Puncak Alam,Espresso-based,Americano,2,9.0,18.0,Cash,Sunny
TXN-5006,2026-03-08,11:38,Puncak Alam,Milk-based,Mocha,3,12.0,36.0,QR,Sunny
TXN-4981,2026-03-08,11:51,Puncak Alam,Espresso-based,Americano,1,9.0,9.0,QR,Sunny
TXN-4897,2026-03-08,11:52,Putrajaya,Espresso-based,Americano,1,9.0,9.0,QR,Sunny
TXN-4944,2026-03-08,12:03,Puncak Alam,Milk-based,Cappuccino,1,11.0,11.0,Cash,Sunny
TXN-4961,2026-03-08,12:14,Puncak Alam,Milk-based,Mocha,1,12.0,12.0,QR,Sunny
TXN-4885,2026-03-08,12:19,Putrajaya,Milk-based,Latte,1,11.0,11.0,QR,Sunny
TXN-4896,2026-03-08,12:29,Putrajaya,Milk-based,Mocha,1,12.0,12.0,Cash,Sunny
TXN-4958,2026-03-08,12:41,Puncak Alam,Milk-based,Caramel Macchiato,1,13.0,13.0,QR,Sunny
TXN-4945,2026-03-08,12:51,Puncak Alam,Espresso-based,Americano,1,9.0,9.0,Cash,Sunny
TXN-4902,2026-03-08,12:53,Putrajaya,Espresso-based,Americano,1,9.0,9.0,QR,Sunny
TXN-4899,2026-03-08,12:54,Putrajaya,Milk-based,Mocha,1,12.0,12.0,QR,Sunny
TXN-4992,2026-03-08,12:58,Puncak Alam,Milk-based,Cappuccino,1,11.0,11.0,QR,Sunny
TXN-4960,2026-03-08,13:08,Puncak Alam,Espresso-based,Espresso,1,7.0,7.0,Cash,Sunny
TXN-4948,2026-03-08,13:12,Puncak Alam,Espresso-based,Americano,1,9.0,9.0,QR,Sunny
TXN-4926,2026-03-08,13:13,Putrajaya,Milk-based,Cappuccino,4,11.0,44.0,QR,Sunny
TXN-4931,2026-03-08,13:20,Putrajaya,Espresso-based,Americano,1,9.0,9.0,Cash,Sunny
TXN-4942,2026-03-08,13:21,Puncak Alam,Espresso-based,Espresso,1,7.0,7.0,Cash,Sunny
TXN-4993,2026-03-08,13:27,Puncak Alam,Espresso-based,Americano,1,9.0,9.0,QR,Sunny
TXN-4900,2026-03-08,13:32,Putrajaya,Milk-based,Mocha,1,12.0,12.0,Cash,Sunny
TXN-4994,2026-03-08,13:39,Puncak Alam,Milk-based,Mocha,3,12.0,36.0,QR,Sunny
TXN-4952,2026-03-08,13:58,Puncak Alam,Milk-based,Latte,1,11.0,11.0,QR,Sunny
TXN-4968,2026-03-08,14:04,Puncak Alam,Espresso-based,Americano,3,9.0,27.0,QR,Sunny
TXN-4921,2026-03-08,14:07,Putrajaya,Espresso-based,Americano,1,9.0,9.0,QR,Sunny
TXN-4988,2026-03-08,14:10,Puncak Alam,Milk-based,Caramel Macchiato,3,13.0,39.0,QR,Sunny
TXN-4913,2026-03-08,14:12,Putrajaya,Milk-based,Latte,1,11.0,11.0,Cash,Sunny
TXN-4947,2026-03-08,14:18,Puncak Alam,Espresso-based,Americano,1,9.0,9.0,QR,Sunny
TXN-4982,2026-03-08,14:28,Puncak Alam,Milk-based,Caramel Macchiato,2,13.0,26.0,QR,Sunny
TXN-5003,2026-03-08,14:39,Puncak Alam,Milk-based,Caramel Macchiato,1,13.0,13.0,QR,Sunny
TXN-4965,2026-03-08,14:42,Puncak Alam,Espresso-based,Americano,3,9.0,27.0,QR,Sunny
TXN-4955,2026-03-08,14:43,Puncak Alam,Milk-based,Latte,2,11.0,22.0,QR,Sunny
TXN-5005,2026-03-08,14:48,Puncak Alam,Espresso-based,Americano,2,9.0,18.0,QR,Sunny
TXN-5001,2026-03-08,14:49,Puncak Alam,Milk-based,Latte,1,11.0,11.0,Cash,Sunny
TXN-4892,2026-03-08,14:53,Putrajaya,Espresso-based,Espresso,1,7.0,7.0,Cash,Sunny
TXN-4915,2026-03-08,14:56,Putrajaya,Espresso-based,Americano,2,9.0,18.0,QR,Sunny
TXN-4962,2026-03-08,15:05,Puncak Alam,Milk-based,Latte,1,11.0,11.0,Cash,Sunny
TXN-4901,2026-03-08,15:10,Putrajaya,Ice Blended,Ice Blended Chocolate Chip,1,14.0,14.0,QR,Sunny
TXN-4999,2026-03-08,15:10,Puncak Alam,Milk-based,Caramel Macchiato,1,13.0,13.0,QR,Sunny
TXN-4912,2026-03-08,15:18,Putrajaya,Milk-based,Latte,1,11.0,11.0,QR,Sunny
TXN-4985,2026-03-08,15:32,Puncak Alam,Espresso-based,Espresso,2,7.0,14.0,Cash,Sunny
TXN-4888,2026-03-08,15:43,Putrajaya,Espresso-based,Espresso,1,7.0,7.0,QR,Sunny
TXN-4950,2026-03-08,15:51,Puncak Alam,Milk-based,Cappuccino,1,11.0,11.0,QR,Sunny
TXN-4990,2026-03-08,15:51,Puncak Alam,Milk-based,Latte,2,11.0,22.0,QR,Sunny
TXN-4895,2026-03-08,15:56,Putrajaya,Milk-based,Cappuccino,1,11.0,11.0,Cash,Sunny
TXN-4986,2026-03-08,16:17,Puncak Alam,Espresso-based,Americano,2,9.0,18.0,QR,Sunny
TXN-4935,2026-03-08,16:18,Puncak Alam,Milk-based,Latte,1,11.0,11.0,Cash,Sunny
TXN-4886,2026-03-08,16:19,Putrajaya,Milk-based,Cappuccino,2,11.0,22.0,Cash,Sunny
TXN-4943,2026-03-08,16:21,Puncak Alam,Milk-based,Mocha,1,12.0,12.0,QR,Sunny
TXN-4925,2026-03-08,16:34,Putrajaya,Ice Blended,Ice Blended Chocolate Chip,2,14.0,28.0,Cash,Sunny
TXN-4868,2026-03-08,16:39,Putrajaya,Ice Blended,Ice Blended Chocolate Chip,1,14.0,14.0,QR,Sunny
TXN-4966,2026-03-08,16:43,Puncak Alam,Milk-based,Latte,1,11.0,11.0,QR,Sunny
TXN-4863,2026-03-08,16:48,Putrajaya,Milk-based,Mocha,1,12.0,12.0,Cash,Sunny
TXN-4872,2026-03-08,16:53,Putrajaya,Milk-based,Mocha,1,12.0,12.0,QR,Sunny
TXN-4879,2026-03-08,16:53,Putrajaya,Milk-based,Cappuccino,1,11.0,11.0,Cash,Sunny
TXN-4953,2026-03-08,16:59,Puncak Alam,Milk-based,Mocha,2,12.0,24.0,QR,Sunny
TXN-4904,2026-03-08,17:00,Putrajaya,Milk-based,Mocha,1,12.0,12.0,QR,Sunny
TXN-4916,2026-03-08,17:01,Putrajaya,Espresso-based,Espresso,1,7.0,7.0,QR,Sunny
TXN-4957,2026-03-08,17:33,Puncak Alam,Ice Blended,Ice Blended Chocolate Chip,1,14.0,14.0,Cash,Sunny
TXN-4954,2026-03-08,17:35,Puncak Alam,Espresso-based,Espresso,1,7.0,7.0,Cash,Sunny
TXN-4914,2026-03-08,17:39,Putrajaya,Milk-based,Caramel Macchiato,1,13.0,13.0,Cash,Sunny
TXN-4875,2026-03-08,17:45,Putrajaya,Milk-based,Mocha,2,12.0,24.0,Cash,Sunny
TXN-4976,2026-03-08,17:51,Puncak Alam,Espresso-based,Espresso,1,7.0,7.0,QR,Sunny
TXN-4898,2026-03-08,17:52,Putrajaya,Milk-based,Caramel Macchiato,2,13.0,26.0,Cash,Sunny
TXN-4890,2026-03-08,17:53,Putrajaya,Milk-based,Latte,1,11.0,11.0,QR,Sunny
TXN-4969,2026-03-08,17:55,Puncak Alam,Milk-based,Caramel Macchiato,1,13.0,13.0,QR,Sunny
TXN-5008,2026-03-08,17:55,Puncak Alam,Milk-based,Cappuccino,4,11.0,44.0,QR,Sunny
TXN-4967,2026-03-08,17:57,Puncak Alam,Ice Blended,Ice Blended Chocolate Chip,1,14.0,14.0,QR,Sunny
TXN-4978,2026-03-08,17:58,Puncak Alam,Espresso-based,Americano,1,9.0,9.0,QR,Sunny
TXN-4940,2026-03-08,18:06,Puncak Alam,Milk-based,Mocha,1,12.0,12.0,QR,Sunny
TXN-4995,2026-03-08,18:10,Puncak Alam,Milk-based,Cappuccino,2,11.0,22.0,QR,Sunny
TXN-4924,2026-03-08,18:11,Putrajaya,Ice Blended,Ice Blended Chocolate Chip,1,14.0,14.0,QR,Sunny
TXN-4974,2026-03-08,18:14,Puncak Alam,Milk-based,Mocha,1,12.0,12.0,QR,Sunny
TXN-4870,2026-03-08,18:20,Putrajaya,Milk-based,Cappuccino,1,11.0,11.0,QR,Sunny
TXN-4919,2026-03-08,18:29,Putrajaya,Espresso-based,Americano,1,9.0,9.0,QR,Sunny
TXN-5009,2026-03-08,18:33,Puncak Alam,Milk-based,Latte,1,11.0,11.0,QR,Sunny
TXN-4920,2026-03-08,18:46,Putrajaya,Milk-based,Mocha,1,12.0,12.0,Cash,Sunny
TXN-4907,2026-03-08,19:14,Putrajaya,Espresso-based,Espresso,1,7.0,7.0,QR,Sunny
TXN-4977,2026-03-08,19:21,Puncak Alam,Milk-based,Cappuccino,1,11.0,11.0,QR,Sunny
TXN-4908,2026-03-08,19:23,Putrajaya,Ice Blended,Ice Blended Chocolate Chip,1,14.0,14.0,Cash,Sunny
TXN-4873,2026-03-08,19:34,Putrajaya,Ice Blended,Ice Blended Chocolate Chip,1,14.0,14.0,QR,Sunny
TXN-4878,2026-03-08,19:37,Putrajaya,Milk-based,Latte,1,11.0,11.0,QR,Sunny
TXN-4866,2026-03-08,19:38,Putrajaya,Milk-based,Latte,1,11.0,11.0,QR,Sunny
TXN-4991,2026-03-08,19:38,Puncak Alam,Ice Blended,Ice Blended Chocolate Chip,1,14.0,14.0,QR,Sunny
TXN-4937,2026-03-08,19:46,Puncak Alam,Milk-based,Mocha,1,12.0,12.0,QR,Sunny
TXN-4936,2026-03-08,19:53,Puncak Alam,Milk-based,Latte,2,11.0,22.0,QR,Sunny
TXN-4906,2026-03-08,20:10,Putrajaya,Espresso-based,Americano,1,9.0,9.0,QR,Sunny
TXN-4867,2026-03-08,20:14,Putrajaya,Ice Blended,Ice Blended Chocolate Chip,1,14.0,14.0,QR,Sunny
TXN-4905,2026-03-08,20:16,Putrajaya,Ice Blended,Ice Blended Chocolate Chip,1,14.0,14.0,Cash,Sunny
TXN-4934,2026-03-08,20:17,Puncak Alam,Milk-based,Mocha,3,12.0,36.0,QR,Sunny
TXN-4887,2026-03-08,20:18,Putrajaya,Ice Blended,Ice Blended Chocolate Chip,2,14.0,28.0,QR,Sunny
TXN-4864,2026-03-08,20:24,Putrajaya,Espresso-based,Espresso,1,7.0,7.0,QR,Sunny
TXN-4927,2026-03-08,20:34,Putrajaya,Espresso-based,Espresso,2,7.0,14.0,QR,Sunny
TXN-4998,2026-03-08,20:40,Puncak Alam,Milk-based,Latte,1,11.0,11.0,QR,Sunny
TXN-4891,2026-03-08,20:47,Putrajaya,Milk-based,Caramel Macchiato,1,13.0,13.0,QR,Sunny
TXN-4865,2026-03-08,20:56,Putrajaya,Ice Blended,Ice Blended Chocolate Chip,1,14.0,14.0,Cash,Sunny
TXN-5002,2026-03-08,20:58,Puncak Alam,Espresso-based,Americano,3,9.0,27.0,QR,Sunny
TXN-4996,2026-03-08,21:12,Puncak Alam,Milk-based,Latte,3,11.0,33.0,Cash,Sunny
TXN-4917,2026-03-08,21:30,Putrajaya,Espresso-based,Espresso,2,7.0,14.0,QR,Sunny
TXN-4938,2026-03-08,21:32,Puncak Alam,Espresso-based,Americano,1,9.0,9.0,QR,Sunny
TXN-4964,2026-03-08,21:34,Puncak Alam,Milk-based,Latte,1,11.0,11.0,QR,Sunny
TXN-4971,2026-03-08,21:34,Puncak Alam,Milk-based,Cappuccino,1,11.0,11.0,Cash,Sunny
TXN-4941,2026-03-08,21:36,Puncak Alam,Milk-based,Mocha,1,12.0,12.0,QR,Sunny
TXN-4909,2026-03-08,21:39,Putrajaya,Milk-based,Cappuccino,1,11.0,11.0,Cash,Sunny
TXN-4984,2026-03-08,21:39,Puncak Alam,Milk-based,Mocha,1,12.0,12.0,QR,Sunny
TXN-4979,2026-03-08,21:53,Puncak Alam,Milk-based,Latte,1,11.0,11.0,QR,Sunny
TXN-4929,2026-03-08,21:57,Putrajaya,Espresso-based,Americano,2,9.0,18.0,Cash,Sunny
TXN-5115,2026-03-09,08:02,Puncak Alam,Milk-based,Mocha,1,12.0,12.0,QR,Sunny
TXN-5108,2026-03-09,08:10,Puncak Alam,Espresso-based,Americano,2,9.0,18.0,QR,Sunny
TXN-5029,2026-03-09,08:24,Putrajaya,Milk-based,Cappuccino,1,11.0,11.0,QR,Sunny
TXN-5013,2026-03-09,08:46,Putrajaya,Milk-based,Caramel Macchiato,1,13.0,13.0,QR,Sunny
TXN-5062,2026-03-09,08:53,Putrajaya,Milk-based,Cappuccino,1,11.0,11.0,Cash,Sunny
TXN-5133,2026-03-09,08:56,Puncak Alam,Ice Blended,Ice Blended Chocolate Chip,1,14.0,14.0,Cash,Sunny
TXN-5091,2026-03-09,09:09,Puncak Alam,Ice Blended,Ice Blended Chocolate Chip,1,14.0,14.0,Cash,Sunny
TXN-5023,2026-03-09,09:11,Putrajaya,Milk-based,Caramel Macchiato,3,13.0,39.0,Cash,Sunny
TXN-5050,2026-03-09,09:15,Putrajaya,Milk-based,Mocha,2,12.0,24.0,Cash,Sunny
TXN-5028,2026-03-09,09:17,Putrajaya,Espresso-based,Espresso,1,7.0,7.0,QR,Sunny
TXN-5131,2026-03-09,09:17,Puncak Alam,Milk-based,Cappuccino,1,11.0,11.0,Cash,Sunny
TXN-5086,2026-03-09,09:39,Puncak Alam,Milk-based,Caramel Macchiato,1,13.0,13.0,QR,Sunny
TXN-5011,2026-03-09,09:40,Putrajaya,Ice Blended,Ice Blended Chocolate Chip,2,14.0,28.0,Cash,Sunny
TXN-5046,2026-03-09,09:40,Putrajaya,Milk-based,Mocha,1,12.0,12.0,QR,Sunny
TXN-5096,2026-03-09,09:40,Puncak Alam,Milk-based,Mocha,3,12.0,36.0,Cash,Sunny
TXN-5106,2026-03-09,09:43,Puncak Alam,Espresso-based,Americano,2,9.0,18.0,QR,Sunny
TXN-5030,2026-03-09,09:44,Putrajaya,Espresso-based,Americano,1,9.0,9.0,QR,Sunny
TXN-5082,2026-03-09,09:45,Putrajaya,Milk-based,Latte,1,11.0,11.0,Cash,Sunny
TXN-5018,2026-03-09,09:48,Putrajaya,Ice Blended,Ice Blended Chocolate Chip,1,14.0,14.0,Cash,Sunny
TXN-5039,2026-03-09,09:50,Putrajaya,Ice Blended,Ice Blended Chocolate Chip,1,14.0,14.0,Cash,Sunny
TXN-5016,2026-03-09,09:55,Putrajaya,Ice Blended,Ice Blended Chocolate Chip,1,14.0,14.0,QR,Sunny
TXN-5033,2026-03-09,09:55,Putrajaya,Milk-based,Caramel Macchiato,2,13.0,26.0,QR,Sunny
TXN-5037,2026-03-09,10:04,Putrajaya,Milk-based,Caramel Macchiato,2,13.0,26.0,QR,Sunny
TXN-5027,2026-03-09,10:08,Putrajaya,Espresso-based,Espresso,1,7.0,7.0,Cash,Sunny
TXN-5024,2026-03-09,10:21,Putrajaya,Espresso-based,Espresso,2,7.0,14.0,Cash,Sunny
TXN-5080,2026-03-09,10:26,Putrajaya,Milk-based,Latte,1,11.0,11.0,QR,Sunny
TXN-5014,2026-03-09,10:27,Putrajaya,Espresso-based,Espresso,1,7.0,7.0,Cash,Sunny
TXN-5092,2026-03-09,10:28,Puncak Alam,Ice Blended,Ice Blended Chocolate Chip,1,14.0,14.0,Cash,Sunny
TXN-5101,2026-03-09,10:47,Puncak Alam,Milk-based,Caramel Macchiato,2,13.0,26.0,Cash,Sunny
TXN-5055,2026-03-09,10:55,Putrajaya,Milk-based,Latte,2,11.0,22.0,Cash,Sunny
TXN-5054,2026-03-09,11:02,Putrajaya,Milk-based,Cappuccino,2,11.0,22.0,Cash,Sunny
TXN-5114,2026-03-09,11:14,Puncak Alam,Ice Blended,Ice Blended Chocolate Chip,1,14.0,14.0,QR,Sunny
TXN-5067,2026-03-09,11:22,Putrajaya,Milk-based,Caramel Macchiato,1,13.0,13.0,QR,Sunny
TXN-5098,2026-03-09,11:22,Puncak Alam,Milk-based,Cappuccino,1,11.0,11.0,Cash,Sunny
TXN-5095,2026-03-09,11:25,Puncak Alam,Milk-based,Latte,1,11.0,11.0,QR,Sunny
TXN-5113,2026-03-09,11:36,Puncak Alam,Milk-based,Latte,1,11.0,11.0,QR,Sunny
TXN-5105,2026-03-09,11:53,Puncak Alam,Milk-based,Latte,1,11.0,11.0,QR,Sunny
TXN-5124,2026-03-09,12:12,Puncak Alam,Milk-based,Latte,1,11.0,11.0,QR,Sunny
TXN-5052,2026-03-09,12:17,Putrajaya,Milk-based,Caramel Macchiato,1,13.0,13.0,QR,Sunny
TXN-5072,2026-03-09,12:21,Putrajaya,Milk-based,Mocha,3,12.0,36.0,QR,Sunny
TXN-5073,2026-03-09,12:21,Putrajaya,Espresso-based,Americano,1,9.0,9.0,QR,Sunny
TXN-5063,2026-03-09,12:44,Putrajaya,Milk-based,Latte,1,11.0,11.0,QR,Sunny
TXN-5022,2026-03-09,12:47,Putrajaya,Milk-based,Cappuccino,1,11.0,11.0,Cash,Sunny
TXN-5017,2026-03-09,12:49,Putrajaya,Milk-based,Mocha,1,12.0,12.0,QR,Sunny
TXN-5025,2026-03-09,12:50,Putrajaya,Milk-based,Caramel Macchiato,1,13.0,13.0,Cash,Sunny
TXN-5068,2026-03-09,12:51,Putrajaya,Espresso-based,Espresso,3,7.0,21.0,QR,Sunny
TXN-5134,2026-03-09,13:07,Puncak Alam,Espresso-based,Espresso,1,7.0,7.0,QR,Sunny
TXN-5084,2026-03-09,13:24,Putrajaya,Espresso-based,Espresso,3,7.0,21.0,QR,Sunny
TXN-5087,2026-03-09,13:25,Puncak Alam,Ice Blended,Ice Blended Chocolate Chip,1,14.0,14.0,Cash,Sunny
TXN-5065,2026-03-09,13:30,Putrajaya,Milk-based,Latte,1,11.0,11.0,QR,Sunny
TXN-5064,2026-03-09,13:34,Putrajaya,Ice Blended,Ice Blended Chocolate Chip,2,14.0,28.0,QR,Sunny
TXN-5056,2026-03-09,13:43,Putrajaya,Milk-based,Caramel Macchiato,1,13.0,13.0,Cash,Sunny
TXN-5034,2026-03-09,14:07,Putrajaya,Milk-based,Latte,1,11.0,11.0,Cash,Sunny
TXN-5048,2026-03-09,14:22,Putrajaya,Milk-based,Mocha,1,12.0,12.0,QR,Sunny
TXN-5060,2026-03-09,14:27,Putrajaya,Espresso-based,Americano,3,9.0,27.0,QR,Sunny
TXN-5061,2026-03-09,14:53,Putrajaya,Milk-based,Mocha,3,12.0,36.0,Cash,Sunny
TXN-5102,2026-03-09,14:54,Puncak Alam,Ice Blended,Ice Blended Chocolate Chip,4,14.0,56.0,QR,Sunny
TXN-5044,2026-03-09,14:57,Putrajaya,Milk-based,Cappuccino,1,11.0,11.0,Cash,Sunny
TXN-5078,2026-03-09,15:02,Putrajaya,Espresso-based,Americano,3,9.0,27.0,QR,Sunny
TXN-5012,2026-03-09,15:05,Putrajaya,Milk-based,Cappuccino,1,11.0,11.0,QR,Sunny
TXN-5066,2026-03-09,15:07,Putrajaya,Ice Blended,Ice Blended Chocolate Chip,1,14.0,14.0,QR,Sunny
TXN-5077,2026-03-09,15:10,Putrajaya,Espresso-based,Americano,1,9.0,9.0,QR,Sunny
TXN-5038,2026-03-09,15:11,Putrajaya,Milk-based,Cappuccino,1,11.0,11.0,QR,Sunny
TXN-5058,2026-03-09,15:12,Putrajaya,Milk-based,Cappuccino,1,11.0,11.0,QR,Sunny
TXN-5035,2026-03-09,15:28,Putrajaya,Ice Blended,Ice Blended Chocolate Chip,1,14.0,14.0,QR,Sunny
TXN-5042,2026-03-09,15:49,Putrajaya,Milk-based,Caramel Macchiato,1,13.0,13.0,QR,Sunny
TXN-5099,2026-03-09,15:49,Puncak Alam,Milk-based,Mocha,1,12.0,12.0,Cash,Sunny
TXN-5104,2026-03-09,15:56,Puncak Alam,Ice Blended,Ice Blended Chocolate Chip,1,14.0,14.0,Cash,Sunny
TXN-5118,2026-03-09,16:00,Puncak Alam,Milk-based,Cappuccino,2,11.0,22.0,QR,Sunny
TXN-5123,2026-03-09,16:08,Puncak Alam,Espresso-based,Americano,3,9.0,27.0,Cash,Sunny
TXN-5128,2026-03-09,16:14,Puncak Alam,Milk-based,Caramel Macchiato,1,13.0,13.0,QR,Sunny
TXN-5026,2026-03-09,16:18,Putrajaya,Milk-based,Mocha,4,12.0,48.0,QR,Sunny
TXN-5129,2026-03-09,16:19,Puncak Alam,Espresso-based,Espresso,3,7.0,21.0,Cash,Sunny
TXN-5121,2026-03-09,16:22,Puncak Alam,Espresso-based,Americano,2,9.0,18.0,QR,Sunny
TXN-5081,2026-03-09,16:27,Putrajaya,Milk-based,Latte,3,11.0,33.0,QR,Sunny
TXN-5117,2026-03-09,16:42,Puncak Alam,Milk-based,Latte,1,11.0,11.0,QR,Sunny
TXN-5057,2026-03-09,16:44,Putrajaya,Milk-based,Latte,1,11.0,11.0,QR,Sunny
TXN-5036,2026-03-09,16:46,Putrajaya,Milk-based,Mocha,1,12.0,12.0,QR,Sunny
TXN-5089,2026-03-09,16:54,Puncak Alam,Espresso-based,Americano,1,9.0,9.0,Cash,Sunny
TXN-5119,2026-03-09,17:00,Puncak Alam,Milk-based,Caramel Macchiato,1,13.0,13.0,Cash,Sunny
TXN-5093,2026-03-09,17:13,Puncak Alam,Ice Blended,Ice Blended Chocolate Chip,1,14.0,14.0,Cash,Sunny
TXN-5107,2026-03-09,17:15,Puncak Alam,Milk-based,Caramel Macchiato,2,13.0,26.0,QR,Sunny
TXN-5015,2026-03-09,17:17,Putrajaya,Ice Blended,Ice Blended Chocolate Chip,1,14.0,14.0,Cash,Sunny
TXN-5075,2026-03-09,17:24,Putrajaya,Espresso-based,Espresso,1,7.0,7.0,QR,Sunny
TXN-5020,2026-03-09,17:27,Putrajaya,Milk-based,Cappuccino,1,11.0,11.0,Cash,Sunny
TXN-5116,2026-03-09,17:42,Puncak Alam,Milk-based,Mocha,3,12.0,36.0,QR,Sunny
TXN-5120,2026-03-09,17:43,Puncak Alam,Milk-based,Caramel Macchiato,2,13.0,26.0,QR,Sunny
TXN-5070,2026-03-09,17:48,Putrajaya,Milk-based,Latte,1,11.0,11.0,QR,Sunny
TXN-5021,2026-03-09,18:01,Putrajaya,Espresso-based,Espresso,2,7.0,14.0,QR,Sunny
TXN-5132,2026-03-09,18:08,Puncak Alam,Ice Blended,Ice Blended Chocolate Chip,1,14.0,14.0,QR,Sunny
TXN-5090,2026-03-09,18:10,Puncak Alam,Milk-based,Latte,1,11.0,11.0,Cash,Sunny
TXN-5045,2026-03-09,18:12,Putrajaya,Espresso-based,Espresso,1,7.0,7.0,QR,Sunny
TXN-5032,2026-03-09,18:14,Putrajaya,Milk-based,Cappuccino,2,11.0,22.0,QR,Sunny
TXN-5126,2026-03-09,18:25,Puncak Alam,Milk-based,Latte,4,11.0,44.0,QR,Sunny
TXN-5112,2026-03-09,18:32,Puncak Alam,Espresso-based,Americano,1,9.0,9.0,Cash,Sunny
TXN-5076,2026-03-09,18:34,Putrajaya,Milk-based,Latte,1,11.0,11.0,QR,Sunny
TXN-5130,2026-03-09,18:38,Puncak Alam,Espresso-based,Americano,1,9.0,9.0,QR,Sunny
TXN-5010,2026-03-09,18:59,Putrajaya,Milk-based,Latte,1,11.0,11.0,QR,Sunny
TXN-5083,2026-03-09,19:04,Putrajaya,Milk-based,Mocha,2,12.0,24.0,Cash,Sunny
TXN-5019,2026-03-09,19:06,Putrajaya,Milk-based,Cappuccino,1,11.0,11.0,QR,Sunny
TXN-5047,2026-03-09,19:13,Putrajaya,Espresso-based,Americano,2,9.0,18.0,Cash,Sunny
TXN-5127,2026-03-09,19:16,Puncak Alam,Ice Blended,Ice Blended Chocolate Chip,2,14.0,28.0,Cash,Sunny
TXN-5071,2026-03-09,19:24,Putrajaya,Espresso-based,Espresso,1,7.0,7.0,Cash,Sunny
TXN-5079,2026-03-09,19:24,Putrajaya,Milk-based,Caramel Macchiato,1,13.0,13.0,QR,Sunny
TXN-5074,2026-03-09,19:25,Putrajaya,Ice Blended,Ice Blended Chocolate Chip,1,14.0,14.0,QR,Sunny
TXN-5053,2026-03-09,19:44,Putrajaya,Ice Blended,Ice Blended Chocolate Chip,1,14.0,14.0,Cash,Sunny
TXN-5094,2026-03-09,19:47,Puncak Alam,Milk-based,Latte,1,11.0,11.0,Cash,Sunny
TXN-5031,2026-03-09,19:53,Putrajaya,Milk-based,Cappuccino,1,11.0,11.0,QR,Sunny
TXN-5110,2026-03-09,20:19,Puncak Alam,Milk-based,Caramel Macchiato,3,13.0,39.0,QR,Sunny
TXN-5059,2026-03-09,20:22,Putrajaya,Espresso-based,Americano,1,9.0,9.0,Cash,Sunny
TXN-5051,2026-03-09,20:27,Putrajaya,Milk-based,Cappuccino,1,11.0,11.0,QR,Sunny
TXN-5097,2026-03-09,20:30,Puncak Alam,Ice Blended,Ice Blended Chocolate Chip,3,14.0,42.0,Cash,Sunny
TXN-5069,2026-03-09,20:31,Putrajaya,Espresso-based,Americano,1,9.0,9.0,QR,Sunny
TXN-5109,2026-03-09,20:39,Puncak Alam,Milk-based,Cappuccino,3,11.0,33.0,QR,Sunny
TXN-5085,2026-03-09,20:44,Putrajaya,Milk-based,Mocha,1,12.0,12.0,QR,Sunny
TXN-5043,2026-03-09,20:46,Putrajaya,Milk-based,Latte,1,11.0,11.0,QR,Sunny
TXN-5040,2026-03-09,21:12,Putrajaya,Milk-based,Caramel Macchiato,1,13.0,13.0,Cash,Sunny
TXN-5041,2026-03-09,21:13,Putrajaya,Milk-based,Caramel Macchiato,1,13.0,13.0,QR,Sunny
TXN-5100,2026-03-09,21:21,Puncak Alam,Milk-based,Caramel Macchiato,1,13.0,13.0,QR,Sunny
TXN-5049,2026-03-09,21:22,Putrajaya,Ice Blended,Ice Blended Chocolate Chip,3,14.0,42.0,Cash,Sunny
TXN-5122,2026-03-09,21:31,Puncak Alam,Milk-based,Mocha,1,12.0,12.0,QR,Sunny
TXN-5111,2026-03-09,21:45,Puncak Alam,Ice Blended,Ice Blended Chocolate Chip,2,14.0,28.0,QR,Sunny
TXN-5088,2026-03-09,21:49,Puncak Alam,Ice Blended,Ice Blended Chocolate Chip,2,14.0,28.0,QR,Sunny
TXN-5103,2026-03-09,21:52,Puncak Alam,Milk-based,Latte,1,11.0,11.0,Cash,Sunny
TXN-5125,2026-03-09,21:52,Puncak Alam,Milk-based,Latte,1,11.0,11.0,QR,Sunny
TXN-5136,2026-03-10,08:12,Putrajaya,Milk-based,Latte,1,11.0,11.0,QR,Sunny
TXN-5152,2026-03-10,08:13,Putrajaya,Ice Blended,Ice Blended Chocolate Chip,1,14.0,14.0,QR,Sunny
TXN-5157,2026-03-10,08:17,Putrajaya,Espresso-based,Americano,1,9.0,9.0,QR,Sunny
TXN-5168,2026-03-10,08:43,Putrajaya,Espresso-based,Espresso,1,7.0,7.0,QR,Sunny
TXN-5167,2026-03-10,08:46,Putrajaya,Milk-based,Caramel Macchiato,1,13.0,13.0,QR,Sunny
TXN-5270,2026-03-10,08:49,Puncak Alam,Espresso-based,Americano,3,9.0,27.0,QR,Cloudy
TXN-5283,2026-03-10,08:57,Puncak Alam,Espresso-based,Espresso,1,7.0,7.0,QR,Cloudy
TXN-5138,2026-03-10,09:00,Putrajaya,Espresso-based,Espresso,2,7.0,14.0,QR,Sunny
TXN-5143,2026-03-10,09:07,Putrajaya,Espresso-based,Espresso,1,7.0,7.0,QR,Sunny
TXN-5150,2026-03-10,09:07,Putrajaya,Espresso-based,Americano,3,9.0,27.0,QR,Sunny
TXN-5249,2026-03-10,09:12,Puncak Alam,Milk-based,Mocha,2,12.0,24.0,QR,Cloudy
TXN-5240,2026-03-10,09:14,Puncak Alam,Milk-based,Latte,1,11.0,11.0,QR,Cloudy
TXN-5223,2026-03-10,09:20,Puncak Alam,Ice Blended,Ice Blended Chocolate Chip,1,14.0,14.0,QR,Cloudy
TXN-5151,2026-03-10,09:34,Putrajaya,Espresso-based,Espresso,1,7.0,7.0,QR,Sunny
TXN-5207,2026-03-10,09:49,Putrajaya,Espresso-based,Americano,1,9.0,9.0,QR,Sunny
TXN-5224,2026-03-10,09:52,Puncak Alam,Milk-based,Caramel Macchiato,1,13.0,13.0,Cash,Cloudy
TXN-5204,2026-03-10,09:58,Putrajaya,Milk-based,Caramel Macchiato,1,13.0,13.0,Cash,Sunny
TXN-5268,2026-03-10,09:58,Puncak Alam,Ice Blended,Ice Blended Chocolate Chip,1,14.0,14.0,QR,Cloudy
TXN-5237,2026-03-10,10:01,Puncak Alam,Milk-based,Mocha,1,12.0,12.0,QR,Cloudy
TXN-5247,2026-03-10,10:03,Puncak Alam,Espresso-based,Americano,1,9.0,9.0,QR,Cloudy
TXN-5140,2026-03-10,10:13,Putrajaya,Milk-based,Caramel Macchiato,2,13.0,26.0,QR,Sunny
TXN-5203,2026-03-10,10:14,Putrajaya,Milk-based,Caramel Macchiato,1,13.0,13.0,QR,Sunny
TXN-5225,2026-03-10,10:22,Puncak Alam,Espresso-based,Espresso,2,7.0,14.0,Cash,Cloudy
TXN-5229,2026-03-10,10:26,Puncak Alam,Milk-based,Cappuccino,1,11.0,11.0,QR,Cloudy
TXN-5202,2026-03-10,10:30,Putrajaya,Espresso-based,Americano,1,9.0,9.0,QR,Sunny
TXN-5211,2026-03-10,10:32,Putrajaya,Milk-based,Mocha,1,12.0,12.0,QR,Sunny
TXN-5239,2026-03-10,10:34,Puncak Alam,Espresso-based,Espresso,1,7.0,7.0,QR,Cloudy
TXN-5244,2026-03-10,10:37,Puncak Alam,Milk-based,Latte,1,11.0,11.0,QR,Cloudy
TXN-5254,2026-03-10,10:38,Puncak Alam,Milk-based,Latte,1,11.0,11.0,QR,Cloudy
TXN-5201,2026-03-10,10:39,Putrajaya,Milk-based,Caramel Macchiato,1,13.0,13.0,QR,Sunny
TXN-5281,2026-03-10,10:39,Puncak Alam,Milk-based,Latte,1,11.0,11.0,QR,Cloudy
TXN-5232,2026-03-10,10:51,Puncak Alam,Ice Blended,Ice Blended Chocolate Chip,1,14.0,14.0,Cash,Cloudy
TXN-5165,2026-03-10,10:52,Putrajaya,Milk-based,Cappuccino,2,11.0,22.0,QR,Sunny
TXN-5208,2026-03-10,10:52,Putrajaya,Milk-based,Mocha,1,12.0,12.0,QR,Sunny
TXN-5195,2026-03-10,10:53,Putrajaya,Milk-based,Cappuccino,3,11.0,33.0,Cash,Sunny
TXN-5265,2026-03-10,10:53,Puncak Alam,Milk-based,Caramel Macchiato,2,13.0,26.0,QR,Cloudy
TXN-5209,2026-03-10,11:06,Putrajaya,Espresso-based,Espresso,2,7.0,14.0,QR,Sunny
TXN-5194,2026-03-10,11:07,Putrajaya,Milk-based,Latte,2,11.0,22.0,Cash,Sunny
TXN-5228,2026-03-10,11:22,Puncak Alam,Milk-based,Cappuccino,1,11.0,11.0,Cash,Cloudy
TXN-5188,2026-03-10,11:31,Putrajaya,Espresso-based,Espresso,1,7.0,7.0,Cash,Sunny
TXN-5258,2026-03-10,11:31,Puncak Alam,Espresso-based,Espresso,1,7.0,7.0,QR,Cloudy
TXN-5184,2026-03-10,11:37,Putrajaya,Ice Blended,Ice Blended Chocolate Chip,3,14.0,42.0,Cash,Sunny
TXN-5266,2026-03-10,11:50,Puncak Alam,Milk-based,Mocha,1,12.0,12.0,QR,Cloudy
TXN-5189,2026-03-10,11:56,Putrajaya,Espresso-based,Espresso,3,7.0,21.0,QR,Sunny
TXN-5187,2026-03-10,11:58,Putrajaya,Espresso-based,Americano,1,9.0,9.0,Cash,Sunny
TXN-5193,2026-03-10,11:58,Putrajaya,Ice Blended,Ice Blended Chocolate Chip,1,14.0,14.0,QR,Sunny
TXN-5175,2026-03-10,12:02,Putrajaya,Milk-based,Mocha,1,12.0,12.0,Cash,Sunny
TXN-5181,2026-03-10,12:03,Putrajaya,Milk-based,Mocha,1,12.0,12.0,QR,Sunny
TXN-5154,2026-03-10,12:10,Putrajaya,Milk-based,Mocha,1,12.0,12.0,QR,Sunny
TXN-5242,2026-03-10,12:14,Puncak Alam,Espresso-based,Espresso,1,7.0,7.0,QR,Cloudy
TXN-5241,2026-03-10,12:19,Puncak Alam,Espresso-based,Americano,1,9.0,9.0,Cash,Cloudy
TXN-5285,2026-03-10,12:26,Puncak Alam,Milk-based,Mocha,1,12.0,12.0,QR,Cloudy
TXN-5158,2026-03-10,12:35,Putrajaya,Milk-based,Caramel Macchiato,1,13.0,13.0,QR,Sunny
TXN-5156,2026-03-10,12:37,Putrajaya,Espresso-based,Americano,1,9.0,9.0,QR,Sunny
TXN-5144,2026-03-10,12:42,Putrajaya,Ice Blended,Ice Blended Chocolate Chip,2,14.0,28.0,Cash,Sunny
TXN-5278,2026-03-10,12:47,Puncak Alam,Ice Blended,Ice Blended Chocolate Chip,1,14.0,14.0,QR,Cloudy
TXN-5180,2026-03-10,12:53,Putrajaya,Ice Blended,Ice Blended Chocolate Chip,3,14.0,42.0,QR,Sunny
TXN-5243,2026-03-10,13:09,Puncak Alam,Milk-based,Latte,1,11.0,11.0,QR,Cloudy
TXN-5253,2026-03-10,13:28,Puncak Alam,Milk-based,Caramel Macchiato,1,13.0,13.0,QR,Cloudy
TXN-5226,2026-03-10,13:29,Puncak Alam,Milk-based,Cappuccino,1,11.0,11.0,QR,Cloudy
TXN-5173,2026-03-10,13:33,Putrajaya,Milk-based,Caramel Macchiato,1,13.0,13.0,Cash,Sunny
TXN-5159,2026-03-10,13:58,Putrajaya,Milk-based,Cappuccino,1,11.0,11.0,Cash,Sunny
TXN-5274,2026-03-10,13:59,Puncak Alam,Espresso-based,Americano,2,9.0,18.0,QR,Cloudy
TXN-5148,2026-03-10,14:10,Putrajaya,Milk-based,Caramel Macchiato,1,13.0,13.0,Cash,Sunny
TXN-5153,2026-03-10,14:10,Putrajaya,Ice Blended,Ice Blended Chocolate Chip,1,14.0,14.0,QR,Sunny
TXN-5206,2026-03-10,14:12,Putrajaya,Milk-based,Caramel Macchiato,1,13.0,13.0,QR,Sunny
TXN-5248,2026-03-10,14:22,Puncak Alam,Milk-based,Caramel Macchiato,1,13.0,13.0,QR,Cloudy
TXN-5280,2026-03-10,14:22,Puncak Alam,Ice Blended,Ice Blended Chocolate Chip,2,14.0,28.0,QR,Cloudy
TXN-5161,2026-03-10,14:31,Putrajaya,Milk-based,Cappuccino,2,11.0,22.0,QR,Sunny
TXN-5255,2026-03-10,14:39,Puncak Alam,Espresso-based,Americano,1,9.0,9.0,QR,Cloudy
TXN-5205,2026-03-10,14:43,Putrajaya,Milk-based,Mocha,1,12.0,12.0,QR,Sunny
TXN-5147,2026-03-10,15:02,Putrajaya,Espresso-based,Americano,1,9.0,9.0,QR,Sunny
TXN-5183,2026-03-10,15:06,Putrajaya,Milk-based,Latte,1,11.0,11.0,QR,Sunny
TXN-5164,2026-03-10,15:09,Putrajaya,Milk-based,Caramel Macchiato,1,13.0,13.0,QR,Sunny
TXN-5196,2026-03-10,15:11,Putrajaya,Milk-based,Cappuccino,1,11.0,11.0,Cash,Sunny
TXN-5174,2026-03-10,15:19,Putrajaya,Milk-based,Latte,1,11.0,11.0,Cash,Sunny
TXN-5170,2026-03-10,15:22,Putrajaya,Espresso-based,Americano,1,9.0,9.0,Cash,Sunny
TXN-5139,2026-03-10,15:26,Putrajaya,Milk-based,Caramel Macchiato,1,13.0,13.0,QR,Sunny
TXN-5172,2026-03-10,15:26,Putrajaya,Espresso-based,Espresso,1,7.0,7.0,QR,Sunny
TXN-5217,2026-03-10,15:26,Puncak Alam,Milk-based,Mocha,1,12.0,12.0,Cash,Cloudy
TXN-5263,2026-03-10,15:30,Puncak Alam,Milk-based,Cappuccino,2,11.0,22.0,Cash,Cloudy
TXN-5192,2026-03-10,15:35,Putrajaya,Ice Blended,Ice Blended Chocolate Chip,1,14.0,14.0,QR,Sunny
TXN-5163,2026-03-10,15:41,Putrajaya,Espresso-based,Americano,2,9.0,18.0,Cash,Sunny
TXN-5171,2026-03-10,15:41,Putrajaya,Milk-based,Latte,1,11.0,11.0,Cash,Sunny
TXN-5222,2026-03-10,15:49,Puncak Alam,Espresso-based,Americano,1,9.0,9.0,QR,Cloudy
TXN-5276,2026-03-10,15:53,Puncak Alam,Espresso-based,Espresso,3,7.0,21.0,QR,Cloudy
TXN-5216,2026-03-10,15:54,Puncak Alam,Milk-based,Latte,2,11.0,22.0,Cash,Cloudy
TXN-5215,2026-03-10,16:03,Puncak Alam,Milk-based,Latte,1,11.0,11.0,QR,Cloudy
TXN-5238,2026-03-10,16:14,Puncak Alam,Milk-based,Mocha,1,12.0,12.0,Cash,Cloudy
TXN-5251,2026-03-10,16:15,Puncak Alam,Milk-based,Caramel Macchiato,1,13.0,13.0,QR,Cloudy
TXN-5256,2026-03-10,16:20,Puncak Alam,Milk-based,Cappuccino,2,11.0,22.0,Cash,Cloudy
TXN-5145,2026-03-10,16:21,Putrajaya,Milk-based,Latte,1,11.0,11.0,Cash,Sunny
TXN-5279,2026-03-10,16:23,Puncak Alam,Milk-based,Mocha,1,12.0,12.0,QR,Cloudy
TXN-5272,2026-03-10,16:42,Puncak Alam,Espresso-based,Espresso,1,7.0,7.0,Cash,Cloudy
TXN-5227,2026-03-10,16:49,Puncak Alam,Espresso-based,Espresso,1,7.0,7.0,QR,Cloudy
TXN-5231,2026-03-10,16:50,Puncak Alam,Ice Blended,Ice Blended Chocolate Chip,1,14.0,14.0,QR,Cloudy
TXN-5252,2026-03-10,16:53,Puncak Alam,Milk-based,Caramel Macchiato,2,13.0,26.0,QR,Cloudy
TXN-5137,2026-03-10,16:58,Putrajaya,Espresso-based,Americano,1,9.0,9.0,QR,Sunny
TXN-5277,2026-03-10,17:01,Puncak Alam,Espresso-based,Espresso,1,7.0,7.0,QR,Cloudy
TXN-5186,2026-03-10,17:23,Putrajaya,Ice Blended,Ice Blended Chocolate Chip,1,14.0,14.0,Cash,Sunny
TXN-5267,2026-03-10,17:29,Puncak Alam,Espresso-based,Americano,1,9.0,9.0,QR,Cloudy
TXN-5177,2026-03-10,17:34,Putrajaya,Milk-based,Cappuccino,1,11.0,11.0,QR,Sunny
TXN-5199,2026-03-10,17:39,Putrajaya,Milk-based,Cappuccino,1,11.0,11.0,Cash,Sunny
TXN-5236,2026-03-10,17:53,Puncak Alam,Espresso-based,Americano,1,9.0,9.0,QR,Cloudy
TXN-5146,2026-03-10,17:59,Putrajaya,Milk-based,Caramel Macchiato,1,13.0,13.0,QR,Sunny
TXN-5198,2026-03-10,17:59,Putrajaya,Milk-based,Caramel Macchiato,3,13.0,39.0,QR,Sunny
TXN-5273,2026-03-10,18:05,Puncak Alam,Milk-based,Cappuccino,1,11.0,11.0,QR,Cloudy
TXN-5162,2026-03-10,18:06,Putrajaya,Ice Blended,Ice Blended Chocolate Chip,1,14.0,14.0,Cash,Sunny
TXN-5214,2026-03-10,18:10,Puncak Alam,Milk-based,Latte,1,11.0,11.0,QR,Cloudy
TXN-5197,2026-03-10,18:33,Putrajaya,Ice Blended,Ice Blended Chocolate Chip,1,14.0,14.0,QR,Sunny
TXN-5257,2026-03-10,18:39,Puncak Alam,Espresso-based,Espresso,4,7.0,28.0,QR,Cloudy
TXN-5191,2026-03-10,18:42,Putrajaya,Ice Blended,Ice Blended Chocolate Chip,2,14.0,28.0,QR,Sunny
TXN-5246,2026-03-10,18:42,Puncak Alam,Espresso-based,Espresso,2,7.0,14.0,QR,Cloudy
TXN-5234,2026-03-10,18:59,Puncak Alam,Milk-based,Caramel Macchiato,1,13.0,13.0,QR,Cloudy
TXN-5166,2026-03-10,19:03,Putrajaya,Milk-based,Latte,2,11.0,22.0,QR,Sunny
TXN-5185,2026-03-10,19:10,Putrajaya,Ice Blended,Ice Blended Chocolate Chip,1,14.0,14.0,QR,Sunny
TXN-5141,2026-03-10,19:11,Putrajaya,Milk-based,Mocha,1,12.0,12.0,QR,Sunny
TXN-5284,2026-03-10,19:14,Puncak Alam,Ice Blended,Ice Blended Chocolate Chip,1,14.0,14.0,QR,Cloudy
TXN-5264,2026-03-10,19:17,Puncak Alam,Ice Blended,Ice Blended Chocolate Chip,1,14.0,14.0,Cash,Cloudy
TXN-5178,2026-03-10,19:18,Putrajaya,Espresso-based,Espresso,1,7.0,7.0,QR,Sunny
TXN-5275,2026-03-10,19:27,Puncak Alam,Milk-based,Caramel Macchiato,1,13.0,13.0,QR,Cloudy
TXN-5219,2026-03-10,19:36,Puncak Alam,Milk-based,Latte,3,11.0,33.0,Cash,Cloudy
TXN-5135,2026-03-10,19:37,Putrajaya,Ice Blended,Ice Blended Chocolate Chip,2,14.0,28.0,QR,Sunny
TXN-5233,2026-03-10,19:47,Puncak Alam,Ice Blended,Ice Blended Chocolate Chip,3,14.0,42.0,QR,Cloudy
TXN-5262,2026-03-10,19:53,Puncak Alam,Ice Blended,Ice Blended Chocolate Chip,1,14.0,14.0,Cash,Cloudy
TXN-5230,2026-03-10,19:59,Puncak Alam,Milk-based,Cappuccino,1,11.0,11.0,Cash,Cloudy
TXN-5213,2026-03-10,20:03,Putrajaya,Milk-based,Latte,1,11.0,11.0,Cash,Sunny
TXN-5218,2026-03-10,20:03,Puncak Alam,Milk-based,Latte,2,11.0,22.0,Cash,Cloudy
TXN-5210,2026-03-10,20:06,Putrajaya,Milk-based,Latte,1,11.0,11.0,QR,Sunny
TXN-5149,2026-03-10,20:09,Putrajaya,Ice Blended,Ice Blended Chocolate Chip,1,14.0,14.0,QR,Sunny
TXN-5235,2026-03-10,20:09,Puncak Alam,Espresso-based,Espresso,2,7.0,14.0,QR,Cloudy
TXN-5220,2026-03-10,20:10,Puncak Alam,Espresso-based,Espresso,1,7.0,7.0,QR,Cloudy
TXN-5176,2026-03-10,20:17,Putrajaya,Milk-based,Mocha,3,12.0,36.0,QR,Sunny
TXN-5259,2026-03-10,20:30,Puncak Alam,Milk-based,Latte,1,11.0,11.0,QR,Cloudy
TXN-5190,2026-03-10,20:32,Putrajaya,Espresso-based,Americano,1,9.0,9.0,QR,Sunny
TXN-5269,2026-03-10,20:37,Puncak Alam,Espresso-based,Espresso,3,7.0,21.0,QR,Cloudy
TXN-5155,2026-03-10,20:39,Putrajaya,Milk-based,Mocha,1,12.0,12.0,QR,Sunny
TXN-5179,2026-03-10,20:46,Putrajaya,Milk-based,Latte,1,11.0,11.0,QR,Sunny
TXN-5271,2026-03-10,20:47,Puncak Alam,Milk-based,Mocha,1,12.0,12.0,QR,Cloudy
TXN-5169,2026-03-10,20:51,Putrajaya,Milk-based,Latte,3,11.0,33.0,QR,Sunny
TXN-5260,2026-03-10,20:53,Puncak Alam,Milk-based,Caramel Macchiato,3,13.0,39.0,QR,Cloudy
TXN-5221,2026-03-10,20:55,Puncak Alam,Milk-based,Mocha,3,12.0,36.0,QR,Cloudy
TXN-5261,2026-03-10,20:59,Puncak Alam,Espresso-based,Espresso,1,7.0,7.0,Cash,Cloudy
TXN-5160,2026-03-10,21:00,Putrajaya,Milk-based,Caramel Macchiato,1,13.0,13.0,QR,Sunny
TXN-5245,2026-03-10,21:13,Puncak Alam,Milk-based,Latte,1,11.0,11.0,QR,Cloudy
TXN-5200,2026-03-10,21:14,Putrajaya,Milk-based,Cappuccino,1,11.0,11.0,QR,Sunny
TXN-5282,2026-03-10,21:15,Puncak Alam,Milk-based,Cappuccino,1,11.0,11.0,QR,Cloudy
TXN-5142,2026-03-10,21:34,Putrajaya,Milk-based,Cappuccino,2,11.0,22.0,QR,Sunny
TXN-5212,2026-03-10,21:42,Putrajaya,Milk-based,Cappuccino,1,11.0,11.0,QR,Sunny
TXN-5182,2026-03-10,21:54,Putrajaya,Milk-based,Latte,1,11.0,11.0,Cash,Sunny
TXN-5250,2026-03-10,21:54,Puncak Alam,Espresso-based,Espresso,1,7.0,7.0,QR,Cloudy
TXN-5404,2026-03-11,08:09,Puncak Alam,Ice Blended,Ice Blended Chocolate Chip,1,14.0,14.0,QR,Sunny
TXN-5402,2026-03-11,08:12,Puncak Alam,Milk-based,Cappuccino,2,11.0,22.0,QR,Sunny
TXN-5389,2026-03-11,08:22,Puncak Alam,Espresso-based,Espresso,1,7.0,7.0,QR,Sunny
TXN-5336,2026-03-11,08:27,Puncak Alam,Milk-based,Cappuccino,1,11.0,11.0,Cash,Sunny
TXN-5313,2026-03-11,08:28,Putrajaya,Milk-based,Mocha,2,12.0,24.0,QR,Cloudy
TXN-5393,2026-03-11,08:40,Puncak Alam,Milk-based,Mocha,1,12.0,12.0,QR,Sunny
TXN-5409,2026-03-11,08:40,Puncak Alam,Milk-based,Caramel Macchiato,1,13.0,13.0,Cash,Sunny
TXN-5380,2026-03-11,08:50,Puncak Alam,Milk-based,Mocha,1,12.0,12.0,QR,Sunny
TXN-5312,2026-03-11,09:23,Putrajaya,Espresso-based,Espresso,2,7.0,14.0,QR,Cloudy
TXN-5309,2026-03-11,09:28,Putrajaya,Ice Blended,Ice Blended Chocolate Chip,1,14.0,14.0,QR,Cloudy
TXN-5310,2026-03-11,09:28,Putrajaya,Milk-based,Latte,1,11.0,11.0,QR,Cloudy
TXN-5359,2026-03-11,09:31,Puncak Alam,Ice Blended,Ice Blended Chocolate Chip,1,14.0,14.0,Cash,Sunny
TXN-5355,2026-03-11,09:36,Puncak Alam,Ice Blended,Ice Blended Chocolate Chip,3,14.0,42.0,Cash,Sunny
TXN-5377,2026-03-11,09:37,Puncak Alam,Ice Blended,Ice Blended Chocolate Chip,1,14.0,14.0,QR,Sunny
TXN-5328,2026-03-11,09:39,Putrajaya,Milk-based,Cappuccino,1,11.0,11.0,QR,Cloudy
TXN-5289,2026-03-11,09:43,Putrajaya,Milk-based,Latte,1,11.0,11.0,Cash,Cloudy
TXN-5384,2026-03-11,09:55,Puncak Alam,Ice Blended,Ice Blended Chocolate Chip,1,14.0,14.0,QR,Sunny
TXN-5350,2026-03-11,10:06,Puncak Alam,Milk-based,Caramel Macchiato,1,13.0,13.0,Cash,Sunny
TXN-5369,2026-03-11,10:15,Puncak Alam,Milk-based,Caramel Macchiato,1,13.0,13.0,QR,Sunny
TXN-5329,2026-03-11,10:37,Putrajaya,Milk-based,Mocha,1,12.0,12.0,QR,Cloudy
TXN-5314,2026-03-11,10:51,Putrajaya,Milk-based,Caramel Macchiato,1,13.0,13.0,QR,Cloudy
TXN-5343,2026-03-11,10:54,Puncak Alam,Milk-based,Caramel Macchiato,1,13.0,13.0,QR,Sunny
TXN-5356,2026-03-11,10:59,Puncak Alam,Milk-based,Cappuccino,1,11.0,11.0,QR,Sunny
TXN-5334,2026-03-11,11:01,Putrajaya,Espresso-based,Espresso,1,7.0,7.0,QR,Cloudy
TXN-5362,2026-03-11,11:03,Puncak Alam,Ice Blended,Ice Blended Chocolate Chip,1,14.0,14.0,QR,Sunny
TXN-5286,2026-03-11,11:21,Putrajaya,Espresso-based,Americano,4,9.0,36.0,QR,Cloudy
TXN-5308,2026-03-11,11:26,Putrajaya,Ice Blended,Ice Blended Chocolate Chip,1,14.0,14.0,QR,Cloudy
TXN-5399,2026-03-11,11:27,Puncak Alam,Milk-based,Mocha,1,12.0,12.0,QR,Sunny
TXN-5375,2026-03-11,11:39,Puncak Alam,Milk-based,Caramel Macchiato,1,13.0,13.0,Cash,Sunny
TXN-5321,2026-03-11,11:43,Putrajaya,Milk-based,Mocha,1,12.0,12.0,QR,Cloudy
TXN-5337,2026-03-11,11:44,Puncak Alam,Espresso-based,Espresso,1,7.0,7.0,QR,Sunny
TXN-5364,2026-03-11,11:56,Puncak Alam,Espresso-based,Americano,3,9.0,27.0,Cash,Sunny
TXN-5319,2026-03-11,12:13,Putrajaya,Milk-based,Caramel Macchiato,1,13.0,13.0,QR,Cloudy
TXN-5306,2026-03-11,12:16,Putrajaya,Ice Blended,Ice Blended Chocolate Chip,1,14.0,14.0,QR,Cloudy
TXN-5361,2026-03-11,12:22,Puncak Alam,Espresso-based,Americano,2,9.0,18.0,QR,Sunny
TXN-5295,2026-03-11,12:27,Putrajaya,Milk-based,Latte,1,11.0,11.0,QR,Cloudy
TXN-5317,2026-03-11,12:44,Putrajaya,Milk-based,Latte,2,11.0,22.0,Cash,Cloudy
TXN-5357,2026-03-11,12:51,Puncak Alam,Ice Blended,Ice Blended Chocolate Chip,1,14.0,14.0,QR,Sunny
TXN-5330,2026-03-11,13:19,Putrajaya,Espresso-based,Espresso,1,7.0,7.0,QR,Cloudy
TXN-5403,2026-03-11,13:35,Puncak Alam,Espresso-based,Espresso,3,7.0,21.0,QR,Sunny
TXN-5378,2026-03-11,13:38,Puncak Alam,Milk-based,Caramel Macchiato,3,13.0,39.0,QR,Sunny
TXN-5383,2026-03-11,13:48,Puncak Alam,Espresso-based,Americano,1,9.0,9.0,QR,Sunny
TXN-5348,2026-03-11,13:52,Puncak Alam,Milk-based,Mocha,1,12.0,12.0,QR,Sunny
TXN-5322,2026-03-11,13:54,Putrajaya,Milk-based,Latte,1,11.0,11.0,QR,Cloudy
TXN-5347,2026-03-11,13:59,Puncak Alam,Milk-based,Cappuccino,1,11.0,11.0,QR,Sunny
TXN-5338,2026-03-11,14:05,Puncak Alam,Espresso-based,Americano,1,9.0,9.0,QR,Sunny
TXN-5293,2026-03-11,14:12,Putrajaya,Milk-based,Latte,1,11.0,11.0,QR,Cloudy
TXN-5400,2026-03-11,14:23,Puncak Alam,Espresso-based,Americano,1,9.0,9.0,QR,Sunny
TXN-5320,2026-03-11,14:33,Putrajaya,Espresso-based,Espresso,3,7.0,21.0,QR,Cloudy
TXN-5373,2026-03-11,14:39,Puncak Alam,Espresso-based,Americano,1,9.0,9.0,QR,Sunny
TXN-5345,2026-03-11,14:48,Puncak Alam,Milk-based,Latte,2,11.0,22.0,Cash,Sunny
TXN-5287,2026-03-11,14:50,Putrajaya,Ice Blended,Ice Blended Chocolate Chip,1,14.0,14.0,Cash,Cloudy
TXN-5335,2026-03-11,14:52,Putrajaya,Milk-based,Latte,1,11.0,11.0,QR,Cloudy
TXN-5307,2026-03-11,14:56,Putrajaya,Milk-based,Caramel Macchiato,1,13.0,13.0,QR,Cloudy
TXN-5346,2026-03-11,15:00,Puncak Alam,Espresso-based,Americano,1,9.0,9.0,QR,Sunny
TXN-5370,2026-03-11,15:03,Puncak Alam,Ice Blended,Ice Blended Chocolate Chip,1,14.0,14.0,Cash,Sunny
TXN-5291,2026-03-11,15:05,Putrajaya,Milk-based,Caramel Macchiato,1,13.0,13.0,Cash,Cloudy
TXN-5299,2026-03-11,15:12,Putrajaya,Milk-based,Mocha,1,12.0,12.0,QR,Cloudy
TXN-5311,2026-03-11,15:19,Putrajaya,Ice Blended,Ice Blended Chocolate Chip,1,14.0,14.0,QR,Cloudy
TXN-5354,2026-03-11,15:20,Puncak Alam,Milk-based,Mocha,3,12.0,36.0,Cash,Sunny
TXN-5304,2026-03-11,15:36,Putrajaya,Milk-based,Caramel Macchiato,2,13.0,26.0,QR,Cloudy
TXN-5290,2026-03-11,15:57,Putrajaya,Ice Blended,Ice Blended Chocolate Chip,1,14.0,14.0,QR,Cloudy
TXN-5292,2026-03-11,15:58,Putrajaya,Milk-based,Cappuccino,1,11.0,11.0,QR,Cloudy
TXN-5394,2026-03-11,16:16,Puncak Alam,Milk-based,Caramel Macchiato,1,13.0,13.0,QR,Sunny
TXN-5332,2026-03-11,16:22,Putrajaya,Espresso-based,Americano,4,9.0,36.0,QR,Cloudy
TXN-5401,2026-03-11,16:32,Puncak Alam,Milk-based,Cappuccino,2,11.0,22.0,Cash,Sunny
TXN-5395,2026-03-11,16:43,Puncak Alam,Milk-based,Latte,2,11.0,22.0,QR,Sunny
TXN-5300,2026-03-11,16:45,Putrajaya,Milk-based,Cappuccino,1,11.0,11.0,Cash,Cloudy
TXN-5379,2026-03-11,16:49,Puncak Alam,Espresso-based,Espresso,1,7.0,7.0,QR,Sunny
TXN-5303,2026-03-11,16:56,Putrajaya,Milk-based,Latte,1,11.0,11.0,Cash,Cloudy
TXN-5339,2026-03-11,16:57,Puncak Alam,Espresso-based,Espresso,1,7.0,7.0,QR,Sunny
TXN-5352,2026-03-11,17:01,Puncak Alam,Milk-based,Latte,3,11.0,33.0,QR,Sunny
TXN-5381,2026-03-11,17:06,Puncak Alam,Milk-based,Caramel Macchiato,1,13.0,13.0,QR,Sunny
TXN-5365,2026-03-11,17:10,Puncak Alam,Ice Blended,Ice Blended Chocolate Chip,1,14.0,14.0,QR,Sunny
TXN-5353,2026-03-11,17:24,Puncak Alam,Espresso-based,Americano,2,9.0,18.0,Cash,Sunny
TXN-5318,2026-03-11,17:30,Putrajaya,Ice Blended,Ice Blended Chocolate Chip,1,14.0,14.0,QR,Cloudy
TXN-5305,2026-03-11,17:40,Putrajaya,Ice Blended,Ice Blended Chocolate Chip,2,14.0,28.0,QR,Cloudy
TXN-5410,2026-03-11,17:49,Puncak Alam,Espresso-based,Americano,1,9.0,9.0,Cash,Sunny
TXN-5333,2026-03-11,17:55,Putrajaya,Espresso-based,Espresso,1,7.0,7.0,QR,Cloudy
TXN-5382,2026-03-11,17:56,Puncak Alam,Ice Blended,Ice Blended Chocolate Chip,1,14.0,14.0,Cash,Sunny
TXN-5360,2026-03-11,18:00,Puncak Alam,Milk-based,Caramel Macchiato,1,13.0,13.0,QR,Sunny
TXN-5325,2026-03-11,18:06,Putrajaya,Espresso-based,Espresso,1,7.0,7.0,QR,Cloudy
TXN-5411,2026-03-11,18:08,Puncak Alam,Milk-based,Cappuccino,1,11.0,11.0,QR,Sunny
TXN-5358,2026-03-11,18:14,Puncak Alam,Milk-based,Latte,2,11.0,22.0,QR,Sunny
TXN-5367,2026-03-11,18:14,Puncak Alam,Milk-based,Mocha,2,12.0,24.0,Cash,Sunny
TXN-5344,2026-03-11,18:23,Puncak Alam,Espresso-based,Americano,2,9.0,18.0,QR,Sunny
TXN-5294,2026-03-11,18:32,Putrajaya,Milk-based,Cappuccino,1,11.0,11.0,Cash,Cloudy
TXN-5392,2026-03-11,19:01,Puncak Alam,Milk-based,Latte,1,11.0,11.0,Cash,Sunny
TXN-5371,2026-03-11,19:14,Puncak Alam,Milk-based,Mocha,1,12.0,12.0,QR,Sunny
TXN-5385,2026-03-11,19:16,Puncak Alam,Milk-based,Mocha,1,12.0,12.0,Cash,Sunny
TXN-5341,2026-03-11,19:21,Puncak Alam,Espresso-based,Espresso,1,7.0,7.0,QR,Sunny
TXN-5376,2026-03-11,19:22,Puncak Alam,Espresso-based,Americano,1,9.0,9.0,QR,Sunny
TXN-5398,2026-03-11,19:27,Puncak Alam,Ice Blended,Ice Blended Chocolate Chip,2,14.0,28.0,QR,Sunny
TXN-5386,2026-03-11,19:28,Puncak Alam,Milk-based,Cappuccino,1,11.0,11.0,QR,Sunny
TXN-5288,2026-03-11,19:30,Putrajaya,Milk-based,Mocha,2,12.0,24.0,QR,Cloudy
TXN-5297,2026-03-11,19:40,Putrajaya,Milk-based,Caramel Macchiato,2,13.0,26.0,Cash,Cloudy
TXN-5327,2026-03-11,19:56,Putrajaya,Milk-based,Mocha,1,12.0,12.0,QR,Cloudy
TXN-5374,2026-03-11,20:05,Puncak Alam,Ice Blended,Ice Blended Chocolate Chip,3,14.0,42.0,QR,Sunny
TXN-5323,2026-03-11,20:10,Putrajaya,Ice Blended,Ice Blended Chocolate Chip,1,14.0,14.0,QR,Cloudy
TXN-5368,2026-03-11,20:20,Puncak Alam,Milk-based,Cappuccino,2,11.0,22.0,Cash,Sunny
TXN-5397,2026-03-11,20:22,Puncak Alam,Ice Blended,Ice Blended Chocolate Chip,1,14.0,14.0,QR,Sunny
TXN-5407,2026-03-11,20:23,Puncak Alam,Milk-based,Mocha,1,12.0,12.0,QR,Sunny
TXN-5342,2026-03-11,20:29,Puncak Alam,Milk-based,Cappuccino,2,11.0,22.0,QR,Sunny
TXN-5351,2026-03-11,20:29,Puncak Alam,Milk-based,Mocha,1,12.0,12.0,QR,Sunny
TXN-5391,2026-03-11,20:30,Puncak Alam,Espresso-based,Espresso,1,7.0,7.0,QR,Sunny
TXN-5366,2026-03-11,20:31,Puncak Alam,Milk-based,Caramel Macchiato,2,13.0,26.0,QR,Sunny
TXN-5298,2026-03-11,20:37,Putrajaya,Milk-based,Mocha,1,12.0,12.0,QR,Cloudy
TXN-5302,2026-03-11,20:42,Putrajaya,Milk-based,Caramel Macchiato,1,13.0,13.0,QR,Cloudy
TXN-5301,2026-03-11,20:44,Putrajaya,Milk-based,Latte,1,11.0,11.0,QR,Cloudy
TXN-5349,2026-03-11,20:44,Puncak Alam,Espresso-based,Espresso,1,7.0,7.0,QR,Sunny
TXN-5363,2026-03-11,20:49,Puncak Alam,Espresso-based,Espresso,1,7.0,7.0,QR,Sunny
TXN-5396,2026-03-11,20:52,Puncak Alam,Espresso-based,Americano,1,9.0,9.0,Cash,Sunny
TXN-5296,2026-03-11,21:20,Putrajaya,Milk-based,Caramel Macchiato,1,13.0,13.0,Cash,Cloudy
TXN-5331,2026-03-11,21:22,Putrajaya,Ice Blended,Ice Blended Chocolate Chip,1,14.0,14.0,Cash,Cloudy
TXN-5408,2026-03-11,21:24,Puncak Alam,Milk-based,Latte,3,11.0,33.0,QR,Sunny
TXN-5316,2026-03-11,21:29,Putrajaya,Espresso-based,Espresso,1,7.0,7.0,QR,Cloudy
TXN-5315,2026-03-11,21:37,Putrajaya,Milk-based,Latte,2,11.0,22.0,Cash,Cloudy
TXN-5340,2026-03-11,21:39,Puncak Alam,Espresso-based,Espresso,1,7.0,7.0,QR,Sunny
TXN-5405,2026-03-11,21:39,Puncak Alam,Milk-based,Caramel Macchiato,1,13.0,13.0,QR,Sunny
TXN-5387,2026-03-11,21:41,Puncak Alam,Espresso-based,Espresso,1,7.0,7.0,Cash,Sunny
TXN-5388,2026-03-11,21:41,Puncak Alam,Espresso-based,Espresso,1,7.0,7.0,Cash,Sunny
TXN-5390,2026-03-11,21:44,Puncak Alam,Ice Blended,Ice Blended Chocolate Chip,1,14.0,14.0,Cash,Sunny
TXN-5406,2026-03-11,21:49,Puncak Alam,Espresso-based,Americano,1,9.0,9.0,QR,Sunny
TXN-5372,2026-03-11,21:52,Puncak Alam,Espresso-based,Americano,1,9.0,9.0,Cash,Sunny
TXN-5326,2026-03-11,21:55,Putrajaya,Milk-based,Mocha,1,12.0,12.0,QR,Cloudy
TXN-5324,2026-03-11,21:56,Putrajaya,Ice Blended,Ice Blended Chocolate Chip,1,14.0,14.0,QR,Cloudy
TXN-5445,2026-03-12,08:00,Putrajaya,Milk-based,Latte,1,11.0,11.0,QR,Raining
TXN-5531,2026-03-12,08:00,Puncak Alam,Milk-based,Mocha,1,12.0,12.0,QR,Sunny
TXN-5512,2026-03-12,08:04,Puncak Alam,Milk-based,Caramel Macchiato,2,13.0,26.0,QR,Sunny
TXN-5415,2026-03-12,08:10,Putrajaya,Ice Blended,Ice Blended Chocolate Chip,1,14.0,14.0,QR,Raining
TXN-5508,2026-03-12,08:13,Puncak Alam,Milk-based,Cappuccino,1,11.0,11.0,QR,Sunny
TXN-5432,2026-03-12,08:15,Putrajaya,Ice Blended,Ice Blended Chocolate Chip,1,14.0,14.0,Cash,Raining
TXN-5444,2026-03-12,08:18,Putrajaya,Espresso-based,Americano,1,9.0,9.0,QR,Raining
TXN-5455,2026-03-12,08:18,Putrajaya,Milk-based,Cappuccino,1,11.0,11.0,Cash,Raining
TXN-5527,2026-03-12,08:23,Puncak Alam,Milk-based,Mocha,4,12.0,48.0,QR,Sunny
TXN-5461,2026-03-12,08:26,Putrajaya,Milk-based,Mocha,2,12.0,24.0,QR,Raining
TXN-5457,2026-03-12,08:30,Putrajaya,Espresso-based,Americano,1,9.0,9.0,QR,Raining
TXN-5532,2026-03-12,08:36,Puncak Alam,Milk-based,Latte,1,11.0,11.0,Cash,Sunny
TXN-5540,2026-03-12,08:38,Puncak Alam,Milk-based,Caramel Macchiato,4,13.0,52.0,QR,Sunny
TXN-5492,2026-03-12,08:48,Puncak Alam,Milk-based,Cappuccino,1,11.0,11.0,Cash,Sunny
TXN-5516,2026-03-12,08:51,Puncak Alam,Milk-based,Caramel Macchiato,1,13.0,13.0,QR,Sunny
TXN-5503,2026-03-12,08:52,Puncak Alam,Milk-based,Latte,2,11.0,22.0,QR,Sunny
TXN-5459,2026-03-12,09:00,Putrajaya,Espresso-based,Espresso,2,7.0,14.0,QR,Raining
TXN-5509,2026-03-12,09:03,Puncak Alam,Espresso-based,Espresso,3,7.0,21.0,QR,Sunny
TXN-5483,2026-03-12,09:05,Putrajaya,Milk-based,Cappuccino,1,11.0,11.0,QR,Raining
TXN-5470,2026-03-12,09:06,Putrajaya,Ice Blended,Ice Blended Chocolate Chip,1,14.0,14.0,Cash,Raining
TXN-5454,2026-03-12,09:10,Putrajaya,Milk-based,Caramel Macchiato,3,13.0,39.0,Cash,Raining
TXN-5479,2026-03-12,09:14,Putrajaya,Milk-based,Cappuccino,1,11.0,11.0,Cash,Raining
TXN-5504,2026-03-12,09:14,Puncak Alam,Milk-based,Cappuccino,1,11.0,11.0,Cash,Sunny
TXN-5431,2026-03-12,09:16,Putrajaya,Milk-based,Caramel Macchiato,1,13.0,13.0,Cash,Raining
TXN-5489,2026-03-12,09:22,Puncak Alam,Milk-based,Mocha,2,12.0,24.0,QR,Sunny
TXN-5446,2026-03-12,09:34,Putrajaya,Milk-based,Cappuccino,1,11.0,11.0,QR,Raining
TXN-5495,2026-03-12,09:44,Puncak Alam,Milk-based,Mocha,2,12.0,24.0,QR,Sunny
TXN-5418,2026-03-12,09:49,Putrajaya,Milk-based,Caramel Macchiato,1,13.0,13.0,Cash,Raining
TXN-5490,2026-03-12,09:51,Puncak Alam,Milk-based,Latte,1,11.0,11.0,QR,Sunny
TXN-5475,2026-03-12,09:56,Putrajaya,Milk-based,Caramel Macchiato,3,13.0,39.0,Cash,Raining
TXN-5439,2026-03-12,10:11,Putrajaya,Milk-based,Mocha,1,12.0,12.0,Cash,Raining
TXN-5424,2026-03-12,10:21,Putrajaya,Milk-based,Caramel Macchiato,1,13.0,13.0,Cash,Raining
TXN-5466,2026-03-12,10:21,Putrajaya,Espresso-based,Espresso,3,7.0,21.0,QR,Raining
TXN-5413,2026-03-12,10:55,Putrajaya,Milk-based,Cappuccino,1,11.0,11.0,QR,Raining
TXN-5467,2026-03-12,11:15,Putrajaya,Milk-based,Latte,1,11.0,11.0,Cash,Raining
TXN-5524,2026-03-12,11:20,Puncak Alam,Milk-based,Latte,2,11.0,22.0,Cash,Sunny
TXN-5421,2026-03-12,11:29,Putrajaya,Milk-based,Mocha,3,12.0,36.0,QR,Raining
TXN-5520,2026-03-12,11:34,Puncak Alam,Espresso-based,Americano,1,9.0,9.0,QR,Sunny
TXN-5426,2026-03-12,11:36,Putrajaya,Milk-based,Cappuccino,1,11.0,11.0,QR,Raining
TXN-5499,2026-03-12,11:39,Puncak Alam,Milk-based,Caramel Macchiato,1,13.0,13.0,Cash,Sunny
TXN-5543,2026-03-12,11:45,Puncak Alam,Espresso-based,Espresso,2,7.0,14.0,QR,Sunny
TXN-5412,2026-03-12,11:48,Putrajaya,Espresso-based,Espresso,2,7.0,14.0,Cash,Raining
TXN-5480,2026-03-12,11:48,Putrajaya,Espresso-based,Americano,1,9.0,9.0,Cash,Raining
TXN-5517,2026-03-12,11:48,Puncak Alam,Milk-based,Caramel Macchiato,3,13.0,39.0,QR,Sunny
TXN-5472,2026-03-12,12:06,Putrajaya,Milk-based,Cappuccino,1,11.0,11.0,QR,Raining
TXN-5493,2026-03-12,12:12,Puncak Alam,Milk-based,Cappuccino,1,11.0,11.0,QR,Sunny
TXN-5448,2026-03-12,12:26,Putrajaya,Espresso-based,Espresso,1,7.0,7.0,QR,Raining
TXN-5491,2026-03-12,12:39,Puncak Alam,Ice Blended,Ice Blended Chocolate Chip,1,14.0,14.0,Cash,Sunny
TXN-5530,2026-03-12,12:45,Puncak Alam,Milk-based,Latte,2,11.0,22.0,QR,Sunny
TXN-5521,2026-03-12,12:46,Puncak Alam,Milk-based,Caramel Macchiato,1,13.0,13.0,QR,Sunny
TXN-5535,2026-03-12,12:59,Puncak Alam,Ice Blended,Ice Blended Chocolate Chip,3,14.0,42.0,QR,Sunny
TXN-5451,2026-03-12,13:03,Putrajaya,Milk-based,Cappuccino,1,11.0,11.0,Cash,Raining
TXN-5538,2026-03-12,13:08,Puncak Alam,Espresso-based,Americano,1,9.0,9.0,QR,Sunny
TXN-5534,2026-03-12,13:13,Puncak Alam,Milk-based,Mocha,1,12.0,12.0,QR,Sunny
TXN-5506,2026-03-12,13:21,Puncak Alam,Milk-based,Caramel Macchiato,2,13.0,26.0,QR,Sunny
TXN-5481,2026-03-12,13:25,Putrajaya,Milk-based,Latte,1,11.0,11.0,Cash,Raining
TXN-5526,2026-03-12,13:33,Puncak Alam,Milk-based,Mocha,1,12.0,12.0,QR,Sunny
TXN-5544,2026-03-12,14:06,Puncak Alam,Ice Blended,Ice Blended Chocolate Chip,1,14.0,14.0,QR,Sunny
TXN-5473,2026-03-12,14:09,Putrajaya,Milk-based,Mocha,4,12.0,48.0,QR,Raining
TXN-5510,2026-03-12,14:12,Puncak Alam,Milk-based,Latte,1,11.0,11.0,Cash,Sunny
TXN-5427,2026-03-12,14:16,Putrajaya,Espresso-based,Espresso,1,7.0,7.0,QR,Raining
TXN-5476,2026-03-12,14:22,Putrajaya,Espresso-based,Americano,2,9.0,18.0,QR,Raining
TXN-5497,2026-03-12,14:30,Puncak Alam,Milk-based,Latte,1,11.0,11.0,QR,Sunny
TXN-5443,2026-03-12,14:32,Putrajaya,Espresso-based,Americano,1,9.0,9.0,QR,Raining
TXN-5456,2026-03-12,14:33,Putrajaya,Milk-based,Latte,1,11.0,11.0,QR,Raining
TXN-5436,2026-03-12,14:41,Putrajaya,Milk-based,Caramel Macchiato,1,13.0,13.0,Cash,Raining
TXN-5484,2026-03-12,14:49,Putrajaya,Ice Blended,Ice Blended Chocolate Chip,1,14.0,14.0,QR,Raining
TXN-5430,2026-03-12,14:59,Putrajaya,Milk-based,Latte,1,11.0,11.0,QR,Raining
TXN-5450,2026-03-12,15:03,Putrajaya,Espresso-based,Americano,1,9.0,9.0,QR,Raining
TXN-5523,2026-03-12,15:13,Puncak Alam,Milk-based,Latte,1,11.0,11.0,Cash,Sunny
TXN-5419,2026-03-12,15:19,Putrajaya,Espresso-based,Americano,1,9.0,9.0,QR,Raining
TXN-5420,2026-03-12,15:26,Putrajaya,Milk-based,Latte,2,11.0,22.0,Cash,Raining
TXN-5433,2026-03-12,15:26,Putrajaya,Milk-based,Caramel Macchiato,1,13.0,13.0,Cash,Raining
TXN-5537,2026-03-12,15:43,Puncak Alam,Espresso-based,Americano,2,9.0,18.0,QR,Sunny
TXN-5542,2026-03-12,15:50,Puncak Alam,Espresso-based,Espresso,1,7.0,7.0,QR,Sunny
TXN-5416,2026-03-12,15:58,Putrajaya,Milk-based,Caramel Macchiato,1,13.0,13.0,Cash,Raining
TXN-5482,2026-03-12,16:12,Putrajaya,Milk-based,Latte,1,11.0,11.0,QR,Raining
TXN-5519,2026-03-12,16:14,Puncak Alam,Milk-based,Mocha,3,12.0,36.0,QR,Sunny
TXN-5438,2026-03-12,16:19,Putrajaya,Milk-based,Caramel Macchiato,4,13.0,52.0,QR,Raining
TXN-5513,2026-03-12,16:20,Puncak Alam,Milk-based,Latte,1,11.0,11.0,QR,Sunny
TXN-5486,2026-03-12,16:26,Puncak Alam,Milk-based,Mocha,1,12.0,12.0,QR,Sunny
TXN-5511,2026-03-12,16:32,Puncak Alam,Ice Blended,Ice Blended Chocolate Chip,2,14.0,28.0,Cash,Sunny
TXN-5440,2026-03-12,16:37,Putrajaya,Milk-based,Caramel Macchiato,1,13.0,13.0,Cash,Raining
TXN-5458,2026-03-12,16:41,Putrajaya,Espresso-based,Americano,1,9.0,9.0,QR,Raining
TXN-5468,2026-03-12,16:49,Putrajaya,Ice Blended,Ice Blended Chocolate Chip,1,14.0,14.0,QR,Raining
TXN-5471,2026-03-12,17:05,Putrajaya,Milk-based,Mocha,1,12.0,12.0,QR,Raining
TXN-5515,2026-03-12,17:06,Puncak Alam,Milk-based,Cappuccino,1,11.0,11.0,QR,Sunny
TXN-5428,2026-03-12,17:15,Putrajaya,Ice Blended,Ice Blended Chocolate Chip,1,14.0,14.0,QR,Raining
TXN-5429,2026-03-12,17:24,Putrajaya,Espresso-based,Espresso,1,7.0,7.0,QR,Raining
TXN-5498,2026-03-12,17:32,Puncak Alam,Ice Blended,Ice Blended Chocolate Chip,2,14.0,28.0,Cash,Sunny
TXN-5434,2026-03-12,17:45,Putrajaya,Ice Blended,Ice Blended Chocolate Chip,1,14.0,14.0,Cash,Raining
TXN-5507,2026-03-12,17:54,Puncak Alam,Espresso-based,Espresso,2,7.0,14.0,QR,Sunny
TXN-5496,2026-03-12,17:55,Puncak Alam,Milk-based,Caramel Macchiato,1,13.0,13.0,QR,Sunny
TXN-5447,2026-03-12,17:59,Putrajaya,Espresso-based,Americano,1,9.0,9.0,QR,Raining
TXN-5488,2026-03-12,18:11,Puncak Alam,Milk-based,Caramel Macchiato,1,13.0,13.0,QR,Sunny
TXN-5414,2026-03-12,18:12,Putrajaya,Ice Blended,Ice Blended Chocolate Chip,1,14.0,14.0,QR,Raining
TXN-5533,2026-03-12,18:16,Puncak Alam,Milk-based,Caramel Macchiato,1,13.0,13.0,QR,Sunny
TXN-5536,2026-03-12,18:16,Puncak Alam,Milk-based,Latte,1,11.0,11.0,QR,Sunny
TXN-5462,2026-03-12,18:48,Putrajaya,Milk-based,Latte,1,11.0,11.0,Cash,Raining
TXN-5423,2026-03-12,18:57,Putrajaya,Espresso-based,Espresso,3,7.0,21.0,Cash,Raining
TXN-5501,2026-03-12,19:09,Puncak Alam,Milk-based,Cappuccino,2,11.0,22.0,QR,Sunny
TXN-5464,2026-03-12,19:13,Putrajaya,Espresso-based,Americano,1,9.0,9.0,Cash,Raining
TXN-5505,2026-03-12,19:19,Puncak Alam,Milk-based,Latte,1,11.0,11.0,QR,Sunny
TXN-5502,2026-03-12,19:23,Puncak Alam,Espresso-based,Espresso,3,7.0,21.0,QR,Sunny
TXN-5449,2026-03-12,19:25,Putrajaya,Espresso-based,Americano,2,9.0,18.0,QR,Raining
TXN-5460,2026-03-12,19:33,Putrajaya,Espresso-based,Americano,1,9.0,9.0,QR,Raining
TXN-5441,2026-03-12,19:40,Putrajaya,Milk-based,Cappuccino,1,11.0,11.0,QR,Raining
TXN-5518,2026-03-12,19:41,Puncak Alam,Milk-based,Cappuccino,1,11.0,11.0,QR,Sunny
TXN-5465,2026-03-12,19:55,Putrajaya,Milk-based,Mocha,4,12.0,48.0,QR,Raining
TXN-5422,2026-03-12,19:56,Putrajaya,Ice Blended,Ice Blended Chocolate Chip,1,14.0,14.0,QR,Raining
TXN-5500,2026-03-12,19:57,Puncak Alam,Milk-based,Cappuccino,3,11.0,33.0,QR,Sunny
TXN-5529,2026-03-12,20:13,Puncak Alam,Milk-based,Cappuccino,1,11.0,11.0,QR,Sunny
TXN-5485,2026-03-12,20:24,Puncak Alam,Ice Blended,Ice Blended Chocolate Chip,1,14.0,14.0,Cash,Sunny
TXN-5463,2026-03-12,20:37,Putrajaya,Espresso-based,Espresso,1,7.0,7.0,Cash,Raining
TXN-5478,2026-03-12,20:37,Putrajaya,Milk-based,Caramel Macchiato,1,13.0,13.0,QR,Raining
TXN-5469,2026-03-12,20:38,Putrajaya,Ice Blended,Ice Blended Chocolate Chip,1,14.0,14.0,QR,Raining
TXN-5528,2026-03-12,20:41,Puncak Alam,Espresso-based,Americano,4,9.0,36.0,QR,Sunny
TXN-5474,2026-03-12,20:46,Putrajaya,Espresso-based,Espresso,4,7.0,28.0,QR,Raining
TXN-5437,2026-03-12,20:52,Putrajaya,Milk-based,Latte,2,11.0,22.0,Cash,Raining
TXN-5494,2026-03-12,20:57,Puncak Alam,Milk-based,Mocha,1,12.0,12.0,QR,Sunny
TXN-5425,2026-03-12,21:08,Putrajaya,Espresso-based,Espresso,2,7.0,14.0,QR,Raining
TXN-5541,2026-03-12,21:12,Puncak Alam,Ice Blended,Ice Blended Chocolate Chip,1,14.0,14.0,QR,Sunny
TXN-5522,2026-03-12,21:17,Puncak Alam,Milk-based,Latte,2,11.0,22.0,Cash,Sunny
TXN-5525,2026-03-12,21:18,Puncak Alam,Milk-based,Latte,1,11.0,11.0,Cash,Sunny
TXN-5477,2026-03-12,21:21,Putrajaya,Ice Blended,Ice Blended Chocolate Chip,3,14.0,42.0,Cash,Raining
TXN-5514,2026-03-12,21:22,Puncak Alam,Milk-based,Mocha,2,12.0,24.0,QR,Sunny
TXN-5442,2026-03-12,21:36,Putrajaya,Milk-based,Mocha,1,12.0,12.0,Cash,Raining
TXN-5452,2026-03-12,21:42,Putrajaya,Milk-based,Cappuccino,2,11.0,22.0,QR,Raining
TXN-5435,2026-03-12,21:44,Putrajaya,Espresso-based,Espresso,1,7.0,7.0,Cash,Raining
TXN-5487,2026-03-12,21:47,Puncak Alam,Milk-based,Cappuccino,2,11.0,22.0,QR,Sunny
TXN-5539,2026-03-12,21:52,Puncak Alam,Ice Blended,Ice Blended Chocolate Chip,1,14.0,14.0,QR,Sunny
TXN-5417,2026-03-12,21:54,Putrajaya,Milk-based,Mocha,1,12.0,12.0,QR,Raining
TXN-5453,2026-03-12,21:54,Putrajaya,Ice Blended,Ice Blended Chocolate Chip,2,14.0,28.0,QR,Raining
TXN-5650,2026-03-13,08:07,Puncak Alam,Espresso-based,Americano,1,9.0,9.0,QR,Raining
TXN-5648,2026-03-13,08:17,Puncak Alam,Ice Blended,Ice Blended Chocolate Chip,1,14.0,14.0,QR,Raining
TXN-5595,2026-03-13,08:23,Puncak Alam,Milk-based,Latte,1,11.0,11.0,Cash,Raining
TXN-5641,2026-03-13,08:23,Puncak Alam,Espresso-based,Espresso,1,7.0,7.0,Cash,Raining
TXN-5658,2026-03-13,08:33,Puncak Alam,Milk-based,Cappuccino,3,11.0,33.0,QR,Raining
TXN-5651,2026-03-13,08:38,Puncak Alam,Milk-based,Mocha,1,12.0,12.0,QR,Raining
TXN-5547,2026-03-13,08:49,Putrajaya,Milk-based,Mocha,1,12.0,12.0,QR,Sunny
TXN-5645,2026-03-13,08:50,Puncak Alam,Ice Blended,Ice Blended Chocolate Chip,2,14.0,28.0,QR,Raining
TXN-5625,2026-03-13,08:52,Puncak Alam,Espresso-based,Espresso,2,7.0,14.0,QR,Raining
TXN-5613,2026-03-13,08:53,Puncak Alam,Milk-based,Mocha,1,12.0,12.0,QR,Raining
TXN-5567,2026-03-13,09:15,Putrajaya,Ice Blended,Ice Blended Chocolate Chip,1,14.0,14.0,QR,Sunny
TXN-5607,2026-03-13,09:19,Puncak Alam,Ice Blended,Ice Blended Chocolate Chip,1,14.0,14.0,QR,Raining
TXN-5638,2026-03-13,09:22,Puncak Alam,Ice Blended,Ice Blended Chocolate Chip,2,14.0,28.0,QR,Raining
TXN-5637,2026-03-13,09:25,Puncak Alam,Espresso-based,Americano,1,9.0,9.0,QR,Raining
TXN-5594,2026-03-13,09:30,Puncak Alam,Milk-based,Mocha,1,12.0,12.0,QR,Raining
TXN-5588,2026-03-13,09:32,Puncak Alam,Milk-based,Mocha,1,12.0,12.0,QR,Raining
TXN-5646,2026-03-13,09:38,Puncak Alam,Espresso-based,Americano,1,9.0,9.0,Cash,Raining
TXN-5583,2026-03-13,09:42,Puncak Alam,Milk-based,Caramel Macchiato,2,13.0,26.0,Cash,Raining
TXN-5636,2026-03-13,09:46,Puncak Alam,Milk-based,Cappuccino,1,11.0,11.0,QR,Raining
TXN-5656,2026-03-13,09:48,Puncak Alam,Milk-based,Mocha,1,12.0,12.0,QR,Raining
TXN-5571,2026-03-13,09:49,Putrajaya,Milk-based,Mocha,1,12.0,12.0,QR,Sunny
TXN-5591,2026-03-13,09:53,Puncak Alam,Espresso-based,Espresso,1,7.0,7.0,QR,Raining
TXN-5628,2026-03-13,10:05,Puncak Alam,Ice Blended,Ice Blended Chocolate Chip,1,14.0,14.0,QR,Raining
TXN-5609,2026-03-13,10:15,Puncak Alam,Ice Blended,Ice Blended Chocolate Chip,3,14.0,42.0,QR,Raining
TXN-5633,2026-03-13,10:22,Puncak Alam,Ice Blended,Ice Blended Chocolate Chip,1,14.0,14.0,QR,Raining
TXN-5620,2026-03-13,10:27,Puncak Alam,Milk-based,Caramel Macchiato,2,13.0,26.0,QR,Raining
TXN-5627,2026-03-13,10:36,Puncak Alam,Espresso-based,Americano,3,9.0,27.0,QR,Raining
TXN-5556,2026-03-13,11:09,Putrajaya,Ice Blended,Ice Blended Chocolate Chip,2,14.0,28.0,QR,Sunny
TXN-5564,2026-03-13,11:10,Putrajaya,Ice Blended,Ice Blended Chocolate Chip,1,14.0,14.0,QR,Sunny
TXN-5634,2026-03-13,11:12,Puncak Alam,Espresso-based,Espresso,1,7.0,7.0,QR,Raining
TXN-5606,2026-03-13,11:21,Puncak Alam,Milk-based,Cappuccino,1,11.0,11.0,QR,Raining
TXN-5630,2026-03-13,11:22,Puncak Alam,Espresso-based,Americano,2,9.0,18.0,QR,Raining
TXN-5624,2026-03-13,11:44,Puncak Alam,Milk-based,Cappuccino,1,11.0,11.0,QR,Raining
TXN-5582,2026-03-13,11:47,Putrajaya,Espresso-based,Americano,1,9.0,9.0,Cash,Sunny
TXN-5585,2026-03-13,11:49,Puncak Alam,Ice Blended,Ice Blended Chocolate Chip,1,14.0,14.0,QR,Raining
TXN-5578,2026-03-13,11:51,Putrajaya,Milk-based,Latte,3,11.0,33.0,QR,Sunny
TXN-5584,2026-03-13,11:52,Puncak Alam,Ice Blended,Ice Blended Chocolate Chip,1,14.0,14.0,QR,Raining
TXN-5576,2026-03-13,11:56,Putrajaya,Milk-based,Caramel Macchiato,1,13.0,13.0,QR,Sunny
TXN-5629,2026-03-13,12:01,Puncak Alam,Espresso-based,Espresso,1,7.0,7.0,QR,Raining
TXN-5644,2026-03-13,12:03,Puncak Alam,Ice Blended,Ice Blended Chocolate Chip,2,14.0,28.0,QR,Raining
TXN-5640,2026-03-13,12:07,Puncak Alam,Espresso-based,Americano,2,9.0,18.0,Cash,Raining
TXN-5600,2026-03-13,12:48,Puncak Alam,Milk-based,Mocha,2,12.0,24.0,Cash,Raining
TXN-5559,2026-03-13,13:22,Putrajaya,Milk-based,Latte,1,11.0,11.0,QR,Sunny
TXN-5587,2026-03-13,13:24,Puncak Alam,Espresso-based,Americano,1,9.0,9.0,Cash,Raining
TXN-5586,2026-03-13,13:26,Puncak Alam,Milk-based,Mocha,3,12.0,36.0,Cash,Raining
TXN-5575,2026-03-13,13:36,Putrajaya,Milk-based,Mocha,1,12.0,12.0,QR,Sunny
TXN-5568,2026-03-13,13:38,Putrajaya,Espresso-based,Americano,2,9.0,18.0,QR,Sunny
TXN-5614,2026-03-13,13:42,Puncak Alam,Ice Blended,Ice Blended Chocolate Chip,1,14.0,14.0,QR,Raining
TXN-5601,2026-03-13,13:46,Puncak Alam,Espresso-based,Espresso,1,7.0,7.0,Cash,Raining
TXN-5557,2026-03-13,13:49,Putrajaya,Milk-based,Mocha,2,12.0,24.0,Cash,Sunny
TXN-5551,2026-03-13,13:57,Putrajaya,Milk-based,Caramel Macchiato,2,13.0,26.0,Cash,Sunny
TXN-5574,2026-03-13,13:58,Putrajaya,Espresso-based,Espresso,2,7.0,14.0,Cash,Sunny
TXN-5579,2026-03-13,13:58,Putrajaya,Milk-based,Caramel Macchiato,1,13.0,13.0,Cash,Sunny
TXN-5546,2026-03-13,14:09,Putrajaya,Milk-based,Caramel Macchiato,2,13.0,26.0,Cash,Sunny
TXN-5631,2026-03-13,14:11,Puncak Alam,Milk-based,Mocha,1,12.0,12.0,QR,Raining
TXN-5619,2026-03-13,14:32,Puncak Alam,Espresso-based,Americano,1,9.0,9.0,QR,Raining
TXN-5632,2026-03-13,14:34,Puncak Alam,Ice Blended,Ice Blended Chocolate Chip,1,14.0,14.0,Cash,Raining
TXN-5550,2026-03-13,14:42,Putrajaya,Milk-based,Caramel Macchiato,2,13.0,26.0,Cash,Sunny
TXN-5602,2026-03-13,14:53,Puncak Alam,Espresso-based,Americano,1,9.0,9.0,QR,Raining
TXN-5647,2026-03-13,14:54,Puncak Alam,Milk-based,Mocha,1,12.0,12.0,Cash,Raining
TXN-5553,2026-03-13,14:56,Putrajaya,Espresso-based,Americano,1,9.0,9.0,Cash,Sunny
TXN-5652,2026-03-13,15:01,Puncak Alam,Milk-based,Mocha,1,12.0,12.0,QR,Raining
TXN-5657,2026-03-13,15:04,Puncak Alam,Ice Blended,Ice Blended Chocolate Chip,4,14.0,56.0,QR,Raining
TXN-5649,2026-03-13,15:08,Puncak Alam,Ice Blended,Ice Blended Chocolate Chip,1,14.0,14.0,QR,Raining
TXN-5610,2026-03-13,15:09,Puncak Alam,Espresso-based,Espresso,1,7.0,7.0,QR,Raining
TXN-5558,2026-03-13,15:10,Putrajaya,Milk-based,Latte,2,11.0,22.0,QR,Sunny
TXN-5617,2026-03-13,15:13,Puncak Alam,Espresso-based,Espresso,3,7.0,21.0,QR,Raining
TXN-5616,2026-03-13,15:26,Puncak Alam,Milk-based,Caramel Macchiato,4,13.0,52.0,QR,Raining
TXN-5560,2026-03-13,15:28,Putrajaya,Milk-based,Cappuccino,1,11.0,11.0,QR,Sunny
TXN-5612,2026-03-13,15:35,Puncak Alam,Espresso-based,Espresso,1,7.0,7.0,QR,Raining
TXN-5618,2026-03-13,15:38,Puncak Alam,Espresso-based,Espresso,2,7.0,14.0,QR,Raining
TXN-5592,2026-03-13,15:47,Puncak Alam,Milk-based,Latte,1,11.0,11.0,Cash,Raining
TXN-5642,2026-03-13,15:47,Puncak Alam,Milk-based,Cappuccino,1,11.0,11.0,Cash,Raining
TXN-5565,2026-03-13,16:05,Putrajaya,Milk-based,Latte,2,11.0,22.0,QR,Sunny
TXN-5581,2026-03-13,16:10,Putrajaya,Milk-based,Caramel Macchiato,1,13.0,13.0,QR,Sunny
TXN-5549,2026-03-13,16:15,Putrajaya,Milk-based,Cappuccino,2,11.0,22.0,Cash,Sunny
TXN-5561,2026-03-13,16:15,Putrajaya,Espresso-based,Americano,2,9.0,18.0,Cash,Sunny
TXN-5577,2026-03-13,16:21,Putrajaya,Milk-based,Cappuccino,1,11.0,11.0,QR,Sunny
TXN-5589,2026-03-13,16:36,Puncak Alam,Espresso-based,Espresso,1,7.0,7.0,QR,Raining
TXN-5659,2026-03-13,16:36,Puncak Alam,Espresso-based,Americano,3,9.0,27.0,QR,Raining
TXN-5626,2026-03-13,16:44,Puncak Alam,Espresso-based,Americano,1,9.0,9.0,Cash,Raining
TXN-5596,2026-03-13,16:53,Puncak Alam,Ice Blended,Ice Blended Chocolate Chip,1,14.0,14.0,QR,Raining
TXN-5597,2026-03-13,16:54,Puncak Alam,Espresso-based,Americano,1,9.0,9.0,QR,Raining
TXN-5605,2026-03-13,17:34,Puncak Alam,Espresso-based,Espresso,1,7.0,7.0,Cash,Raining
TXN-5653,2026-03-13,17:35,Puncak Alam,Espresso-based,Americano,1,9.0,9.0,QR,Raining
TXN-5572,2026-03-13,17:38,Putrajaya,Milk-based,Caramel Macchiato,1,13.0,13.0,Cash,Sunny
TXN-5570,2026-03-13,17:57,Putrajaya,Milk-based,Caramel Macchiato,2,13.0,26.0,QR,Sunny
TXN-5603,2026-03-13,18:09,Puncak Alam,Milk-based,Cappuccino,1,11.0,11.0,QR,Raining
TXN-5655,2026-03-13,18:10,Puncak Alam,Milk-based,Cappuccino,1,11.0,11.0,Cash,Raining
TXN-5639,2026-03-13,18:11,Puncak Alam,Ice Blended,Ice Blended Chocolate Chip,2,14.0,28.0,QR,Raining
TXN-5635,2026-03-13,18:14,Puncak Alam,Espresso-based,Espresso,1,7.0,7.0,Cash,Raining
TXN-5608,2026-03-13,18:26,Puncak Alam,Milk-based,Mocha,2,12.0,24.0,QR,Raining
TXN-5611,2026-03-13,18:31,Puncak Alam,Milk-based,Latte,1,11.0,11.0,QR,Raining
TXN-5623,2026-03-13,18:32,Puncak Alam,Milk-based,Cappuccino,3,11.0,33.0,QR,Raining
TXN-5643,2026-03-13,18:32,Puncak Alam,Milk-based,Cappuccino,2,11.0,22.0,Cash,Raining
TXN-5555,2026-03-13,18:37,Putrajaya,Milk-based,Latte,1,11.0,11.0,QR,Sunny
TXN-5580,2026-03-13,18:38,Putrajaya,Ice Blended,Ice Blended Chocolate Chip,1,14.0,14.0,Cash,Sunny
TXN-5545,2026-03-13,18:39,Putrajaya,Milk-based,Caramel Macchiato,1,13.0,13.0,Cash,Sunny
TXN-5548,2026-03-13,18:48,Putrajaya,Ice Blended,Ice Blended Chocolate Chip,1,14.0,14.0,Cash,Sunny
TXN-5622,2026-03-13,19:00,Puncak Alam,Espresso-based,Americano,1,9.0,9.0,QR,Raining
TXN-5599,2026-03-13,19:02,Puncak Alam,Ice Blended,Ice Blended Chocolate Chip,2,14.0,28.0,Cash,Raining
TXN-5604,2026-03-13,19:35,Puncak Alam,Milk-based,Caramel Macchiato,1,13.0,13.0,QR,Raining
TXN-5569,2026-03-13,19:43,Putrajaya,Milk-based,Caramel Macchiato,1,13.0,13.0,Cash,Sunny
TXN-5590,2026-03-13,19:43,Puncak Alam,Milk-based,Mocha,1,12.0,12.0,QR,Raining
TXN-5566,2026-03-13,20:14,Putrajaya,Espresso-based,Espresso,1,7.0,7.0,QR,Sunny
TXN-5573,2026-03-13,20:31,Putrajaya,Milk-based,Cappuccino,2,11.0,22.0,QR,Sunny
TXN-5654,2026-03-13,20:36,Puncak Alam,Espresso-based,Espresso,1,7.0,7.0,QR,Raining
TXN-5615,2026-03-13,20:59,Puncak Alam,Ice Blended,Ice Blended Chocolate Chip,1,14.0,14.0,Cash,Raining
TXN-5552,2026-03-13,21:14,Putrajaya,Milk-based,Caramel Macchiato,2,13.0,26.0,QR,Sunny
TXN-5554,2026-03-13,21:19,Putrajaya,Milk-based,Caramel Macchiato,1,13.0,13.0,QR,Sunny
TXN-5598,2026-03-13,21:23,Puncak Alam,Milk-based,Cappuccino,1,11.0,11.0,QR,Raining
TXN-5563,2026-03-13,21:28,Putrajaya,Espresso-based,Americano,2,9.0,18.0,QR,Sunny
TXN-5621,2026-03-13,21:31,Puncak Alam,Espresso-based,Americano,1,9.0,9.0,Cash,Raining
TXN-5593,2026-03-13,21:45,Puncak Alam,Espresso-based,Espresso,1,7.0,7.0,QR,Raining
TXN-5562,2026-03-13,21:49,Putrajaya,Milk-based,Mocha,1,12.0,12.0,QR,Sunny
TXN-5722,2026-03-14,08:02,Putrajaya,Milk-based,Caramel Macchiato,1,13.0,13.0,QR,Cloudy
TXN-5683,2026-03-14,08:17,Putrajaya,Milk-based,Cappuccino,1,11.0,11.0,QR,Cloudy
TXN-5725,2026-03-14,08:18,Putrajaya,Milk-based,Latte,1,11.0,11.0,Cash,Cloudy
TXN-5709,2026-03-14,08:21,Putrajaya,Milk-based,Caramel Macchiato,3,13.0,39.0,Cash,Cloudy
TXN-5735,2026-03-14,08:22,Puncak Alam,Ice Blended,Ice Blended Chocolate Chip,3,14.0,42.0,QR,Sunny
TXN-5662,2026-03-14,08:34,Putrajaya,Milk-based,Caramel Macchiato,1,13.0,13.0,QR,Cloudy
TXN-5755,2026-03-14,08:43,Puncak Alam,Ice Blended,Ice Blended Chocolate Chip,1,14.0,14.0,Cash,Sunny
TXN-5774,2026-03-14,08:44,Puncak Alam,Milk-based,Cappuccino,1,11.0,11.0,QR,Sunny
TXN-5752,2026-03-14,08:45,Puncak Alam,Milk-based,Caramel Macchiato,1,13.0,13.0,Cash,Sunny
TXN-5770,2026-03-14,08:49,Puncak Alam,Milk-based,Mocha,3,12.0,36.0,QR,Sunny
TXN-5747,2026-03-14,08:51,Puncak Alam,Ice Blended,Ice Blended Chocolate Chip,1,14.0,14.0,QR,Sunny
TXN-5685,2026-03-14,08:52,Putrajaya,Espresso-based,Americano,1,9.0,9.0,Cash,Cloudy
TXN-5666,2026-03-14,09:01,Putrajaya,Milk-based,Latte,1,11.0,11.0,Cash,Cloudy
TXN-5787,2026-03-14,09:07,Puncak Alam,Espresso-based,Espresso,1,7.0,7.0,QR,Sunny
TXN-5785,2026-03-14,09:08,Puncak Alam,Espresso-based,Espresso,1,7.0,7.0,QR,Sunny
TXN-5664,2026-03-14,09:09,Putrajaya,Milk-based,Mocha,3,12.0,36.0,QR,Cloudy
TXN-5680,2026-03-14,09:13,Putrajaya,Milk-based,Latte,1,11.0,11.0,QR,Cloudy
TXN-5750,2026-03-14,09:18,Puncak Alam,Milk-based,Cappuccino,2,11.0,22.0,Cash,Sunny
TXN-5712,2026-03-14,09:20,Putrajaya,Espresso-based,Americano,2,9.0,18.0,Cash,Cloudy
TXN-5733,2026-03-14,09:21,Putrajaya,Milk-based,Mocha,1,12.0,12.0,QR,Cloudy
TXN-5792,2026-03-14,09:21,Puncak Alam,Espresso-based,Americano,1,9.0,9.0,QR,Sunny
TXN-5687,2026-03-14,09:23,Putrajaya,Espresso-based,Americano,1,9.0,9.0,QR,Cloudy
TXN-5730,2026-03-14,09:23,Putrajaya,Milk-based,Latte,2,11.0,22.0,QR,Cloudy
TXN-5776,2026-03-14,09:23,Puncak Alam,Ice Blended,Ice Blended Chocolate Chip,1,14.0,14.0,Cash,Sunny
TXN-5721,2026-03-14,09:24,Putrajaya,Ice Blended,Ice Blended Chocolate Chip,1,14.0,14.0,QR,Cloudy
TXN-5790,2026-03-14,09:25,Puncak Alam,Milk-based,Caramel Macchiato,1,13.0,13.0,QR,Sunny
TXN-5748,2026-03-14,09:27,Puncak Alam,Milk-based,Cappuccino,1,11.0,11.0,Cash,Sunny
TXN-5743,2026-03-14,09:33,Puncak Alam,Milk-based,Latte,1,11.0,11.0,QR,Sunny
TXN-5676,2026-03-14,09:37,Putrajaya,Milk-based,Cappuccino,1,11.0,11.0,Cash,Cloudy
TXN-5675,2026-03-14,09:39,Putrajaya,Milk-based,Cappuccino,1,11.0,11.0,QR,Cloudy
TXN-5682,2026-03-14,09:54,Putrajaya,Milk-based,Latte,1,11.0,11.0,QR,Cloudy
TXN-5716,2026-03-14,09:55,Putrajaya,Milk-based,Mocha,1,12.0,12.0,QR,Cloudy
TXN-5689,2026-03-14,10:34,Putrajaya,Espresso-based,Espresso,1,7.0,7.0,QR,Cloudy
TXN-5727,2026-03-14,10:38,Putrajaya,Milk-based,Latte,1,11.0,11.0,QR,Cloudy
TXN-5707,2026-03-14,10:59,Putrajaya,Milk-based,Caramel Macchiato,2,13.0,26.0,QR,Cloudy
TXN-5763,2026-03-14,11:04,Puncak Alam,Milk-based,Latte,4,11.0,44.0,QR,Sunny
TXN-5754,2026-03-14,11:15,Puncak Alam,Espresso-based,Espresso,1,7.0,7.0,Cash,Sunny
TXN-5700,2026-03-14,11:16,Putrajaya,Milk-based,Mocha,2,12.0,24.0,QR,Cloudy
TXN-5782,2026-03-14,11:32,Puncak Alam,Milk-based,Latte,1,11.0,11.0,Cash,Sunny
TXN-5692,2026-03-14,11:36,Putrajaya,Ice Blended,Ice Blended Chocolate Chip,2,14.0,28.0,QR,Cloudy
TXN-5729,2026-03-14,11:41,Putrajaya,Milk-based,Cappuccino,1,11.0,11.0,QR,Cloudy
TXN-5678,2026-03-14,11:47,Putrajaya,Milk-based,Caramel Macchiato,2,13.0,26.0,Cash,Cloudy
TXN-5736,2026-03-14,11:58,Puncak Alam,Milk-based,Mocha,1,12.0,12.0,Cash,Sunny
TXN-5757,2026-03-14,12:03,Puncak Alam,Espresso-based,Americano,1,9.0,9.0,QR,Sunny
TXN-5698,2026-03-14,12:12,Putrajaya,Milk-based,Latte,1,11.0,11.0,QR,Cloudy
TXN-5756,2026-03-14,12:14,Puncak Alam,Milk-based,Latte,2,11.0,22.0,QR,Sunny
TXN-5780,2026-03-14,12:14,Puncak Alam,Espresso-based,Americano,1,9.0,9.0,Cash,Sunny
TXN-5703,2026-03-14,12:19,Putrajaya,Milk-based,Latte,1,11.0,11.0,QR,Cloudy
TXN-5720,2026-03-14,12:38,Putrajaya,Milk-based,Latte,2,11.0,22.0,QR,Cloudy
TXN-5737,2026-03-14,12:40,Puncak Alam,Ice Blended,Ice Blended Chocolate Chip,1,14.0,14.0,QR,Sunny
TXN-5766,2026-03-14,12:40,Puncak Alam,Milk-based,Latte,1,11.0,11.0,QR,Sunny
TXN-5718,2026-03-14,12:54,Putrajaya,Milk-based,Cappuccino,1,11.0,11.0,Cash,Cloudy
TXN-5674,2026-03-14,13:00,Putrajaya,Milk-based,Cappuccino,1,11.0,11.0,QR,Cloudy
TXN-5749,2026-03-14,13:13,Puncak Alam,Espresso-based,Americano,2,9.0,18.0,QR,Sunny
TXN-5695,2026-03-14,13:14,Putrajaya,Milk-based,Cappuccino,1,11.0,11.0,QR,Cloudy
TXN-5667,2026-03-14,13:18,Putrajaya,Ice Blended,Ice Blended Chocolate Chip,1,14.0,14.0,QR,Cloudy
TXN-5684,2026-03-14,13:23,Putrajaya,Milk-based,Latte,2,11.0,22.0,QR,Cloudy
TXN-5745,2026-03-14,13:33,Puncak Alam,Milk-based,Mocha,1,12.0,12.0,QR,Sunny
TXN-5669,2026-03-14,13:36,Putrajaya,Milk-based,Cappuccino,1,11.0,11.0,QR,Cloudy
TXN-5714,2026-03-14,13:45,Putrajaya,Ice Blended,Ice Blended Chocolate Chip,1,14.0,14.0,QR,Cloudy
TXN-5690,2026-03-14,13:58,Putrajaya,Milk-based,Caramel Macchiato,1,13.0,13.0,Cash,Cloudy
TXN-5738,2026-03-14,14:14,Puncak Alam,Milk-based,Latte,1,11.0,11.0,QR,Sunny
TXN-5741,2026-03-14,14:16,Puncak Alam,Espresso-based,Espresso,2,7.0,14.0,QR,Sunny
TXN-5775,2026-03-14,14:23,Puncak Alam,Milk-based,Latte,1,11.0,11.0,QR,Sunny
TXN-5773,2026-03-14,14:29,Puncak Alam,Milk-based,Cappuccino,1,11.0,11.0,Cash,Sunny
TXN-5784,2026-03-14,14:38,Puncak Alam,Espresso-based,Americano,1,9.0,9.0,QR,Sunny
TXN-5739,2026-03-14,14:43,Puncak Alam,Milk-based,Caramel Macchiato,1,13.0,13.0,Cash,Sunny
TXN-5706,2026-03-14,14:51,Putrajaya,Milk-based,Caramel Macchiato,1,13.0,13.0,QR,Cloudy
TXN-5751,2026-03-14,14:55,Puncak Alam,Milk-based,Cappuccino,2,11.0,22.0,Cash,Sunny
TXN-5781,2026-03-14,15:11,Puncak Alam,Milk-based,Cappuccino,1,11.0,11.0,Cash,Sunny
TXN-5742,2026-03-14,15:35,Puncak Alam,Espresso-based,Espresso,1,7.0,7.0,QR,Sunny
TXN-5786,2026-03-14,15:46,Puncak Alam,Milk-based,Caramel Macchiato,1,13.0,13.0,QR,Sunny
TXN-5699,2026-03-14,15:48,Putrajaya,Milk-based,Caramel Macchiato,2,13.0,26.0,QR,Cloudy
TXN-5711,2026-03-14,15:49,Putrajaya,Ice Blended,Ice Blended Chocolate Chip,2,14.0,28.0,QR,Cloudy
TXN-5760,2026-03-14,16:03,Puncak Alam,Milk-based,Mocha,1,12.0,12.0,QR,Sunny
TXN-5677,2026-03-14,16:07,Putrajaya,Ice Blended,Ice Blended Chocolate Chip,1,14.0,14.0,QR,Cloudy
TXN-5713,2026-03-14,16:08,Putrajaya,Espresso-based,Espresso,1,7.0,7.0,Cash,Cloudy
TXN-5715,2026-03-14,16:12,Putrajaya,Milk-based,Latte,1,11.0,11.0,QR,Cloudy
TXN-5765,2026-03-14,16:18,Puncak Alam,Espresso-based,Americano,2,9.0,18.0,Cash,Sunny
TXN-5668,2026-03-14,16:24,Putrajaya,Ice Blended,Ice Blended Chocolate Chip,1,14.0,14.0,QR,Cloudy
TXN-5731,2026-03-14,16:30,Putrajaya,Milk-based,Latte,1,11.0,11.0,QR,Cloudy
TXN-5705,2026-03-14,16:31,Putrajaya,Espresso-based,Americano,1,9.0,9.0,QR,Cloudy
TXN-5759,2026-03-14,16:31,Puncak Alam,Milk-based,Latte,1,11.0,11.0,Cash,Sunny
TXN-5693,2026-03-14,16:53,Putrajaya,Milk-based,Mocha,3,12.0,36.0,QR,Cloudy
TXN-5768,2026-03-14,16:56,Puncak Alam,Milk-based,Caramel Macchiato,2,13.0,26.0,QR,Sunny
TXN-5764,2026-03-14,17:04,Puncak Alam,Milk-based,Latte,1,11.0,11.0,QR,Sunny
TXN-5723,2026-03-14,17:08,Putrajaya,Milk-based,Latte,1,11.0,11.0,Cash,Cloudy
TXN-5673,2026-03-14,17:15,Putrajaya,Milk-based,Cappuccino,1,11.0,11.0,QR,Cloudy
TXN-5772,2026-03-14,17:15,Puncak Alam,Espresso-based,Americano,4,9.0,36.0,QR,Sunny
TXN-5717,2026-03-14,17:22,Putrajaya,Espresso-based,Espresso,1,7.0,7.0,QR,Cloudy
TXN-5753,2026-03-14,17:23,Puncak Alam,Milk-based,Mocha,2,12.0,24.0,QR,Sunny
TXN-5681,2026-03-14,17:34,Putrajaya,Milk-based,Caramel Macchiato,2,13.0,26.0,QR,Cloudy
TXN-5704,2026-03-14,17:35,Putrajaya,Espresso-based,Americano,1,9.0,9.0,QR,Cloudy
TXN-5767,2026-03-14,17:46,Puncak Alam,Espresso-based,Espresso,2,7.0,14.0,QR,Sunny
TXN-5761,2026-03-14,17:50,Puncak Alam,Milk-based,Latte,1,11.0,11.0,QR,Sunny
TXN-5777,2026-03-14,17:59,Puncak Alam,Milk-based,Caramel Macchiato,3,13.0,39.0,QR,Sunny
TXN-5783,2026-03-14,18:03,Puncak Alam,Milk-based,Cappuccino,1,11.0,11.0,QR,Sunny
TXN-5719,2026-03-14,18:07,Putrajaya,Milk-based,Mocha,1,12.0,12.0,Cash,Cloudy
TXN-5744,2026-03-14,18:08,Puncak Alam,Ice Blended,Ice Blended Chocolate Chip,1,14.0,14.0,QR,Sunny
TXN-5671,2026-03-14,18:15,Putrajaya,Milk-based,Caramel Macchiato,1,13.0,13.0,Cash,Cloudy
TXN-5691,2026-03-14,18:16,Putrajaya,Milk-based,Cappuccino,1,11.0,11.0,QR,Cloudy
TXN-5686,2026-03-14,18:17,Putrajaya,Milk-based,Latte,1,11.0,11.0,Cash,Cloudy
TXN-5726,2026-03-14,18:17,Putrajaya,Espresso-based,Americano,1,9.0,9.0,QR,Cloudy
TXN-5740,2026-03-14,18:22,Puncak Alam,Milk-based,Caramel Macchiato,2,13.0,26.0,Cash,Sunny
TXN-5728,2026-03-14,18:25,Putrajaya,Milk-based,Caramel Macchiato,1,13.0,13.0,QR,Cloudy
TXN-5701,2026-03-14,18:34,Putrajaya,Milk-based,Caramel Macchiato,1,13.0,13.0,QR,Cloudy
TXN-5710,2026-03-14,18:35,Putrajaya,Espresso-based,Espresso,1,7.0,7.0,QR,Cloudy
TXN-5732,2026-03-14,18:39,Putrajaya,Ice Blended,Ice Blended Chocolate Chip,1,14.0,14.0,QR,Cloudy
TXN-5661,2026-03-14,18:54,Putrajaya,Milk-based,Latte,1,11.0,11.0,Cash,Cloudy
TXN-5779,2026-03-14,19:00,Puncak Alam,Milk-based,Latte,1,11.0,11.0,QR,Sunny
TXN-5679,2026-03-14,19:08,Putrajaya,Espresso-based,Espresso,1,7.0,7.0,QR,Cloudy
TXN-5793,2026-03-14,19:15,Puncak Alam,Milk-based,Mocha,2,12.0,24.0,QR,Sunny
TXN-5771,2026-03-14,19:16,Puncak Alam,Milk-based,Caramel Macchiato,1,13.0,13.0,Cash,Sunny
TXN-5688,2026-03-14,19:19,Putrajaya,Milk-based,Cappuccino,3,11.0,33.0,QR,Cloudy
TXN-5696,2026-03-14,19:23,Putrajaya,Espresso-based,Americano,1,9.0,9.0,Cash,Cloudy
TXN-5778,2026-03-14,19:44,Puncak Alam,Espresso-based,Americano,2,9.0,18.0,QR,Sunny
TXN-5665,2026-03-14,19:46,Putrajaya,Milk-based,Cappuccino,1,11.0,11.0,Cash,Cloudy
TXN-5789,2026-03-14,19:51,Puncak Alam,Milk-based,Caramel Macchiato,4,13.0,52.0,Cash,Sunny
TXN-5734,2026-03-14,19:56,Puncak Alam,Milk-based,Cappuccino,2,11.0,22.0,Cash,Sunny
TXN-5697,2026-03-14,19:59,Putrajaya,Milk-based,Mocha,1,12.0,12.0,QR,Cloudy
TXN-5769,2026-03-14,19:59,Puncak Alam,Milk-based,Caramel Macchiato,1,13.0,13.0,Cash,Sunny
TXN-5670,2026-03-14,20:01,Putrajaya,Milk-based,Cappuccino,1,11.0,11.0,Cash,Cloudy
TXN-5758,2026-03-14,20:20,Puncak Alam,Milk-based,Cappuccino,2,11.0,22.0,QR,Sunny
TXN-5708,2026-03-14,20:23,Putrajaya,Milk-based,Caramel Macchiato,3,13.0,39.0,Cash,Cloudy
TXN-5672,2026-03-14,20:25,Putrajaya,Milk-based,Mocha,2,12.0,24.0,Cash,Cloudy
TXN-5762,2026-03-14,20:47,Puncak Alam,Milk-based,Latte,1,11.0,11.0,QR,Sunny
TXN-5794,2026-03-14,20:47,Puncak Alam,Milk-based,Latte,2,11.0,22.0,QR,Sunny
TXN-5702,2026-03-14,21:03,Putrajaya,Espresso-based,Espresso,1,7.0,7.0,Cash,Cloudy
TXN-5724,2026-03-14,21:04,Putrajaya,Ice Blended,Ice Blended Chocolate Chip,2,14.0,28.0,QR,Cloudy
TXN-5791,2026-03-14,21:23,Puncak Alam,Espresso-based,Espresso,2,7.0,14.0,Cash,Sunny
TXN-5663,2026-03-14,21:25,Putrajaya,Milk-based,Mocha,1,12.0,12.0,Cash,Cloudy
TXN-5694,2026-03-14,21:35,Putrajaya,Milk-based,Mocha,2,12.0,24.0,QR,Cloudy
TXN-5660,2026-03-14,21:41,Putrajaya,Ice Blended,Ice Blended Chocolate Chip,1,14.0,14.0,QR,Cloudy
TXN-5746,2026-03-14,21:54,Puncak Alam,Espresso-based,Espresso,1,7.0,7.0,QR,Sunny
TXN-5788,2026-03-14,21:55,Puncak Alam,Espresso-based,Espresso,1,7.0,7.0,QR,Sunny
TXN-5892,2026-03-15,08:03,Puncak Alam,Milk-based,Cappuccino,1,11.0,11.0,QR,Raining
TXN-5886,2026-03-15,08:17,Puncak Alam,Espresso-based,Americano,1,9.0,9.0,QR,Raining
TXN-5795,2026-03-15,08:26,Putrajaya,Espresso-based,Americano,1,9.0,9.0,Cash,Raining
TXN-5880,2026-03-15,08:38,Puncak Alam,Espresso-based,Espresso,3,7.0,21.0,QR,Raining
TXN-5853,2026-03-15,08:39,Putrajaya,Milk-based,Latte,2,11.0,22.0,Cash,Raining
TXN-5858,2026-03-15,08:41,Puncak Alam,Espresso-based,Espresso,1,7.0,7.0,QR,Raining
TXN-5845,2026-03-15,08:49,Putrajaya,Milk-based,Latte,2,11.0,22.0,QR,Raining
TXN-5889,2026-03-15,08:58,Puncak Alam,Milk-based,Cappuccino,3,11.0,33.0,QR,Raining
TXN-5819,2026-03-15,09:00,Putrajaya,Ice Blended,Ice Blended Chocolate Chip,1,14.0,14.0,QR,Raining
TXN-5905,2026-03-15,09:12,Puncak Alam,Milk-based,Latte,1,11.0,11.0,QR,Raining
TXN-5851,2026-03-15,09:17,Putrajaya,Milk-based,Mocha,3,12.0,36.0,QR,Raining
TXN-5814,2026-03-15,09:25,Putrajaya,Espresso-based,Espresso,1,7.0,7.0,QR,Raining
TXN-5904,2026-03-15,09:35,Puncak Alam,Milk-based,Cappuccino,1,11.0,11.0,QR,Raining
TXN-5908,2026-03-15,09:35,Puncak Alam,Milk-based,Latte,2,11.0,22.0,QR,Raining
TXN-5844,2026-03-15,10:18,Putrajaya,Milk-based,Caramel Macchiato,1,13.0,13.0,Cash,Raining
TXN-5805,2026-03-15,10:19,Putrajaya,Milk-based,Cappuccino,1,11.0,11.0,Cash,Raining
TXN-5883,2026-03-15,10:23,Puncak Alam,Ice Blended,Ice Blended Chocolate Chip,2,14.0,28.0,Cash,Raining
TXN-5833,2026-03-15,10:37,Putrajaya,Espresso-based,Espresso,1,7.0,7.0,QR,Raining
TXN-5812,2026-03-15,10:39,Putrajaya,Milk-based,Cappuccino,1,11.0,11.0,QR,Raining
TXN-5899,2026-03-15,10:39,Puncak Alam,Milk-based,Latte,2,11.0,22.0,QR,Raining
TXN-5859,2026-03-15,11:02,Puncak Alam,Ice Blended,Ice Blended Chocolate Chip,1,14.0,14.0,QR,Raining
TXN-5802,2026-03-15,11:04,Putrajaya,Ice Blended,Ice Blended Chocolate Chip,1,14.0,14.0,QR,Raining
TXN-5868,2026-03-15,11:05,Puncak Alam,Milk-based,Mocha,1,12.0,12.0,QR,Raining
TXN-5894,2026-03-15,11:14,Puncak Alam,Milk-based,Latte,1,11.0,11.0,Cash,Raining
TXN-5811,2026-03-15,11:18,Putrajaya,Espresso-based,Espresso,1,7.0,7.0,QR,Raining
TXN-5823,2026-03-15,11:28,Putrajaya,Milk-based,Cappuccino,3,11.0,33.0,QR,Raining
TXN-5832,2026-03-15,11:32,Putrajaya,Espresso-based,Americano,2,9.0,18.0,Cash,Raining
TXN-5910,2026-03-15,11:39,Puncak Alam,Milk-based,Cappuccino,1,11.0,11.0,QR,Raining
TXN-5900,2026-03-15,11:40,Puncak Alam,Espresso-based,Americano,3,9.0,27.0,QR,Raining
TXN-5821,2026-03-15,11:51,Putrajaya,Ice Blended,Ice Blended Chocolate Chip,1,14.0,14.0,QR,Raining
TXN-5873,2026-03-15,11:53,Puncak Alam,Milk-based,Latte,1,11.0,11.0,QR,Raining
TXN-5831,2026-03-15,12:07,Putrajaya,Milk-based,Caramel Macchiato,1,13.0,13.0,QR,Raining
TXN-5852,2026-03-15,12:08,Putrajaya,Espresso-based,Americano,2,9.0,18.0,QR,Raining
TXN-5798,2026-03-15,12:17,Putrajaya,Espresso-based,Espresso,1,7.0,7.0,Cash,Raining
TXN-5839,2026-03-15,12:34,Putrajaya,Espresso-based,Americano,2,9.0,18.0,Cash,Raining
TXN-5817,2026-03-15,12:54,Putrajaya,Espresso-based,Americano,1,9.0,9.0,QR,Raining
TXN-5902,2026-03-15,12:54,Puncak Alam,Milk-based,Cappuccino,1,11.0,11.0,QR,Raining
TXN-5842,2026-03-15,13:01,Putrajaya,Ice Blended,Ice Blended Chocolate Chip,1,14.0,14.0,Cash,Raining
TXN-5846,2026-03-15,13:03,Putrajaya,Milk-based,Mocha,1,12.0,12.0,QR,Raining
TXN-5864,2026-03-15,13:05,Puncak Alam,Milk-based,Mocha,1,12.0,12.0,QR,Raining
TXN-5882,2026-03-15,13:06,Puncak Alam,Espresso-based,Espresso,3,7.0,21.0,QR,Raining
TXN-5876,2026-03-15,13:12,Puncak Alam,Milk-based,Mocha,1,12.0,12.0,Cash,Raining
TXN-5862,2026-03-15,13:14,Puncak Alam,Espresso-based,Americano,1,9.0,9.0,Cash,Raining
TXN-5867,2026-03-15,13:17,Puncak Alam,Espresso-based,Espresso,1,7.0,7.0,QR,Raining
TXN-5861,2026-03-15,13:19,Puncak Alam,Espresso-based,Americano,1,9.0,9.0,QR,Raining
TXN-5877,2026-03-15,13:20,Puncak Alam,Ice Blended,Ice Blended Chocolate Chip,1,14.0,14.0,Cash,Raining
TXN-5843,2026-03-15,13:21,Putrajaya,Milk-based,Latte,4,11.0,44.0,QR,Raining
TXN-5875,2026-03-15,13:22,Puncak Alam,Milk-based,Cappuccino,1,11.0,11.0,Cash,Raining
TXN-5820,2026-03-15,13:28,Putrajaya,Milk-based,Cappuccino,2,11.0,22.0,QR,Raining
TXN-5822,2026-03-15,13:29,Putrajaya,Milk-based,Caramel Macchiato,2,13.0,26.0,Cash,Raining
TXN-5903,2026-03-15,13:31,Puncak Alam,Milk-based,Cappuccino,1,11.0,11.0,QR,Raining
TXN-5825,2026-03-15,13:32,Putrajaya,Espresso-based,Americano,1,9.0,9.0,QR,Raining
TXN-5800,2026-03-15,13:39,Putrajaya,Milk-based,Latte,1,11.0,11.0,QR,Raining
TXN-5824,2026-03-15,13:41,Putrajaya,Ice Blended,Ice Blended Chocolate Chip,1,14.0,14.0,QR,Raining
TXN-5863,2026-03-15,13:45,Puncak Alam,Espresso-based,Espresso,1,7.0,7.0,Cash,Raining
TXN-5898,2026-03-15,13:48,Puncak Alam,Milk-based,Cappuccino,1,11.0,11.0,QR,Raining
TXN-5850,2026-03-15,14:07,Putrajaya,Milk-based,Cappuccino,1,11.0,11.0,QR,Raining
TXN-5885,2026-03-15,14:13,Puncak Alam,Ice Blended,Ice Blended Chocolate Chip,1,14.0,14.0,Cash,Raining
TXN-5896,2026-03-15,14:19,Puncak Alam,Milk-based,Mocha,1,12.0,12.0,QR,Raining
TXN-5830,2026-03-15,14:20,Putrajaya,Milk-based,Caramel Macchiato,2,13.0,26.0,QR,Raining
TXN-5871,2026-03-15,14:23,Puncak Alam,Milk-based,Latte,1,11.0,11.0,QR,Raining
TXN-5884,2026-03-15,14:33,Puncak Alam,Milk-based,Caramel Macchiato,4,13.0,52.0,QR,Raining
TXN-5890,2026-03-15,14:41,Puncak Alam,Ice Blended,Ice Blended Chocolate Chip,1,14.0,14.0,QR,Raining
TXN-5806,2026-03-15,14:45,Putrajaya,Milk-based,Caramel Macchiato,2,13.0,26.0,QR,Raining
TXN-5907,2026-03-15,14:46,Puncak Alam,Milk-based,Mocha,1,12.0,12.0,QR,Raining
TXN-5866,2026-03-15,14:55,Puncak Alam,Milk-based,Cappuccino,2,11.0,22.0,QR,Raining
TXN-5797,2026-03-15,14:56,Putrajaya,Espresso-based,Espresso,1,7.0,7.0,QR,Raining
TXN-5841,2026-03-15,14:59,Putrajaya,Milk-based,Mocha,2,12.0,24.0,QR,Raining
TXN-5809,2026-03-15,15:03,Putrajaya,Milk-based,Mocha,2,12.0,24.0,Cash,Raining
TXN-5909,2026-03-15,15:16,Puncak Alam,Ice Blended,Ice Blended Chocolate Chip,2,14.0,28.0,QR,Raining
TXN-5834,2026-03-15,15:24,Putrajaya,Espresso-based,Americano,1,9.0,9.0,QR,Raining
TXN-5897,2026-03-15,15:26,Puncak Alam,Milk-based,Cappuccino,1,11.0,11.0,QR,Raining
TXN-5808,2026-03-15,15:36,Putrajaya,Espresso-based,Espresso,3,7.0,21.0,QR,Raining
TXN-5837,2026-03-15,15:40,Putrajaya,Milk-based,Cappuccino,1,11.0,11.0,QR,Raining
TXN-5865,2026-03-15,15:41,Puncak Alam,Milk-based,Caramel Macchiato,3,13.0,39.0,QR,Raining
TXN-5799,2026-03-15,15:44,Putrajaya,Milk-based,Latte,1,11.0,11.0,QR,Raining
TXN-5901,2026-03-15,15:54,Puncak Alam,Espresso-based,Espresso,2,7.0,14.0,Cash,Raining
TXN-5893,2026-03-15,15:56,Puncak Alam,Milk-based,Caramel Macchiato,2,13.0,26.0,QR,Raining
TXN-5856,2026-03-15,16:04,Puncak Alam,Milk-based,Mocha,1,12.0,12.0,QR,Raining
TXN-5836,2026-03-15,16:06,Putrajaya,Ice Blended,Ice Blended Chocolate Chip,3,14.0,42.0,QR,Raining
TXN-5895,2026-03-15,16:11,Puncak Alam,Espresso-based,Americano,1,9.0,9.0,QR,Raining
TXN-5826,2026-03-15,16:12,Putrajaya,Milk-based,Caramel Macchiato,1,13.0,13.0,QR,Raining
TXN-5860,2026-03-15,16:21,Puncak Alam,Espresso-based,Americano,1,9.0,9.0,QR,Raining
TXN-5835,2026-03-15,16:33,Putrajaya,Milk-based,Caramel Macchiato,1,13.0,13.0,Cash,Raining
TXN-5838,2026-03-15,16:38,Putrajaya,Espresso-based,Americano,1,9.0,9.0,QR,Raining
TXN-5848,2026-03-15,16:58,Putrajaya,Espresso-based,Americano,1,9.0,9.0,Cash,Raining
TXN-5879,2026-03-15,16:58,Puncak Alam,Espresso-based,Espresso,2,7.0,14.0,Cash,Raining
TXN-5828,2026-03-15,17:09,Putrajaya,Milk-based,Caramel Macchiato,2,13.0,26.0,QR,Raining
TXN-5818,2026-03-15,17:33,Putrajaya,Ice Blended,Ice Blended Chocolate Chip,2,14.0,28.0,QR,Raining
TXN-5891,2026-03-15,17:45,Puncak Alam,Espresso-based,Espresso,2,7.0,14.0,Cash,Raining
TXN-5857,2026-03-15,17:58,Puncak Alam,Milk-based,Latte,1,11.0,11.0,QR,Raining
TXN-5874,2026-03-15,18:01,Puncak Alam,Milk-based,Mocha,1,12.0,12.0,Cash,Raining
TXN-5807,2026-03-15,18:14,Putrajaya,Ice Blended,Ice Blended Chocolate Chip,1,14.0,14.0,QR,Raining
TXN-5869,2026-03-15,18:22,Puncak Alam,Milk-based,Cappuccino,1,11.0,11.0,QR,Raining
TXN-5854,2026-03-15,18:26,Putrajaya,Milk-based,Latte,1,11.0,11.0,Cash,Raining
TXN-5801,2026-03-15,18:27,Putrajaya,Espresso-based,Americano,2,9.0,18.0,QR,Raining
TXN-5813,2026-03-15,18:36,Putrajaya,Ice Blended,Ice Blended Chocolate Chip,1,14.0,14.0,QR,Raining
TXN-5815,2026-03-15,18:50,Putrajaya,Espresso-based,Americano,1,9.0,9.0,Cash,Raining
TXN-5887,2026-03-15,19:00,Puncak Alam,Espresso-based,Americano,1,9.0,9.0,QR,Raining
TXN-5816,2026-03-15,19:15,Putrajaya,Milk-based,Cappuccino,2,11.0,22.0,Cash,Raining
TXN-5829,2026-03-15,19:18,Putrajaya,Milk-based,Mocha,3,12.0,36.0,QR,Raining
TXN-5881,2026-03-15,19:23,Puncak Alam,Espresso-based,Americano,2,9.0,18.0,QR,Raining
TXN-5803,2026-03-15,19:38,Putrajaya,Milk-based,Latte,1,11.0,11.0,QR,Raining
TXN-5878,2026-03-15,19:58,Puncak Alam,Espresso-based,Espresso,1,7.0,7.0,QR,Raining
TXN-5847,2026-03-15,19:59,Putrajaya,Milk-based,Caramel Macchiato,1,13.0,13.0,QR,Raining
TXN-5855,2026-03-15,19:59,Puncak Alam,Espresso-based,Espresso,2,7.0,14.0,QR,Raining
TXN-5827,2026-03-15,20:02,Putrajaya,Milk-based,Caramel Macchiato,1,13.0,13.0,Cash,Raining
TXN-5840,2026-03-15,20:32,Putrajaya,Espresso-based,Americano,3,9.0,27.0,QR,Raining
TXN-5804,2026-03-15,20:36,Putrajaya,Milk-based,Cappuccino,1,11.0,11.0,QR,Raining
TXN-5872,2026-03-15,20:45,Puncak Alam,Espresso-based,Espresso,1,7.0,7.0,QR,Raining
TXN-5849,2026-03-15,20:56,Putrajaya,Ice Blended,Ice Blended Chocolate Chip,2,14.0,28.0,Cash,Raining
TXN-5870,2026-03-15,21:12,Puncak Alam,Milk-based,Caramel Macchiato,3,13.0,39.0,Cash,Raining
TXN-5888,2026-03-15,21:16,Puncak Alam,Espresso-based,Americano,2,9.0,18.0,QR,Raining
TXN-5796,2026-03-15,21:19,Putrajaya,Milk-based,Cappuccino,1,11.0,11.0,QR,Raining
TXN-5906,2026-03-15,21:20,Puncak Alam,Milk-based,Latte,1,11.0,11.0,QR,Raining
TXN-5810,2026-03-15,21:36,Putrajaya,Espresso-based,Americano,1,9.0,9.0,QR,Raining
TXN-5953,2026-03-16,08:06,Putrajaya,Espresso-based,Americano,1,9.0,9.0,QR,Cloudy
TXN-5948,2026-03-16,08:07,Putrajaya,Milk-based,Cappuccino,1,11.0,11.0,QR,Cloudy
TXN-5998,2026-03-16,08:15,Puncak Alam,Milk-based,Latte,1,11.0,11.0,Cash,Sunny
TXN-5963,2026-03-16,08:20,Puncak Alam,Milk-based,Latte,1,11.0,11.0,QR,Sunny
TXN-5942,2026-03-16,08:33,Putrajaya,Milk-based,Latte,1,11.0,11.0,Cash,Cloudy
TXN-5930,2026-03-16,08:35,Putrajaya,Espresso-based,Espresso,1,7.0,7.0,QR,Cloudy
TXN-5969,2026-03-16,08:50,Puncak Alam,Espresso-based,Espresso,3,7.0,21.0,QR,Sunny
TXN-5983,2026-03-16,08:57,Puncak Alam,Espresso-based,Americano,1,9.0,9.0,QR,Sunny
TXN-5951,2026-03-16,09:09,Putrajaya,Milk-based,Cappuccino,1,11.0,11.0,Cash,Cloudy
TXN-5986,2026-03-16,09:17,Puncak Alam,Milk-based,Cappuccino,1,11.0,11.0,QR,Sunny
TXN-6024,2026-03-16,09:22,Puncak Alam,Milk-based,Latte,3,11.0,33.0,Cash,Sunny
TXN-5985,2026-03-16,09:35,Puncak Alam,Milk-based,Mocha,4,12.0,48.0,QR,Sunny
TXN-5987,2026-03-16,09:45,Puncak Alam,Ice Blended,Ice Blended Chocolate Chip,2,14.0,28.0,QR,Sunny
TXN-5924,2026-03-16,09:47,Putrajaya,Ice Blended,Ice Blended Chocolate Chip,2,14.0,28.0,Cash,Cloudy
TXN-5944,2026-03-16,09:47,Putrajaya,Milk-based,Latte,1,11.0,11.0,QR,Cloudy
TXN-6032,2026-03-16,09:49,Puncak Alam,Milk-based,Cappuccino,1,11.0,11.0,QR,Sunny
TXN-5927,2026-03-16,10:04,Putrajaya,Ice Blended,Ice Blended Chocolate Chip,3,14.0,42.0,QR,Cloudy
TXN-5943,2026-03-16,10:07,Putrajaya,Espresso-based,Americano,1,9.0,9.0,Cash,Cloudy
TXN-5971,2026-03-16,10:13,Puncak Alam,Milk-based,Mocha,3,12.0,36.0,QR,Sunny
TXN-5988,2026-03-16,10:17,Puncak Alam,Espresso-based,Espresso,1,7.0,7.0,QR,Sunny
TXN-6020,2026-03-16,10:35,Puncak Alam,Milk-based,Mocha,1,12.0,12.0,QR,Sunny
TXN-6014,2026-03-16,10:36,Puncak Alam,Milk-based,Latte,1,11.0,11.0,QR,Sunny
TXN-5974,2026-03-16,10:37,Puncak Alam,Milk-based,Latte,1,11.0,11.0,Cash,Sunny
TXN-6027,2026-03-16,10:47,Puncak Alam,Milk-based,Caramel Macchiato,1,13.0,13.0,QR,Sunny
TXN-5991,2026-03-16,10:50,Puncak Alam,Milk-based,Latte,1,11.0,11.0,QR,Sunny
TXN-6022,2026-03-16,10:53,Puncak Alam,Milk-based,Mocha,2,12.0,24.0,Cash,Sunny
TXN-5949,2026-03-16,11:02,Putrajaya,Milk-based,Caramel Macchiato,1,13.0,13.0,QR,Cloudy
TXN-5911,2026-03-16,11:09,Putrajaya,Espresso-based,Espresso,1,7.0,7.0,QR,Cloudy
TXN-5984,2026-03-16,11:09,Puncak Alam,Espresso-based,Espresso,1,7.0,7.0,QR,Sunny
TXN-5960,2026-03-16,11:25,Putrajaya,Ice Blended,Ice Blended Chocolate Chip,1,14.0,14.0,QR,Cloudy
TXN-6002,2026-03-16,11:31,Puncak Alam,Milk-based,Latte,1,11.0,11.0,QR,Sunny
TXN-6019,2026-03-16,11:32,Puncak Alam,Milk-based,Cappuccino,1,11.0,11.0,QR,Sunny
TXN-5997,2026-03-16,11:35,Puncak Alam,Milk-based,Mocha,1,12.0,12.0,Cash,Sunny
TXN-6031,2026-03-16,11:39,Puncak Alam,Milk-based,Mocha,1,12.0,12.0,QR,Sunny
TXN-5996,2026-03-16,11:56,Puncak Alam,Ice Blended,Ice Blended Chocolate Chip,2,14.0,28.0,Cash,Sunny
TXN-5929,2026-03-16,11:58,Putrajaya,Espresso-based,Americano,1,9.0,9.0,Cash,Cloudy
TXN-5980,2026-03-16,11:58,Puncak Alam,Espresso-based,Espresso,1,7.0,7.0,Cash,Sunny
TXN-6017,2026-03-16,12:02,Puncak Alam,Espresso-based,Americano,1,9.0,9.0,Cash,Sunny
TXN-5940,2026-03-16,12:04,Putrajaya,Espresso-based,Americano,1,9.0,9.0,Cash,Cloudy
TXN-5922,2026-03-16,12:07,Putrajaya,Espresso-based,Espresso,2,7.0,14.0,Cash,Cloudy
TXN-5968,2026-03-16,12:08,Puncak Alam,Milk-based,Cappuccino,1,11.0,11.0,QR,Sunny
TXN-5975,2026-03-16,12:08,Puncak Alam,Espresso-based,Americano,2,9.0,18.0,QR,Sunny
TXN-5923,2026-03-16,12:21,Putrajaya,Milk-based,Cappuccino,1,11.0,11.0,QR,Cloudy
TXN-6009,2026-03-16,12:35,Puncak Alam,Espresso-based,Americano,2,9.0,18.0,QR,Sunny
TXN-5992,2026-03-16,12:39,Puncak Alam,Espresso-based,Espresso,1,7.0,7.0,QR,Sunny
TXN-5934,2026-03-16,12:44,Putrajaya,Ice Blended,Ice Blended Chocolate Chip,1,14.0,14.0,QR,Cloudy
TXN-5941,2026-03-16,12:48,Putrajaya,Milk-based,Mocha,1,12.0,12.0,QR,Cloudy
TXN-5917,2026-03-16,13:15,Putrajaya,Milk-based,Latte,3,11.0,33.0,QR,Cloudy
TXN-5973,2026-03-16,13:19,Puncak Alam,Milk-based,Mocha,2,12.0,24.0,QR,Sunny
TXN-5995,2026-03-16,13:26,Puncak Alam,Milk-based,Caramel Macchiato,2,13.0,26.0,Cash,Sunny
TXN-6023,2026-03-16,13:36,Puncak Alam,Milk-based,Caramel Macchiato,2,13.0,26.0,QR,Sunny
TXN-5937,2026-03-16,13:49,Putrajaya,Milk-based,Mocha,1,12.0,12.0,QR,Cloudy
TXN-5977,2026-03-16,13:50,Puncak Alam,Milk-based,Mocha,1,12.0,12.0,Cash,Sunny
TXN-6030,2026-03-16,13:51,Puncak Alam,Espresso-based,Espresso,1,7.0,7.0,QR,Sunny
TXN-5919,2026-03-16,14:09,Putrajaya,Milk-based,Mocha,1,12.0,12.0,Cash,Cloudy
TXN-5961,2026-03-16,14:17,Puncak Alam,Milk-based,Cappuccino,1,11.0,11.0,QR,Sunny
TXN-5938,2026-03-16,14:25,Putrajaya,Espresso-based,Americano,2,9.0,18.0,QR,Cloudy
TXN-6013,2026-03-16,14:25,Puncak Alam,Ice Blended,Ice Blended Chocolate Chip,1,14.0,14.0,QR,Sunny
TXN-5933,2026-03-16,14:29,Putrajaya,Espresso-based,Americano,1,9.0,9.0,Cash,Cloudy
TXN-5916,2026-03-16,14:31,Putrajaya,Milk-based,Latte,1,11.0,11.0,QR,Cloudy
TXN-5990,2026-03-16,14:33,Puncak Alam,Espresso-based,Espresso,2,7.0,14.0,QR,Sunny
TXN-6015,2026-03-16,14:49,Puncak Alam,Ice Blended,Ice Blended Chocolate Chip,3,14.0,42.0,QR,Sunny
TXN-5918,2026-03-16,14:50,Putrajaya,Espresso-based,Espresso,1,7.0,7.0,QR,Cloudy
TXN-6001,2026-03-16,15:01,Puncak Alam,Espresso-based,Espresso,1,7.0,7.0,QR,Sunny
TXN-5945,2026-03-16,15:12,Putrajaya,Espresso-based,Americano,1,9.0,9.0,QR,Cloudy
TXN-6018,2026-03-16,15:16,Puncak Alam,Espresso-based,Americano,1,9.0,9.0,QR,Sunny
TXN-5957,2026-03-16,15:33,Putrajaya,Espresso-based,Americano,2,9.0,18.0,Cash,Cloudy
TXN-5954,2026-03-16,15:51,Putrajaya,Ice Blended,Ice Blended Chocolate Chip,1,14.0,14.0,QR,Cloudy
TXN-5946,2026-03-16,15:54,Putrajaya,Milk-based,Mocha,1,12.0,12.0,Cash,Cloudy
TXN-5962,2026-03-16,15:57,Puncak Alam,Milk-based,Mocha,2,12.0,24.0,Cash,Sunny
TXN-6012,2026-03-16,16:15,Puncak Alam,Espresso-based,Espresso,1,7.0,7.0,QR,Sunny
TXN-6025,2026-03-16,16:18,Puncak Alam,Ice Blended,Ice Blended Chocolate Chip,1,14.0,14.0,QR,Sunny
TXN-5935,2026-03-16,16:42,Putrajaya,Espresso-based,Americano,1,9.0,9.0,Cash,Cloudy
TXN-6007,2026-03-16,16:44,Puncak Alam,Espresso-based,Espresso,1,7.0,7.0,QR,Sunny
TXN-5981,2026-03-16,16:46,Puncak Alam,Milk-based,Mocha,1,12.0,12.0,QR,Sunny
TXN-5928,2026-03-16,16:55,Putrajaya,Espresso-based,Espresso,1,7.0,7.0,Cash,Cloudy
TXN-5972,2026-03-16,17:18,Puncak Alam,Ice Blended,Ice Blended Chocolate Chip,1,14.0,14.0,QR,Sunny
TXN-5966,2026-03-16,17:23,Puncak Alam,Milk-based,Mocha,1,12.0,12.0,QR,Sunny
TXN-5965,2026-03-16,17:51,Puncak Alam,Milk-based,Mocha,1,12.0,12.0,QR,Sunny
TXN-6016,2026-03-16,18:04,Puncak Alam,Ice Blended,Ice Blended Chocolate Chip,1,14.0,14.0,QR,Sunny
TXN-5956,2026-03-16,18:12,Putrajaya,Espresso-based,Americano,1,9.0,9.0,QR,Cloudy
TXN-5925,2026-03-16,18:13,Putrajaya,Milk-based,Mocha,2,12.0,24.0,QR,Cloudy
TXN-5947,2026-03-16,18:18,Putrajaya,Ice Blended,Ice Blended Chocolate Chip,2,14.0,28.0,Cash,Cloudy
TXN-5915,2026-03-16,18:19,Putrajaya,Milk-based,Cappuccino,1,11.0,11.0,QR,Cloudy
TXN-6003,2026-03-16,18:21,Puncak Alam,Milk-based,Cappuccino,1,11.0,11.0,QR,Sunny
TXN-6005,2026-03-16,18:22,Puncak Alam,Milk-based,Cappuccino,1,11.0,11.0,QR,Sunny
TXN-5914,2026-03-16,18:33,Putrajaya,Espresso-based,Americano,2,9.0,18.0,QR,Cloudy
TXN-6026,2026-03-16,18:39,Puncak Alam,Espresso-based,Americano,2,9.0,18.0,QR,Sunny
TXN-6011,2026-03-16,18:42,Puncak Alam,Ice Blended,Ice Blended Chocolate Chip,1,14.0,14.0,Cash,Sunny
TXN-5920,2026-03-16,18:43,Putrajaya,Espresso-based,Americano,1,9.0,9.0,Cash,Cloudy
TXN-5912,2026-03-16,18:47,Putrajaya,Ice Blended,Ice Blended Chocolate Chip,2,14.0,28.0,Cash,Cloudy
TXN-5994,2026-03-16,18:52,Puncak Alam,Milk-based,Mocha,2,12.0,24.0,QR,Sunny
TXN-5958,2026-03-16,18:53,Putrajaya,Espresso-based,Espresso,1,7.0,7.0,Cash,Cloudy
TXN-5999,2026-03-16,19:01,Puncak Alam,Espresso-based,Espresso,1,7.0,7.0,Cash,Sunny
TXN-6000,2026-03-16,19:21,Puncak Alam,Milk-based,Mocha,1,12.0,12.0,Cash,Sunny
TXN-6006,2026-03-16,19:24,Puncak Alam,Milk-based,Latte,1,11.0,11.0,QR,Sunny
TXN-6004,2026-03-16,19:29,Puncak Alam,Espresso-based,Espresso,2,7.0,14.0,QR,Sunny
TXN-5936,2026-03-16,19:32,Putrajaya,Milk-based,Latte,2,11.0,22.0,QR,Cloudy
TXN-5950,2026-03-16,19:34,Putrajaya,Milk-based,Mocha,1,12.0,12.0,QR,Cloudy
TXN-5989,2026-03-16,19:38,Puncak Alam,Milk-based,Cappuccino,2,11.0,22.0,QR,Sunny
TXN-6029,2026-03-16,19:47,Puncak Alam,Espresso-based,Espresso,1,7.0,7.0,QR,Sunny
TXN-5970,2026-03-16,19:49,Puncak Alam,Milk-based,Mocha,1,12.0,12.0,QR,Sunny
TXN-6021,2026-03-16,19:50,Puncak Alam,Milk-based,Latte,2,11.0,22.0,QR,Sunny
TXN-5978,2026-03-16,19:51,Puncak Alam,Milk-based,Latte,1,11.0,11.0,QR,Sunny
TXN-5939,2026-03-16,19:52,Putrajaya,Milk-based,Caramel Macchiato,1,13.0,13.0,QR,Cloudy
TXN-5932,2026-03-16,19:59,Putrajaya,Milk-based,Mocha,1,12.0,12.0,QR,Cloudy
TXN-5952,2026-03-16,20:08,Putrajaya,Milk-based,Latte,1,11.0,11.0,QR,Cloudy
TXN-5976,2026-03-16,20:09,Puncak Alam,Espresso-based,Americano,3,9.0,27.0,Cash,Sunny
TXN-5979,2026-03-16,20:22,Puncak Alam,Milk-based,Mocha,4,12.0,48.0,Cash,Sunny
TXN-5959,2026-03-16,20:30,Putrajaya,Espresso-based,Americano,1,9.0,9.0,QR,Cloudy
TXN-5955,2026-03-16,20:34,Putrajaya,Espresso-based,Americano,2,9.0,18.0,QR,Cloudy
TXN-5967,2026-03-16,20:37,Puncak Alam,Ice Blended,Ice Blended Chocolate Chip,1,14.0,14.0,QR,Sunny
TXN-6028,2026-03-16,20:38,Puncak Alam,Espresso-based,Americano,2,9.0,18.0,Cash,Sunny
TXN-5926,2026-03-16,20:44,Putrajaya,Milk-based,Latte,1,11.0,11.0,QR,Cloudy
TXN-5993,2026-03-16,20:54,Puncak Alam,Milk-based,Cappuccino,1,11.0,11.0,QR,Sunny
TXN-5931,2026-03-16,20:59,Putrajaya,Milk-based,Cappuccino,1,11.0,11.0,Cash,Cloudy
TXN-6008,2026-03-16,21:01,Puncak Alam,Milk-based,Mocha,1,12.0,12.0,QR,Sunny
TXN-5982,2026-03-16,21:03,Puncak Alam,Ice Blended,Ice Blended Chocolate Chip,1,14.0,14.0,QR,Sunny
TXN-5921,2026-03-16,21:09,Putrajaya,Milk-based,Caramel Macchiato,2,13.0,26.0,Cash,Cloudy
TXN-6010,2026-03-16,21:12,Puncak Alam,Espresso-based,Americano,1,9.0,9.0,QR,Sunny
TXN-5964,2026-03-16,21:27,Puncak Alam,Milk-based,Cappuccino,1,11.0,11.0,QR,Sunny
TXN-5913,2026-03-16,21:49,Putrajaya,Espresso-based,Americano,1,9.0,9.0,QR,Cloudy
TXN-6042,2026-03-17,08:05,Putrajaya,Espresso-based,Espresso,1,7.0,7.0,Cash,Cloudy
TXN-6036,2026-03-17,08:29,Putrajaya,Milk-based,Caramel Macchiato,1,13.0,13.0,QR,Cloudy
TXN-6061,2026-03-17,08:33,Putrajaya,Milk-based,Latte,1,11.0,11.0,QR,Cloudy
TXN-6067,2026-03-17,08:33,Puncak Alam,Milk-based,Caramel Macchiato,1,13.0,13.0,QR,Cloudy
TXN-6091,2026-03-17,08:42,Puncak Alam,Espresso-based,Americano,1,9.0,9.0,QR,Cloudy
TXN-6052,2026-03-17,09:09,Putrajaya,Milk-based,Mocha,1,12.0,12.0,QR,Cloudy
TXN-6085,2026-03-17,09:55,Puncak Alam,Milk-based,Latte,1,11.0,11.0,Cash,Cloudy
TXN-6060,2026-03-17,10:03,Putrajaya,Milk-based,Cappuccino,2,11.0,22.0,Cash,Cloudy
TXN-6076,2026-03-17,10:11,Puncak Alam,Milk-based,Latte,1,11.0,11.0,QR,Cloudy
TXN-6059,2026-03-17,10:30,Putrajaya,Milk-based,Cappuccino,1,11.0,11.0,QR,Cloudy
TXN-6075,2026-03-17,10:37,Puncak Alam,Milk-based,Caramel Macchiato,1,13.0,13.0,QR,Cloudy
TXN-6046,2026-03-17,10:49,Putrajaya,Milk-based,Cappuccino,1,11.0,11.0,QR,Cloudy
TXN-6050,2026-03-17,10:55,Putrajaya,Milk-based,Latte,1,11.0,11.0,QR,Cloudy
TXN-6094,2026-03-17,10:55,Puncak Alam,Milk-based,Mocha,1,12.0,12.0,Cash,Cloudy
TXN-6063,2026-03-17,11:12,Putrajaya,Milk-based,Latte,1,11.0,11.0,QR,Cloudy
TXN-6095,2026-03-17,11:20,Puncak Alam,Milk-based,Caramel Macchiato,1,13.0,13.0,QR,Cloudy
TXN-6086,2026-03-17,11:27,Puncak Alam,Espresso-based,Espresso,1,7.0,7.0,QR,Cloudy
TXN-6034,2026-03-17,11:32,Putrajaya,Espresso-based,Espresso,1,7.0,7.0,QR,Cloudy
TXN-6080,2026-03-17,11:32,Puncak Alam,Ice Blended,Ice Blended Chocolate Chip,1,14.0,14.0,QR,Cloudy
TXN-6077,2026-03-17,11:35,Puncak Alam,Milk-based,Caramel Macchiato,1,13.0,13.0,Cash,Cloudy
TXN-6088,2026-03-17,11:46,Puncak Alam,Milk-based,Caramel Macchiato,2,13.0,26.0,QR,Cloudy
TXN-6087,2026-03-17,11:47,Puncak Alam,Ice Blended,Ice Blended Chocolate Chip,1,14.0,14.0,QR,Cloudy
TXN-6053,2026-03-17,11:56,Putrajaya,Espresso-based,Espresso,1,7.0,7.0,Cash,Cloudy
TXN-6069,2026-03-17,12:27,Puncak Alam,Milk-based,Caramel Macchiato,3,13.0,39.0,QR,Cloudy
TXN-6093,2026-03-17,12:34,Puncak Alam,Milk-based,Cappuccino,2,11.0,22.0,QR,Cloudy
TXN-6048,2026-03-17,12:47,Putrajaya,Ice Blended,Ice Blended Chocolate Chip,2,14.0,28.0,Cash,Cloudy
TXN-6057,2026-03-17,12:53,Putrajaya,Milk-based,Caramel Macchiato,2,13.0,26.0,Cash,Cloudy
TXN-6041,2026-03-17,13:00,Putrajaya,Milk-based,Latte,1,11.0,11.0,Cash,Cloudy
TXN-6039,2026-03-17,13:01,Putrajaya,Espresso-based,Espresso,1,7.0,7.0,QR,Cloudy
TXN-6045,2026-03-17,13:03,Putrajaya,Espresso-based,Americano,1,9.0,9.0,QR,Cloudy
TXN-6081,2026-03-17,13:06,Puncak Alam,Ice Blended,Ice Blended Chocolate Chip,1,14.0,14.0,QR,Cloudy
TXN-6064,2026-03-17,13:55,Putrajaya,Milk-based,Mocha,1,12.0,12.0,QR,Cloudy
TXN-6054,2026-03-17,14:01,Putrajaya,Milk-based,Mocha,3,12.0,36.0,Cash,Cloudy
TXN-6096,2026-03-17,14:01,Puncak Alam,Espresso-based,Espresso,2,7.0,14.0,Cash,Cloudy
TXN-6055,2026-03-17,14:02,Putrajaya,Espresso-based,Espresso,1,7.0,7.0,QR,Cloudy
TXN-6074,2026-03-17,14:10,Puncak Alam,Milk-based,Mocha,1,12.0,12.0,Cash,Cloudy
TXN-6065,2026-03-17,14:15,Putrajaya,Milk-based,Mocha,1,12.0,12.0,Cash,Cloudy
TXN-6058,2026-03-17,14:21,Putrajaya,Milk-based,Caramel Macchiato,3,13.0,39.0,QR,Cloudy
TXN-6040,2026-03-17,14:31,Putrajaya,Ice Blended,Ice Blended Chocolate Chip,2,14.0,28.0,QR,Cloudy
TXN-6035,2026-03-17,14:37,Putrajaya,Milk-based,Mocha,1,12.0,12.0,QR,Cloudy
TXN-6051,2026-03-17,14:43,Putrajaya,Milk-based,Cappuccino,3,11.0,33.0,Cash,Cloudy
TXN-6037,2026-03-17,14:45,Putrajaya,Ice Blended,Ice Blended Chocolate Chip,1,14.0,14.0,QR,Cloudy
TXN-6073,2026-03-17,14:59,Puncak Alam,Espresso-based,Americano,3,9.0,27.0,QR,Cloudy
TXN-6043,2026-03-17,16:17,Putrajaya,Milk-based,Latte,1,11.0,11.0,QR,Cloudy
TXN-6044,2026-03-17,16:23,Putrajaya,Milk-based,Mocha,1,12.0,12.0,QR,Cloudy
TXN-6084,2026-03-17,16:39,Puncak Alam,Espresso-based,Espresso,1,7.0,7.0,QR,Cloudy
TXN-6092,2026-03-17,16:41,Puncak Alam,Espresso-based,Americano,1,9.0,9.0,Cash,Cloudy
TXN-6070,2026-03-17,17:03,Puncak Alam,Milk-based,Mocha,1,12.0,12.0,Cash,Cloudy
TXN-6071,2026-03-17,17:04,Puncak Alam,Milk-based,Caramel Macchiato,2,13.0,26.0,QR,Cloudy
TXN-6056,2026-03-17,17:10,Putrajaya,Ice Blended,Ice Blended Chocolate Chip,2,14.0,28.0,Cash,Cloudy
TXN-6072,2026-03-17,17:14,Puncak Alam,Milk-based,Latte,1,11.0,11.0,QR,Cloudy
TXN-6066,2026-03-17,17:36,Putrajaya,Milk-based,Cappuccino,1,11.0,11.0,Cash,Cloudy
TXN-6068,2026-03-17,17:54,Puncak Alam,Milk-based,Latte,1,11.0,11.0,QR,Cloudy
TXN-6047,2026-03-17,18:11,Putrajaya,Milk-based,Cappuccino,3,11.0,33.0,Cash,Cloudy
TXN-6038,2026-03-17,18:17,Putrajaya,Ice Blended,Ice Blended Chocolate Chip,3,14.0,42.0,QR,Cloudy
TXN-6082,2026-03-17,18:21,Puncak Alam,Milk-based,Latte,1,11.0,11.0,Cash,Cloudy
TXN-6089,2026-03-17,18:43,Puncak Alam,Espresso-based,Espresso,1,7.0,7.0,QR,Cloudy
TXN-6078,2026-03-17,19:13,Puncak Alam,Milk-based,Caramel Macchiato,2,13.0,26.0,QR,Cloudy
TXN-6090,2026-03-17,19:24,Puncak Alam,Espresso-based,Espresso,1,7.0,7.0,Cash,Cloudy
TXN-6083,2026-03-17,19:42,Puncak Alam,Espresso-based,Americano,4,9.0,36.0,QR,Cloudy
TXN-6049,2026-03-17,20:02,Putrajaya,Milk-based,Latte,1,11.0,11.0,QR,Cloudy
TXN-6062,2026-03-17,20:23,Putrajaya,Espresso-based,Americano,2,9.0,18.0,QR,Cloudy
TXN-6079,2026-03-17,20:53,Puncak Alam,Milk-based,Latte,2,11.0,22.0,QR,Cloudy
TXN-6033,2026-03-17,21:23,Putrajaya,Milk-based,Caramel Macchiato,3,13.0,39.0,QR,Cloudy
TXN-6174,2026-03-18,08:00,Puncak Alam,Milk-based,Cappuccino,1,11.0,11.0,QR,Sunny
TXN-6157,2026-03-18,08:03,Putrajaya,Ice Blended,Ice Blended Chocolate Chip,1,14.0,14.0,Cash,Sunny
TXN-6113,2026-03-18,08:09,Putrajaya,Milk-based,Cappuccino,1,11.0,11.0,Cash,Sunny
TXN-6116,2026-03-18,08:32,Putrajaya,Milk-based,Latte,1,11.0,11.0,QR,Sunny
TXN-6166,2026-03-18,08:48,Puncak Alam,Milk-based,Caramel Macchiato,2,13.0,26.0,QR,Sunny
TXN-6103,2026-03-18,09:12,Putrajaya,Ice Blended,Ice Blended Chocolate Chip,1,14.0,14.0,Cash,Sunny
TXN-6143,2026-03-18,09:14,Putrajaya,Milk-based,Caramel Macchiato,2,13.0,26.0,Cash,Sunny
TXN-6135,2026-03-18,09:16,Putrajaya,Ice Blended,Ice Blended Chocolate Chip,2,14.0,28.0,QR,Sunny
TXN-6155,2026-03-18,09:26,Putrajaya,Espresso-based,Americano,1,9.0,9.0,QR,Sunny
TXN-6145,2026-03-18,09:32,Putrajaya,Espresso-based,Americano,2,9.0,18.0,QR,Sunny
TXN-6125,2026-03-18,09:37,Putrajaya,Ice Blended,Ice Blended Chocolate Chip,1,14.0,14.0,QR,Sunny
TXN-6099,2026-03-18,09:40,Putrajaya,Espresso-based,Espresso,1,7.0,7.0,Cash,Sunny
TXN-6190,2026-03-18,09:42,Puncak Alam,Milk-based,Latte,2,11.0,22.0,QR,Sunny
TXN-6153,2026-03-18,09:51,Putrajaya,Milk-based,Caramel Macchiato,2,13.0,26.0,Cash,Sunny
TXN-6097,2026-03-18,09:56,Putrajaya,Milk-based,Caramel Macchiato,1,13.0,13.0,Cash,Sunny
TXN-6194,2026-03-18,09:58,Puncak Alam,Espresso-based,Americano,1,9.0,9.0,QR,Sunny
TXN-6110,2026-03-18,10:05,Putrajaya,Milk-based,Caramel Macchiato,1,13.0,13.0,Cash,Sunny
TXN-6136,2026-03-18,10:12,Putrajaya,Espresso-based,Americano,1,9.0,9.0,Cash,Sunny
TXN-6160,2026-03-18,10:17,Putrajaya,Ice Blended,Ice Blended Chocolate Chip,3,14.0,42.0,QR,Sunny
TXN-6134,2026-03-18,10:18,Putrajaya,Espresso-based,Americano,1,9.0,9.0,QR,Sunny
TXN-6126,2026-03-18,10:24,Putrajaya,Milk-based,Cappuccino,1,11.0,11.0,QR,Sunny
TXN-6130,2026-03-18,10:50,Putrajaya,Milk-based,Caramel Macchiato,3,13.0,39.0,QR,Sunny
TXN-6177,2026-03-18,10:54,Puncak Alam,Ice Blended,Ice Blended Chocolate Chip,1,14.0,14.0,Cash,Sunny
TXN-6179,2026-03-18,11:26,Puncak Alam,Espresso-based,Americano,1,9.0,9.0,Cash,Sunny
TXN-6168,2026-03-18,11:29,Puncak Alam,Espresso-based,Americano,1,9.0,9.0,QR,Sunny
TXN-6108,2026-03-18,11:33,Putrajaya,Milk-based,Caramel Macchiato,1,13.0,13.0,Cash,Sunny
TXN-6167,2026-03-18,11:34,Puncak Alam,Espresso-based,Americano,1,9.0,9.0,Cash,Sunny
TXN-6115,2026-03-18,11:37,Putrajaya,Espresso-based,Americano,1,9.0,9.0,QR,Sunny
TXN-6187,2026-03-18,11:46,Puncak Alam,Espresso-based,Americano,1,9.0,9.0,QR,Sunny
TXN-6159,2026-03-18,12:02,Putrajaya,Milk-based,Mocha,1,12.0,12.0,QR,Sunny
TXN-6118,2026-03-18,12:09,Putrajaya,Espresso-based,Americano,2,9.0,18.0,Cash,Sunny
TXN-6146,2026-03-18,12:16,Putrajaya,Milk-based,Mocha,1,12.0,12.0,QR,Sunny
TXN-6120,2026-03-18,12:24,Putrajaya,Espresso-based,Americano,1,9.0,9.0,QR,Sunny
TXN-6104,2026-03-18,12:37,Putrajaya,Milk-based,Caramel Macchiato,1,13.0,13.0,QR,Sunny
TXN-6144,2026-03-18,12:37,Putrajaya,Ice Blended,Ice Blended Chocolate Chip,2,14.0,28.0,QR,Sunny
TXN-6127,2026-03-18,12:38,Putrajaya,Milk-based,Latte,2,11.0,22.0,QR,Sunny
TXN-6106,2026-03-18,12:41,Putrajaya,Milk-based,Cappuccino,3,11.0,33.0,QR,Sunny
TXN-6181,2026-03-18,13:04,Puncak Alam,Espresso-based,Americano,1,9.0,9.0,Cash,Sunny
TXN-6189,2026-03-18,13:05,Puncak Alam,Ice Blended,Ice Blended Chocolate Chip,1,14.0,14.0,QR,Sunny
TXN-6132,2026-03-18,13:24,Putrajaya,Ice Blended,Ice Blended Chocolate Chip,1,14.0,14.0,QR,Sunny
TXN-6154,2026-03-18,13:32,Putrajaya,Milk-based,Mocha,3,12.0,36.0,QR,Sunny
TXN-6184,2026-03-18,13:51,Puncak Alam,Espresso-based,Americano,1,9.0,9.0,QR,Sunny
TXN-6123,2026-03-18,13:58,Putrajaya,Ice Blended,Ice Blended Chocolate Chip,2,14.0,28.0,QR,Sunny
TXN-6121,2026-03-18,14:23,Putrajaya,Espresso-based,Espresso,2,7.0,14.0,Cash,Sunny
TXN-6192,2026-03-18,14:24,Puncak Alam,Milk-based,Caramel Macchiato,1,13.0,13.0,QR,Sunny
TXN-6122,2026-03-18,14:25,Putrajaya,Milk-based,Cappuccino,1,11.0,11.0,Cash,Sunny
TXN-6165,2026-03-18,14:27,Puncak Alam,Milk-based,Mocha,2,12.0,24.0,Cash,Sunny
TXN-6112,2026-03-18,14:41,Putrajaya,Milk-based,Latte,1,11.0,11.0,QR,Sunny
TXN-6164,2026-03-18,14:58,Puncak Alam,Milk-based,Caramel Macchiato,1,13.0,13.0,Cash,Sunny
TXN-6183,2026-03-18,15:04,Puncak Alam,Milk-based,Cappuccino,2,11.0,22.0,QR,Sunny
TXN-6131,2026-03-18,15:12,Putrajaya,Espresso-based,Espresso,1,7.0,7.0,QR,Sunny
TXN-6100,2026-03-18,15:16,Putrajaya,Milk-based,Latte,1,11.0,11.0,Cash,Sunny
TXN-6105,2026-03-18,15:19,Putrajaya,Milk-based,Caramel Macchiato,2,13.0,26.0,QR,Sunny
TXN-6191,2026-03-18,15:20,Puncak Alam,Milk-based,Latte,2,11.0,22.0,QR,Sunny
TXN-6138,2026-03-18,15:34,Putrajaya,Milk-based,Caramel Macchiato,1,13.0,13.0,QR,Sunny
TXN-6182,2026-03-18,15:47,Puncak Alam,Milk-based,Caramel Macchiato,1,13.0,13.0,QR,Sunny
TXN-6102,2026-03-18,16:02,Putrajaya,Milk-based,Latte,4,11.0,44.0,Cash,Sunny
TXN-6140,2026-03-18,16:08,Putrajaya,Milk-based,Latte,1,11.0,11.0,Cash,Sunny
TXN-6114,2026-03-18,16:10,Putrajaya,Milk-based,Cappuccino,1,11.0,11.0,QR,Sunny
TXN-6133,2026-03-18,16:22,Putrajaya,Espresso-based,Espresso,1,7.0,7.0,Cash,Sunny
TXN-6128,2026-03-18,16:36,Putrajaya,Milk-based,Caramel Macchiato,1,13.0,13.0,QR,Sunny
TXN-6147,2026-03-18,16:36,Putrajaya,Milk-based,Cappuccino,1,11.0,11.0,Cash,Sunny
TXN-6150,2026-03-18,16:37,Putrajaya,Milk-based,Latte,1,11.0,11.0,QR,Sunny
TXN-6129,2026-03-18,16:39,Putrajaya,Milk-based,Caramel Macchiato,1,13.0,13.0,Cash,Sunny
TXN-6152,2026-03-18,16:45,Putrajaya,Ice Blended,Ice Blended Chocolate Chip,2,14.0,28.0,QR,Sunny
TXN-6175,2026-03-18,16:56,Puncak Alam,Milk-based,Latte,1,11.0,11.0,QR,Sunny
TXN-6117,2026-03-18,16:57,Putrajaya,Milk-based,Mocha,1,12.0,12.0,QR,Sunny
TXN-6178,2026-03-18,17:01,Puncak Alam,Espresso-based,Espresso,1,7.0,7.0,Cash,Sunny
TXN-6163,2026-03-18,17:14,Putrajaya,Ice Blended,Ice Blended Chocolate Chip,1,14.0,14.0,QR,Sunny
TXN-6139,2026-03-18,17:17,Putrajaya,Ice Blended,Ice Blended Chocolate Chip,2,14.0,28.0,Cash,Sunny
TXN-6101,2026-03-18,17:20,Putrajaya,Espresso-based,Espresso,1,7.0,7.0,QR,Sunny
TXN-6161,2026-03-18,17:21,Putrajaya,Espresso-based,Espresso,1,7.0,7.0,QR,Sunny
TXN-6180,2026-03-18,17:28,Puncak Alam,Milk-based,Cappuccino,1,11.0,11.0,QR,Sunny
TXN-6098,2026-03-18,17:34,Putrajaya,Ice Blended,Ice Blended Chocolate Chip,1,14.0,14.0,QR,Sunny
TXN-6142,2026-03-18,17:34,Putrajaya,Milk-based,Latte,1,11.0,11.0,Cash,Sunny
TXN-6151,2026-03-18,17:59,Putrajaya,Milk-based,Latte,1,11.0,11.0,QR,Sunny
TXN-6169,2026-03-18,18:08,Puncak Alam,Milk-based,Mocha,1,12.0,12.0,QR,Sunny
TXN-6158,2026-03-18,18:21,Putrajaya,Espresso-based,Americano,2,9.0,18.0,Cash,Sunny
TXN-6172,2026-03-18,18:28,Puncak Alam,Milk-based,Cappuccino,1,11.0,11.0,QR,Sunny
TXN-6109,2026-03-18,18:41,Putrajaya,Milk-based,Latte,1,11.0,11.0,QR,Sunny
TXN-6193,2026-03-18,18:48,Puncak Alam,Milk-based,Latte,1,11.0,11.0,QR,Sunny
TXN-6156,2026-03-18,18:59,Putrajaya,Espresso-based,Americano,3,9.0,27.0,QR,Sunny
TXN-6148,2026-03-18,19:03,Putrajaya,Espresso-based,Americano,3,9.0,27.0,Cash,Sunny
TXN-6107,2026-03-18,19:10,Putrajaya,Milk-based,Latte,1,11.0,11.0,QR,Sunny
TXN-6119,2026-03-18,19:33,Putrajaya,Milk-based,Mocha,4,12.0,48.0,Cash,Sunny
TXN-6170,2026-03-18,19:46,Puncak Alam,Milk-based,Latte,1,11.0,11.0,QR,Sunny
TXN-6137,2026-03-18,19:49,Putrajaya,Milk-based,Caramel Macchiato,1,13.0,13.0,Cash,Sunny
TXN-6171,2026-03-18,20:20,Puncak Alam,Ice Blended,Ice Blended Chocolate Chip,1,14.0,14.0,Cash,Sunny
TXN-6141,2026-03-18,20:23,Putrajaya,Milk-based,Caramel Macchiato,1,13.0,13.0,Cash,Sunny
TXN-6188,2026-03-18,20:40,Puncak Alam,Milk-based,Caramel Macchiato,1,13.0,13.0,QR,Sunny
TXN-6124,2026-03-18,20:54,Putrajaya,Milk-based,Cappuccino,2,11.0,22.0,QR,Sunny
TXN-6111,2026-03-18,21:10,Putrajaya,Milk-based,Caramel Macchiato,1,13.0,13.0,Cash,Sunny
TXN-6162,2026-03-18,21:17,Putrajaya,Milk-based,Cappuccino,1,11.0,11.0,QR,Sunny
TXN-6185,2026-03-18,21:22,Puncak Alam,Ice Blended,Ice Blended Chocolate Chip,1,14.0,14.0,QR,Sunny
TXN-6176,2026-03-18,21:23,Puncak Alam,Milk-based,Mocha,1,12.0,12.0,QR,Sunny
TXN-6186,2026-03-18,21:46,Puncak Alam,Milk-based,Mocha,1,12.0,12.0,QR,Sunny
TXN-6173,2026-03-18,21:52,Puncak Alam,Milk-based,Mocha,1,12.0,12.0,QR,Sunny
TXN-6149,2026-03-18,21:55,Putrajaya,Espresso-based,Americano,2,9.0,18.0,Cash,Sunny
TXN-6250,2026-03-19,08:14,Puncak Alam,Milk-based,Cappuccino,1,11.0,11.0,QR,Cloudy
TXN-6257,2026-03-19,08:15,Puncak Alam,Ice Blended,Ice Blended Chocolate Chip,1,14.0,14.0,QR,Cloudy
TXN-6260,2026-03-19,08:25,Puncak Alam,Milk-based,Cappuccino,1,11.0,11.0,Cash,Cloudy
TXN-6253,2026-03-19,08:32,Puncak Alam,Milk-based,Cappuccino,3,11.0,33.0,QR,Cloudy
TXN-6277,2026-03-19,08:36,Puncak Alam,Milk-based,Cappuccino,1,11.0,11.0,QR,Cloudy
TXN-6291,2026-03-19,08:37,Puncak Alam,Milk-based,Cappuccino,1,11.0,11.0,QR,Cloudy
TXN-6199,2026-03-19,08:53,Putrajaya,Ice Blended,Ice Blended Chocolate Chip,3,14.0,42.0,QR,Sunny
TXN-6224,2026-03-19,09:00,Putrajaya,Milk-based,Cappuccino,1,11.0,11.0,QR,Sunny
TXN-6206,2026-03-19,09:13,Putrajaya,Milk-based,Cappuccino,3,11.0,33.0,QR,Sunny
TXN-6263,2026-03-19,09:18,Puncak Alam,Ice Blended,Ice Blended Chocolate Chip,3,14.0,42.0,QR,Cloudy
TXN-6273,2026-03-19,09:20,Puncak Alam,Milk-based,Latte,4,11.0,44.0,QR,Cloudy
TXN-6245,2026-03-19,09:29,Puncak Alam,Milk-based,Latte,1,11.0,11.0,QR,Cloudy
TXN-6246,2026-03-19,09:36,Puncak Alam,Ice Blended,Ice Blended Chocolate Chip,2,14.0,28.0,QR,Cloudy
TXN-6284,2026-03-19,09:40,Puncak Alam,Espresso-based,Americano,1,9.0,9.0,QR,Cloudy
TXN-6208,2026-03-19,09:49,Putrajaya,Ice Blended,Ice Blended Chocolate Chip,1,14.0,14.0,QR,Sunny
TXN-6201,2026-03-19,09:59,Putrajaya,Milk-based,Cappuccino,1,11.0,11.0,QR,Sunny
TXN-6213,2026-03-19,10:04,Putrajaya,Milk-based,Cappuccino,1,11.0,11.0,Cash,Sunny
TXN-6228,2026-03-19,10:06,Puncak Alam,Espresso-based,Americano,1,9.0,9.0,QR,Cloudy
TXN-6195,2026-03-19,10:21,Putrajaya,Milk-based,Cappuccino,2,11.0,22.0,Cash,Sunny
TXN-6241,2026-03-19,10:22,Puncak Alam,Milk-based,Caramel Macchiato,2,13.0,26.0,Cash,Cloudy
TXN-6216,2026-03-19,10:23,Putrajaya,Espresso-based,Americano,2,9.0,18.0,QR,Sunny
TXN-6217,2026-03-19,10:34,Putrajaya,Ice Blended,Ice Blended Chocolate Chip,1,14.0,14.0,Cash,Sunny
TXN-6211,2026-03-19,10:39,Putrajaya,Milk-based,Mocha,1,12.0,12.0,QR,Sunny
TXN-6229,2026-03-19,10:46,Puncak Alam,Espresso-based,Espresso,1,7.0,7.0,QR,Cloudy
TXN-6283,2026-03-19,11:16,Puncak Alam,Espresso-based,Espresso,1,7.0,7.0,Cash,Cloudy
TXN-6293,2026-03-19,11:21,Puncak Alam,Milk-based,Cappuccino,1,11.0,11.0,Cash,Cloudy
TXN-6207,2026-03-19,11:23,Putrajaya,Espresso-based,Espresso,1,7.0,7.0,QR,Sunny
TXN-6214,2026-03-19,11:34,Putrajaya,Milk-based,Caramel Macchiato,1,13.0,13.0,QR,Sunny
TXN-6267,2026-03-19,11:54,Puncak Alam,Milk-based,Cappuccino,1,11.0,11.0,QR,Cloudy
TXN-6212,2026-03-19,12:04,Putrajaya,Ice Blended,Ice Blended Chocolate Chip,1,14.0,14.0,Cash,Sunny
TXN-6261,2026-03-19,12:14,Puncak Alam,Espresso-based,Americano,2,9.0,18.0,Cash,Cloudy
TXN-6287,2026-03-19,12:15,Puncak Alam,Milk-based,Caramel Macchiato,2,13.0,26.0,QR,Cloudy
TXN-6244,2026-03-19,12:30,Puncak Alam,Espresso-based,Americano,1,9.0,9.0,QR,Cloudy
TXN-6196,2026-03-19,12:35,Putrajaya,Milk-based,Latte,1,11.0,11.0,Cash,Sunny
TXN-6275,2026-03-19,13:07,Puncak Alam,Espresso-based,Espresso,1,7.0,7.0,Cash,Cloudy
TXN-6215,2026-03-19,13:10,Putrajaya,Espresso-based,Americano,2,9.0,18.0,QR,Sunny
TXN-6233,2026-03-19,13:11,Puncak Alam,Milk-based,Caramel Macchiato,1,13.0,13.0,QR,Cloudy
TXN-6200,2026-03-19,13:15,Putrajaya,Milk-based,Latte,2,11.0,22.0,Cash,Sunny
TXN-6280,2026-03-19,13:16,Puncak Alam,Espresso-based,Espresso,1,7.0,7.0,QR,Cloudy
TXN-6288,2026-03-19,13:16,Puncak Alam,Ice Blended,Ice Blended Chocolate Chip,2,14.0,28.0,Cash,Cloudy
TXN-6236,2026-03-19,13:20,Puncak Alam,Milk-based,Cappuccino,2,11.0,22.0,QR,Cloudy
TXN-6220,2026-03-19,13:32,Putrajaya,Milk-based,Latte,1,11.0,11.0,QR,Sunny
TXN-6197,2026-03-19,13:34,Putrajaya,Ice Blended,Ice Blended Chocolate Chip,1,14.0,14.0,Cash,Sunny
TXN-6225,2026-03-19,13:45,Putrajaya,Milk-based,Latte,2,11.0,22.0,QR,Sunny
TXN-6247,2026-03-19,13:57,Puncak Alam,Espresso-based,Americano,1,9.0,9.0,QR,Cloudy
TXN-6276,2026-03-19,14:12,Puncak Alam,Milk-based,Latte,4,11.0,44.0,QR,Cloudy
TXN-6239,2026-03-19,14:16,Puncak Alam,Milk-based,Latte,1,11.0,11.0,Cash,Cloudy
TXN-6256,2026-03-19,14:17,Puncak Alam,Espresso-based,Americano,1,9.0,9.0,QR,Cloudy
TXN-6232,2026-03-19,14:18,Puncak Alam,Espresso-based,Americano,1,9.0,9.0,QR,Cloudy
TXN-6279,2026-03-19,14:18,Puncak Alam,Espresso-based,Espresso,1,7.0,7.0,QR,Cloudy
TXN-6238,2026-03-19,14:23,Puncak Alam,Espresso-based,Espresso,1,7.0,7.0,QR,Cloudy
TXN-6221,2026-03-19,14:28,Putrajaya,Espresso-based,Americano,1,9.0,9.0,QR,Sunny
TXN-6274,2026-03-19,14:35,Puncak Alam,Espresso-based,Americano,1,9.0,9.0,QR,Cloudy
TXN-6198,2026-03-19,14:37,Putrajaya,Milk-based,Cappuccino,2,11.0,22.0,Cash,Sunny
TXN-6226,2026-03-19,14:38,Putrajaya,Milk-based,Latte,4,11.0,44.0,QR,Sunny
TXN-6265,2026-03-19,14:39,Puncak Alam,Espresso-based,Americano,1,9.0,9.0,QR,Cloudy
TXN-6237,2026-03-19,15:06,Puncak Alam,Milk-based,Cappuccino,1,11.0,11.0,Cash,Cloudy
TXN-6258,2026-03-19,15:13,Puncak Alam,Milk-based,Caramel Macchiato,1,13.0,13.0,QR,Cloudy
TXN-6254,2026-03-19,15:22,Puncak Alam,Espresso-based,Espresso,3,7.0,21.0,Cash,Cloudy
TXN-6294,2026-03-19,15:31,Puncak Alam,Milk-based,Latte,1,11.0,11.0,Cash,Cloudy
TXN-6255,2026-03-19,15:34,Puncak Alam,Espresso-based,Espresso,1,7.0,7.0,QR,Cloudy
TXN-6243,2026-03-19,15:36,Puncak Alam,Milk-based,Mocha,1,12.0,12.0,QR,Cloudy
TXN-6262,2026-03-19,15:36,Puncak Alam,Milk-based,Cappuccino,1,11.0,11.0,QR,Cloudy
TXN-6240,2026-03-19,15:45,Puncak Alam,Milk-based,Mocha,1,12.0,12.0,Cash,Cloudy
TXN-6272,2026-03-19,15:55,Puncak Alam,Milk-based,Mocha,1,12.0,12.0,QR,Cloudy
TXN-6259,2026-03-19,15:58,Puncak Alam,Milk-based,Caramel Macchiato,1,13.0,13.0,QR,Cloudy
TXN-6227,2026-03-19,16:23,Putrajaya,Ice Blended,Ice Blended Chocolate Chip,1,14.0,14.0,QR,Sunny
TXN-6281,2026-03-19,16:26,Puncak Alam,Ice Blended,Ice Blended Chocolate Chip,2,14.0,28.0,QR,Cloudy
TXN-6218,2026-03-19,16:32,Putrajaya,Milk-based,Latte,3,11.0,33.0,Cash,Sunny
TXN-6230,2026-03-19,16:43,Puncak Alam,Milk-based,Cappuccino,1,11.0,11.0,QR,Cloudy
TXN-6203,2026-03-19,16:56,Putrajaya,Milk-based,Latte,3,11.0,33.0,Cash,Sunny
TXN-6231,2026-03-19,17:01,Puncak Alam,Milk-based,Latte,3,11.0,33.0,QR,Cloudy
TXN-6278,2026-03-19,17:03,Puncak Alam,Milk-based,Latte,3,11.0,33.0,Cash,Cloudy
TXN-6292,2026-03-19,17:11,Puncak Alam,Espresso-based,Americano,1,9.0,9.0,QR,Cloudy
TXN-6249,2026-03-19,17:18,Puncak Alam,Milk-based,Latte,2,11.0,22.0,QR,Cloudy
TXN-6205,2026-03-19,17:31,Putrajaya,Milk-based,Mocha,1,12.0,12.0,Cash,Sunny
TXN-6290,2026-03-19,17:56,Puncak Alam,Milk-based,Caramel Macchiato,1,13.0,13.0,QR,Cloudy
TXN-6223,2026-03-19,18:08,Putrajaya,Milk-based,Caramel Macchiato,1,13.0,13.0,QR,Sunny
TXN-6234,2026-03-19,18:08,Puncak Alam,Espresso-based,Espresso,1,7.0,7.0,QR,Cloudy
TXN-6248,2026-03-19,18:10,Puncak Alam,Milk-based,Latte,1,11.0,11.0,QR,Cloudy
TXN-6282,2026-03-19,18:16,Puncak Alam,Milk-based,Mocha,1,12.0,12.0,QR,Cloudy
TXN-6242,2026-03-19,18:23,Puncak Alam,Espresso-based,Espresso,1,7.0,7.0,QR,Cloudy
TXN-6222,2026-03-19,18:31,Putrajaya,Milk-based,Latte,1,11.0,11.0,Cash,Sunny
TXN-6235,2026-03-19,18:31,Puncak Alam,Milk-based,Latte,1,11.0,11.0,QR,Cloudy
TXN-6285,2026-03-19,18:38,Puncak Alam,Milk-based,Caramel Macchiato,3,13.0,39.0,QR,Cloudy
TXN-6202,2026-03-19,18:43,Putrajaya,Milk-based,Latte,1,11.0,11.0,QR,Sunny
TXN-6251,2026-03-19,18:43,Puncak Alam,Milk-based,Mocha,1,12.0,12.0,QR,Cloudy
TXN-6269,2026-03-19,18:46,Puncak Alam,Milk-based,Latte,1,11.0,11.0,Cash,Cloudy
TXN-6266,2026-03-19,18:48,Puncak Alam,Milk-based,Cappuccino,2,11.0,22.0,QR,Cloudy
TXN-6268,2026-03-19,18:51,Puncak Alam,Milk-based,Cappuccino,1,11.0,11.0,QR,Cloudy
TXN-6219,2026-03-19,18:59,Putrajaya,Espresso-based,Americano,2,9.0,18.0,QR,Sunny
TXN-6295,2026-03-19,19:09,Puncak Alam,Milk-based,Mocha,1,12.0,12.0,QR,Cloudy
TXN-6271,2026-03-19,19:32,Puncak Alam,Milk-based,Cappuccino,1,11.0,11.0,QR,Cloudy
TXN-6210,2026-03-19,19:35,Putrajaya,Espresso-based,Espresso,3,7.0,21.0,Cash,Sunny
TXN-6252,2026-03-19,20:39,Puncak Alam,Milk-based,Latte,1,11.0,11.0,QR,Cloudy
TXN-6204,2026-03-19,20:45,Putrajaya,Espresso-based,Espresso,2,7.0,14.0,QR,Sunny
TXN-6264,2026-03-19,20:46,Puncak Alam,Espresso-based,Espresso,1,7.0,7.0,QR,Cloudy
TXN-6289,2026-03-19,20:47,Puncak Alam,Milk-based,Cappuccino,1,11.0,11.0,Cash,Cloudy
TXN-6209,2026-03-19,21:30,Putrajaya,Milk-based,Mocha,1,12.0,12.0,QR,Sunny
TXN-6270,2026-03-19,21:34,Puncak Alam,Milk-based,Latte,4,11.0,44.0,QR,Cloudy
TXN-6286,2026-03-19,21:46,Puncak Alam,Milk-based,Mocha,1,12.0,12.0,QR,Cloudy
TXN-6379,2026-03-20,08:00,Puncak Alam,Milk-based,Cappuccino,1,11.0,11.0,QR,Sunny
TXN-6415,2026-03-20,08:05,Puncak Alam,Espresso-based,Espresso,1,7.0,7.0,QR,Sunny
TXN-6310,2026-03-20,08:06,Putrajaya,Milk-based,Caramel Macchiato,3,13.0,39.0,QR,Sunny
TXN-6318,2026-03-20,08:10,Putrajaya,Ice Blended,Ice Blended Chocolate Chip,1,14.0,14.0,QR,Sunny
TXN-6368,2026-03-20,08:13,Putrajaya,Espresso-based,Espresso,1,7.0,7.0,QR,Sunny
TXN-6308,2026-03-20,08:24,Putrajaya,Espresso-based,Espresso,1,7.0,7.0,QR,Sunny
TXN-6315,2026-03-20,08:25,Putrajaya,Espresso-based,Americano,3,9.0,27.0,Cash,Sunny
TXN-6420,2026-03-20,08:25,Puncak Alam,Espresso-based,Espresso,1,7.0,7.0,Cash,Sunny
TXN-6396,2026-03-20,08:26,Puncak Alam,Ice Blended,Ice Blended Chocolate Chip,1,14.0,14.0,QR,Sunny
TXN-6348,2026-03-20,08:27,Putrajaya,Milk-based,Cappuccino,1,11.0,11.0,QR,Sunny
TXN-6311,2026-03-20,08:33,Putrajaya,Milk-based,Mocha,1,12.0,12.0,Cash,Sunny
TXN-6312,2026-03-20,08:39,Putrajaya,Milk-based,Mocha,1,12.0,12.0,QR,Sunny
TXN-6316,2026-03-20,08:41,Putrajaya,Milk-based,Mocha,1,12.0,12.0,QR,Sunny
TXN-6410,2026-03-20,08:57,Puncak Alam,Milk-based,Caramel Macchiato,3,13.0,39.0,QR,Sunny
TXN-6335,2026-03-20,09:01,Putrajaya,Milk-based,Caramel Macchiato,2,13.0,26.0,Cash,Sunny
TXN-6422,2026-03-20,09:02,Puncak Alam,Milk-based,Caramel Macchiato,1,13.0,13.0,QR,Sunny
TXN-6306,2026-03-20,09:10,Putrajaya,Ice Blended,Ice Blended Chocolate Chip,1,14.0,14.0,Cash,Sunny
TXN-6375,2026-03-20,09:10,Puncak Alam,Milk-based,Caramel Macchiato,1,13.0,13.0,QR,Sunny
TXN-6364,2026-03-20,09:24,Putrajaya,Milk-based,Caramel Macchiato,1,13.0,13.0,Cash,Sunny
TXN-6414,2026-03-20,09:24,Puncak Alam,Milk-based,Cappuccino,1,11.0,11.0,QR,Sunny
TXN-6345,2026-03-20,09:32,Putrajaya,Milk-based,Mocha,1,12.0,12.0,Cash,Sunny
TXN-6343,2026-03-20,09:36,Putrajaya,Ice Blended,Ice Blended Chocolate Chip,1,14.0,14.0,QR,Sunny
TXN-6412,2026-03-20,09:37,Puncak Alam,Milk-based,Mocha,1,12.0,12.0,Cash,Sunny
TXN-6321,2026-03-20,09:42,Putrajaya,Ice Blended,Ice Blended Chocolate Chip,1,14.0,14.0,QR,Sunny
TXN-6346,2026-03-20,10:02,Putrajaya,Milk-based,Cappuccino,1,11.0,11.0,QR,Sunny
TXN-6373,2026-03-20,10:04,Puncak Alam,Milk-based,Latte,3,11.0,33.0,QR,Sunny
TXN-6339,2026-03-20,10:05,Putrajaya,Espresso-based,Americano,2,9.0,18.0,QR,Sunny
TXN-6330,2026-03-20,10:17,Putrajaya,Milk-based,Caramel Macchiato,3,13.0,39.0,Cash,Sunny
TXN-6367,2026-03-20,10:20,Putrajaya,Milk-based,Cappuccino,2,11.0,22.0,QR,Sunny
TXN-6357,2026-03-20,10:36,Putrajaya,Milk-based,Mocha,2,12.0,24.0,Cash,Sunny
TXN-6356,2026-03-20,10:49,Putrajaya,Milk-based,Mocha,1,12.0,12.0,QR,Sunny
TXN-6372,2026-03-20,10:49,Puncak Alam,Ice Blended,Ice Blended Chocolate Chip,2,14.0,28.0,Cash,Sunny
TXN-6326,2026-03-20,10:52,Putrajaya,Milk-based,Mocha,1,12.0,12.0,QR,Sunny
TXN-6344,2026-03-20,10:53,Putrajaya,Milk-based,Cappuccino,4,11.0,44.0,QR,Sunny
TXN-6384,2026-03-20,10:56,Puncak Alam,Milk-based,Cappuccino,1,11.0,11.0,Cash,Sunny
TXN-6362,2026-03-20,11:01,Putrajaya,Milk-based,Mocha,1,12.0,12.0,Cash,Sunny
TXN-6303,2026-03-20,11:24,Putrajaya,Milk-based,Mocha,1,12.0,12.0,QR,Sunny
TXN-6366,2026-03-20,11:26,Putrajaya,Ice Blended,Ice Blended Chocolate Chip,1,14.0,14.0,QR,Sunny
TXN-6351,2026-03-20,11:33,Putrajaya,Ice Blended,Ice Blended Chocolate Chip,1,14.0,14.0,QR,Sunny
TXN-6407,2026-03-20,11:33,Puncak Alam,Espresso-based,Americano,1,9.0,9.0,QR,Sunny
TXN-6305,2026-03-20,11:42,Putrajaya,Espresso-based,Americano,3,9.0,27.0,QR,Sunny
TXN-6361,2026-03-20,11:44,Putrajaya,Milk-based,Mocha,1,12.0,12.0,Cash,Sunny
TXN-6307,2026-03-20,12:00,Putrajaya,Ice Blended,Ice Blended Chocolate Chip,3,14.0,42.0,QR,Sunny
TXN-6324,2026-03-20,12:07,Putrajaya,Milk-based,Cappuccino,4,11.0,44.0,Cash,Sunny
TXN-6406,2026-03-20,12:08,Puncak Alam,Espresso-based,Espresso,4,7.0,28.0,Cash,Sunny
TXN-6299,2026-03-20,12:13,Putrajaya,Milk-based,Caramel Macchiato,1,13.0,13.0,QR,Sunny
TXN-6353,2026-03-20,12:14,Putrajaya,Espresso-based,Americano,1,9.0,9.0,QR,Sunny
TXN-6363,2026-03-20,12:20,Putrajaya,Milk-based,Latte,1,11.0,11.0,Cash,Sunny
TXN-6411,2026-03-20,12:27,Puncak Alam,Milk-based,Mocha,1,12.0,12.0,QR,Sunny
TXN-6328,2026-03-20,12:32,Putrajaya,Milk-based,Caramel Macchiato,1,13.0,13.0,QR,Sunny
TXN-6349,2026-03-20,12:35,Putrajaya,Milk-based,Cappuccino,1,11.0,11.0,QR,Sunny
TXN-6296,2026-03-20,12:42,Putrajaya,Milk-based,Caramel Macchiato,2,13.0,26.0,QR,Sunny
TXN-6365,2026-03-20,12:47,Putrajaya,Milk-based,Latte,1,11.0,11.0,QR,Sunny
TXN-6360,2026-03-20,12:50,Putrajaya,Ice Blended,Ice Blended Chocolate Chip,2,14.0,28.0,QR,Sunny
TXN-6317,2026-03-20,13:09,Putrajaya,Milk-based,Caramel Macchiato,1,13.0,13.0,QR,Sunny
TXN-6359,2026-03-20,13:09,Putrajaya,Espresso-based,Espresso,1,7.0,7.0,QR,Sunny
TXN-6390,2026-03-20,13:14,Puncak Alam,Milk-based,Cappuccino,1,11.0,11.0,Cash,Sunny
TXN-6342,2026-03-20,13:18,Putrajaya,Milk-based,Latte,1,11.0,11.0,Cash,Sunny
TXN-6385,2026-03-20,13:23,Puncak Alam,Espresso-based,Americano,2,9.0,18.0,Cash,Sunny
TXN-6327,2026-03-20,13:38,Putrajaya,Espresso-based,Espresso,1,7.0,7.0,QR,Sunny
TXN-6333,2026-03-20,13:43,Putrajaya,Milk-based,Caramel Macchiato,1,13.0,13.0,QR,Sunny
TXN-6329,2026-03-20,13:47,Putrajaya,Milk-based,Latte,1,11.0,11.0,Cash,Sunny
TXN-6309,2026-03-20,13:52,Putrajaya,Ice Blended,Ice Blended Chocolate Chip,1,14.0,14.0,Cash,Sunny
TXN-6423,2026-03-20,14:13,Puncak Alam,Espresso-based,Americano,2,9.0,18.0,QR,Sunny
TXN-6413,2026-03-20,14:19,Puncak Alam,Milk-based,Cappuccino,1,11.0,11.0,QR,Sunny
TXN-6332,2026-03-20,14:22,Putrajaya,Milk-based,Cappuccino,1,11.0,11.0,QR,Sunny
TXN-6313,2026-03-20,14:28,Putrajaya,Milk-based,Latte,1,11.0,11.0,QR,Sunny
TXN-6381,2026-03-20,14:31,Puncak Alam,Espresso-based,Americano,1,9.0,9.0,QR,Sunny
TXN-6334,2026-03-20,14:37,Putrajaya,Milk-based,Caramel Macchiato,1,13.0,13.0,QR,Sunny
TXN-6383,2026-03-20,14:44,Puncak Alam,Ice Blended,Ice Blended Chocolate Chip,1,14.0,14.0,Cash,Sunny
TXN-6320,2026-03-20,14:45,Putrajaya,Milk-based,Cappuccino,1,11.0,11.0,QR,Sunny
TXN-6392,2026-03-20,14:52,Puncak Alam,Ice Blended,Ice Blended Chocolate Chip,3,14.0,42.0,QR,Sunny
TXN-6297,2026-03-20,14:53,Putrajaya,Milk-based,Cappuccino,1,11.0,11.0,Cash,Sunny
TXN-6371,2026-03-20,15:11,Puncak Alam,Milk-based,Cappuccino,1,11.0,11.0,QR,Sunny
TXN-6387,2026-03-20,15:14,Puncak Alam,Espresso-based,Americano,1,9.0,9.0,Cash,Sunny
TXN-6337,2026-03-20,15:20,Putrajaya,Milk-based,Caramel Macchiato,1,13.0,13.0,Cash,Sunny
TXN-6369,2026-03-20,15:46,Putrajaya,Espresso-based,Espresso,3,7.0,21.0,QR,Sunny
TXN-6395,2026-03-20,15:47,Puncak Alam,Milk-based,Caramel Macchiato,2,13.0,26.0,Cash,Sunny
TXN-6405,2026-03-20,15:52,Puncak Alam,Milk-based,Mocha,1,12.0,12.0,QR,Sunny
TXN-6403,2026-03-20,16:01,Puncak Alam,Milk-based,Cappuccino,2,11.0,22.0,QR,Sunny
TXN-6374,2026-03-20,16:02,Puncak Alam,Milk-based,Latte,2,11.0,22.0,QR,Sunny
TXN-6325,2026-03-20,16:03,Putrajaya,Milk-based,Mocha,1,12.0,12.0,Cash,Sunny
TXN-6409,2026-03-20,16:16,Puncak Alam,Milk-based,Cappuccino,2,11.0,22.0,Cash,Sunny
TXN-6350,2026-03-20,16:20,Putrajaya,Milk-based,Latte,1,11.0,11.0,QR,Sunny
TXN-6355,2026-03-20,16:30,Putrajaya,Milk-based,Latte,2,11.0,22.0,QR,Sunny
TXN-6417,2026-03-20,16:45,Puncak Alam,Milk-based,Mocha,1,12.0,12.0,QR,Sunny
TXN-6389,2026-03-20,16:48,Puncak Alam,Espresso-based,Espresso,1,7.0,7.0,QR,Sunny
TXN-6393,2026-03-20,16:50,Puncak Alam,Milk-based,Caramel Macchiato,1,13.0,13.0,QR,Sunny
TXN-6402,2026-03-20,16:54,Puncak Alam,Milk-based,Latte,1,11.0,11.0,QR,Sunny
TXN-6336,2026-03-20,17:01,Putrajaya,Espresso-based,Americano,2,9.0,18.0,QR,Sunny
TXN-6347,2026-03-20,17:40,Putrajaya,Milk-based,Mocha,1,12.0,12.0,QR,Sunny
TXN-6354,2026-03-20,17:48,Putrajaya,Milk-based,Cappuccino,2,11.0,22.0,QR,Sunny
TXN-6391,2026-03-20,17:56,Puncak Alam,Milk-based,Cappuccino,1,11.0,11.0,QR,Sunny
TXN-6388,2026-03-20,18:02,Puncak Alam,Ice Blended,Ice Blended Chocolate Chip,1,14.0,14.0,QR,Sunny
TXN-6397,2026-03-20,18:06,Puncak Alam,Milk-based,Latte,1,11.0,11.0,QR,Sunny
TXN-6419,2026-03-20,18:09,Puncak Alam,Espresso-based,Americano,1,9.0,9.0,Cash,Sunny
TXN-6358,2026-03-20,18:10,Putrajaya,Ice Blended,Ice Blended Chocolate Chip,3,14.0,42.0,QR,Sunny
TXN-6399,2026-03-20,18:13,Puncak Alam,Milk-based,Caramel Macchiato,1,13.0,13.0,Cash,Sunny
TXN-6314,2026-03-20,18:24,Putrajaya,Milk-based,Latte,3,11.0,33.0,QR,Sunny
TXN-6340,2026-03-20,18:24,Putrajaya,Ice Blended,Ice Blended Chocolate Chip,2,14.0,28.0,Cash,Sunny
TXN-6398,2026-03-20,18:25,Puncak Alam,Espresso-based,Espresso,1,7.0,7.0,QR,Sunny
TXN-6394,2026-03-20,18:26,Puncak Alam,Milk-based,Caramel Macchiato,2,13.0,26.0,Cash,Sunny
TXN-6338,2026-03-20,18:29,Putrajaya,Ice Blended,Ice Blended Chocolate Chip,3,14.0,42.0,QR,Sunny
TXN-6341,2026-03-20,18:31,Putrajaya,Milk-based,Mocha,1,12.0,12.0,Cash,Sunny
TXN-6421,2026-03-20,18:38,Puncak Alam,Espresso-based,Espresso,3,7.0,21.0,QR,Sunny
TXN-6298,2026-03-20,18:55,Putrajaya,Milk-based,Mocha,1,12.0,12.0,QR,Sunny
TXN-6376,2026-03-20,18:55,Puncak Alam,Milk-based,Cappuccino,1,11.0,11.0,QR,Sunny
TXN-6380,2026-03-20,18:58,Puncak Alam,Milk-based,Cappuccino,1,11.0,11.0,Cash,Sunny
TXN-6322,2026-03-20,19:09,Putrajaya,Milk-based,Caramel Macchiato,1,13.0,13.0,QR,Sunny
TXN-6331,2026-03-20,19:12,Putrajaya,Espresso-based,Americano,4,9.0,36.0,QR,Sunny
TXN-6301,2026-03-20,19:13,Putrajaya,Milk-based,Caramel Macchiato,1,13.0,13.0,QR,Sunny
TXN-6377,2026-03-20,19:17,Puncak Alam,Milk-based,Latte,2,11.0,22.0,QR,Sunny
TXN-6300,2026-03-20,19:22,Putrajaya,Milk-based,Mocha,1,12.0,12.0,QR,Sunny
TXN-6400,2026-03-20,19:27,Puncak Alam,Milk-based,Caramel Macchiato,1,13.0,13.0,QR,Sunny
TXN-6323,2026-03-20,19:32,Putrajaya,Espresso-based,Espresso,1,7.0,7.0,QR,Sunny
TXN-6416,2026-03-20,19:50,Puncak Alam,Milk-based,Mocha,2,12.0,24.0,QR,Sunny
TXN-6302,2026-03-20,19:55,Putrajaya,Milk-based,Latte,1,11.0,11.0,QR,Sunny
TXN-6378,2026-03-20,19:56,Puncak Alam,Milk-based,Latte,1,11.0,11.0,Cash,Sunny
TXN-6408,2026-03-20,20:01,Puncak Alam,Espresso-based,Espresso,1,7.0,7.0,QR,Sunny
TXN-6418,2026-03-20,20:03,Puncak Alam,Milk-based,Mocha,2,12.0,24.0,QR,Sunny
TXN-6382,2026-03-20,20:23,Puncak Alam,Milk-based,Cappuccino,3,11.0,33.0,QR,Sunny
TXN-6352,2026-03-20,20:50,Putrajaya,Milk-based,Latte,1,11.0,11.0,QR,Sunny
TXN-6304,2026-03-20,20:54,Putrajaya,Milk-based,Caramel Macchiato,2,13.0,26.0,Cash,Sunny
TXN-6319,2026-03-20,20:54,Putrajaya,Milk-based,Mocha,2,12.0,24.0,QR,Sunny
TXN-6370,2026-03-20,21:08,Putrajaya,Milk-based,Latte,3,11.0,33.0,QR,Sunny
TXN-6386,2026-03-20,21:24,Puncak Alam,Milk-based,Caramel Macchiato,2,13.0,26.0,Cash,Sunny
TXN-6401,2026-03-20,21:34,Puncak Alam,Espresso-based,Espresso,1,7.0,7.0,Cash,Sunny
TXN-6404,2026-03-20,21:45,Puncak Alam,Milk-based,Latte,1,11.0,11.0,QR,Sunny
TXN-6436,2026-03-21,08:10,Putrajaya,Milk-based,Caramel Macchiato,1,13.0,13.0,QR,Raining
TXN-6440,2026-03-21,08:19,Putrajaya,Espresso-based,Espresso,1,7.0,7.0,Cash,Raining
TXN-6458,2026-03-21,08:21,Putrajaya,Milk-based,Mocha,1,12.0,12.0,QR,Raining
TXN-6505,2026-03-21,08:40,Puncak Alam,Milk-based,Cappuccino,1,11.0,11.0,QR,Sunny
TXN-6451,2026-03-21,08:41,Putrajaya,Milk-based,Cappuccino,1,11.0,11.0,Cash,Raining
TXN-6502,2026-03-21,09:01,Puncak Alam,Milk-based,Caramel Macchiato,1,13.0,13.0,QR,Sunny
TXN-6454,2026-03-21,09:03,Putrajaya,Ice Blended,Ice Blended Chocolate Chip,1,14.0,14.0,QR,Raining
TXN-6498,2026-03-21,09:05,Puncak Alam,Milk-based,Mocha,1,12.0,12.0,QR,Sunny
TXN-6444,2026-03-21,09:08,Putrajaya,Milk-based,Cappuccino,1,11.0,11.0,QR,Raining
TXN-6439,2026-03-21,09:27,Putrajaya,Milk-based,Cappuccino,1,11.0,11.0,QR,Raining
TXN-6460,2026-03-21,09:35,Putrajaya,Espresso-based,Americano,1,9.0,9.0,Cash,Raining
TXN-6493,2026-03-21,10:05,Puncak Alam,Milk-based,Cappuccino,1,11.0,11.0,Cash,Sunny
TXN-6495,2026-03-21,10:07,Puncak Alam,Espresso-based,Espresso,1,7.0,7.0,QR,Sunny
TXN-6488,2026-03-21,10:09,Puncak Alam,Milk-based,Mocha,1,12.0,12.0,QR,Sunny
TXN-6474,2026-03-21,10:33,Putrajaya,Milk-based,Caramel Macchiato,1,13.0,13.0,QR,Raining
TXN-6441,2026-03-21,10:47,Putrajaya,Espresso-based,Espresso,1,7.0,7.0,QR,Raining
TXN-6482,2026-03-21,10:49,Puncak Alam,Milk-based,Cappuccino,1,11.0,11.0,QR,Sunny
TXN-6496,2026-03-21,10:50,Puncak Alam,Milk-based,Cappuccino,3,11.0,33.0,Cash,Sunny
TXN-6487,2026-03-21,10:57,Puncak Alam,Milk-based,Latte,1,11.0,11.0,QR,Sunny
TXN-6463,2026-03-21,10:59,Putrajaya,Milk-based,Cappuccino,1,11.0,11.0,Cash,Raining
TXN-6468,2026-03-21,11:07,Putrajaya,Milk-based,Latte,2,11.0,22.0,QR,Raining
TXN-6491,2026-03-21,11:15,Puncak Alam,Milk-based,Latte,3,11.0,33.0,Cash,Sunny
TXN-6456,2026-03-21,11:27,Putrajaya,Milk-based,Mocha,1,12.0,12.0,QR,Raining
TXN-6499,2026-03-21,11:28,Puncak Alam,Milk-based,Cappuccino,1,11.0,11.0,QR,Sunny
TXN-6457,2026-03-21,11:31,Putrajaya,Milk-based,Latte,1,11.0,11.0,QR,Raining
TXN-6431,2026-03-21,11:42,Putrajaya,Milk-based,Mocha,3,12.0,36.0,QR,Raining
TXN-6428,2026-03-21,11:48,Putrajaya,Milk-based,Caramel Macchiato,1,13.0,13.0,Cash,Raining
TXN-6447,2026-03-21,11:51,Putrajaya,Milk-based,Cappuccino,2,11.0,22.0,Cash,Raining
TXN-6461,2026-03-21,12:08,Putrajaya,Milk-based,Cappuccino,1,11.0,11.0,QR,Raining
TXN-6449,2026-03-21,12:10,Putrajaya,Espresso-based,Espresso,1,7.0,7.0,QR,Raining
TXN-6501,2026-03-21,12:14,Puncak Alam,Espresso-based,Espresso,1,7.0,7.0,QR,Sunny
TXN-6484,2026-03-21,12:15,Puncak Alam,Milk-based,Mocha,2,12.0,24.0,QR,Sunny
TXN-6489,2026-03-21,12:36,Puncak Alam,Espresso-based,Americano,2,9.0,18.0,QR,Sunny
TXN-6438,2026-03-21,12:44,Putrajaya,Milk-based,Caramel Macchiato,2,13.0,26.0,Cash,Raining
TXN-6467,2026-03-21,13:42,Putrajaya,Milk-based,Mocha,2,12.0,24.0,QR,Raining
TXN-6450,2026-03-21,13:43,Putrajaya,Espresso-based,Americano,3,9.0,27.0,Cash,Raining
TXN-6494,2026-03-21,14:23,Puncak Alam,Milk-based,Latte,1,11.0,11.0,QR,Sunny
TXN-6452,2026-03-21,14:31,Putrajaya,Milk-based,Latte,4,11.0,44.0,Cash,Raining
TXN-6480,2026-03-21,15:00,Puncak Alam,Milk-based,Mocha,2,12.0,24.0,QR,Sunny
TXN-6492,2026-03-21,15:03,Puncak Alam,Espresso-based,Americano,1,9.0,9.0,QR,Sunny
TXN-6486,2026-03-21,15:13,Puncak Alam,Espresso-based,Espresso,1,7.0,7.0,QR,Sunny
TXN-6504,2026-03-21,15:16,Puncak Alam,Milk-based,Cappuccino,1,11.0,11.0,QR,Sunny
TXN-6427,2026-03-21,15:30,Putrajaya,Espresso-based,Americano,2,9.0,18.0,Cash,Raining
TXN-6465,2026-03-21,15:31,Putrajaya,Milk-based,Caramel Macchiato,1,13.0,13.0,QR,Raining
TXN-6437,2026-03-21,15:46,Putrajaya,Milk-based,Latte,1,11.0,11.0,Cash,Raining
TXN-6435,2026-03-21,15:50,Putrajaya,Milk-based,Cappuccino,1,11.0,11.0,QR,Raining
TXN-6469,2026-03-21,16:11,Putrajaya,Espresso-based,Espresso,1,7.0,7.0,QR,Raining
TXN-6464,2026-03-21,16:14,Putrajaya,Espresso-based,Americano,1,9.0,9.0,QR,Raining
TXN-6424,2026-03-21,16:32,Putrajaya,Milk-based,Caramel Macchiato,1,13.0,13.0,QR,Raining
TXN-6433,2026-03-21,16:44,Putrajaya,Milk-based,Latte,1,11.0,11.0,QR,Raining
TXN-6500,2026-03-21,17:00,Puncak Alam,Espresso-based,Americano,1,9.0,9.0,QR,Sunny
TXN-6483,2026-03-21,17:01,Puncak Alam,Milk-based,Mocha,3,12.0,36.0,Cash,Sunny
TXN-6432,2026-03-21,17:04,Putrajaya,Milk-based,Latte,3,11.0,33.0,QR,Raining
TXN-6445,2026-03-21,17:27,Putrajaya,Milk-based,Cappuccino,1,11.0,11.0,Cash,Raining
TXN-6497,2026-03-21,17:29,Puncak Alam,Ice Blended,Ice Blended Chocolate Chip,3,14.0,42.0,QR,Sunny
TXN-6490,2026-03-21,17:33,Puncak Alam,Espresso-based,Americano,1,9.0,9.0,QR,Sunny
TXN-6466,2026-03-21,17:46,Putrajaya,Ice Blended,Ice Blended Chocolate Chip,1,14.0,14.0,QR,Raining
TXN-6479,2026-03-21,17:50,Puncak Alam,Milk-based,Caramel Macchiato,2,13.0,26.0,Cash,Sunny
TXN-6503,2026-03-21,17:54,Puncak Alam,Ice Blended,Ice Blended Chocolate Chip,1,14.0,14.0,QR,Sunny
TXN-6443,2026-03-21,18:05,Putrajaya,Milk-based,Cappuccino,1,11.0,11.0,QR,Raining
TXN-6472,2026-03-21,18:08,Putrajaya,Milk-based,Latte,2,11.0,22.0,QR,Raining
TXN-6429,2026-03-21,18:18,Putrajaya,Ice Blended,Ice Blended Chocolate Chip,1,14.0,14.0,QR,Raining
TXN-6471,2026-03-21,18:35,Putrajaya,Milk-based,Cappuccino,1,11.0,11.0,Cash,Raining
TXN-6434,2026-03-21,18:44,Putrajaya,Milk-based,Cappuccino,1,11.0,11.0,QR,Raining
TXN-6430,2026-03-21,18:45,Putrajaya,Milk-based,Mocha,2,12.0,24.0,QR,Raining
TXN-6476,2026-03-21,18:53,Putrajaya,Milk-based,Mocha,2,12.0,24.0,QR,Raining
TXN-6448,2026-03-21,19:11,Putrajaya,Espresso-based,Espresso,3,7.0,21.0,Cash,Raining
TXN-6481,2026-03-21,19:22,Puncak Alam,Milk-based,Caramel Macchiato,1,13.0,13.0,QR,Sunny
TXN-6442,2026-03-21,19:26,Putrajaya,Milk-based,Mocha,2,12.0,24.0,Cash,Raining
TXN-6485,2026-03-21,19:47,Puncak Alam,Espresso-based,Americano,1,9.0,9.0,QR,Sunny
TXN-6425,2026-03-21,19:57,Putrajaya,Milk-based,Cappuccino,1,11.0,11.0,QR,Raining
TXN-6473,2026-03-21,20:09,Putrajaya,Espresso-based,Espresso,1,7.0,7.0,QR,Raining
TXN-6426,2026-03-21,20:22,Putrajaya,Ice Blended,Ice Blended Chocolate Chip,1,14.0,14.0,Cash,Raining
TXN-6477,2026-03-21,20:33,Puncak Alam,Espresso-based,Americano,1,9.0,9.0,QR,Sunny
TXN-6462,2026-03-21,20:38,Putrajaya,Espresso-based,Espresso,1,7.0,7.0,QR,Raining
TXN-6446,2026-03-21,20:54,Putrajaya,Espresso-based,Espresso,3,7.0,21.0,Cash,Raining
TXN-6478,2026-03-21,20:56,Puncak Alam,Espresso-based,Americano,3,9.0,27.0,Cash,Sunny
TXN-6459,2026-03-21,21:02,Putrajaya,Ice Blended,Ice Blended Chocolate Chip,1,14.0,14.0,Cash,Raining
TXN-6506,2026-03-21,21:28,Puncak Alam,Espresso-based,Americano,1,9.0,9.0,Cash,Sunny
TXN-6455,2026-03-21,21:46,Putrajaya,Milk-based,Cappuccino,2,11.0,22.0,QR,Raining
TXN-6475,2026-03-21,21:48,Putrajaya,Espresso-based,Americano,1,9.0,9.0,QR,Raining
TXN-6453,2026-03-21,21:50,Putrajaya,Espresso-based,Espresso,2,7.0,14.0,QR,Raining
TXN-6470,2026-03-21,21:57,Putrajaya,Espresso-based,Americano,1,9.0,9.0,Cash,Raining
TXN-6545,2026-03-22,08:01,Putrajaya,Milk-based,Latte,1,11.0,11.0,QR,Sunny
TXN-6553,2026-03-22,08:02,Putrajaya,Milk-based,Mocha,1,12.0,12.0,QR,Sunny
TXN-6620,2026-03-22,08:11,Puncak Alam,Milk-based,Caramel Macchiato,1,13.0,13.0,QR,Sunny
TXN-6587,2026-03-22,08:34,Puncak Alam,Milk-based,Latte,1,11.0,11.0,QR,Sunny
TXN-6618,2026-03-22,08:35,Puncak Alam,Espresso-based,Americano,1,9.0,9.0,QR,Sunny
TXN-6511,2026-03-22,08:38,Putrajaya,Milk-based,Latte,1,11.0,11.0,QR,Sunny
TXN-6551,2026-03-22,08:38,Putrajaya,Ice Blended,Ice Blended Chocolate Chip,2,14.0,28.0,Cash,Sunny
TXN-6560,2026-03-22,08:39,Putrajaya,Espresso-based,Espresso,1,7.0,7.0,Cash,Sunny
TXN-6562,2026-03-22,08:51,Putrajaya,Milk-based,Cappuccino,1,11.0,11.0,QR,Sunny
TXN-6613,2026-03-22,09:14,Puncak Alam,Milk-based,Caramel Macchiato,3,13.0,39.0,QR,Sunny
TXN-6548,2026-03-22,09:17,Putrajaya,Milk-based,Cappuccino,1,11.0,11.0,QR,Sunny
TXN-6599,2026-03-22,09:26,Puncak Alam,Espresso-based,Americano,3,9.0,27.0,QR,Sunny
TXN-6514,2026-03-22,09:45,Putrajaya,Milk-based,Cappuccino,1,11.0,11.0,Cash,Sunny
TXN-6547,2026-03-22,09:52,Putrajaya,Espresso-based,Americano,1,9.0,9.0,QR,Sunny
TXN-6589,2026-03-22,10:09,Puncak Alam,Espresso-based,Americano,2,9.0,18.0,Cash,Sunny
TXN-6584,2026-03-22,10:10,Puncak Alam,Espresso-based,Americano,1,9.0,9.0,Cash,Sunny
TXN-6525,2026-03-22,10:28,Putrajaya,Milk-based,Latte,1,11.0,11.0,Cash,Sunny
TXN-6583,2026-03-22,10:30,Puncak Alam,Milk-based,Mocha,1,12.0,12.0,QR,Sunny
TXN-6532,2026-03-22,10:42,Putrajaya,Milk-based,Caramel Macchiato,1,13.0,13.0,QR,Sunny
TXN-6606,2026-03-22,11:01,Puncak Alam,Espresso-based,Espresso,1,7.0,7.0,Cash,Sunny
TXN-6621,2026-03-22,11:05,Puncak Alam,Milk-based,Mocha,3,12.0,36.0,QR,Sunny
TXN-6515,2026-03-22,11:08,Putrajaya,Milk-based,Cappuccino,1,11.0,11.0,Cash,Sunny
TXN-6536,2026-03-22,11:23,Putrajaya,Espresso-based,Americano,1,9.0,9.0,QR,Sunny
TXN-6591,2026-03-22,11:25,Puncak Alam,Ice Blended,Ice Blended Chocolate Chip,1,14.0,14.0,Cash,Sunny
TXN-6537,2026-03-22,11:27,Putrajaya,Milk-based,Latte,1,11.0,11.0,QR,Sunny
TXN-6569,2026-03-22,11:27,Putrajaya,Milk-based,Latte,1,11.0,11.0,QR,Sunny
TXN-6542,2026-03-22,11:39,Putrajaya,Milk-based,Mocha,1,12.0,12.0,Cash,Sunny
TXN-6518,2026-03-22,11:40,Putrajaya,Espresso-based,Americano,1,9.0,9.0,Cash,Sunny
TXN-6517,2026-03-22,11:43,Putrajaya,Milk-based,Mocha,2,12.0,24.0,QR,Sunny
TXN-6571,2026-03-22,11:43,Putrajaya,Espresso-based,Espresso,2,7.0,14.0,Cash,Sunny
TXN-6556,2026-03-22,11:49,Putrajaya,Milk-based,Latte,3,11.0,33.0,QR,Sunny
TXN-6595,2026-03-22,12:06,Puncak Alam,Espresso-based,Espresso,1,7.0,7.0,QR,Sunny
TXN-6568,2026-03-22,12:07,Putrajaya,Milk-based,Mocha,1,12.0,12.0,QR,Sunny
TXN-6552,2026-03-22,12:14,Putrajaya,Espresso-based,Americano,3,9.0,27.0,QR,Sunny
TXN-6524,2026-03-22,12:27,Putrajaya,Milk-based,Cappuccino,1,11.0,11.0,Cash,Sunny
TXN-6597,2026-03-22,12:29,Puncak Alam,Espresso-based,Americano,3,9.0,27.0,QR,Sunny
TXN-6575,2026-03-22,12:44,Putrajaya,Milk-based,Caramel Macchiato,1,13.0,13.0,QR,Sunny
TXN-6572,2026-03-22,12:48,Putrajaya,Milk-based,Mocha,1,12.0,12.0,Cash,Sunny
TXN-6516,2026-03-22,12:50,Putrajaya,Milk-based,Caramel Macchiato,2,13.0,26.0,Cash,Sunny
TXN-6614,2026-03-22,12:51,Puncak Alam,Espresso-based,Espresso,1,7.0,7.0,QR,Sunny
TXN-6625,2026-03-22,12:51,Puncak Alam,Milk-based,Cappuccino,1,11.0,11.0,Cash,Sunny
TXN-6579,2026-03-22,13:04,Putrajaya,Milk-based,Caramel Macchiato,1,13.0,13.0,QR,Sunny
TXN-6530,2026-03-22,13:09,Putrajaya,Milk-based,Caramel Macchiato,1,13.0,13.0,Cash,Sunny
TXN-6590,2026-03-22,13:15,Puncak Alam,Milk-based,Latte,1,11.0,11.0,Cash,Sunny
TXN-6578,2026-03-22,13:36,Putrajaya,Espresso-based,Americano,1,9.0,9.0,QR,Sunny
TXN-6513,2026-03-22,13:37,Putrajaya,Milk-based,Latte,1,11.0,11.0,QR,Sunny
TXN-6526,2026-03-22,13:50,Putrajaya,Espresso-based,Americano,1,9.0,9.0,QR,Sunny
TXN-6543,2026-03-22,13:53,Putrajaya,Milk-based,Caramel Macchiato,1,13.0,13.0,QR,Sunny
TXN-6527,2026-03-22,13:54,Putrajaya,Espresso-based,Americano,1,9.0,9.0,QR,Sunny
TXN-6539,2026-03-22,14:01,Putrajaya,Milk-based,Cappuccino,2,11.0,22.0,QR,Sunny
TXN-6550,2026-03-22,14:09,Putrajaya,Espresso-based,Espresso,1,7.0,7.0,Cash,Sunny
TXN-6593,2026-03-22,14:28,Puncak Alam,Espresso-based,Americano,2,9.0,18.0,QR,Sunny
TXN-6533,2026-03-22,14:39,Putrajaya,Espresso-based,Americano,1,9.0,9.0,QR,Sunny
TXN-6558,2026-03-22,14:57,Putrajaya,Milk-based,Mocha,2,12.0,24.0,QR,Sunny
TXN-6563,2026-03-22,15:12,Putrajaya,Ice Blended,Ice Blended Chocolate Chip,1,14.0,14.0,QR,Sunny
TXN-6555,2026-03-22,15:23,Putrajaya,Milk-based,Caramel Macchiato,1,13.0,13.0,Cash,Sunny
TXN-6528,2026-03-22,15:28,Putrajaya,Espresso-based,Americano,1,9.0,9.0,Cash,Sunny
TXN-6521,2026-03-22,15:37,Putrajaya,Milk-based,Caramel Macchiato,1,13.0,13.0,QR,Sunny
TXN-6531,2026-03-22,15:41,Putrajaya,Espresso-based,Espresso,2,7.0,14.0,Cash,Sunny
TXN-6610,2026-03-22,15:58,Puncak Alam,Milk-based,Caramel Macchiato,1,13.0,13.0,QR,Sunny
TXN-6540,2026-03-22,16:05,Putrajaya,Milk-based,Caramel Macchiato,1,13.0,13.0,Cash,Sunny
TXN-6535,2026-03-22,16:30,Putrajaya,Milk-based,Mocha,3,12.0,36.0,QR,Sunny
TXN-6534,2026-03-22,16:45,Putrajaya,Milk-based,Mocha,1,12.0,12.0,QR,Sunny
TXN-6592,2026-03-22,16:47,Puncak Alam,Espresso-based,Espresso,3,7.0,21.0,Cash,Sunny
TXN-6538,2026-03-22,17:05,Putrajaya,Espresso-based,Americano,1,9.0,9.0,Cash,Sunny
TXN-6557,2026-03-22,17:09,Putrajaya,Milk-based,Latte,1,11.0,11.0,QR,Sunny
TXN-6602,2026-03-22,17:10,Puncak Alam,Milk-based,Latte,2,11.0,22.0,QR,Sunny
TXN-6588,2026-03-22,17:11,Puncak Alam,Milk-based,Caramel Macchiato,1,13.0,13.0,Cash,Sunny
TXN-6585,2026-03-22,17:13,Puncak Alam,Milk-based,Mocha,1,12.0,12.0,Cash,Sunny
TXN-6567,2026-03-22,17:23,Putrajaya,Milk-based,Mocha,3,12.0,36.0,QR,Sunny
TXN-6594,2026-03-22,17:25,Puncak Alam,Milk-based,Latte,1,11.0,11.0,QR,Sunny
TXN-6574,2026-03-22,17:28,Putrajaya,Ice Blended,Ice Blended Chocolate Chip,1,14.0,14.0,Cash,Sunny
TXN-6573,2026-03-22,17:35,Putrajaya,Ice Blended,Ice Blended Chocolate Chip,1,14.0,14.0,QR,Sunny
TXN-6605,2026-03-22,17:37,Puncak Alam,Ice Blended,Ice Blended Chocolate Chip,3,14.0,42.0,Cash,Sunny
TXN-6580,2026-03-22,17:59,Putrajaya,Ice Blended,Ice Blended Chocolate Chip,3,14.0,42.0,QR,Sunny
TXN-6522,2026-03-22,18:00,Putrajaya,Milk-based,Cappuccino,3,11.0,33.0,Cash,Sunny
TXN-6570,2026-03-22,18:02,Putrajaya,Ice Blended,Ice Blended Chocolate Chip,1,14.0,14.0,Cash,Sunny
TXN-6544,2026-03-22,18:33,Putrajaya,Milk-based,Mocha,2,12.0,24.0,QR,Sunny
TXN-6559,2026-03-22,18:34,Putrajaya,Espresso-based,Americano,1,9.0,9.0,QR,Sunny
TXN-6512,2026-03-22,18:36,Putrajaya,Espresso-based,Americano,1,9.0,9.0,Cash,Sunny
TXN-6611,2026-03-22,18:37,Puncak Alam,Milk-based,Caramel Macchiato,4,13.0,52.0,QR,Sunny
TXN-6520,2026-03-22,18:49,Putrajaya,Milk-based,Mocha,3,12.0,36.0,QR,Sunny
TXN-6581,2026-03-22,18:49,Putrajaya,Milk-based,Latte,2,11.0,22.0,QR,Sunny
TXN-6586,2026-03-22,19:17,Puncak Alam,Milk-based,Mocha,1,12.0,12.0,Cash,Sunny
TXN-6529,2026-03-22,19:20,Putrajaya,Milk-based,Mocha,1,12.0,12.0,QR,Sunny
TXN-6541,2026-03-22,19:22,Putrajaya,Milk-based,Caramel Macchiato,1,13.0,13.0,QR,Sunny
TXN-6624,2026-03-22,19:22,Puncak Alam,Ice Blended,Ice Blended Chocolate Chip,1,14.0,14.0,Cash,Sunny
TXN-6566,2026-03-22,19:30,Putrajaya,Milk-based,Cappuccino,1,11.0,11.0,Cash,Sunny
TXN-6577,2026-03-22,19:36,Putrajaya,Milk-based,Cappuccino,1,11.0,11.0,QR,Sunny
TXN-6508,2026-03-22,19:44,Putrajaya,Milk-based,Latte,1,11.0,11.0,QR,Sunny
TXN-6510,2026-03-22,19:44,Putrajaya,Milk-based,Latte,1,11.0,11.0,QR,Sunny
TXN-6626,2026-03-22,19:48,Puncak Alam,Ice Blended,Ice Blended Chocolate Chip,1,14.0,14.0,QR,Sunny
TXN-6564,2026-03-22,19:50,Putrajaya,Milk-based,Latte,1,11.0,11.0,QR,Sunny
TXN-6607,2026-03-22,20:05,Puncak Alam,Milk-based,Cappuccino,3,11.0,33.0,Cash,Sunny
TXN-6561,2026-03-22,20:11,Putrajaya,Milk-based,Caramel Macchiato,1,13.0,13.0,QR,Sunny
TXN-6603,2026-03-22,20:11,Puncak Alam,Espresso-based,Americano,1,9.0,9.0,QR,Sunny
TXN-6615,2026-03-22,20:12,Puncak Alam,Milk-based,Cappuccino,1,11.0,11.0,QR,Sunny
TXN-6576,2026-03-22,20:16,Putrajaya,Milk-based,Mocha,1,12.0,12.0,Cash,Sunny
TXN-6596,2026-03-22,20:16,Puncak Alam,Milk-based,Cappuccino,2,11.0,22.0,Cash,Sunny
TXN-6519,2026-03-22,20:21,Putrajaya,Milk-based,Mocha,1,12.0,12.0,Cash,Sunny
TXN-6619,2026-03-22,20:27,Puncak Alam,Milk-based,Cappuccino,1,11.0,11.0,QR,Sunny
TXN-6509,2026-03-22,20:30,Putrajaya,Milk-based,Mocha,2,12.0,24.0,QR,Sunny
TXN-6554,2026-03-22,20:30,Putrajaya,Espresso-based,Americano,1,9.0,9.0,QR,Sunny
TXN-6523,2026-03-22,20:31,Putrajaya,Espresso-based,Americano,1,9.0,9.0,QR,Sunny
TXN-6609,2026-03-22,20:36,Puncak Alam,Milk-based,Cappuccino,1,11.0,11.0,Cash,Sunny
TXN-6601,2026-03-22,20:47,Puncak Alam,Espresso-based,Espresso,1,7.0,7.0,QR,Sunny
TXN-6549,2026-03-22,20:54,Putrajaya,Milk-based,Mocha,1,12.0,12.0,Cash,Sunny
TXN-6617,2026-03-22,21:00,Puncak Alam,Milk-based,Cappuccino,3,11.0,33.0,Cash,Sunny
TXN-6604,2026-03-22,21:01,Puncak Alam,Ice Blended,Ice Blended Chocolate Chip,2,14.0,28.0,QR,Sunny
TXN-6582,2026-03-22,21:02,Putrajaya,Milk-based,Cappuccino,1,11.0,11.0,QR,Sunny
TXN-6622,2026-03-22,21:03,Puncak Alam,Milk-based,Caramel Macchiato,1,13.0,13.0,QR,Sunny
TXN-6598,2026-03-22,21:04,Puncak Alam,Espresso-based,Espresso,1,7.0,7.0,QR,Sunny
TXN-6608,2026-03-22,21:17,Puncak Alam,Milk-based,Cappuccino,3,11.0,33.0,QR,Sunny
TXN-6623,2026-03-22,21:20,Puncak Alam,Ice Blended,Ice Blended Chocolate Chip,2,14.0,28.0,Cash,Sunny
TXN-6507,2026-03-22,21:24,Putrajaya,Espresso-based,Americano,1,9.0,9.0,QR,Sunny
TXN-6616,2026-03-22,21:35,Puncak Alam,Milk-based,Mocha,1,12.0,12.0,QR,Sunny
TXN-6600,2026-03-22,21:43,Puncak Alam,Espresso-based,Espresso,1,7.0,7.0,Cash,Sunny
TXN-6612,2026-03-22,21:47,Puncak Alam,Milk-based,Mocha,1,12.0,12.0,Cash,Sunny
TXN-6565,2026-03-22,21:50,Putrajaya,Milk-based,Cappuccino,1,11.0,11.0,QR,Sunny
TXN-6546,2026-03-22,21:51,Putrajaya,Milk-based,Latte,2,11.0,22.0,QR,Sunny
TXN-6642,2026-03-23,08:15,Putrajaya,Ice Blended,Ice Blended Chocolate Chip,1,14.0,14.0,QR,Sunny
TXN-6627,2026-03-23,08:20,Putrajaya,Espresso-based,Espresso,1,7.0,7.0,QR,Sunny
TXN-6718,2026-03-23,08:20,Puncak Alam,Milk-based,Cappuccino,2,11.0,22.0,Cash,Sunny
TXN-6634,2026-03-23,08:24,Putrajaya,Espresso-based,Espresso,1,7.0,7.0,QR,Sunny
TXN-6687,2026-03-23,08:27,Puncak Alam,Milk-based,Cappuccino,2,11.0,22.0,QR,Sunny
TXN-6727,2026-03-23,08:32,Puncak Alam,Milk-based,Latte,1,11.0,11.0,QR,Sunny
TXN-6744,2026-03-23,08:46,Puncak Alam,Espresso-based,Espresso,2,7.0,14.0,QR,Sunny
TXN-6710,2026-03-23,08:47,Puncak Alam,Espresso-based,Espresso,2,7.0,14.0,Cash,Sunny
TXN-6647,2026-03-23,08:48,Putrajaya,Milk-based,Latte,1,11.0,11.0,Cash,Sunny
TXN-6673,2026-03-23,08:48,Puncak Alam,Milk-based,Caramel Macchiato,1,13.0,13.0,QR,Sunny
TXN-6630,2026-03-23,08:49,Putrajaya,Milk-based,Latte,1,11.0,11.0,QR,Sunny
TXN-6703,2026-03-23,08:53,Puncak Alam,Milk-based,Cappuccino,1,11.0,11.0,QR,Sunny
TXN-6690,2026-03-23,08:58,Puncak Alam,Espresso-based,Americano,2,9.0,18.0,QR,Sunny
TXN-6656,2026-03-23,09:04,Putrajaya,Milk-based,Mocha,1,12.0,12.0,Cash,Sunny
TXN-6714,2026-03-23,09:10,Puncak Alam,Milk-based,Cappuccino,1,11.0,11.0,Cash,Sunny
TXN-6692,2026-03-23,09:23,Puncak Alam,Milk-based,Latte,1,11.0,11.0,Cash,Sunny
TXN-6716,2026-03-23,09:38,Puncak Alam,Espresso-based,Americano,1,9.0,9.0,QR,Sunny
TXN-6675,2026-03-23,09:47,Puncak Alam,Milk-based,Mocha,4,12.0,48.0,QR,Sunny
TXN-6646,2026-03-23,09:50,Putrajaya,Espresso-based,Espresso,2,7.0,14.0,QR,Sunny
TXN-6688,2026-03-23,09:55,Puncak Alam,Espresso-based,Espresso,1,7.0,7.0,QR,Sunny
TXN-6645,2026-03-23,10:01,Putrajaya,Espresso-based,Espresso,3,7.0,21.0,QR,Sunny
TXN-6631,2026-03-23,10:04,Putrajaya,Milk-based,Mocha,1,12.0,12.0,QR,Sunny
TXN-6699,2026-03-23,10:06,Puncak Alam,Ice Blended,Ice Blended Chocolate Chip,1,14.0,14.0,Cash,Sunny
TXN-6639,2026-03-23,10:15,Putrajaya,Milk-based,Mocha,1,12.0,12.0,Cash,Sunny
TXN-6662,2026-03-23,10:26,Putrajaya,Milk-based,Caramel Macchiato,1,13.0,13.0,QR,Sunny
TXN-6736,2026-03-23,10:29,Puncak Alam,Milk-based,Latte,1,11.0,11.0,QR,Sunny
TXN-6712,2026-03-23,10:32,Puncak Alam,Ice Blended,Ice Blended Chocolate Chip,1,14.0,14.0,QR,Sunny
TXN-6723,2026-03-23,10:35,Puncak Alam,Milk-based,Mocha,1,12.0,12.0,Cash,Sunny
TXN-6652,2026-03-23,10:40,Putrajaya,Espresso-based,Espresso,1,7.0,7.0,QR,Sunny
TXN-6713,2026-03-23,10:46,Puncak Alam,Espresso-based,Espresso,1,7.0,7.0,QR,Sunny
TXN-6676,2026-03-23,10:48,Puncak Alam,Espresso-based,Americano,2,9.0,18.0,QR,Sunny
TXN-6745,2026-03-23,10:48,Puncak Alam,Milk-based,Caramel Macchiato,1,13.0,13.0,QR,Sunny
TXN-6735,2026-03-23,11:02,Puncak Alam,Espresso-based,Espresso,4,7.0,28.0,Cash,Sunny
TXN-6697,2026-03-23,11:09,Puncak Alam,Milk-based,Caramel Macchiato,2,13.0,26.0,QR,Sunny
TXN-6704,2026-03-23,11:11,Puncak Alam,Espresso-based,Espresso,1,7.0,7.0,Cash,Sunny
TXN-6636,2026-03-23,11:14,Putrajaya,Milk-based,Caramel Macchiato,1,13.0,13.0,Cash,Sunny
TXN-6637,2026-03-23,11:29,Putrajaya,Milk-based,Mocha,1,12.0,12.0,QR,Sunny
TXN-6660,2026-03-23,11:39,Putrajaya,Ice Blended,Ice Blended Chocolate Chip,1,14.0,14.0,Cash,Sunny
TXN-6731,2026-03-23,12:00,Puncak Alam,Milk-based,Caramel Macchiato,1,13.0,13.0,QR,Sunny
TXN-6698,2026-03-23,12:05,Puncak Alam,Milk-based,Caramel Macchiato,2,13.0,26.0,Cash,Sunny
TXN-6724,2026-03-23,12:06,Puncak Alam,Milk-based,Cappuccino,1,11.0,11.0,QR,Sunny
TXN-6653,2026-03-23,12:09,Putrajaya,Ice Blended,Ice Blended Chocolate Chip,1,14.0,14.0,Cash,Sunny
TXN-6682,2026-03-23,12:22,Puncak Alam,Espresso-based,Americano,1,9.0,9.0,QR,Sunny
TXN-6715,2026-03-23,12:45,Puncak Alam,Milk-based,Mocha,1,12.0,12.0,Cash,Sunny
TXN-6737,2026-03-23,12:49,Puncak Alam,Milk-based,Cappuccino,2,11.0,22.0,QR,Sunny
TXN-6695,2026-03-23,12:56,Puncak Alam,Milk-based,Latte,1,11.0,11.0,QR,Sunny
TXN-6663,2026-03-23,13:10,Putrajaya,Espresso-based,Espresso,1,7.0,7.0,QR,Sunny
TXN-6730,2026-03-23,13:32,Puncak Alam,Milk-based,Latte,2,11.0,22.0,QR,Sunny
TXN-6685,2026-03-23,13:33,Puncak Alam,Milk-based,Mocha,1,12.0,12.0,Cash,Sunny
TXN-6681,2026-03-23,13:40,Puncak Alam,Milk-based,Cappuccino,4,11.0,44.0,QR,Sunny
TXN-6664,2026-03-23,13:46,Putrajaya,Milk-based,Caramel Macchiato,1,13.0,13.0,QR,Sunny
TXN-6701,2026-03-23,13:50,Puncak Alam,Espresso-based,Americano,2,9.0,18.0,QR,Sunny
TXN-6680,2026-03-23,13:56,Puncak Alam,Milk-based,Cappuccino,1,11.0,11.0,QR,Sunny
TXN-6746,2026-03-23,13:56,Puncak Alam,Milk-based,Latte,1,11.0,11.0,QR,Sunny
TXN-6740,2026-03-23,14:03,Puncak Alam,Espresso-based,Americano,1,9.0,9.0,QR,Sunny
TXN-6632,2026-03-23,14:08,Putrajaya,Milk-based,Mocha,1,12.0,12.0,QR,Sunny
TXN-6693,2026-03-23,14:12,Puncak Alam,Milk-based,Mocha,1,12.0,12.0,QR,Sunny
TXN-6696,2026-03-23,14:12,Puncak Alam,Espresso-based,Espresso,1,7.0,7.0,QR,Sunny
TXN-6717,2026-03-23,14:14,Puncak Alam,Milk-based,Cappuccino,1,11.0,11.0,QR,Sunny
TXN-6691,2026-03-23,14:23,Puncak Alam,Milk-based,Cappuccino,1,11.0,11.0,QR,Sunny
TXN-6672,2026-03-23,14:24,Puncak Alam,Milk-based,Latte,1,11.0,11.0,QR,Sunny
TXN-6641,2026-03-23,14:32,Putrajaya,Milk-based,Latte,1,11.0,11.0,Cash,Sunny
TXN-6679,2026-03-23,14:35,Puncak Alam,Milk-based,Cappuccino,2,11.0,22.0,Cash,Sunny
TXN-6629,2026-03-23,14:37,Putrajaya,Espresso-based,Americano,1,9.0,9.0,QR,Sunny
TXN-6706,2026-03-23,14:38,Puncak Alam,Milk-based,Cappuccino,2,11.0,22.0,QR,Sunny
TXN-6711,2026-03-23,14:44,Puncak Alam,Milk-based,Latte,1,11.0,11.0,QR,Sunny
TXN-6739,2026-03-23,14:49,Puncak Alam,Ice Blended,Ice Blended Chocolate Chip,1,14.0,14.0,Cash,Sunny
TXN-6657,2026-03-23,14:57,Putrajaya,Milk-based,Cappuccino,2,11.0,22.0,QR,Sunny
TXN-6732,2026-03-23,15:05,Puncak Alam,Milk-based,Mocha,3,12.0,36.0,QR,Sunny
TXN-6633,2026-03-23,15:07,Putrajaya,Ice Blended,Ice Blended Chocolate Chip,1,14.0,14.0,QR,Sunny
TXN-6655,2026-03-23,15:11,Putrajaya,Milk-based,Latte,2,11.0,22.0,QR,Sunny
TXN-6700,2026-03-23,15:22,Puncak Alam,Espresso-based,Espresso,2,7.0,14.0,QR,Sunny
TXN-6702,2026-03-23,15:37,Puncak Alam,Milk-based,Mocha,1,12.0,12.0,Cash,Sunny
TXN-6719,2026-03-23,15:44,Puncak Alam,Espresso-based,Espresso,4,7.0,28.0,Cash,Sunny
TXN-6742,2026-03-23,15:49,Puncak Alam,Milk-based,Caramel Macchiato,1,13.0,13.0,QR,Sunny
TXN-6659,2026-03-23,15:51,Putrajaya,Milk-based,Latte,1,11.0,11.0,Cash,Sunny
TXN-6658,2026-03-23,15:56,Putrajaya,Ice Blended,Ice Blended Chocolate Chip,1,14.0,14.0,QR,Sunny
TXN-6668,2026-03-23,16:01,Putrajaya,Milk-based,Latte,1,11.0,11.0,QR,Sunny
TXN-6635,2026-03-23,16:02,Putrajaya,Espresso-based,Espresso,1,7.0,7.0,Cash,Sunny
TXN-6734,2026-03-23,16:02,Puncak Alam,Milk-based,Caramel Macchiato,4,13.0,52.0,QR,Sunny
TXN-6705,2026-03-23,16:05,Puncak Alam,Espresso-based,Americano,1,9.0,9.0,Cash,Sunny
TXN-6677,2026-03-23,16:06,Puncak Alam,Milk-based,Latte,1,11.0,11.0,Cash,Sunny
TXN-6638,2026-03-23,16:21,Putrajaya,Milk-based,Caramel Macchiato,3,13.0,39.0,QR,Sunny
TXN-6640,2026-03-23,16:52,Putrajaya,Espresso-based,Espresso,1,7.0,7.0,QR,Sunny
TXN-6661,2026-03-23,17:11,Putrajaya,Ice Blended,Ice Blended Chocolate Chip,1,14.0,14.0,QR,Sunny
TXN-6686,2026-03-23,17:45,Puncak Alam,Milk-based,Caramel Macchiato,2,13.0,26.0,QR,Sunny
TXN-6743,2026-03-23,17:57,Puncak Alam,Ice Blended,Ice Blended Chocolate Chip,1,14.0,14.0,QR,Sunny
TXN-6671,2026-03-23,18:04,Puncak Alam,Espresso-based,Espresso,1,7.0,7.0,Cash,Sunny
TXN-6648,2026-03-23,18:24,Putrajaya,Milk-based,Cappuccino,2,11.0,22.0,QR,Sunny
TXN-6678,2026-03-23,18:33,Puncak Alam,Ice Blended,Ice Blended Chocolate Chip,1,14.0,14.0,QR,Sunny
TXN-6643,2026-03-23,18:46,Putrajaya,Milk-based,Caramel Macchiato,1,13.0,13.0,Cash,Sunny
TXN-6707,2026-03-23,18:53,Puncak Alam,Milk-based,Cappuccino,1,11.0,11.0,QR,Sunny
TXN-6709,2026-03-23,18:54,Puncak Alam,Ice Blended,Ice Blended Chocolate Chip,1,14.0,14.0,QR,Sunny
TXN-6728,2026-03-23,19:13,Puncak Alam,Espresso-based,Americano,1,9.0,9.0,QR,Sunny
TXN-6654,2026-03-23,19:24,Putrajaya,Ice Blended,Ice Blended Chocolate Chip,2,14.0,28.0,QR,Sunny
TXN-6665,2026-03-23,19:37,Putrajaya,Espresso-based,Americano,1,9.0,9.0,Cash,Sunny
TXN-6726,2026-03-23,19:37,Puncak Alam,Milk-based,Latte,1,11.0,11.0,QR,Sunny
TXN-6729,2026-03-23,19:38,Puncak Alam,Ice Blended,Ice Blended Chocolate Chip,1,14.0,14.0,QR,Sunny
TXN-6684,2026-03-23,19:43,Puncak Alam,Ice Blended,Ice Blended Chocolate Chip,2,14.0,28.0,QR,Sunny
TXN-6666,2026-03-23,19:45,Putrajaya,Espresso-based,Americano,1,9.0,9.0,QR,Sunny
TXN-6644,2026-03-23,19:50,Putrajaya,Milk-based,Latte,1,11.0,11.0,Cash,Sunny
TXN-6674,2026-03-23,19:57,Puncak Alam,Ice Blended,Ice Blended Chocolate Chip,2,14.0,28.0,QR,Sunny
TXN-6651,2026-03-23,19:58,Putrajaya,Milk-based,Latte,1,11.0,11.0,QR,Sunny
TXN-6683,2026-03-23,19:59,Puncak Alam,Espresso-based,Espresso,1,7.0,7.0,QR,Sunny
TXN-6738,2026-03-23,19:59,Puncak Alam,Milk-based,Cappuccino,1,11.0,11.0,Cash,Sunny
TXN-6670,2026-03-23,20:01,Puncak Alam,Espresso-based,Espresso,1,7.0,7.0,QR,Sunny
TXN-6725,2026-03-23,20:03,Puncak Alam,Ice Blended,Ice Blended Chocolate Chip,1,14.0,14.0,Cash,Sunny
TXN-6720,2026-03-23,20:20,Puncak Alam,Milk-based,Caramel Macchiato,1,13.0,13.0,Cash,Sunny
TXN-6741,2026-03-23,20:22,Puncak Alam,Espresso-based,Americano,1,9.0,9.0,QR,Sunny
TXN-6694,2026-03-23,20:28,Puncak Alam,Milk-based,Latte,1,11.0,11.0,QR,Sunny
TXN-6650,2026-03-23,20:35,Putrajaya,Milk-based,Latte,4,11.0,44.0,QR,Sunny
TXN-6733,2026-03-23,20:42,Puncak Alam,Milk-based,Caramel Macchiato,1,13.0,13.0,QR,Sunny
TXN-6667,2026-03-23,20:54,Putrajaya,Espresso-based,Espresso,1,7.0,7.0,Cash,Sunny
TXN-6649,2026-03-23,21:05,Putrajaya,Espresso-based,Espresso,2,7.0,14.0,Cash,Sunny
TXN-6669,2026-03-23,21:07,Puncak Alam,Ice Blended,Ice Blended Chocolate Chip,1,14.0,14.0,Cash,Sunny
TXN-6721,2026-03-23,21:12,Puncak Alam,Milk-based,Cappuccino,4,11.0,44.0,QR,Sunny
TXN-6722,2026-03-23,21:15,Puncak Alam,Ice Blended,Ice Blended Chocolate Chip,1,14.0,14.0,QR,Sunny
TXN-6689,2026-03-23,21:24,Puncak Alam,Milk-based,Mocha,1,12.0,12.0,QR,Sunny
TXN-6628,2026-03-23,21:31,Putrajaya,Milk-based,Latte,1,11.0,11.0,Cash,Sunny
TXN-6708,2026-03-23,21:46,Puncak Alam,Ice Blended,Ice Blended Chocolate Chip,1,14.0,14.0,QR,Sunny
TXN-6794,2026-03-24,08:02,Puncak Alam,Milk-based,Caramel Macchiato,1,13.0,13.0,QR,Cloudy
TXN-6816,2026-03-24,08:04,Puncak Alam,Espresso-based,Americano,1,9.0,9.0,Cash,Cloudy
TXN-6812,2026-03-24,08:05,Puncak Alam,Milk-based,Latte,2,11.0,22.0,QR,Cloudy
TXN-6853,2026-03-24,08:22,Puncak Alam,Milk-based,Mocha,1,12.0,12.0,Cash,Cloudy
TXN-6817,2026-03-24,08:32,Puncak Alam,Espresso-based,Americano,1,9.0,9.0,QR,Cloudy
TXN-6863,2026-03-24,08:36,Puncak Alam,Milk-based,Cappuccino,1,11.0,11.0,QR,Cloudy
TXN-6814,2026-03-24,08:38,Puncak Alam,Milk-based,Latte,1,11.0,11.0,QR,Cloudy
TXN-6772,2026-03-24,08:47,Putrajaya,Milk-based,Caramel Macchiato,2,13.0,26.0,Cash,Sunny
TXN-6821,2026-03-24,09:04,Puncak Alam,Milk-based,Mocha,1,12.0,12.0,Cash,Cloudy
TXN-6804,2026-03-24,09:06,Puncak Alam,Milk-based,Cappuccino,1,11.0,11.0,Cash,Cloudy
TXN-6855,2026-03-24,09:08,Puncak Alam,Milk-based,Caramel Macchiato,2,13.0,26.0,Cash,Cloudy
TXN-6864,2026-03-24,09:10,Puncak Alam,Espresso-based,Americano,1,9.0,9.0,QR,Cloudy
TXN-6797,2026-03-24,09:12,Puncak Alam,Milk-based,Cappuccino,3,11.0,33.0,QR,Cloudy
TXN-6776,2026-03-24,09:20,Putrajaya,Milk-based,Caramel Macchiato,3,13.0,39.0,Cash,Sunny
TXN-6838,2026-03-24,09:22,Puncak Alam,Espresso-based,Americano,1,9.0,9.0,QR,Cloudy
TXN-6818,2026-03-24,09:53,Puncak Alam,Ice Blended,Ice Blended Chocolate Chip,1,14.0,14.0,QR,Cloudy
TXN-6769,2026-03-24,10:13,Putrajaya,Milk-based,Cappuccino,1,11.0,11.0,QR,Sunny
TXN-6761,2026-03-24,10:15,Putrajaya,Milk-based,Latte,1,11.0,11.0,QR,Sunny
TXN-6826,2026-03-24,10:21,Puncak Alam,Ice Blended,Ice Blended Chocolate Chip,1,14.0,14.0,Cash,Cloudy
TXN-6830,2026-03-24,10:28,Puncak Alam,Milk-based,Caramel Macchiato,3,13.0,39.0,QR,Cloudy
TXN-6786,2026-03-24,10:37,Putrajaya,Espresso-based,Americano,3,9.0,27.0,QR,Sunny
TXN-6807,2026-03-24,10:38,Puncak Alam,Milk-based,Latte,4,11.0,44.0,QR,Cloudy
TXN-6846,2026-03-24,10:39,Puncak Alam,Milk-based,Mocha,1,12.0,12.0,QR,Cloudy
TXN-6832,2026-03-24,10:40,Puncak Alam,Milk-based,Latte,1,11.0,11.0,Cash,Cloudy
TXN-6792,2026-03-24,10:44,Putrajaya,Ice Blended,Ice Blended Chocolate Chip,3,14.0,42.0,QR,Sunny
TXN-6860,2026-03-24,10:46,Puncak Alam,Milk-based,Latte,2,11.0,22.0,QR,Cloudy
TXN-6778,2026-03-24,10:57,Putrajaya,Milk-based,Caramel Macchiato,2,13.0,26.0,QR,Sunny
TXN-6753,2026-03-24,11:02,Putrajaya,Espresso-based,Espresso,1,7.0,7.0,QR,Sunny
TXN-6757,2026-03-24,11:06,Putrajaya,Espresso-based,Espresso,1,7.0,7.0,QR,Sunny
TXN-6842,2026-03-24,11:06,Puncak Alam,Milk-based,Mocha,2,12.0,24.0,Cash,Cloudy
TXN-6823,2026-03-24,11:11,Puncak Alam,Espresso-based,Americano,2,9.0,18.0,QR,Cloudy
TXN-6856,2026-03-24,11:11,Puncak Alam,Milk-based,Caramel Macchiato,1,13.0,13.0,Cash,Cloudy
TXN-6827,2026-03-24,11:14,Puncak Alam,Ice Blended,Ice Blended Chocolate Chip,1,14.0,14.0,Cash,Cloudy
TXN-6760,2026-03-24,11:17,Putrajaya,Milk-based,Latte,1,11.0,11.0,Cash,Sunny
TXN-6810,2026-03-24,11:24,Puncak Alam,Milk-based,Latte,1,11.0,11.0,QR,Cloudy
TXN-6845,2026-03-24,11:26,Puncak Alam,Milk-based,Caramel Macchiato,1,13.0,13.0,Cash,Cloudy
TXN-6787,2026-03-24,11:34,Putrajaya,Milk-based,Caramel Macchiato,1,13.0,13.0,QR,Sunny
TXN-6836,2026-03-24,11:38,Puncak Alam,Ice Blended,Ice Blended Chocolate Chip,1,14.0,14.0,Cash,Cloudy
TXN-6799,2026-03-24,11:46,Puncak Alam,Ice Blended,Ice Blended Chocolate Chip,2,14.0,28.0,QR,Cloudy
TXN-6749,2026-03-24,11:53,Putrajaya,Espresso-based,Espresso,1,7.0,7.0,QR,Sunny
TXN-6754,2026-03-24,12:14,Putrajaya,Milk-based,Mocha,1,12.0,12.0,QR,Sunny
TXN-6866,2026-03-24,12:20,Puncak Alam,Espresso-based,Espresso,1,7.0,7.0,QR,Cloudy
TXN-6765,2026-03-24,12:34,Putrajaya,Milk-based,Cappuccino,2,11.0,22.0,Cash,Sunny
TXN-6758,2026-03-24,12:35,Putrajaya,Espresso-based,Espresso,2,7.0,14.0,Cash,Sunny
TXN-6790,2026-03-24,12:43,Putrajaya,Espresso-based,Americano,1,9.0,9.0,QR,Sunny
TXN-6835,2026-03-24,12:49,Puncak Alam,Milk-based,Caramel Macchiato,1,13.0,13.0,Cash,Cloudy
TXN-6768,2026-03-24,12:50,Putrajaya,Milk-based,Caramel Macchiato,1,13.0,13.0,QR,Sunny
TXN-6858,2026-03-24,12:53,Puncak Alam,Milk-based,Mocha,3,12.0,36.0,QR,Cloudy
TXN-6777,2026-03-24,13:04,Putrajaya,Espresso-based,Espresso,2,7.0,14.0,QR,Sunny
TXN-6848,2026-03-24,13:20,Puncak Alam,Milk-based,Mocha,1,12.0,12.0,QR,Cloudy
TXN-6819,2026-03-24,13:22,Puncak Alam,Espresso-based,Espresso,1,7.0,7.0,QR,Cloudy
TXN-6779,2026-03-24,13:25,Putrajaya,Milk-based,Caramel Macchiato,1,13.0,13.0,QR,Sunny
TXN-6815,2026-03-24,13:27,Puncak Alam,Milk-based,Cappuccino,1,11.0,11.0,QR,Cloudy
TXN-6806,2026-03-24,13:32,Puncak Alam,Milk-based,Caramel Macchiato,1,13.0,13.0,QR,Cloudy
TXN-6839,2026-03-24,13:34,Puncak Alam,Espresso-based,Espresso,1,7.0,7.0,QR,Cloudy
TXN-6800,2026-03-24,13:35,Puncak Alam,Milk-based,Caramel Macchiato,4,13.0,52.0,QR,Cloudy
TXN-6748,2026-03-24,13:42,Putrajaya,Milk-based,Latte,1,11.0,11.0,Cash,Sunny
TXN-6809,2026-03-24,13:44,Puncak Alam,Milk-based,Cappuccino,2,11.0,22.0,QR,Cloudy
TXN-6793,2026-03-24,13:47,Putrajaya,Milk-based,Mocha,1,12.0,12.0,QR,Sunny
TXN-6824,2026-03-24,13:47,Puncak Alam,Milk-based,Latte,2,11.0,22.0,Cash,Cloudy
TXN-6833,2026-03-24,14:04,Puncak Alam,Espresso-based,Espresso,1,7.0,7.0,Cash,Cloudy
TXN-6861,2026-03-24,14:06,Puncak Alam,Milk-based,Mocha,2,12.0,24.0,QR,Cloudy
TXN-6783,2026-03-24,14:07,Putrajaya,Milk-based,Mocha,1,12.0,12.0,QR,Sunny
TXN-6843,2026-03-24,14:09,Puncak Alam,Espresso-based,Americano,1,9.0,9.0,Cash,Cloudy
TXN-6780,2026-03-24,14:17,Putrajaya,Espresso-based,Americano,1,9.0,9.0,Cash,Sunny
TXN-6837,2026-03-24,14:17,Puncak Alam,Milk-based,Latte,4,11.0,44.0,QR,Cloudy
TXN-6834,2026-03-24,14:32,Puncak Alam,Milk-based,Caramel Macchiato,1,13.0,13.0,QR,Cloudy
TXN-6775,2026-03-24,14:35,Putrajaya,Espresso-based,Espresso,1,7.0,7.0,Cash,Sunny
TXN-6865,2026-03-24,14:41,Puncak Alam,Milk-based,Cappuccino,1,11.0,11.0,QR,Cloudy
TXN-6862,2026-03-24,14:44,Puncak Alam,Milk-based,Mocha,1,12.0,12.0,QR,Cloudy
TXN-6852,2026-03-24,14:53,Puncak Alam,Milk-based,Caramel Macchiato,4,13.0,52.0,QR,Cloudy
TXN-6828,2026-03-24,15:07,Puncak Alam,Milk-based,Mocha,1,12.0,12.0,QR,Cloudy
TXN-6766,2026-03-24,15:14,Putrajaya,Milk-based,Caramel Macchiato,2,13.0,26.0,Cash,Sunny
TXN-6773,2026-03-24,15:20,Putrajaya,Ice Blended,Ice Blended Chocolate Chip,2,14.0,28.0,QR,Sunny
TXN-6747,2026-03-24,15:21,Putrajaya,Milk-based,Latte,1,11.0,11.0,QR,Sunny
TXN-6762,2026-03-24,15:28,Putrajaya,Milk-based,Mocha,1,12.0,12.0,QR,Sunny
TXN-6751,2026-03-24,15:31,Putrajaya,Milk-based,Latte,1,11.0,11.0,QR,Sunny
TXN-6859,2026-03-24,15:48,Puncak Alam,Espresso-based,Espresso,1,7.0,7.0,Cash,Cloudy
TXN-6750,2026-03-24,15:54,Putrajaya,Milk-based,Latte,1,11.0,11.0,QR,Sunny
TXN-6752,2026-03-24,16:03,Putrajaya,Ice Blended,Ice Blended Chocolate Chip,1,14.0,14.0,QR,Sunny
TXN-6785,2026-03-24,16:03,Putrajaya,Milk-based,Caramel Macchiato,1,13.0,13.0,QR,Sunny
TXN-6781,2026-03-24,16:08,Putrajaya,Milk-based,Caramel Macchiato,1,13.0,13.0,QR,Sunny
TXN-6841,2026-03-24,16:11,Puncak Alam,Milk-based,Latte,2,11.0,22.0,QR,Cloudy
TXN-6847,2026-03-24,16:12,Puncak Alam,Ice Blended,Ice Blended Chocolate Chip,1,14.0,14.0,QR,Cloudy
TXN-6770,2026-03-24,16:13,Putrajaya,Espresso-based,Espresso,1,7.0,7.0,QR,Sunny
TXN-6795,2026-03-24,16:31,Puncak Alam,Espresso-based,Espresso,1,7.0,7.0,QR,Cloudy
TXN-6850,2026-03-24,16:33,Puncak Alam,Milk-based,Latte,3,11.0,33.0,QR,Cloudy
TXN-6759,2026-03-24,16:36,Putrajaya,Milk-based,Mocha,1,12.0,12.0,QR,Sunny
TXN-6798,2026-03-24,16:49,Puncak Alam,Espresso-based,Espresso,1,7.0,7.0,QR,Cloudy
TXN-6820,2026-03-24,17:11,Puncak Alam,Espresso-based,Espresso,1,7.0,7.0,QR,Cloudy
TXN-6840,2026-03-24,17:11,Puncak Alam,Milk-based,Mocha,1,12.0,12.0,QR,Cloudy
TXN-6805,2026-03-24,17:15,Puncak Alam,Espresso-based,Espresso,1,7.0,7.0,QR,Cloudy
TXN-6763,2026-03-24,17:19,Putrajaya,Espresso-based,Espresso,1,7.0,7.0,Cash,Sunny
TXN-6811,2026-03-24,17:21,Puncak Alam,Milk-based,Mocha,1,12.0,12.0,QR,Cloudy
TXN-6857,2026-03-24,17:21,Puncak Alam,Ice Blended,Ice Blended Chocolate Chip,1,14.0,14.0,QR,Cloudy
TXN-6796,2026-03-24,17:29,Puncak Alam,Ice Blended,Ice Blended Chocolate Chip,1,14.0,14.0,QR,Cloudy
TXN-6813,2026-03-24,17:34,Puncak Alam,Espresso-based,Americano,1,9.0,9.0,QR,Cloudy
TXN-6784,2026-03-24,18:05,Putrajaya,Milk-based,Mocha,1,12.0,12.0,Cash,Sunny
TXN-6851,2026-03-24,18:10,Puncak Alam,Milk-based,Latte,2,11.0,22.0,QR,Cloudy
TXN-6808,2026-03-24,18:25,Puncak Alam,Ice Blended,Ice Blended Chocolate Chip,1,14.0,14.0,QR,Cloudy
TXN-6788,2026-03-24,18:33,Putrajaya,Milk-based,Cappuccino,1,11.0,11.0,QR,Sunny
TXN-6782,2026-03-24,18:47,Putrajaya,Milk-based,Caramel Macchiato,1,13.0,13.0,QR,Sunny
TXN-6844,2026-03-24,18:53,Puncak Alam,Espresso-based,Americano,1,9.0,9.0,QR,Cloudy
TXN-6829,2026-03-24,18:57,Puncak Alam,Milk-based,Latte,1,11.0,11.0,QR,Cloudy
TXN-6774,2026-03-24,19:12,Putrajaya,Milk-based,Mocha,1,12.0,12.0,QR,Sunny
TXN-6831,2026-03-24,19:13,Puncak Alam,Espresso-based,Americano,1,9.0,9.0,QR,Cloudy
TXN-6767,2026-03-24,19:14,Putrajaya,Milk-based,Latte,1,11.0,11.0,Cash,Sunny
TXN-6801,2026-03-24,19:17,Puncak Alam,Espresso-based,Americano,1,9.0,9.0,Cash,Cloudy
TXN-6764,2026-03-24,19:24,Putrajaya,Milk-based,Mocha,1,12.0,12.0,Cash,Sunny
TXN-6825,2026-03-24,19:27,Puncak Alam,Milk-based,Mocha,2,12.0,24.0,QR,Cloudy
TXN-6755,2026-03-24,19:32,Putrajaya,Espresso-based,Americano,1,9.0,9.0,QR,Sunny
TXN-6802,2026-03-24,19:38,Puncak Alam,Espresso-based,Americano,1,9.0,9.0,QR,Cloudy
TXN-6803,2026-03-24,19:47,Puncak Alam,Milk-based,Latte,1,11.0,11.0,QR,Cloudy
TXN-6849,2026-03-24,20:03,Puncak Alam,Milk-based,Cappuccino,2,11.0,22.0,Cash,Cloudy
TXN-6791,2026-03-24,20:22,Putrajaya,Ice Blended,Ice Blended Chocolate Chip,2,14.0,28.0,QR,Sunny
TXN-6854,2026-03-24,20:22,Puncak Alam,Milk-based,Cappuccino,2,11.0,22.0,Cash,Cloudy
TXN-6789,2026-03-24,20:30,Putrajaya,Milk-based,Mocha,2,12.0,24.0,Cash,Sunny
TXN-6822,2026-03-24,20:53,Puncak Alam,Milk-based,Cappuccino,3,11.0,33.0,Cash,Cloudy
TXN-6771,2026-03-24,21:50,Putrajaya,Milk-based,Cappuccino,1,11.0,11.0,Cash,Sunny
TXN-6756,2026-03-24,21:52,Putrajaya,Milk-based,Latte,3,11.0,33.0,Cash,Sunny
TXN-6871,2026-03-25,08:11,Putrajaya,Milk-based,Caramel Macchiato,2,13.0,26.0,Cash,Raining
TXN-6908,2026-03-25,08:37,Puncak Alam,Espresso-based,Americano,1,9.0,9.0,QR,Sunny
TXN-6931,2026-03-25,08:56,Puncak Alam,Milk-based,Mocha,1,12.0,12.0,Cash,Sunny
TXN-6924,2026-03-25,09:20,Puncak Alam,Ice Blended,Ice Blended Chocolate Chip,2,14.0,28.0,Cash,Sunny
TXN-6893,2026-03-25,09:31,Putrajaya,Espresso-based,Americano,1,9.0,9.0,Cash,Raining
TXN-6922,2026-03-25,09:37,Puncak Alam,Milk-based,Mocha,3,12.0,36.0,QR,Sunny
TXN-6933,2026-03-25,09:44,Puncak Alam,Milk-based,Caramel Macchiato,1,13.0,13.0,Cash,Sunny
TXN-6930,2026-03-25,10:03,Puncak Alam,Ice Blended,Ice Blended Chocolate Chip,1,14.0,14.0,Cash,Sunny
TXN-6929,2026-03-25,10:12,Puncak Alam,Milk-based,Mocha,3,12.0,36.0,QR,Sunny
TXN-6900,2026-03-25,10:17,Putrajaya,Espresso-based,Americano,1,9.0,9.0,QR,Raining
TXN-6919,2026-03-25,10:18,Puncak Alam,Milk-based,Cappuccino,1,11.0,11.0,QR,Sunny
TXN-6869,2026-03-25,10:28,Putrajaya,Milk-based,Cappuccino,1,11.0,11.0,QR,Raining
TXN-6932,2026-03-25,10:36,Puncak Alam,Espresso-based,Espresso,1,7.0,7.0,QR,Sunny
TXN-6889,2026-03-25,10:39,Putrajaya,Milk-based,Mocha,1,12.0,12.0,QR,Raining
TXN-6886,2026-03-25,10:58,Putrajaya,Ice Blended,Ice Blended Chocolate Chip,1,14.0,14.0,QR,Raining
TXN-6940,2026-03-25,11:00,Puncak Alam,Milk-based,Cappuccino,3,11.0,33.0,QR,Sunny
TXN-6905,2026-03-25,11:18,Puncak Alam,Milk-based,Cappuccino,1,11.0,11.0,QR,Sunny
TXN-6903,2026-03-25,11:22,Putrajaya,Milk-based,Caramel Macchiato,2,13.0,26.0,QR,Raining
TXN-6890,2026-03-25,12:06,Putrajaya,Ice Blended,Ice Blended Chocolate Chip,1,14.0,14.0,QR,Raining
TXN-6904,2026-03-25,12:09,Putrajaya,Espresso-based,Americano,2,9.0,18.0,Cash,Raining
TXN-6906,2026-03-25,12:15,Puncak Alam,Espresso-based,Americano,1,9.0,9.0,QR,Sunny
TXN-6882,2026-03-25,12:24,Putrajaya,Espresso-based,Espresso,1,7.0,7.0,QR,Raining
TXN-6925,2026-03-25,12:40,Puncak Alam,Milk-based,Latte,1,11.0,11.0,QR,Sunny
TXN-6875,2026-03-25,12:41,Putrajaya,Milk-based,Caramel Macchiato,1,13.0,13.0,QR,Raining
TXN-6883,2026-03-25,12:50,Putrajaya,Espresso-based,Espresso,3,7.0,21.0,Cash,Raining
TXN-6881,2026-03-25,12:57,Putrajaya,Ice Blended,Ice Blended Chocolate Chip,1,14.0,14.0,QR,Raining
TXN-6880,2026-03-25,13:00,Putrajaya,Milk-based,Cappuccino,1,11.0,11.0,QR,Raining
TXN-6891,2026-03-25,13:02,Putrajaya,Milk-based,Mocha,3,12.0,36.0,QR,Raining
TXN-6867,2026-03-25,13:29,Putrajaya,Milk-based,Caramel Macchiato,1,13.0,13.0,QR,Raining
TXN-6902,2026-03-25,13:39,Putrajaya,Espresso-based,Espresso,1,7.0,7.0,Cash,Raining
TXN-6914,2026-03-25,13:44,Puncak Alam,Espresso-based,Americano,1,9.0,9.0,QR,Sunny
TXN-6934,2026-03-25,14:26,Puncak Alam,Espresso-based,Americano,1,9.0,9.0,Cash,Sunny
TXN-6913,2026-03-25,14:28,Puncak Alam,Milk-based,Mocha,3,12.0,36.0,QR,Sunny
TXN-6894,2026-03-25,14:34,Putrajaya,Milk-based,Caramel Macchiato,2,13.0,26.0,QR,Raining
TXN-6876,2026-03-25,14:50,Putrajaya,Milk-based,Latte,1,11.0,11.0,Cash,Raining
TXN-6870,2026-03-25,14:56,Putrajaya,Espresso-based,Americano,1,9.0,9.0,QR,Raining
TXN-6879,2026-03-25,15:02,Putrajaya,Milk-based,Mocha,1,12.0,12.0,QR,Raining
TXN-6885,2026-03-25,15:06,Putrajaya,Milk-based,Mocha,1,12.0,12.0,QR,Raining
TXN-6941,2026-03-25,15:15,Puncak Alam,Milk-based,Latte,1,11.0,11.0,QR,Sunny
TXN-6938,2026-03-25,15:22,Puncak Alam,Milk-based,Cappuccino,2,11.0,22.0,QR,Sunny
TXN-6920,2026-03-25,15:48,Puncak Alam,Milk-based,Mocha,1,12.0,12.0,QR,Sunny
TXN-6910,2026-03-25,15:59,Puncak Alam,Milk-based,Cappuccino,1,11.0,11.0,Cash,Sunny
TXN-6868,2026-03-25,16:14,Putrajaya,Espresso-based,Espresso,2,7.0,14.0,Cash,Raining
TXN-6872,2026-03-25,16:37,Putrajaya,Milk-based,Caramel Macchiato,1,13.0,13.0,QR,Raining
TXN-6898,2026-03-25,16:58,Putrajaya,Espresso-based,Espresso,1,7.0,7.0,QR,Raining
TXN-6936,2026-03-25,17:11,Puncak Alam,Espresso-based,Espresso,1,7.0,7.0,Cash,Sunny
TXN-6912,2026-03-25,17:34,Puncak Alam,Milk-based,Cappuccino,2,11.0,22.0,QR,Sunny
TXN-6897,2026-03-25,17:39,Putrajaya,Ice Blended,Ice Blended Chocolate Chip,2,14.0,28.0,Cash,Raining
TXN-6918,2026-03-25,17:45,Puncak Alam,Milk-based,Cappuccino,1,11.0,11.0,QR,Sunny
TXN-6909,2026-03-25,17:54,Puncak Alam,Milk-based,Latte,1,11.0,11.0,QR,Sunny
TXN-6901,2026-03-25,18:15,Putrajaya,Espresso-based,Americano,1,9.0,9.0,Cash,Raining
TXN-6874,2026-03-25,18:19,Putrajaya,Espresso-based,Americano,1,9.0,9.0,QR,Raining
TXN-6884,2026-03-25,18:20,Putrajaya,Ice Blended,Ice Blended Chocolate Chip,1,14.0,14.0,QR,Raining
TXN-6915,2026-03-25,18:27,Puncak Alam,Milk-based,Caramel Macchiato,1,13.0,13.0,QR,Sunny
TXN-6921,2026-03-25,18:29,Puncak Alam,Milk-based,Cappuccino,2,11.0,22.0,QR,Sunny
TXN-6873,2026-03-25,18:31,Putrajaya,Milk-based,Mocha,2,12.0,24.0,QR,Raining
TXN-6935,2026-03-25,18:36,Puncak Alam,Milk-based,Mocha,1,12.0,12.0,QR,Sunny
TXN-6892,2026-03-25,18:42,Putrajaya,Milk-based,Caramel Macchiato,2,13.0,26.0,QR,Raining
TXN-6899,2026-03-25,18:51,Putrajaya,Milk-based,Mocha,3,12.0,36.0,QR,Raining
TXN-6927,2026-03-25,19:13,Puncak Alam,Milk-based,Latte,1,11.0,11.0,QR,Sunny
TXN-6939,2026-03-25,19:15,Puncak Alam,Milk-based,Cappuccino,1,11.0,11.0,Cash,Sunny
TXN-6907,2026-03-25,19:25,Puncak Alam,Milk-based,Cappuccino,1,11.0,11.0,Cash,Sunny
TXN-6917,2026-03-25,19:25,Puncak Alam,Espresso-based,Espresso,1,7.0,7.0,Cash,Sunny
TXN-6878,2026-03-25,19:52,Putrajaya,Espresso-based,Americano,2,9.0,18.0,QR,Raining
TXN-6877,2026-03-25,19:59,Putrajaya,Milk-based,Mocha,2,12.0,24.0,QR,Raining
TXN-6895,2026-03-25,20:19,Putrajaya,Milk-based,Cappuccino,2,11.0,22.0,QR,Raining
TXN-6937,2026-03-25,20:23,Puncak Alam,Milk-based,Caramel Macchiato,1,13.0,13.0,Cash,Sunny
TXN-6911,2026-03-25,20:35,Puncak Alam,Ice Blended,Ice Blended Chocolate Chip,2,14.0,28.0,QR,Sunny
TXN-6896,2026-03-25,20:42,Putrajaya,Milk-based,Cappuccino,3,11.0,33.0,QR,Raining
TXN-6928,2026-03-25,20:57,Puncak Alam,Espresso-based,Espresso,2,7.0,14.0,QR,Sunny
TXN-6926,2026-03-25,21:20,Puncak Alam,Milk-based,Cappuccino,3,11.0,33.0,QR,Sunny
TXN-6888,2026-03-25,21:49,Putrajaya,Espresso-based,Americano,2,9.0,18.0,QR,Raining
TXN-6887,2026-03-25,21:53,Putrajaya,Milk-based,Mocha,2,12.0,24.0,QR,Raining
TXN-6923,2026-03-25,21:55,Puncak Alam,Milk-based,Latte,1,11.0,11.0,QR,Sunny
TXN-6916,2026-03-25,21:56,Puncak Alam,Milk-based,Mocha,1,12.0,12.0,Cash,Sunny
TXN-7026,2026-03-26,08:13,Puncak Alam,Milk-based,Mocha,1,12.0,12.0,QR,Sunny
TXN-7003,2026-03-26,08:18,Puncak Alam,Milk-based,Caramel Macchiato,2,13.0,26.0,Cash,Sunny
TXN-6982,2026-03-26,08:25,Putrajaya,Milk-based,Mocha,1,12.0,12.0,QR,Sunny
TXN-6960,2026-03-26,08:30,Putrajaya,Milk-based,Latte,1,11.0,11.0,Cash,Sunny
TXN-7020,2026-03-26,08:34,Puncak Alam,Milk-based,Caramel Macchiato,1,13.0,13.0,QR,Sunny
TXN-7000,2026-03-26,08:40,Puncak Alam,Milk-based,Latte,1,11.0,11.0,QR,Sunny
TXN-6958,2026-03-26,08:43,Putrajaya,Espresso-based,Americano,2,9.0,18.0,Cash,Sunny
TXN-7006,2026-03-26,08:52,Puncak Alam,Milk-based,Latte,1,11.0,11.0,Cash,Sunny
TXN-6945,2026-03-26,09:02,Putrajaya,Espresso-based,Americano,1,9.0,9.0,QR,Sunny
TXN-6985,2026-03-26,09:02,Putrajaya,Ice Blended,Ice Blended Chocolate Chip,1,14.0,14.0,QR,Sunny
TXN-6963,2026-03-26,09:10,Putrajaya,Espresso-based,Americano,1,9.0,9.0,QR,Sunny
TXN-6993,2026-03-26,09:10,Puncak Alam,Milk-based,Caramel Macchiato,2,13.0,26.0,QR,Sunny
TXN-7012,2026-03-26,09:36,Puncak Alam,Milk-based,Latte,1,11.0,11.0,Cash,Sunny
TXN-6962,2026-03-26,09:42,Putrajaya,Milk-based,Caramel Macchiato,1,13.0,13.0,QR,Sunny
TXN-6979,2026-03-26,10:11,Putrajaya,Espresso-based,Americano,1,9.0,9.0,Cash,Sunny
TXN-7023,2026-03-26,10:16,Puncak Alam,Espresso-based,Americano,2,9.0,18.0,QR,Sunny
TXN-6957,2026-03-26,10:24,Putrajaya,Milk-based,Caramel Macchiato,2,13.0,26.0,Cash,Sunny
TXN-6988,2026-03-26,10:29,Putrajaya,Espresso-based,Espresso,1,7.0,7.0,Cash,Sunny
TXN-7024,2026-03-26,10:54,Puncak Alam,Milk-based,Caramel Macchiato,1,13.0,13.0,QR,Sunny
TXN-7002,2026-03-26,10:56,Puncak Alam,Espresso-based,Americano,1,9.0,9.0,QR,Sunny
TXN-6944,2026-03-26,10:59,Putrajaya,Espresso-based,Americano,1,9.0,9.0,QR,Sunny
TXN-6989,2026-03-26,11:13,Puncak Alam,Milk-based,Mocha,1,12.0,12.0,Cash,Sunny
TXN-6983,2026-03-26,11:39,Putrajaya,Milk-based,Caramel Macchiato,1,13.0,13.0,QR,Sunny
TXN-6959,2026-03-26,11:45,Putrajaya,Milk-based,Caramel Macchiato,1,13.0,13.0,QR,Sunny
TXN-6984,2026-03-26,12:00,Putrajaya,Milk-based,Caramel Macchiato,1,13.0,13.0,QR,Sunny
TXN-6977,2026-03-26,12:11,Putrajaya,Milk-based,Cappuccino,1,11.0,11.0,QR,Sunny
TXN-6949,2026-03-26,12:17,Putrajaya,Ice Blended,Ice Blended Chocolate Chip,2,14.0,28.0,QR,Sunny
TXN-6946,2026-03-26,12:18,Putrajaya,Milk-based,Mocha,1,12.0,12.0,QR,Sunny
TXN-6972,2026-03-26,12:25,Putrajaya,Espresso-based,Americano,1,9.0,9.0,QR,Sunny
TXN-6999,2026-03-26,12:25,Puncak Alam,Milk-based,Cappuccino,1,11.0,11.0,QR,Sunny
TXN-6996,2026-03-26,12:33,Puncak Alam,Espresso-based,Espresso,1,7.0,7.0,Cash,Sunny
TXN-7018,2026-03-26,12:39,Puncak Alam,Milk-based,Cappuccino,1,11.0,11.0,Cash,Sunny
TXN-7025,2026-03-26,12:53,Puncak Alam,Ice Blended,Ice Blended Chocolate Chip,1,14.0,14.0,QR,Sunny
TXN-6991,2026-03-26,12:59,Puncak Alam,Espresso-based,Americano,3,9.0,27.0,QR,Sunny
TXN-6971,2026-03-26,13:02,Putrajaya,Espresso-based,Espresso,1,7.0,7.0,Cash,Sunny
TXN-6987,2026-03-26,13:20,Putrajaya,Espresso-based,Americano,1,9.0,9.0,QR,Sunny
TXN-6950,2026-03-26,13:22,Putrajaya,Milk-based,Caramel Macchiato,1,13.0,13.0,QR,Sunny
TXN-7028,2026-03-26,13:33,Puncak Alam,Milk-based,Cappuccino,1,11.0,11.0,QR,Sunny
TXN-7021,2026-03-26,13:44,Puncak Alam,Milk-based,Mocha,1,12.0,12.0,QR,Sunny
TXN-6998,2026-03-26,13:50,Puncak Alam,Milk-based,Mocha,1,12.0,12.0,QR,Sunny
TXN-6980,2026-03-26,14:07,Putrajaya,Espresso-based,Espresso,2,7.0,14.0,Cash,Sunny
TXN-6997,2026-03-26,14:15,Puncak Alam,Milk-based,Latte,1,11.0,11.0,QR,Sunny
TXN-6969,2026-03-26,14:36,Putrajaya,Milk-based,Latte,1,11.0,11.0,QR,Sunny
TXN-7005,2026-03-26,14:40,Puncak Alam,Espresso-based,Americano,2,9.0,18.0,QR,Sunny
TXN-6973,2026-03-26,14:46,Putrajaya,Milk-based,Mocha,1,12.0,12.0,Cash,Sunny
TXN-6968,2026-03-26,14:55,Putrajaya,Milk-based,Mocha,2,12.0,24.0,Cash,Sunny
TXN-7010,2026-03-26,14:56,Puncak Alam,Milk-based,Latte,1,11.0,11.0,QR,Sunny
TXN-7014,2026-03-26,14:59,Puncak Alam,Milk-based,Cappuccino,1,11.0,11.0,Cash,Sunny
TXN-7004,2026-03-26,15:04,Puncak Alam,Milk-based,Caramel Macchiato,1,13.0,13.0,QR,Sunny
TXN-6954,2026-03-26,15:28,Putrajaya,Milk-based,Mocha,1,12.0,12.0,Cash,Sunny
TXN-6966,2026-03-26,15:37,Putrajaya,Ice Blended,Ice Blended Chocolate Chip,1,14.0,14.0,QR,Sunny
TXN-6970,2026-03-26,15:40,Putrajaya,Espresso-based,Espresso,3,7.0,21.0,Cash,Sunny
TXN-6986,2026-03-26,15:45,Putrajaya,Milk-based,Latte,2,11.0,22.0,QR,Sunny
TXN-6942,2026-03-26,15:59,Putrajaya,Milk-based,Cappuccino,3,11.0,33.0,QR,Sunny
TXN-7007,2026-03-26,16:22,Puncak Alam,Milk-based,Latte,1,11.0,11.0,QR,Sunny
TXN-6948,2026-03-26,16:24,Putrajaya,Espresso-based,Americano,2,9.0,18.0,Cash,Sunny
TXN-6994,2026-03-26,16:26,Puncak Alam,Milk-based,Latte,3,11.0,33.0,QR,Sunny
TXN-6976,2026-03-26,16:37,Putrajaya,Espresso-based,Americano,2,9.0,18.0,QR,Sunny
TXN-7016,2026-03-26,16:37,Puncak Alam,Milk-based,Cappuccino,1,11.0,11.0,Cash,Sunny
TXN-6965,2026-03-26,16:58,Putrajaya,Milk-based,Caramel Macchiato,2,13.0,26.0,QR,Sunny
TXN-6978,2026-03-26,17:02,Putrajaya,Milk-based,Mocha,1,12.0,12.0,QR,Sunny
TXN-6975,2026-03-26,17:24,Putrajaya,Milk-based,Cappuccino,1,11.0,11.0,QR,Sunny
TXN-6956,2026-03-26,17:27,Putrajaya,Milk-based,Cappuccino,1,11.0,11.0,QR,Sunny
TXN-7008,2026-03-26,17:35,Puncak Alam,Milk-based,Caramel Macchiato,1,13.0,13.0,QR,Sunny
TXN-6990,2026-03-26,17:42,Puncak Alam,Milk-based,Mocha,2,12.0,24.0,Cash,Sunny
TXN-7027,2026-03-26,17:49,Puncak Alam,Milk-based,Caramel Macchiato,3,13.0,39.0,QR,Sunny
TXN-6964,2026-03-26,17:51,Putrajaya,Milk-based,Latte,1,11.0,11.0,QR,Sunny
TXN-7013,2026-03-26,17:57,Puncak Alam,Milk-based,Caramel Macchiato,1,13.0,13.0,QR,Sunny
TXN-7022,2026-03-26,18:08,Puncak Alam,Milk-based,Cappuccino,1,11.0,11.0,QR,Sunny
TXN-7011,2026-03-26,18:12,Puncak Alam,Milk-based,Latte,1,11.0,11.0,QR,Sunny
TXN-7009,2026-03-26,18:23,Puncak Alam,Milk-based,Caramel Macchiato,1,13.0,13.0,Cash,Sunny
TXN-6981,2026-03-26,18:27,Putrajaya,Milk-based,Mocha,2,12.0,24.0,Cash,Sunny
TXN-6952,2026-03-26,18:33,Putrajaya,Ice Blended,Ice Blended Chocolate Chip,2,14.0,28.0,QR,Sunny
TXN-6955,2026-03-26,19:12,Putrajaya,Milk-based,Latte,1,11.0,11.0,QR,Sunny
TXN-7017,2026-03-26,19:21,Puncak Alam,Milk-based,Caramel Macchiato,1,13.0,13.0,QR,Sunny
TXN-7015,2026-03-26,19:33,Puncak Alam,Milk-based,Mocha,1,12.0,12.0,QR,Sunny
TXN-6992,2026-03-26,19:59,Puncak Alam,Milk-based,Latte,1,11.0,11.0,Cash,Sunny
TXN-6951,2026-03-26,20:02,Putrajaya,Milk-based,Cappuccino,1,11.0,11.0,Cash,Sunny
TXN-6953,2026-03-26,20:24,Putrajaya,Milk-based,Mocha,1,12.0,12.0,QR,Sunny
TXN-6974,2026-03-26,20:24,Putrajaya,Milk-based,Cappuccino,1,11.0,11.0,Cash,Sunny
TXN-6943,2026-03-26,20:34,Putrajaya,Milk-based,Cappuccino,1,11.0,11.0,QR,Sunny
TXN-6967,2026-03-26,21:13,Putrajaya,Milk-based,Mocha,2,12.0,24.0,QR,Sunny
TXN-7001,2026-03-26,21:20,Puncak Alam,Milk-based,Latte,1,11.0,11.0,QR,Sunny
TXN-6961,2026-03-26,21:27,Putrajaya,Milk-based,Caramel Macchiato,1,13.0,13.0,Cash,Sunny
TXN-7019,2026-03-26,21:49,Puncak Alam,Milk-based,Cappuccino,2,11.0,22.0,Cash,Sunny
TXN-6947,2026-03-26,21:51,Putrajaya,Espresso-based,Americano,1,9.0,9.0,QR,Sunny
TXN-6995,2026-03-26,21:52,Puncak Alam,Milk-based,Latte,4,11.0,44.0,QR,Sunny
TXN-7090,2026-03-27,08:05,Putrajaya,Ice Blended,Ice Blended Chocolate Chip,2,14.0,28.0,QR,Sunny
TXN-7128,2026-03-27,08:18,Puncak Alam,Milk-based,Caramel Macchiato,1,13.0,13.0,QR,Raining
TXN-7126,2026-03-27,08:25,Puncak Alam,Milk-based,Mocha,1,12.0,12.0,Cash,Raining
TXN-7065,2026-03-27,08:30,Putrajaya,Milk-based,Latte,1,11.0,11.0,Cash,Sunny
TXN-7064,2026-03-27,08:35,Putrajaya,Milk-based,Mocha,1,12.0,12.0,QR,Sunny
TXN-7069,2026-03-27,08:36,Putrajaya,Milk-based,Mocha,1,12.0,12.0,Cash,Sunny
TXN-7062,2026-03-27,08:38,Putrajaya,Ice Blended,Ice Blended Chocolate Chip,1,14.0,14.0,QR,Sunny
TXN-7089,2026-03-27,08:40,Putrajaya,Espresso-based,Americano,2,9.0,18.0,Cash,Sunny
TXN-7114,2026-03-27,08:40,Puncak Alam,Espresso-based,Americano,1,9.0,9.0,QR,Raining
TXN-7100,2026-03-27,09:00,Puncak Alam,Milk-based,Latte,2,11.0,22.0,QR,Raining
TXN-7056,2026-03-27,09:03,Putrajaya,Milk-based,Latte,1,11.0,11.0,QR,Sunny
TXN-7075,2026-03-27,09:03,Putrajaya,Milk-based,Cappuccino,1,11.0,11.0,QR,Sunny
TXN-7061,2026-03-27,09:10,Putrajaya,Espresso-based,Espresso,2,7.0,14.0,QR,Sunny
TXN-7120,2026-03-27,09:10,Puncak Alam,Milk-based,Caramel Macchiato,1,13.0,13.0,QR,Raining
TXN-7033,2026-03-27,09:12,Putrajaya,Milk-based,Cappuccino,1,11.0,11.0,Cash,Sunny
TXN-7084,2026-03-27,09:23,Putrajaya,Milk-based,Latte,1,11.0,11.0,QR,Sunny
TXN-7079,2026-03-27,09:27,Putrajaya,Milk-based,Latte,1,11.0,11.0,QR,Sunny
TXN-7037,2026-03-27,09:34,Putrajaya,Espresso-based,Americano,1,9.0,9.0,QR,Sunny
TXN-7091,2026-03-27,09:46,Puncak Alam,Espresso-based,Americano,3,9.0,27.0,QR,Raining
TXN-7093,2026-03-27,09:50,Puncak Alam,Milk-based,Cappuccino,1,11.0,11.0,QR,Raining
TXN-7104,2026-03-27,10:01,Puncak Alam,Milk-based,Latte,2,11.0,22.0,Cash,Raining
TXN-7059,2026-03-27,10:02,Putrajaya,Milk-based,Cappuccino,3,11.0,33.0,QR,Sunny
TXN-7073,2026-03-27,10:21,Putrajaya,Milk-based,Caramel Macchiato,4,13.0,52.0,QR,Sunny
TXN-7105,2026-03-27,10:22,Puncak Alam,Milk-based,Latte,3,11.0,33.0,QR,Raining
TXN-7110,2026-03-27,10:23,Puncak Alam,Milk-based,Cappuccino,1,11.0,11.0,QR,Raining
TXN-7063,2026-03-27,10:28,Putrajaya,Espresso-based,Americano,1,9.0,9.0,QR,Sunny
TXN-7057,2026-03-27,10:41,Putrajaya,Espresso-based,Espresso,1,7.0,7.0,QR,Sunny
TXN-7085,2026-03-27,10:46,Putrajaya,Milk-based,Caramel Macchiato,1,13.0,13.0,QR,Sunny
TXN-7112,2026-03-27,10:58,Puncak Alam,Milk-based,Caramel Macchiato,1,13.0,13.0,QR,Raining
TXN-7066,2026-03-27,11:03,Putrajaya,Milk-based,Latte,1,11.0,11.0,Cash,Sunny
TXN-7054,2026-03-27,11:30,Putrajaya,Milk-based,Mocha,2,12.0,24.0,QR,Sunny
TXN-7031,2026-03-27,11:31,Putrajaya,Milk-based,Mocha,2,12.0,24.0,QR,Sunny
TXN-7049,2026-03-27,11:35,Putrajaya,Espresso-based,Espresso,1,7.0,7.0,QR,Sunny
TXN-7046,2026-03-27,11:42,Putrajaya,Milk-based,Caramel Macchiato,1,13.0,13.0,Cash,Sunny
TXN-7094,2026-03-27,11:45,Puncak Alam,Espresso-based,Americano,1,9.0,9.0,Cash,Raining
TXN-7122,2026-03-27,11:52,Puncak Alam,Espresso-based,Americano,1,9.0,9.0,QR,Raining
TXN-7124,2026-03-27,11:56,Puncak Alam,Milk-based,Cappuccino,1,11.0,11.0,QR,Raining
TXN-7095,2026-03-27,12:01,Puncak Alam,Milk-based,Latte,1,11.0,11.0,QR,Raining
TXN-7117,2026-03-27,12:05,Puncak Alam,Milk-based,Caramel Macchiato,1,13.0,13.0,QR,Raining
TXN-7111,2026-03-27,12:13,Puncak Alam,Espresso-based,Espresso,1,7.0,7.0,QR,Raining
TXN-7116,2026-03-27,12:13,Puncak Alam,Espresso-based,Espresso,1,7.0,7.0,QR,Raining
TXN-7123,2026-03-27,12:13,Puncak Alam,Milk-based,Latte,1,11.0,11.0,Cash,Raining
TXN-7130,2026-03-27,12:24,Puncak Alam,Espresso-based,Espresso,1,7.0,7.0,Cash,Raining
TXN-7048,2026-03-27,12:53,Putrajaya,Ice Blended,Ice Blended Chocolate Chip,2,14.0,28.0,QR,Sunny
TXN-7060,2026-03-27,12:53,Putrajaya,Ice Blended,Ice Blended Chocolate Chip,1,14.0,14.0,Cash,Sunny
TXN-7040,2026-03-27,13:03,Putrajaya,Milk-based,Cappuccino,1,11.0,11.0,Cash,Sunny
TXN-7127,2026-03-27,13:04,Puncak Alam,Milk-based,Caramel Macchiato,1,13.0,13.0,QR,Raining
TXN-7076,2026-03-27,13:23,Putrajaya,Milk-based,Caramel Macchiato,1,13.0,13.0,Cash,Sunny
TXN-7077,2026-03-27,13:32,Putrajaya,Milk-based,Caramel Macchiato,3,13.0,39.0,Cash,Sunny
TXN-7098,2026-03-27,13:44,Puncak Alam,Ice Blended,Ice Blended Chocolate Chip,1,14.0,14.0,QR,Raining
TXN-7092,2026-03-27,13:45,Puncak Alam,Ice Blended,Ice Blended Chocolate Chip,1,14.0,14.0,QR,Raining
TXN-7103,2026-03-27,13:49,Puncak Alam,Ice Blended,Ice Blended Chocolate Chip,2,14.0,28.0,Cash,Raining
TXN-7108,2026-03-27,13:57,Puncak Alam,Ice Blended,Ice Blended Chocolate Chip,1,14.0,14.0,QR,Raining
TXN-7097,2026-03-27,14:19,Puncak Alam,Milk-based,Cappuccino,2,11.0,22.0,QR,Raining
TXN-7051,2026-03-27,14:22,Putrajaya,Espresso-based,Espresso,1,7.0,7.0,Cash,Sunny
TXN-7109,2026-03-27,14:25,Puncak Alam,Espresso-based,Espresso,2,7.0,14.0,Cash,Raining
TXN-7125,2026-03-27,14:34,Puncak Alam,Espresso-based,Espresso,1,7.0,7.0,QR,Raining
TXN-7107,2026-03-27,14:44,Puncak Alam,Milk-based,Cappuccino,1,11.0,11.0,Cash,Raining
TXN-7102,2026-03-27,14:47,Puncak Alam,Milk-based,Cappuccino,1,11.0,11.0,Cash,Raining
TXN-7099,2026-03-27,14:54,Puncak Alam,Ice Blended,Ice Blended Chocolate Chip,1,14.0,14.0,Cash,Raining
TXN-7096,2026-03-27,15:03,Puncak Alam,Milk-based,Latte,1,11.0,11.0,QR,Raining
TXN-7029,2026-03-27,15:12,Putrajaya,Espresso-based,Espresso,3,7.0,21.0,QR,Sunny
TXN-7053,2026-03-27,15:16,Putrajaya,Milk-based,Mocha,1,12.0,12.0,Cash,Sunny
TXN-7050,2026-03-27,15:41,Putrajaya,Milk-based,Caramel Macchiato,2,13.0,26.0,Cash,Sunny
TXN-7101,2026-03-27,15:41,Puncak Alam,Espresso-based,Americano,1,9.0,9.0,QR,Raining
TXN-7043,2026-03-27,15:43,Putrajaya,Espresso-based,Espresso,1,7.0,7.0,QR,Sunny
TXN-7119,2026-03-27,15:47,Puncak Alam,Ice Blended,Ice Blended Chocolate Chip,1,14.0,14.0,QR,Raining
TXN-7113,2026-03-27,15:53,Puncak Alam,Milk-based,Cappuccino,1,11.0,11.0,QR,Raining
TXN-7121,2026-03-27,16:11,Puncak Alam,Milk-based,Mocha,1,12.0,12.0,QR,Raining
TXN-7067,2026-03-27,16:20,Putrajaya,Milk-based,Latte,1,11.0,11.0,QR,Sunny
TXN-7055,2026-03-27,16:30,Putrajaya,Espresso-based,Americano,2,9.0,18.0,QR,Sunny
TXN-7106,2026-03-27,16:47,Puncak Alam,Milk-based,Cappuccino,1,11.0,11.0,Cash,Raining
TXN-7068,2026-03-27,16:58,Putrajaya,Milk-based,Caramel Macchiato,3,13.0,39.0,Cash,Sunny
TXN-7086,2026-03-27,17:03,Putrajaya,Milk-based,Latte,2,11.0,22.0,QR,Sunny
TXN-7041,2026-03-27,17:08,Putrajaya,Milk-based,Cappuccino,1,11.0,11.0,QR,Sunny
TXN-7083,2026-03-27,17:12,Putrajaya,Ice Blended,Ice Blended Chocolate Chip,2,14.0,28.0,QR,Sunny
TXN-7038,2026-03-27,17:14,Putrajaya,Milk-based,Mocha,1,12.0,12.0,QR,Sunny
TXN-7087,2026-03-27,17:29,Putrajaya,Milk-based,Caramel Macchiato,1,13.0,13.0,QR,Sunny
TXN-7072,2026-03-27,17:30,Putrajaya,Milk-based,Mocha,1,12.0,12.0,QR,Sunny
TXN-7088,2026-03-27,17:33,Putrajaya,Milk-based,Caramel Macchiato,2,13.0,26.0,QR,Sunny
TXN-7042,2026-03-27,17:42,Putrajaya,Milk-based,Cappuccino,1,11.0,11.0,QR,Sunny
TXN-7118,2026-03-27,17:43,Puncak Alam,Espresso-based,Espresso,2,7.0,14.0,Cash,Raining
TXN-7034,2026-03-27,17:50,Putrajaya,Milk-based,Latte,2,11.0,22.0,QR,Sunny
TXN-7070,2026-03-27,17:52,Putrajaya,Milk-based,Latte,1,11.0,11.0,QR,Sunny
TXN-7082,2026-03-27,17:59,Putrajaya,Milk-based,Caramel Macchiato,2,13.0,26.0,QR,Sunny
TXN-7032,2026-03-27,18:13,Putrajaya,Espresso-based,Espresso,1,7.0,7.0,QR,Sunny
TXN-7035,2026-03-27,18:19,Putrajaya,Ice Blended,Ice Blended Chocolate Chip,1,14.0,14.0,QR,Sunny
TXN-7030,2026-03-27,18:39,Putrajaya,Espresso-based,Espresso,2,7.0,14.0,QR,Sunny
TXN-7036,2026-03-27,18:48,Putrajaya,Ice Blended,Ice Blended Chocolate Chip,1,14.0,14.0,QR,Sunny
TXN-7071,2026-03-27,19:20,Putrajaya,Espresso-based,Espresso,1,7.0,7.0,QR,Sunny
TXN-7039,2026-03-27,19:26,Putrajaya,Milk-based,Cappuccino,2,11.0,22.0,Cash,Sunny
TXN-7045,2026-03-27,19:32,Putrajaya,Milk-based,Cappuccino,2,11.0,22.0,Cash,Sunny
TXN-7044,2026-03-27,19:55,Putrajaya,Milk-based,Latte,1,11.0,11.0,Cash,Sunny
TXN-7078,2026-03-27,20:01,Putrajaya,Milk-based,Cappuccino,2,11.0,22.0,Cash,Sunny
TXN-7052,2026-03-27,20:24,Putrajaya,Milk-based,Latte,1,11.0,11.0,QR,Sunny
TXN-7080,2026-03-27,20:24,Putrajaya,Ice Blended,Ice Blended Chocolate Chip,1,14.0,14.0,Cash,Sunny
TXN-7129,2026-03-27,20:44,Puncak Alam,Milk-based,Cappuccino,1,11.0,11.0,QR,Raining
TXN-7131,2026-03-27,20:59,Puncak Alam,Milk-based,Cappuccino,1,11.0,11.0,Cash,Raining
TXN-7074,2026-03-27,21:04,Putrajaya,Milk-based,Mocha,1,12.0,12.0,QR,Sunny
TXN-7081,2026-03-27,21:14,Putrajaya,Milk-based,Mocha,1,12.0,12.0,QR,Sunny
TXN-7115,2026-03-27,21:23,Puncak Alam,Espresso-based,Espresso,1,7.0,7.0,QR,Raining
TXN-7058,2026-03-27,21:25,Putrajaya,Milk-based,Latte,2,11.0,22.0,Cash,Sunny
TXN-7047,2026-03-27,21:38,Putrajaya,Milk-based,Caramel Macchiato,1,13.0,13.0,QR,Sunny
TXN-7206,2026-03-28,08:02,Puncak Alam,Ice Blended,Ice Blended Chocolate Chip,1,14.0,14.0,QR,Sunny
TXN-7140,2026-03-28,08:04,Putrajaya,Milk-based,Latte,1,11.0,11.0,QR,Cloudy
TXN-7163,2026-03-28,08:14,Putrajaya,Milk-based,Latte,1,11.0,11.0,QR,Cloudy
TXN-7227,2026-03-28,08:26,Puncak Alam,Milk-based,Caramel Macchiato,1,13.0,13.0,QR,Sunny
TXN-7166,2026-03-28,08:29,Putrajaya,Espresso-based,Espresso,1,7.0,7.0,QR,Cloudy
TXN-7199,2026-03-28,08:31,Puncak Alam,Milk-based,Cappuccino,1,11.0,11.0,QR,Sunny
TXN-7139,2026-03-28,08:54,Putrajaya,Milk-based,Latte,1,11.0,11.0,QR,Cloudy
TXN-7242,2026-03-28,09:11,Puncak Alam,Milk-based,Cappuccino,3,11.0,33.0,QR,Sunny
TXN-7200,2026-03-28,09:13,Puncak Alam,Milk-based,Latte,1,11.0,11.0,QR,Sunny
TXN-7162,2026-03-28,09:22,Putrajaya,Ice Blended,Ice Blended Chocolate Chip,2,14.0,28.0,Cash,Cloudy
TXN-7142,2026-03-28,09:28,Putrajaya,Milk-based,Caramel Macchiato,1,13.0,13.0,Cash,Cloudy
TXN-7158,2026-03-28,09:30,Putrajaya,Espresso-based,Americano,1,9.0,9.0,QR,Cloudy
TXN-7192,2026-03-28,09:35,Putrajaya,Espresso-based,Espresso,1,7.0,7.0,QR,Cloudy
TXN-7167,2026-03-28,09:37,Putrajaya,Milk-based,Cappuccino,1,11.0,11.0,Cash,Cloudy
TXN-7210,2026-03-28,09:41,Puncak Alam,Milk-based,Cappuccino,3,11.0,33.0,QR,Sunny
TXN-7155,2026-03-28,09:43,Putrajaya,Espresso-based,Americano,1,9.0,9.0,QR,Cloudy
TXN-7219,2026-03-28,09:51,Puncak Alam,Milk-based,Caramel Macchiato,3,13.0,39.0,QR,Sunny
TXN-7225,2026-03-28,10:01,Puncak Alam,Espresso-based,Americano,1,9.0,9.0,Cash,Sunny
TXN-7203,2026-03-28,10:16,Puncak Alam,Milk-based,Latte,1,11.0,11.0,Cash,Sunny
TXN-7144,2026-03-28,10:25,Putrajaya,Milk-based,Latte,1,11.0,11.0,QR,Cloudy
TXN-7169,2026-03-28,10:26,Putrajaya,Ice Blended,Ice Blended Chocolate Chip,3,14.0,42.0,QR,Cloudy
TXN-7157,2026-03-28,10:28,Putrajaya,Espresso-based,Espresso,1,7.0,7.0,QR,Cloudy
TXN-7175,2026-03-28,10:33,Putrajaya,Ice Blended,Ice Blended Chocolate Chip,3,14.0,42.0,QR,Cloudy
TXN-7188,2026-03-28,10:34,Putrajaya,Ice Blended,Ice Blended Chocolate Chip,1,14.0,14.0,Cash,Cloudy
TXN-7239,2026-03-28,10:40,Puncak Alam,Espresso-based,Espresso,2,7.0,14.0,QR,Sunny
TXN-7181,2026-03-28,10:44,Putrajaya,Milk-based,Latte,1,11.0,11.0,Cash,Cloudy
TXN-7201,2026-03-28,10:57,Puncak Alam,Milk-based,Caramel Macchiato,1,13.0,13.0,QR,Sunny
TXN-7248,2026-03-28,11:02,Puncak Alam,Milk-based,Caramel Macchiato,2,13.0,26.0,QR,Sunny
TXN-7232,2026-03-28,11:13,Puncak Alam,Espresso-based,Americano,2,9.0,18.0,QR,Sunny
TXN-7147,2026-03-28,11:16,Putrajaya,Milk-based,Mocha,1,12.0,12.0,Cash,Cloudy
TXN-7221,2026-03-28,11:23,Puncak Alam,Ice Blended,Ice Blended Chocolate Chip,3,14.0,42.0,Cash,Sunny
TXN-7235,2026-03-28,11:34,Puncak Alam,Milk-based,Caramel Macchiato,1,13.0,13.0,Cash,Sunny
TXN-7180,2026-03-28,11:51,Putrajaya,Espresso-based,Espresso,1,7.0,7.0,Cash,Cloudy
TXN-7211,2026-03-28,11:55,Puncak Alam,Milk-based,Cappuccino,1,11.0,11.0,Cash,Sunny
TXN-7237,2026-03-28,12:01,Puncak Alam,Espresso-based,Americano,1,9.0,9.0,QR,Sunny
TXN-7159,2026-03-28,12:04,Putrajaya,Ice Blended,Ice Blended Chocolate Chip,1,14.0,14.0,QR,Cloudy
TXN-7177,2026-03-28,12:05,Putrajaya,Espresso-based,Americano,1,9.0,9.0,QR,Cloudy
TXN-7132,2026-03-28,12:16,Putrajaya,Espresso-based,Americano,2,9.0,18.0,QR,Cloudy
TXN-7249,2026-03-28,12:28,Puncak Alam,Milk-based,Mocha,1,12.0,12.0,QR,Sunny
TXN-7136,2026-03-28,12:36,Putrajaya,Milk-based,Mocha,2,12.0,24.0,QR,Cloudy
TXN-7164,2026-03-28,12:45,Putrajaya,Ice Blended,Ice Blended Chocolate Chip,1,14.0,14.0,Cash,Cloudy
TXN-7172,2026-03-28,12:50,Putrajaya,Milk-based,Caramel Macchiato,2,13.0,26.0,QR,Cloudy
TXN-7173,2026-03-28,12:53,Putrajaya,Milk-based,Cappuccino,1,11.0,11.0,QR,Cloudy
TXN-7153,2026-03-28,13:17,Putrajaya,Milk-based,Mocha,1,12.0,12.0,Cash,Cloudy
TXN-7231,2026-03-28,13:28,Puncak Alam,Milk-based,Latte,1,11.0,11.0,QR,Sunny
TXN-7222,2026-03-28,13:30,Puncak Alam,Milk-based,Caramel Macchiato,1,13.0,13.0,QR,Sunny
TXN-7141,2026-03-28,13:42,Putrajaya,Espresso-based,Americano,2,9.0,18.0,Cash,Cloudy
TXN-7212,2026-03-28,13:42,Puncak Alam,Milk-based,Caramel Macchiato,4,13.0,52.0,Cash,Sunny
TXN-7215,2026-03-28,13:54,Puncak Alam,Milk-based,Latte,1,11.0,11.0,Cash,Sunny
TXN-7220,2026-03-28,13:55,Puncak Alam,Milk-based,Caramel Macchiato,1,13.0,13.0,QR,Sunny
TXN-7149,2026-03-28,13:58,Putrajaya,Milk-based,Cappuccino,1,11.0,11.0,Cash,Cloudy
TXN-7228,2026-03-28,14:02,Puncak Alam,Milk-based,Caramel Macchiato,1,13.0,13.0,QR,Sunny
TXN-7234,2026-03-28,14:02,Puncak Alam,Ice Blended,Ice Blended Chocolate Chip,2,14.0,28.0,QR,Sunny
TXN-7176,2026-03-28,14:06,Putrajaya,Milk-based,Caramel Macchiato,2,13.0,26.0,QR,Cloudy
TXN-7241,2026-03-28,14:12,Puncak Alam,Milk-based,Cappuccino,1,11.0,11.0,Cash,Sunny
TXN-7205,2026-03-28,14:16,Puncak Alam,Milk-based,Latte,1,11.0,11.0,Cash,Sunny
TXN-7218,2026-03-28,14:37,Puncak Alam,Espresso-based,Espresso,1,7.0,7.0,Cash,Sunny
TXN-7133,2026-03-28,14:47,Putrajaya,Milk-based,Cappuccino,3,11.0,33.0,Cash,Cloudy
TXN-7217,2026-03-28,14:57,Puncak Alam,Ice Blended,Ice Blended Chocolate Chip,2,14.0,28.0,QR,Sunny
TXN-7213,2026-03-28,15:04,Puncak Alam,Milk-based,Latte,1,11.0,11.0,Cash,Sunny
TXN-7243,2026-03-28,15:05,Puncak Alam,Milk-based,Mocha,1,12.0,12.0,Cash,Sunny
TXN-7190,2026-03-28,15:16,Putrajaya,Milk-based,Mocha,1,12.0,12.0,QR,Cloudy
TXN-7196,2026-03-28,15:22,Puncak Alam,Milk-based,Latte,1,11.0,11.0,Cash,Sunny
TXN-7134,2026-03-28,15:25,Putrajaya,Espresso-based,Espresso,1,7.0,7.0,QR,Cloudy
TXN-7229,2026-03-28,15:29,Puncak Alam,Ice Blended,Ice Blended Chocolate Chip,2,14.0,28.0,Cash,Sunny
TXN-7161,2026-03-28,15:42,Putrajaya,Milk-based,Mocha,1,12.0,12.0,QR,Cloudy
TXN-7138,2026-03-28,15:47,Putrajaya,Espresso-based,Espresso,1,7.0,7.0,Cash,Cloudy
TXN-7230,2026-03-28,15:47,Puncak Alam,Espresso-based,Espresso,2,7.0,14.0,Cash,Sunny
TXN-7207,2026-03-28,15:58,Puncak Alam,Ice Blended,Ice Blended Chocolate Chip,1,14.0,14.0,QR,Sunny
TXN-7204,2026-03-28,16:02,Puncak Alam,Espresso-based,Espresso,1,7.0,7.0,QR,Sunny
TXN-7246,2026-03-28,16:06,Puncak Alam,Milk-based,Mocha,2,12.0,24.0,QR,Sunny
TXN-7197,2026-03-28,16:07,Puncak Alam,Milk-based,Cappuccino,1,11.0,11.0,QR,Sunny
TXN-7189,2026-03-28,16:21,Putrajaya,Espresso-based,Espresso,1,7.0,7.0,QR,Cloudy
TXN-7179,2026-03-28,16:28,Putrajaya,Ice Blended,Ice Blended Chocolate Chip,1,14.0,14.0,QR,Cloudy
TXN-7135,2026-03-28,16:35,Putrajaya,Milk-based,Caramel Macchiato,2,13.0,26.0,QR,Cloudy
TXN-7183,2026-03-28,16:35,Putrajaya,Milk-based,Cappuccino,1,11.0,11.0,QR,Cloudy
TXN-7216,2026-03-28,16:39,Puncak Alam,Ice Blended,Ice Blended Chocolate Chip,1,14.0,14.0,QR,Sunny
TXN-7187,2026-03-28,16:50,Putrajaya,Espresso-based,Americano,2,9.0,18.0,QR,Cloudy
TXN-7174,2026-03-28,16:58,Putrajaya,Espresso-based,Espresso,1,7.0,7.0,QR,Cloudy
TXN-7186,2026-03-28,17:10,Putrajaya,Milk-based,Caramel Macchiato,1,13.0,13.0,QR,Cloudy
TXN-7236,2026-03-28,17:24,Puncak Alam,Milk-based,Caramel Macchiato,1,13.0,13.0,QR,Sunny
TXN-7214,2026-03-28,17:25,Puncak Alam,Espresso-based,Americano,1,9.0,9.0,Cash,Sunny
TXN-7226,2026-03-28,17:33,Puncak Alam,Milk-based,Caramel Macchiato,1,13.0,13.0,Cash,Sunny
TXN-7240,2026-03-28,17:39,Puncak Alam,Espresso-based,Americano,1,9.0,9.0,QR,Sunny
TXN-7223,2026-03-28,17:42,Puncak Alam,Milk-based,Mocha,2,12.0,24.0,QR,Sunny
TXN-7152,2026-03-28,17:47,Putrajaya,Espresso-based,Americano,1,9.0,9.0,QR,Cloudy
TXN-7145,2026-03-28,17:50,Putrajaya,Espresso-based,Americano,2,9.0,18.0,Cash,Cloudy
TXN-7171,2026-03-28,17:55,Putrajaya,Espresso-based,Americano,2,9.0,18.0,Cash,Cloudy
TXN-7160,2026-03-28,18:37,Putrajaya,Espresso-based,Espresso,1,7.0,7.0,QR,Cloudy
TXN-7209,2026-03-28,19:01,Puncak Alam,Milk-based,Cappuccino,1,11.0,11.0,Cash,Sunny
TXN-7156,2026-03-28,19:30,Putrajaya,Milk-based,Caramel Macchiato,1,13.0,13.0,QR,Cloudy
TXN-7185,2026-03-28,19:33,Putrajaya,Milk-based,Caramel Macchiato,1,13.0,13.0,Cash,Cloudy
TXN-7198,2026-03-28,19:38,Puncak Alam,Espresso-based,Americano,1,9.0,9.0,Cash,Sunny
TXN-7233,2026-03-28,19:42,Puncak Alam,Espresso-based,Espresso,1,7.0,7.0,QR,Sunny
TXN-7193,2026-03-28,19:43,Putrajaya,Milk-based,Latte,1,11.0,11.0,Cash,Cloudy
TXN-7224,2026-03-28,19:49,Puncak Alam,Milk-based,Latte,3,11.0,33.0,Cash,Sunny
TXN-7245,2026-03-28,19:50,Puncak Alam,Espresso-based,Espresso,1,7.0,7.0,Cash,Sunny
TXN-7146,2026-03-28,19:51,Putrajaya,Milk-based,Mocha,2,12.0,24.0,QR,Cloudy
TXN-7154,2026-03-28,19:54,Putrajaya,Milk-based,Mocha,1,12.0,12.0,QR,Cloudy
TXN-7168,2026-03-28,20:09,Putrajaya,Ice Blended,Ice Blended Chocolate Chip,1,14.0,14.0,QR,Cloudy
TXN-7148,2026-03-28,20:17,Putrajaya,Milk-based,Latte,3,11.0,33.0,Cash,Cloudy
TXN-7178,2026-03-28,20:21,Putrajaya,Milk-based,Cappuccino,2,11.0,22.0,Cash,Cloudy
TXN-7202,2026-03-28,20:41,Puncak Alam,Milk-based,Mocha,2,12.0,24.0,Cash,Sunny
TXN-7244,2026-03-28,20:44,Puncak Alam,Milk-based,Mocha,1,12.0,12.0,Cash,Sunny
TXN-7184,2026-03-28,20:45,Putrajaya,Espresso-based,Americano,1,9.0,9.0,Cash,Cloudy
TXN-7238,2026-03-28,20:46,Puncak Alam,Milk-based,Cappuccino,1,11.0,11.0,QR,Sunny
TXN-7208,2026-03-28,20:50,Puncak Alam,Milk-based,Latte,1,11.0,11.0,QR,Sunny
TXN-7137,2026-03-28,20:51,Putrajaya,Milk-based,Cappuccino,1,11.0,11.0,QR,Cloudy
TXN-7170,2026-03-28,20:52,Putrajaya,Ice Blended,Ice Blended Chocolate Chip,1,14.0,14.0,QR,Cloudy
TXN-7191,2026-03-28,20:52,Putrajaya,Milk-based,Cappuccino,1,11.0,11.0,QR,Cloudy
TXN-7150,2026-03-28,20:53,Putrajaya,Milk-based,Mocha,1,12.0,12.0,Cash,Cloudy
TXN-7182,2026-03-28,20:54,Putrajaya,Milk-based,Mocha,1,12.0,12.0,QR,Cloudy
TXN-7165,2026-03-28,20:56,Putrajaya,Milk-based,Latte,1,11.0,11.0,QR,Cloudy
TXN-7195,2026-03-28,21:13,Putrajaya,Espresso-based,Americano,1,9.0,9.0,QR,Cloudy
TXN-7247,2026-03-28,21:15,Puncak Alam,Ice Blended,Ice Blended Chocolate Chip,2,14.0,28.0,QR,Sunny
TXN-7143,2026-03-28,21:27,Putrajaya,Milk-based,Caramel Macchiato,1,13.0,13.0,QR,Cloudy
TXN-7151,2026-03-28,21:31,Putrajaya,Espresso-based,Espresso,1,7.0,7.0,Cash,Cloudy
TXN-7194,2026-03-28,21:53,Putrajaya,Ice Blended,Ice Blended Chocolate Chip,2,14.0,28.0,QR,Cloudy
TXN-7264,2026-03-29,08:18,Putrajaya,Milk-based,Latte,1,11.0,11.0,Cash,Sunny
TXN-7287,2026-03-29,08:20,Putrajaya,Milk-based,Latte,1,11.0,11.0,QR,Sunny
TXN-7334,2026-03-29,08:28,Puncak Alam,Espresso-based,Espresso,1,7.0,7.0,QR,Cloudy
TXN-7274,2026-03-29,08:29,Putrajaya,Milk-based,Cappuccino,1,11.0,11.0,Cash,Sunny
TXN-7328,2026-03-29,08:35,Puncak Alam,Ice Blended,Ice Blended Chocolate Chip,1,14.0,14.0,Cash,Cloudy
TXN-7319,2026-03-29,08:47,Putrajaya,Espresso-based,Espresso,1,7.0,7.0,QR,Sunny
TXN-7306,2026-03-29,08:50,Putrajaya,Milk-based,Cappuccino,2,11.0,22.0,Cash,Sunny
TXN-7299,2026-03-29,08:52,Putrajaya,Milk-based,Latte,1,11.0,11.0,Cash,Sunny
TXN-7313,2026-03-29,09:00,Putrajaya,Milk-based,Cappuccino,1,11.0,11.0,QR,Sunny
TXN-7329,2026-03-29,09:06,Puncak Alam,Espresso-based,Espresso,3,7.0,21.0,Cash,Cloudy
TXN-7296,2026-03-29,09:41,Putrajaya,Milk-based,Caramel Macchiato,2,13.0,26.0,QR,Sunny
TXN-7257,2026-03-29,09:42,Putrajaya,Milk-based,Caramel Macchiato,1,13.0,13.0,QR,Sunny
TXN-7359,2026-03-29,09:52,Puncak Alam,Milk-based,Caramel Macchiato,2,13.0,26.0,QR,Cloudy
TXN-7281,2026-03-29,09:54,Putrajaya,Ice Blended,Ice Blended Chocolate Chip,1,14.0,14.0,Cash,Sunny
TXN-7262,2026-03-29,10:00,Putrajaya,Milk-based,Cappuccino,1,11.0,11.0,Cash,Sunny
TXN-7260,2026-03-29,10:36,Putrajaya,Espresso-based,Espresso,1,7.0,7.0,QR,Sunny
TXN-7252,2026-03-29,10:40,Putrajaya,Ice Blended,Ice Blended Chocolate Chip,3,14.0,42.0,QR,Sunny
TXN-7357,2026-03-29,10:40,Puncak Alam,Milk-based,Cappuccino,2,11.0,22.0,Cash,Cloudy
TXN-7261,2026-03-29,10:50,Putrajaya,Milk-based,Caramel Macchiato,1,13.0,13.0,QR,Sunny
TXN-7353,2026-03-29,10:53,Puncak Alam,Espresso-based,Espresso,2,7.0,14.0,QR,Cloudy
TXN-7356,2026-03-29,10:56,Puncak Alam,Ice Blended,Ice Blended Chocolate Chip,1,14.0,14.0,QR,Cloudy
TXN-7309,2026-03-29,11:07,Putrajaya,Milk-based,Cappuccino,1,11.0,11.0,Cash,Sunny
TXN-7312,2026-03-29,11:27,Putrajaya,Milk-based,Latte,2,11.0,22.0,QR,Sunny
TXN-7333,2026-03-29,11:30,Puncak Alam,Milk-based,Latte,3,11.0,33.0,Cash,Cloudy
TXN-7286,2026-03-29,11:32,Putrajaya,Milk-based,Latte,1,11.0,11.0,QR,Sunny
TXN-7295,2026-03-29,11:36,Putrajaya,Espresso-based,Espresso,1,7.0,7.0,QR,Sunny
TXN-7324,2026-03-29,11:52,Puncak Alam,Milk-based,Latte,1,11.0,11.0,Cash,Cloudy
TXN-7250,2026-03-29,12:11,Putrajaya,Espresso-based,Espresso,1,7.0,7.0,QR,Sunny
TXN-7345,2026-03-29,12:32,Puncak Alam,Milk-based,Cappuccino,3,11.0,33.0,QR,Cloudy
TXN-7256,2026-03-29,12:40,Putrajaya,Ice Blended,Ice Blended Chocolate Chip,1,14.0,14.0,Cash,Sunny
TXN-7351,2026-03-29,12:40,Puncak Alam,Milk-based,Latte,1,11.0,11.0,Cash,Cloudy
TXN-7323,2026-03-29,12:45,Puncak Alam,Milk-based,Latte,3,11.0,33.0,QR,Cloudy
TXN-7335,2026-03-29,12:54,Puncak Alam,Milk-based,Caramel Macchiato,1,13.0,13.0,Cash,Cloudy
TXN-7293,2026-03-29,12:58,Putrajaya,Espresso-based,Americano,1,9.0,9.0,QR,Sunny
TXN-7271,2026-03-29,12:59,Putrajaya,Espresso-based,Americano,1,9.0,9.0,QR,Sunny
TXN-7325,2026-03-29,13:05,Puncak Alam,Milk-based,Mocha,1,12.0,12.0,QR,Cloudy
TXN-7305,2026-03-29,13:10,Putrajaya,Milk-based,Cappuccino,3,11.0,33.0,Cash,Sunny
TXN-7355,2026-03-29,13:27,Puncak Alam,Milk-based,Cappuccino,3,11.0,33.0,QR,Cloudy
TXN-7276,2026-03-29,13:39,Putrajaya,Ice Blended,Ice Blended Chocolate Chip,1,14.0,14.0,QR,Sunny
TXN-7343,2026-03-29,13:48,Puncak Alam,Milk-based,Caramel Macchiato,1,13.0,13.0,QR,Cloudy
TXN-7327,2026-03-29,13:56,Puncak Alam,Milk-based,Caramel Macchiato,2,13.0,26.0,QR,Cloudy
TXN-7358,2026-03-29,13:56,Puncak Alam,Espresso-based,Americano,2,9.0,18.0,QR,Cloudy
TXN-7304,2026-03-29,13:58,Putrajaya,Espresso-based,Espresso,1,7.0,7.0,QR,Sunny
TXN-7326,2026-03-29,14:06,Puncak Alam,Milk-based,Mocha,1,12.0,12.0,Cash,Cloudy
TXN-7278,2026-03-29,14:10,Putrajaya,Espresso-based,Americano,1,9.0,9.0,Cash,Sunny
TXN-7292,2026-03-29,14:29,Putrajaya,Milk-based,Latte,2,11.0,22.0,QR,Sunny
TXN-7322,2026-03-29,15:06,Putrajaya,Milk-based,Cappuccino,3,11.0,33.0,QR,Sunny
TXN-7289,2026-03-29,15:18,Putrajaya,Ice Blended,Ice Blended Chocolate Chip,1,14.0,14.0,QR,Sunny
TXN-7254,2026-03-29,15:26,Putrajaya,Milk-based,Cappuccino,3,11.0,33.0,QR,Sunny
TXN-7297,2026-03-29,15:27,Putrajaya,Espresso-based,Espresso,1,7.0,7.0,Cash,Sunny
TXN-7288,2026-03-29,15:40,Putrajaya,Milk-based,Cappuccino,1,11.0,11.0,Cash,Sunny
TXN-7320,2026-03-29,15:51,Putrajaya,Milk-based,Caramel Macchiato,3,13.0,39.0,QR,Sunny
TXN-7273,2026-03-29,15:52,Putrajaya,Espresso-based,Americano,1,9.0,9.0,QR,Sunny
TXN-7308,2026-03-29,15:56,Putrajaya,Espresso-based,Americano,1,9.0,9.0,QR,Sunny
TXN-7347,2026-03-29,15:59,Puncak Alam,Espresso-based,Americano,1,9.0,9.0,Cash,Cloudy
TXN-7337,2026-03-29,16:15,Puncak Alam,Espresso-based,Americano,1,9.0,9.0,QR,Cloudy
TXN-7341,2026-03-29,16:16,Puncak Alam,Milk-based,Caramel Macchiato,1,13.0,13.0,QR,Cloudy
TXN-7253,2026-03-29,16:17,Putrajaya,Milk-based,Cappuccino,1,11.0,11.0,Cash,Sunny
TXN-7251,2026-03-29,16:27,Putrajaya,Milk-based,Latte,1,11.0,11.0,Cash,Sunny
TXN-7285,2026-03-29,16:29,Putrajaya,Ice Blended,Ice Blended Chocolate Chip,1,14.0,14.0,QR,Sunny
TXN-7294,2026-03-29,16:33,Putrajaya,Milk-based,Latte,1,11.0,11.0,Cash,Sunny
TXN-7275,2026-03-29,16:35,Putrajaya,Milk-based,Latte,1,11.0,11.0,QR,Sunny
TXN-7332,2026-03-29,16:49,Puncak Alam,Espresso-based,Espresso,1,7.0,7.0,QR,Cloudy
TXN-7283,2026-03-29,16:55,Putrajaya,Milk-based,Caramel Macchiato,2,13.0,26.0,QR,Sunny
TXN-7310,2026-03-29,16:57,Putrajaya,Milk-based,Cappuccino,1,11.0,11.0,Cash,Sunny
TXN-7346,2026-03-29,17:02,Puncak Alam,Espresso-based,Americano,2,9.0,18.0,QR,Cloudy
TXN-7300,2026-03-29,17:06,Putrajaya,Milk-based,Latte,1,11.0,11.0,QR,Sunny
TXN-7350,2026-03-29,17:09,Puncak Alam,Milk-based,Caramel Macchiato,1,13.0,13.0,QR,Cloudy
TXN-7336,2026-03-29,17:19,Puncak Alam,Ice Blended,Ice Blended Chocolate Chip,1,14.0,14.0,QR,Cloudy
TXN-7339,2026-03-29,17:27,Puncak Alam,Milk-based,Cappuccino,1,11.0,11.0,QR,Cloudy
TXN-7316,2026-03-29,17:34,Putrajaya,Espresso-based,Espresso,1,7.0,7.0,QR,Sunny
TXN-7354,2026-03-29,17:38,Puncak Alam,Milk-based,Cappuccino,2,11.0,22.0,QR,Cloudy
TXN-7272,2026-03-29,17:55,Putrajaya,Milk-based,Caramel Macchiato,1,13.0,13.0,QR,Sunny
TXN-7315,2026-03-29,18:01,Putrajaya,Milk-based,Mocha,2,12.0,24.0,Cash,Sunny
TXN-7301,2026-03-29,18:04,Putrajaya,Milk-based,Caramel Macchiato,2,13.0,26.0,QR,Sunny
TXN-7277,2026-03-29,18:11,Putrajaya,Espresso-based,Americano,2,9.0,18.0,QR,Sunny
TXN-7263,2026-03-29,18:15,Putrajaya,Ice Blended,Ice Blended Chocolate Chip,1,14.0,14.0,QR,Sunny
TXN-7344,2026-03-29,18:20,Puncak Alam,Ice Blended,Ice Blended Chocolate Chip,2,14.0,28.0,QR,Cloudy
TXN-7290,2026-03-29,18:34,Putrajaya,Espresso-based,Americano,1,9.0,9.0,QR,Sunny
TXN-7307,2026-03-29,18:41,Putrajaya,Milk-based,Caramel Macchiato,1,13.0,13.0,QR,Sunny
TXN-7340,2026-03-29,18:41,Puncak Alam,Milk-based,Cappuccino,1,11.0,11.0,QR,Cloudy
TXN-7282,2026-03-29,18:43,Putrajaya,Espresso-based,Americano,2,9.0,18.0,QR,Sunny
TXN-7259,2026-03-29,18:47,Putrajaya,Espresso-based,Americano,1,9.0,9.0,QR,Sunny
TXN-7349,2026-03-29,18:52,Puncak Alam,Espresso-based,Americano,1,9.0,9.0,Cash,Cloudy
TXN-7291,2026-03-29,18:56,Putrajaya,Espresso-based,Espresso,1,7.0,7.0,Cash,Sunny
TXN-7268,2026-03-29,19:10,Putrajaya,Milk-based,Caramel Macchiato,3,13.0,39.0,QR,Sunny
TXN-7352,2026-03-29,19:14,Puncak Alam,Espresso-based,Espresso,2,7.0,14.0,Cash,Cloudy
TXN-7298,2026-03-29,19:16,Putrajaya,Milk-based,Latte,1,11.0,11.0,Cash,Sunny
TXN-7265,2026-03-29,19:20,Putrajaya,Espresso-based,Espresso,1,7.0,7.0,QR,Sunny
TXN-7348,2026-03-29,19:21,Puncak Alam,Milk-based,Caramel Macchiato,1,13.0,13.0,Cash,Cloudy
TXN-7317,2026-03-29,19:22,Putrajaya,Milk-based,Cappuccino,1,11.0,11.0,QR,Sunny
TXN-7314,2026-03-29,19:28,Putrajaya,Milk-based,Latte,1,11.0,11.0,QR,Sunny
TXN-7338,2026-03-29,19:28,Puncak Alam,Milk-based,Mocha,1,12.0,12.0,QR,Cloudy
TXN-7321,2026-03-29,19:45,Putrajaya,Milk-based,Caramel Macchiato,1,13.0,13.0,QR,Sunny
TXN-7284,2026-03-29,19:54,Putrajaya,Milk-based,Cappuccino,1,11.0,11.0,QR,Sunny
TXN-7267,2026-03-29,20:10,Putrajaya,Milk-based,Latte,2,11.0,22.0,QR,Sunny
TXN-7331,2026-03-29,20:15,Puncak Alam,Espresso-based,Espresso,2,7.0,14.0,QR,Cloudy
TXN-7258,2026-03-29,20:20,Putrajaya,Milk-based,Mocha,1,12.0,12.0,Cash,Sunny
TXN-7266,2026-03-29,20:23,Putrajaya,Milk-based,Mocha,1,12.0,12.0,QR,Sunny
TXN-7318,2026-03-29,20:37,Putrajaya,Ice Blended,Ice Blended Chocolate Chip,1,14.0,14.0,Cash,Sunny
TXN-7302,2026-03-29,20:41,Putrajaya,Milk-based,Mocha,1,12.0,12.0,QR,Sunny
TXN-7342,2026-03-29,20:55,Puncak Alam,Milk-based,Cappuccino,1,11.0,11.0,Cash,Cloudy
TXN-7303,2026-03-29,20:56,Putrajaya,Milk-based,Cappuccino,1,11.0,11.0,Cash,Sunny
TXN-7279,2026-03-29,20:58,Putrajaya,Milk-based,Cappuccino,1,11.0,11.0,QR,Sunny
TXN-7255,2026-03-29,21:02,Putrajaya,Milk-based,Cappuccino,2,11.0,22.0,Cash,Sunny
TXN-7311,2026-03-29,21:03,Putrajaya,Milk-based,Latte,2,11.0,22.0,QR,Sunny
TXN-7270,2026-03-29,21:15,Putrajaya,Milk-based,Cappuccino,1,11.0,11.0,Cash,Sunny
TXN-7269,2026-03-29,21:34,Putrajaya,Milk-based,Cappuccino,1,11.0,11.0,QR,Sunny
TXN-7330,2026-03-29,21:44,Puncak Alam,Ice Blended,Ice Blended Chocolate Chip,2,14.0,28.0,QR,Cloudy
TXN-7280,2026-03-29,21:55,Putrajaya,Espresso-based,Espresso,2,7.0,14.0,QR,Sunny
TXN-7406,2026-03-30,08:57,Puncak Alam,Milk-based,Latte,1,11.0,11.0,QR,Cloudy
TXN-7387,2026-03-30,09:00,Putrajaya,Espresso-based,Espresso,2,7.0,14.0,Cash,Sunny
TXN-7425,2026-03-30,09:08,Puncak Alam,Milk-based,Latte,2,11.0,22.0,QR,Cloudy
TXN-7413,2026-03-30,09:09,Puncak Alam,Espresso-based,Americano,2,9.0,18.0,QR,Cloudy
TXN-7363,2026-03-30,09:28,Putrajaya,Espresso-based,Espresso,3,7.0,21.0,QR,Sunny
TXN-7404,2026-03-30,09:39,Puncak Alam,Espresso-based,Espresso,3,7.0,21.0,QR,Cloudy
TXN-7427,2026-03-30,09:53,Puncak Alam,Ice Blended,Ice Blended Chocolate Chip,2,14.0,28.0,Cash,Cloudy
TXN-7443,2026-03-30,09:53,Puncak Alam,Espresso-based,Espresso,2,7.0,14.0,QR,Cloudy
TXN-7424,2026-03-30,09:54,Puncak Alam,Milk-based,Mocha,1,12.0,12.0,Cash,Cloudy
TXN-7365,2026-03-30,10:04,Putrajaya,Milk-based,Mocha,1,12.0,12.0,Cash,Sunny
TXN-7407,2026-03-30,10:09,Puncak Alam,Milk-based,Latte,2,11.0,22.0,QR,Cloudy
TXN-7418,2026-03-30,10:12,Puncak Alam,Espresso-based,Espresso,2,7.0,14.0,QR,Cloudy
TXN-7437,2026-03-30,10:42,Puncak Alam,Ice Blended,Ice Blended Chocolate Chip,3,14.0,42.0,QR,Cloudy
TXN-7374,2026-03-30,11:18,Putrajaya,Milk-based,Cappuccino,2,11.0,22.0,Cash,Sunny
TXN-7422,2026-03-30,11:18,Puncak Alam,Ice Blended,Ice Blended Chocolate Chip,1,14.0,14.0,Cash,Cloudy
TXN-7405,2026-03-30,11:48,Puncak Alam,Milk-based,Latte,1,11.0,11.0,QR,Cloudy
TXN-7388,2026-03-30,11:51,Putrajaya,Milk-based,Latte,1,11.0,11.0,Cash,Sunny
TXN-7377,2026-03-30,11:57,Putrajaya,Milk-based,Latte,3,11.0,33.0,QR,Sunny
TXN-7441,2026-03-30,11:58,Puncak Alam,Ice Blended,Ice Blended Chocolate Chip,1,14.0,14.0,QR,Cloudy
TXN-7431,2026-03-30,12:21,Puncak Alam,Espresso-based,Americano,1,9.0,9.0,Cash,Cloudy
TXN-7411,2026-03-30,12:57,Puncak Alam,Milk-based,Mocha,1,12.0,12.0,QR,Cloudy
TXN-7429,2026-03-30,12:57,Puncak Alam,Milk-based,Caramel Macchiato,1,13.0,13.0,QR,Cloudy
TXN-7423,2026-03-30,12:59,Puncak Alam,Ice Blended,Ice Blended Chocolate Chip,1,14.0,14.0,Cash,Cloudy
TXN-7391,2026-03-30,13:09,Putrajaya,Espresso-based,Americano,2,9.0,18.0,QR,Sunny
TXN-7372,2026-03-30,13:16,Putrajaya,Milk-based,Cappuccino,1,11.0,11.0,QR,Sunny
TXN-7376,2026-03-30,13:33,Putrajaya,Ice Blended,Ice Blended Chocolate Chip,2,14.0,28.0,QR,Sunny
TXN-7432,2026-03-30,13:34,Puncak Alam,Milk-based,Latte,1,11.0,11.0,Cash,Cloudy
TXN-7445,2026-03-30,13:34,Puncak Alam,Milk-based,Mocha,1,12.0,12.0,Cash,Cloudy
TXN-7428,2026-03-30,13:46,Puncak Alam,Espresso-based,Espresso,1,7.0,7.0,QR,Cloudy
TXN-7398,2026-03-30,13:55,Puncak Alam,Espresso-based,Americano,1,9.0,9.0,QR,Cloudy
TXN-7403,2026-03-30,13:56,Puncak Alam,Milk-based,Mocha,1,12.0,12.0,QR,Cloudy
TXN-7408,2026-03-30,14:00,Puncak Alam,Ice Blended,Ice Blended Chocolate Chip,1,14.0,14.0,Cash,Cloudy
TXN-7379,2026-03-30,14:12,Putrajaya,Milk-based,Mocha,1,12.0,12.0,QR,Sunny
TXN-7364,2026-03-30,14:14,Putrajaya,Milk-based,Cappuccino,2,11.0,22.0,Cash,Sunny
TXN-7417,2026-03-30,14:16,Puncak Alam,Espresso-based,Espresso,1,7.0,7.0,QR,Cloudy
TXN-7360,2026-03-30,14:21,Putrajaya,Milk-based,Latte,1,11.0,11.0,QR,Sunny
TXN-7420,2026-03-30,14:33,Puncak Alam,Espresso-based,Americano,4,9.0,36.0,QR,Cloudy
TXN-7419,2026-03-30,14:45,Puncak Alam,Milk-based,Latte,1,11.0,11.0,QR,Cloudy
TXN-7410,2026-03-30,14:56,Puncak Alam,Espresso-based,Americano,1,9.0,9.0,Cash,Cloudy
TXN-7366,2026-03-30,15:10,Putrajaya,Espresso-based,Americano,2,9.0,18.0,QR,Sunny
TXN-7384,2026-03-30,15:10,Putrajaya,Milk-based,Caramel Macchiato,1,13.0,13.0,Cash,Sunny
TXN-7440,2026-03-30,15:14,Puncak Alam,Espresso-based,Espresso,1,7.0,7.0,QR,Cloudy
TXN-7433,2026-03-30,15:27,Puncak Alam,Milk-based,Latte,1,11.0,11.0,Cash,Cloudy
TXN-7397,2026-03-30,15:31,Puncak Alam,Milk-based,Caramel Macchiato,1,13.0,13.0,Cash,Cloudy
TXN-7444,2026-03-30,15:34,Puncak Alam,Ice Blended,Ice Blended Chocolate Chip,2,14.0,28.0,QR,Cloudy
TXN-7389,2026-03-30,15:58,Putrajaya,Milk-based,Mocha,2,12.0,24.0,Cash,Sunny
TXN-7369,2026-03-30,16:04,Putrajaya,Milk-based,Cappuccino,1,11.0,11.0,QR,Sunny
TXN-7436,2026-03-30,16:13,Puncak Alam,Milk-based,Caramel Macchiato,1,13.0,13.0,QR,Cloudy
TXN-7426,2026-03-30,16:31,Puncak Alam,Espresso-based,Espresso,1,7.0,7.0,QR,Cloudy
TXN-7390,2026-03-30,17:02,Putrajaya,Espresso-based,Americano,2,9.0,18.0,Cash,Sunny
TXN-7386,2026-03-30,17:06,Putrajaya,Milk-based,Latte,1,11.0,11.0,QR,Sunny
TXN-7392,2026-03-30,17:07,Puncak Alam,Ice Blended,Ice Blended Chocolate Chip,2,14.0,28.0,Cash,Cloudy
TXN-7383,2026-03-30,17:14,Putrajaya,Milk-based,Cappuccino,1,11.0,11.0,Cash,Sunny
TXN-7399,2026-03-30,17:20,Puncak Alam,Milk-based,Latte,1,11.0,11.0,QR,Cloudy
TXN-7362,2026-03-30,17:27,Putrajaya,Ice Blended,Ice Blended Chocolate Chip,1,14.0,14.0,QR,Sunny
TXN-7396,2026-03-30,17:40,Puncak Alam,Espresso-based,Espresso,2,7.0,14.0,QR,Cloudy
TXN-7381,2026-03-30,18:02,Putrajaya,Milk-based,Mocha,1,12.0,12.0,QR,Sunny
TXN-7448,2026-03-30,18:08,Puncak Alam,Milk-based,Caramel Macchiato,2,13.0,26.0,Cash,Cloudy
TXN-7401,2026-03-30,18:09,Puncak Alam,Ice Blended,Ice Blended Chocolate Chip,1,14.0,14.0,QR,Cloudy
TXN-7447,2026-03-30,18:19,Puncak Alam,Milk-based,Cappuccino,2,11.0,22.0,QR,Cloudy
TXN-7438,2026-03-30,18:24,Puncak Alam,Ice Blended,Ice Blended Chocolate Chip,1,14.0,14.0,QR,Cloudy
TXN-7393,2026-03-30,18:31,Puncak Alam,Espresso-based,Espresso,1,7.0,7.0,QR,Cloudy
TXN-7430,2026-03-30,18:32,Puncak Alam,Espresso-based,Espresso,3,7.0,21.0,QR,Cloudy
TXN-7380,2026-03-30,18:39,Putrajaya,Ice Blended,Ice Blended Chocolate Chip,1,14.0,14.0,QR,Sunny
TXN-7370,2026-03-30,18:56,Putrajaya,Milk-based,Caramel Macchiato,1,13.0,13.0,Cash,Sunny
TXN-7409,2026-03-30,18:57,Puncak Alam,Milk-based,Latte,1,11.0,11.0,Cash,Cloudy
TXN-7415,2026-03-30,18:59,Puncak Alam,Milk-based,Cappuccino,1,11.0,11.0,QR,Cloudy
TXN-7378,2026-03-30,19:05,Putrajaya,Espresso-based,Americano,1,9.0,9.0,Cash,Sunny
TXN-7361,2026-03-30,19:13,Putrajaya,Milk-based,Latte,1,11.0,11.0,QR,Sunny
TXN-7412,2026-03-30,19:26,Puncak Alam,Ice Blended,Ice Blended Chocolate Chip,1,14.0,14.0,QR,Cloudy
TXN-7394,2026-03-30,19:31,Puncak Alam,Milk-based,Latte,1,11.0,11.0,QR,Cloudy
TXN-7414,2026-03-30,19:39,Puncak Alam,Ice Blended,Ice Blended Chocolate Chip,1,14.0,14.0,Cash,Cloudy
TXN-7439,2026-03-30,19:41,Puncak Alam,Milk-based,Caramel Macchiato,2,13.0,26.0,QR,Cloudy
TXN-7373,2026-03-30,19:42,Putrajaya,Milk-based,Cappuccino,1,11.0,11.0,Cash,Sunny
TXN-7421,2026-03-30,19:49,Puncak Alam,Espresso-based,Americano,1,9.0,9.0,QR,Cloudy
TXN-7442,2026-03-30,19:52,Puncak Alam,Ice Blended,Ice Blended Chocolate Chip,1,14.0,14.0,QR,Cloudy
TXN-7368,2026-03-30,20:07,Putrajaya,Milk-based,Cappuccino,1,11.0,11.0,QR,Sunny
TXN-7434,2026-03-30,20:09,Puncak Alam,Milk-based,Mocha,1,12.0,12.0,Cash,Cloudy
TXN-7435,2026-03-30,20:11,Puncak Alam,Espresso-based,Americano,2,9.0,18.0,Cash,Cloudy
TXN-7371,2026-03-30,20:22,Putrajaya,Milk-based,Latte,1,11.0,11.0,Cash,Sunny
TXN-7395,2026-03-30,20:34,Puncak Alam,Milk-based,Caramel Macchiato,2,13.0,26.0,QR,Cloudy
TXN-7382,2026-03-30,21:01,Putrajaya,Espresso-based,Americano,3,9.0,27.0,QR,Sunny
TXN-7446,2026-03-30,21:02,Puncak Alam,Espresso-based,Americano,2,9.0,18.0,QR,Cloudy
TXN-7375,2026-03-30,21:17,Putrajaya,Ice Blended,Ice Blended Chocolate Chip,2,14.0,28.0,QR,Sunny
TXN-7416,2026-03-30,21:17,Puncak Alam,Milk-based,Caramel Macchiato,2,13.0,26.0,QR,Cloudy
TXN-7400,2026-03-30,21:35,Puncak Alam,Milk-based,Caramel Macchiato,3,13.0,39.0,QR,Cloudy
TXN-7385,2026-03-30,21:46,Putrajaya,Espresso-based,Espresso,1,7.0,7.0,QR,Sunny
TXN-7367,2026-03-30,21:49,Putrajaya,Milk-based,Caramel Macchiato,1,13.0,13.0,QR,Sunny
TXN-7402,2026-03-30,21:49,Puncak Alam,Espresso-based,Americano,1,9.0,9.0,QR,Cloudy
TXN-7485,2026-03-31,08:11,Putrajaya,Milk-based,Caramel Macchiato,1,13.0,13.0,QR,Sunny
TXN-7554,2026-03-31,08:11,Puncak Alam,Milk-based,Cappuccino,1,11.0,11.0,Cash,Sunny
TXN-7502,2026-03-31,08:26,Putrajaya,Milk-based,Cappuccino,1,11.0,11.0,QR,Sunny
TXN-7545,2026-03-31,08:30,Puncak Alam,Milk-based,Latte,1,11.0,11.0,Cash,Sunny
TXN-7496,2026-03-31,08:42,Putrajaya,Espresso-based,Espresso,1,7.0,7.0,Cash,Sunny
TXN-7556,2026-03-31,08:48,Puncak Alam,Milk-based,Caramel Macchiato,1,13.0,13.0,QR,Sunny
TXN-7464,2026-03-31,09:14,Putrajaya,Milk-based,Mocha,1,12.0,12.0,Cash,Sunny
TXN-7486,2026-03-31,09:14,Putrajaya,Milk-based,Latte,1,11.0,11.0,QR,Sunny
TXN-7460,2026-03-31,09:17,Putrajaya,Espresso-based,Americano,1,9.0,9.0,Cash,Sunny
TXN-7472,2026-03-31,09:20,Putrajaya,Espresso-based,Americano,2,9.0,18.0,QR,Sunny
TXN-7514,2026-03-31,09:35,Puncak Alam,Espresso-based,Espresso,2,7.0,14.0,QR,Sunny
TXN-7450,2026-03-31,09:42,Putrajaya,Espresso-based,Americano,1,9.0,9.0,QR,Sunny
TXN-7533,2026-03-31,09:46,Puncak Alam,Milk-based,Caramel Macchiato,4,13.0,52.0,Cash,Sunny
TXN-7469,2026-03-31,10:04,Putrajaya,Espresso-based,Espresso,1,7.0,7.0,QR,Sunny
TXN-7550,2026-03-31,10:20,Puncak Alam,Ice Blended,Ice Blended Chocolate Chip,1,14.0,14.0,QR,Sunny
TXN-7452,2026-03-31,10:23,Putrajaya,Espresso-based,Americano,1,9.0,9.0,QR,Sunny
TXN-7523,2026-03-31,10:32,Puncak Alam,Milk-based,Cappuccino,1,11.0,11.0,Cash,Sunny
TXN-7501,2026-03-31,10:33,Putrajaya,Espresso-based,Americano,1,9.0,9.0,QR,Sunny
TXN-7459,2026-03-31,10:40,Putrajaya,Espresso-based,Americano,1,9.0,9.0,Cash,Sunny
TXN-7483,2026-03-31,10:52,Putrajaya,Milk-based,Latte,1,11.0,11.0,QR,Sunny
TXN-7548,2026-03-31,11:00,Puncak Alam,Espresso-based,Americano,1,9.0,9.0,QR,Sunny
TXN-7466,2026-03-31,11:09,Putrajaya,Milk-based,Latte,2,11.0,22.0,QR,Sunny
TXN-7559,2026-03-31,11:44,Puncak Alam,Milk-based,Caramel Macchiato,1,13.0,13.0,QR,Sunny
TXN-7543,2026-03-31,11:45,Puncak Alam,Milk-based,Mocha,3,12.0,36.0,Cash,Sunny
TXN-7505,2026-03-31,11:53,Putrajaya,Milk-based,Caramel Macchiato,1,13.0,13.0,QR,Sunny
TXN-7537,2026-03-31,11:53,Puncak Alam,Milk-based,Caramel Macchiato,2,13.0,26.0,Cash,Sunny
TXN-7532,2026-03-31,12:06,Puncak Alam,Milk-based,Caramel Macchiato,1,13.0,13.0,QR,Sunny
TXN-7560,2026-03-31,12:10,Puncak Alam,Espresso-based,Americano,1,9.0,9.0,QR,Sunny
TXN-7518,2026-03-31,12:16,Puncak Alam,Milk-based,Cappuccino,1,11.0,11.0,Cash,Sunny
TXN-7475,2026-03-31,12:18,Putrajaya,Espresso-based,Espresso,1,7.0,7.0,Cash,Sunny
TXN-7468,2026-03-31,12:21,Putrajaya,Ice Blended,Ice Blended Chocolate Chip,1,14.0,14.0,QR,Sunny
TXN-7453,2026-03-31,12:36,Putrajaya,Milk-based,Latte,1,11.0,11.0,Cash,Sunny
TXN-7503,2026-03-31,12:38,Putrajaya,Milk-based,Caramel Macchiato,1,13.0,13.0,QR,Sunny
TXN-7544,2026-03-31,12:56,Puncak Alam,Milk-based,Cappuccino,1,11.0,11.0,QR,Sunny
TXN-7484,2026-03-31,13:20,Putrajaya,Milk-based,Latte,1,11.0,11.0,Cash,Sunny
TXN-7470,2026-03-31,13:29,Putrajaya,Ice Blended,Ice Blended Chocolate Chip,1,14.0,14.0,QR,Sunny
TXN-7489,2026-03-31,13:29,Putrajaya,Espresso-based,Americano,1,9.0,9.0,QR,Sunny
TXN-7493,2026-03-31,13:29,Putrajaya,Milk-based,Caramel Macchiato,1,13.0,13.0,QR,Sunny
TXN-7495,2026-03-31,13:31,Putrajaya,Milk-based,Mocha,1,12.0,12.0,Cash,Sunny
TXN-7474,2026-03-31,13:36,Putrajaya,Ice Blended,Ice Blended Chocolate Chip,1,14.0,14.0,QR,Sunny
TXN-7467,2026-03-31,13:41,Putrajaya,Milk-based,Mocha,1,12.0,12.0,Cash,Sunny
TXN-7506,2026-03-31,14:01,Putrajaya,Milk-based,Caramel Macchiato,1,13.0,13.0,QR,Sunny
TXN-7558,2026-03-31,14:01,Puncak Alam,Espresso-based,Espresso,1,7.0,7.0,QR,Sunny
TXN-7547,2026-03-31,14:04,Puncak Alam,Espresso-based,Americano,3,9.0,27.0,QR,Sunny
TXN-7461,2026-03-31,14:05,Putrajaya,Milk-based,Latte,1,11.0,11.0,QR,Sunny
TXN-7520,2026-03-31,14:20,Puncak Alam,Milk-based,Caramel Macchiato,1,13.0,13.0,QR,Sunny
TXN-7481,2026-03-31,14:26,Putrajaya,Ice Blended,Ice Blended Chocolate Chip,1,14.0,14.0,QR,Sunny
TXN-7528,2026-03-31,14:30,Puncak Alam,Milk-based,Mocha,1,12.0,12.0,QR,Sunny
TXN-7487,2026-03-31,14:31,Putrajaya,Milk-based,Mocha,2,12.0,24.0,QR,Sunny
TXN-7516,2026-03-31,14:33,Puncak Alam,Milk-based,Mocha,1,12.0,12.0,Cash,Sunny
TXN-7517,2026-03-31,14:38,Puncak Alam,Milk-based,Mocha,1,12.0,12.0,QR,Sunny
TXN-7455,2026-03-31,14:40,Putrajaya,Ice Blended,Ice Blended Chocolate Chip,1,14.0,14.0,QR,Sunny
TXN-7515,2026-03-31,14:40,Puncak Alam,Milk-based,Cappuccino,2,11.0,22.0,QR,Sunny
TXN-7480,2026-03-31,14:48,Putrajaya,Espresso-based,Americano,1,9.0,9.0,Cash,Sunny
TXN-7492,2026-03-31,14:52,Putrajaya,Espresso-based,Espresso,1,7.0,7.0,QR,Sunny
TXN-7530,2026-03-31,14:52,Puncak Alam,Milk-based,Caramel Macchiato,1,13.0,13.0,Cash,Sunny
TXN-7524,2026-03-31,14:56,Puncak Alam,Espresso-based,Espresso,2,7.0,14.0,Cash,Sunny
TXN-7526,2026-03-31,14:57,Puncak Alam,Milk-based,Latte,2,11.0,22.0,QR,Sunny
TXN-7494,2026-03-31,15:09,Putrajaya,Milk-based,Caramel Macchiato,3,13.0,39.0,QR,Sunny
TXN-7509,2026-03-31,15:29,Putrajaya,Milk-based,Mocha,4,12.0,48.0,Cash,Sunny
TXN-7519,2026-03-31,15:29,Puncak Alam,Milk-based,Caramel Macchiato,1,13.0,13.0,Cash,Sunny
TXN-7538,2026-03-31,15:33,Puncak Alam,Milk-based,Mocha,1,12.0,12.0,Cash,Sunny
TXN-7540,2026-03-31,15:43,Puncak Alam,Espresso-based,Espresso,2,7.0,14.0,QR,Sunny
TXN-7546,2026-03-31,15:44,Puncak Alam,Ice Blended,Ice Blended Chocolate Chip,1,14.0,14.0,QR,Sunny
TXN-7512,2026-03-31,15:49,Putrajaya,Milk-based,Mocha,1,12.0,12.0,QR,Sunny
TXN-7549,2026-03-31,15:50,Puncak Alam,Espresso-based,Americano,1,9.0,9.0,QR,Sunny
TXN-7507,2026-03-31,15:54,Putrajaya,Milk-based,Latte,1,11.0,11.0,QR,Sunny
TXN-7463,2026-03-31,16:00,Putrajaya,Ice Blended,Ice Blended Chocolate Chip,2,14.0,28.0,QR,Sunny
TXN-7499,2026-03-31,16:19,Putrajaya,Milk-based,Latte,1,11.0,11.0,QR,Sunny
TXN-7490,2026-03-31,16:27,Putrajaya,Espresso-based,Espresso,1,7.0,7.0,QR,Sunny
TXN-7473,2026-03-31,16:31,Putrajaya,Espresso-based,Espresso,1,7.0,7.0,QR,Sunny
TXN-7482,2026-03-31,16:37,Putrajaya,Milk-based,Latte,2,11.0,22.0,QR,Sunny
TXN-7535,2026-03-31,16:37,Puncak Alam,Espresso-based,Americano,3,9.0,27.0,Cash,Sunny
TXN-7478,2026-03-31,16:39,Putrajaya,Milk-based,Latte,3,11.0,33.0,Cash,Sunny
TXN-7471,2026-03-31,16:47,Putrajaya,Milk-based,Cappuccino,1,11.0,11.0,QR,Sunny
TXN-7458,2026-03-31,16:52,Putrajaya,Espresso-based,Americano,1,9.0,9.0,QR,Sunny
TXN-7552,2026-03-31,17:04,Puncak Alam,Milk-based,Caramel Macchiato,2,13.0,26.0,QR,Sunny
TXN-7508,2026-03-31,17:07,Putrajaya,Milk-based,Latte,1,11.0,11.0,QR,Sunny
TXN-7553,2026-03-31,17:13,Puncak Alam,Espresso-based,Espresso,1,7.0,7.0,QR,Sunny
TXN-7539,2026-03-31,17:14,Puncak Alam,Ice Blended,Ice Blended Chocolate Chip,2,14.0,28.0,QR,Sunny
TXN-7527,2026-03-31,17:28,Puncak Alam,Milk-based,Latte,2,11.0,22.0,QR,Sunny
TXN-7456,2026-03-31,17:47,Putrajaya,Ice Blended,Ice Blended Chocolate Chip,1,14.0,14.0,QR,Sunny
TXN-7476,2026-03-31,17:47,Putrajaya,Milk-based,Latte,1,11.0,11.0,QR,Sunny
TXN-7449,2026-03-31,17:53,Putrajaya,Milk-based,Caramel Macchiato,2,13.0,26.0,QR,Sunny
TXN-7457,2026-03-31,17:59,Putrajaya,Milk-based,Caramel Macchiato,1,13.0,13.0,QR,Sunny
TXN-7451,2026-03-31,18:08,Putrajaya,Milk-based,Latte,1,11.0,11.0,QR,Sunny
TXN-7500,2026-03-31,18:16,Putrajaya,Milk-based,Caramel Macchiato,2,13.0,26.0,QR,Sunny
TXN-7465,2026-03-31,18:17,Putrajaya,Milk-based,Latte,1,11.0,11.0,Cash,Sunny
TXN-7521,2026-03-31,18:21,Puncak Alam,Ice Blended,Ice Blended Chocolate Chip,4,14.0,56.0,QR,Sunny
TXN-7522,2026-03-31,18:23,Puncak Alam,Ice Blended,Ice Blended Chocolate Chip,1,14.0,14.0,Cash,Sunny
TXN-7534,2026-03-31,18:38,Puncak Alam,Ice Blended,Ice Blended Chocolate Chip,1,14.0,14.0,Cash,Sunny
TXN-7536,2026-03-31,18:39,Puncak Alam,Milk-based,Mocha,1,12.0,12.0,QR,Sunny
TXN-7511,2026-03-31,18:42,Putrajaya,Espresso-based,Espresso,1,7.0,7.0,QR,Sunny
TXN-7557,2026-03-31,18:43,Puncak Alam,Milk-based,Cappuccino,1,11.0,11.0,QR,Sunny
TXN-7525,2026-03-31,18:44,Puncak Alam,Milk-based,Latte,1,11.0,11.0,QR,Sunny
TXN-7551,2026-03-31,18:45,Puncak Alam,Milk-based,Mocha,1,12.0,12.0,Cash,Sunny
TXN-7454,2026-03-31,19:11,Putrajaya,Espresso-based,Americano,3,9.0,27.0,QR,Sunny
TXN-7479,2026-03-31,19:27,Putrajaya,Milk-based,Cappuccino,1,11.0,11.0,QR,Sunny
TXN-7498,2026-03-31,19:34,Putrajaya,Milk-based,Cappuccino,1,11.0,11.0,QR,Sunny
TXN-7488,2026-03-31,19:46,Putrajaya,Milk-based,Latte,2,11.0,22.0,Cash,Sunny
TXN-7541,2026-03-31,19:47,Puncak Alam,Milk-based,Mocha,1,12.0,12.0,QR,Sunny
TXN-7504,2026-03-31,19:50,Putrajaya,Espresso-based,Espresso,1,7.0,7.0,QR,Sunny
TXN-7477,2026-03-31,19:55,Putrajaya,Milk-based,Mocha,1,12.0,12.0,QR,Sunny
TXN-7491,2026-03-31,20:04,Putrajaya,Milk-based,Caramel Macchiato,3,13.0,39.0,QR,Sunny
TXN-7542,2026-03-31,20:15,Puncak Alam,Espresso-based,Espresso,1,7.0,7.0,QR,Sunny
TXN-7510,2026-03-31,20:55,Putrajaya,Espresso-based,Espresso,4,7.0,28.0,QR,Sunny
TXN-7497,2026-03-31,21:14,Putrajaya,Ice Blended,Ice Blended Chocolate Chip,1,14.0,14.0,QR,Sunny
TXN-7531,2026-03-31,21:14,Puncak Alam,Espresso-based,Espresso,1,7.0,7.0,Cash,Sunny
TXN-7462,2026-03-31,21:27,Putrajaya,Milk-based,Mocha,3,12.0,36.0,Cash,Sunny
TXN-7555,2026-03-31,21:33,Puncak Alam,Milk-based,Cappuccino,1,11.0,11.0,Cash,Sunny
TXN-7529,2026-03-31,21:38,Puncak Alam,Ice Blended,Ice Blended Chocolate Chip,1,14.0,14.0,QR,Sunny
TXN-7513,2026-03-31,21:54,Puncak Alam,Espresso-based,Americano,1,9.0,9.0,QR,Sunny
TXN-7632,2026-04-01,08:15,Puncak Alam,Ice Blended,Ice Blended Chocolate Chip,1,14.0,14.0,QR,Sunny
TXN-7603,2026-04-01,08:18,Puncak Alam,Ice Blended,Ice Blended Chocolate Chip,3,14.0,42.0,Cash,Sunny
TXN-7580,2026-04-01,09:46,Putrajaya,Ice Blended,Ice Blended Chocolate Chip,1,14.0,14.0,Cash,Raining
TXN-7625,2026-04-01,09:55,Puncak Alam,Milk-based,Caramel Macchiato,1,13.0,13.0,Cash,Sunny
TXN-7582,2026-04-01,10:04,Putrajaya,Milk-based,Latte,1,11.0,11.0,QR,Raining
TXN-7615,2026-04-01,10:10,Puncak Alam,Milk-based,Latte,1,11.0,11.0,Cash,Sunny
TXN-7562,2026-04-01,10:41,Putrajaya,Espresso-based,Americano,1,9.0,9.0,QR,Raining
TXN-7581,2026-04-01,10:56,Putrajaya,Espresso-based,Americano,3,9.0,27.0,QR,Raining
TXN-7650,2026-04-01,11:02,Puncak Alam,Milk-based,Latte,1,11.0,11.0,Cash,Sunny
TXN-7601,2026-04-01,11:05,Puncak Alam,Espresso-based,Americano,1,9.0,9.0,QR,Sunny
TXN-7642,2026-04-01,11:20,Puncak Alam,Milk-based,Caramel Macchiato,1,13.0,13.0,QR,Sunny
TXN-7629,2026-04-01,11:30,Puncak Alam,Espresso-based,Espresso,2,7.0,14.0,QR,Sunny
TXN-7645,2026-04-01,11:35,Puncak Alam,Milk-based,Mocha,1,12.0,12.0,QR,Sunny
TXN-7610,2026-04-01,11:42,Puncak Alam,Espresso-based,Espresso,1,7.0,7.0,QR,Sunny
TXN-7577,2026-04-01,11:46,Putrajaya,Milk-based,Cappuccino,1,11.0,11.0,Cash,Raining
TXN-7565,2026-04-01,11:58,Putrajaya,Espresso-based,Americano,2,9.0,18.0,QR,Raining
TXN-7579,2026-04-01,11:58,Putrajaya,Ice Blended,Ice Blended Chocolate Chip,1,14.0,14.0,QR,Raining
TXN-7644,2026-04-01,12:00,Puncak Alam,Milk-based,Caramel Macchiato,1,13.0,13.0,Cash,Sunny
TXN-7631,2026-04-01,12:08,Puncak Alam,Milk-based,Cappuccino,1,11.0,11.0,Cash,Sunny
TXN-7611,2026-04-01,12:12,Puncak Alam,Ice Blended,Ice Blended Chocolate Chip,1,14.0,14.0,QR,Sunny
TXN-7628,2026-04-01,12:27,Puncak Alam,Espresso-based,Espresso,1,7.0,7.0,QR,Sunny
TXN-7618,2026-04-01,12:28,Puncak Alam,Espresso-based,Espresso,1,7.0,7.0,Cash,Sunny
TXN-7590,2026-04-01,12:35,Putrajaya,Espresso-based,Americano,2,9.0,18.0,Cash,Raining
TXN-7636,2026-04-01,12:39,Puncak Alam,Milk-based,Mocha,1,12.0,12.0,QR,Sunny
TXN-7602,2026-04-01,12:41,Puncak Alam,Ice Blended,Ice Blended Chocolate Chip,1,14.0,14.0,Cash,Sunny
TXN-7621,2026-04-01,12:42,Puncak Alam,Milk-based,Mocha,1,12.0,12.0,Cash,Sunny
TXN-7566,2026-04-01,12:46,Putrajaya,Espresso-based,Espresso,1,7.0,7.0,QR,Raining
TXN-7623,2026-04-01,12:53,Puncak Alam,Milk-based,Latte,1,11.0,11.0,QR,Sunny
TXN-7592,2026-04-01,12:58,Putrajaya,Espresso-based,Americano,2,9.0,18.0,QR,Raining
TXN-7613,2026-04-01,13:14,Puncak Alam,Milk-based,Mocha,1,12.0,12.0,Cash,Sunny
TXN-7647,2026-04-01,13:37,Puncak Alam,Milk-based,Cappuccino,1,11.0,11.0,Cash,Sunny
TXN-7600,2026-04-01,13:44,Puncak Alam,Espresso-based,Americano,1,9.0,9.0,QR,Sunny
TXN-7583,2026-04-01,13:50,Putrajaya,Espresso-based,Americano,1,9.0,9.0,QR,Raining
TXN-7597,2026-04-01,14:32,Puncak Alam,Milk-based,Caramel Macchiato,1,13.0,13.0,QR,Sunny
TXN-7564,2026-04-01,14:36,Putrajaya,Ice Blended,Ice Blended Chocolate Chip,1,14.0,14.0,QR,Raining
TXN-7609,2026-04-01,14:41,Puncak Alam,Milk-based,Latte,4,11.0,44.0,Cash,Sunny
TXN-7588,2026-04-01,14:42,Putrajaya,Milk-based,Cappuccino,3,11.0,33.0,QR,Raining
TXN-7578,2026-04-01,14:57,Putrajaya,Espresso-based,Americano,1,9.0,9.0,QR,Raining
TXN-7638,2026-04-01,15:27,Puncak Alam,Espresso-based,Espresso,1,7.0,7.0,QR,Sunny
TXN-7575,2026-04-01,15:33,Putrajaya,Espresso-based,Americano,1,9.0,9.0,QR,Raining
TXN-7608,2026-04-01,15:35,Puncak Alam,Milk-based,Mocha,1,12.0,12.0,QR,Sunny
TXN-7637,2026-04-01,15:38,Puncak Alam,Espresso-based,Americano,1,9.0,9.0,QR,Sunny
TXN-7622,2026-04-01,15:43,Puncak Alam,Espresso-based,Americano,1,9.0,9.0,QR,Sunny
TXN-7591,2026-04-01,15:44,Putrajaya,Ice Blended,Ice Blended Chocolate Chip,1,14.0,14.0,QR,Raining
TXN-7612,2026-04-01,15:54,Puncak Alam,Ice Blended,Ice Blended Chocolate Chip,1,14.0,14.0,Cash,Sunny
TXN-7614,2026-04-01,15:56,Puncak Alam,Ice Blended,Ice Blended Chocolate Chip,4,14.0,56.0,QR,Sunny
TXN-7598,2026-04-01,16:08,Puncak Alam,Milk-based,Cappuccino,1,11.0,11.0,Cash,Sunny
TXN-7595,2026-04-01,16:21,Puncak Alam,Milk-based,Mocha,2,12.0,24.0,Cash,Sunny
TXN-7606,2026-04-01,16:25,Puncak Alam,Milk-based,Cappuccino,1,11.0,11.0,QR,Sunny
TXN-7586,2026-04-01,16:26,Putrajaya,Milk-based,Latte,1,11.0,11.0,QR,Raining
TXN-7619,2026-04-01,16:27,Puncak Alam,Milk-based,Mocha,1,12.0,12.0,Cash,Sunny
TXN-7596,2026-04-01,16:40,Puncak Alam,Espresso-based,Americano,2,9.0,18.0,Cash,Sunny
TXN-7576,2026-04-01,16:51,Putrajaya,Milk-based,Latte,1,11.0,11.0,QR,Raining
TXN-7624,2026-04-01,17:17,Puncak Alam,Milk-based,Latte,1,11.0,11.0,Cash,Sunny
TXN-7584,2026-04-01,17:38,Putrajaya,Milk-based,Caramel Macchiato,3,13.0,39.0,Cash,Raining
TXN-7626,2026-04-01,17:50,Puncak Alam,Milk-based,Cappuccino,2,11.0,22.0,QR,Sunny
TXN-7561,2026-04-01,17:53,Putrajaya,Milk-based,Cappuccino,2,11.0,22.0,Cash,Raining
TXN-7633,2026-04-01,18:04,Puncak Alam,Milk-based,Latte,1,11.0,11.0,Cash,Sunny
TXN-7630,2026-04-01,18:25,Puncak Alam,Ice Blended,Ice Blended Chocolate Chip,2,14.0,28.0,QR,Sunny
TXN-7573,2026-04-01,18:30,Putrajaya,Milk-based,Latte,1,11.0,11.0,Cash,Raining
TXN-7605,2026-04-01,18:48,Puncak Alam,Milk-based,Caramel Macchiato,1,13.0,13.0,QR,Sunny
TXN-7587,2026-04-01,18:58,Putrajaya,Ice Blended,Ice Blended Chocolate Chip,1,14.0,14.0,Cash,Raining
TXN-7570,2026-04-01,18:59,Putrajaya,Ice Blended,Ice Blended Chocolate Chip,1,14.0,14.0,Cash,Raining
TXN-7627,2026-04-01,19:06,Puncak Alam,Espresso-based,Americano,2,9.0,18.0,QR,Sunny
TXN-7643,2026-04-01,19:11,Puncak Alam,Milk-based,Caramel Macchiato,2,13.0,26.0,QR,Sunny
TXN-7640,2026-04-01,19:13,Puncak Alam,Milk-based,Caramel Macchiato,1,13.0,13.0,Cash,Sunny
TXN-7648,2026-04-01,19:16,Puncak Alam,Espresso-based,Espresso,3,7.0,21.0,QR,Sunny
TXN-7574,2026-04-01,19:17,Putrajaya,Milk-based,Caramel Macchiato,1,13.0,13.0,Cash,Raining
TXN-7649,2026-04-01,19:38,Puncak Alam,Espresso-based,Americano,1,9.0,9.0,Cash,Sunny
TXN-7635,2026-04-01,19:42,Puncak Alam,Milk-based,Cappuccino,3,11.0,33.0,QR,Sunny
TXN-7567,2026-04-01,19:51,Putrajaya,Milk-based,Mocha,1,12.0,12.0,QR,Raining
TXN-7646,2026-04-01,19:54,Puncak Alam,Espresso-based,Espresso,1,7.0,7.0,Cash,Sunny
TXN-7616,2026-04-01,20:00,Puncak Alam,Milk-based,Latte,1,11.0,11.0,QR,Sunny
TXN-7639,2026-04-01,20:05,Puncak Alam,Milk-based,Latte,2,11.0,22.0,QR,Sunny
TXN-7589,2026-04-01,20:08,Putrajaya,Milk-based,Mocha,1,12.0,12.0,Cash,Raining
TXN-7585,2026-04-01,20:13,Putrajaya,Espresso-based,Espresso,2,7.0,14.0,Cash,Raining
TXN-7641,2026-04-01,20:24,Puncak Alam,Espresso-based,Americano,1,9.0,9.0,QR,Sunny
TXN-7594,2026-04-01,20:34,Puncak Alam,Milk-based,Caramel Macchiato,1,13.0,13.0,QR,Sunny
TXN-7604,2026-04-01,20:52,Puncak Alam,Milk-based,Cappuccino,1,11.0,11.0,QR,Sunny
TXN-7568,2026-04-01,20:59,Putrajaya,Espresso-based,Americano,1,9.0,9.0,QR,Raining
TXN-7569,2026-04-01,20:59,Putrajaya,Milk-based,Latte,1,11.0,11.0,QR,Raining
TXN-7572,2026-04-01,20:59,Putrajaya,Espresso-based,Espresso,1,7.0,7.0,Cash,Raining
TXN-7620,2026-04-01,21:10,Puncak Alam,Milk-based,Mocha,1,12.0,12.0,QR,Sunny
TXN-7634,2026-04-01,21:13,Puncak Alam,Ice Blended,Ice Blended Chocolate Chip,1,14.0,14.0,Cash,Sunny
TXN-7607,2026-04-01,21:16,Puncak Alam,Ice Blended,Ice Blended Chocolate Chip,1,14.0,14.0,QR,Sunny
TXN-7563,2026-04-01,21:32,Putrajaya,Milk-based,Mocha,1,12.0,12.0,QR,Raining
TXN-7593,2026-04-01,21:34,Puncak Alam,Espresso-based,Espresso,1,7.0,7.0,QR,Sunny
TXN-7617,2026-04-01,21:35,Puncak Alam,Espresso-based,Espresso,1,7.0,7.0,Cash,Sunny
TXN-7571,2026-04-01,21:39,Putrajaya,Milk-based,Caramel Macchiato,2,13.0,26.0,QR,Raining
TXN-7599,2026-04-01,21:41,Puncak Alam,Milk-based,Cappuccino,1,11.0,11.0,Cash,Sunny
TXN-7724,2026-04-02,08:18,Puncak Alam,Espresso-based,Espresso,2,7.0,14.0,Cash,Sunny
TXN-7756,2026-04-02,08:18,Puncak Alam,Milk-based,Latte,1,11.0,11.0,QR,Sunny
TXN-7733,2026-04-02,08:27,Puncak Alam,Espresso-based,Espresso,1,7.0,7.0,QR,Sunny
TXN-7676,2026-04-02,08:33,Putrajaya,Ice Blended,Ice Blended Chocolate Chip,1,14.0,14.0,Cash,Sunny
TXN-7735,2026-04-02,08:33,Puncak Alam,Espresso-based,Espresso,1,7.0,7.0,Cash,Sunny
TXN-7730,2026-04-02,08:40,Puncak Alam,Espresso-based,Espresso,1,7.0,7.0,Cash,Sunny
TXN-7745,2026-04-02,09:08,Puncak Alam,Milk-based,Latte,1,11.0,11.0,QR,Sunny
TXN-7661,2026-04-02,09:16,Putrajaya,Milk-based,Caramel Macchiato,1,13.0,13.0,Cash,Sunny
TXN-7718,2026-04-02,09:16,Putrajaya,Milk-based,Mocha,2,12.0,24.0,QR,Sunny
TXN-7655,2026-04-02,09:18,Putrajaya,Milk-based,Caramel Macchiato,1,13.0,13.0,QR,Sunny
TXN-7757,2026-04-02,09:19,Puncak Alam,Milk-based,Mocha,1,12.0,12.0,QR,Sunny
TXN-7664,2026-04-02,09:20,Putrajaya,Milk-based,Mocha,1,12.0,12.0,QR,Sunny
TXN-7685,2026-04-02,09:23,Putrajaya,Milk-based,Caramel Macchiato,1,13.0,13.0,Cash,Sunny
TXN-7706,2026-04-02,09:37,Putrajaya,Milk-based,Cappuccino,1,11.0,11.0,QR,Sunny
TXN-7762,2026-04-02,09:45,Puncak Alam,Espresso-based,Americano,2,9.0,18.0,QR,Sunny
TXN-7677,2026-04-02,09:56,Putrajaya,Milk-based,Caramel Macchiato,1,13.0,13.0,QR,Sunny
TXN-7721,2026-04-02,09:56,Puncak Alam,Ice Blended,Ice Blended Chocolate Chip,1,14.0,14.0,QR,Sunny
TXN-7695,2026-04-02,10:05,Putrajaya,Milk-based,Mocha,1,12.0,12.0,Cash,Sunny
TXN-7684,2026-04-02,10:15,Putrajaya,Espresso-based,Espresso,1,7.0,7.0,QR,Sunny
TXN-7711,2026-04-02,10:31,Putrajaya,Milk-based,Cappuccino,1,11.0,11.0,Cash,Sunny
TXN-7764,2026-04-02,10:31,Puncak Alam,Milk-based,Caramel Macchiato,1,13.0,13.0,Cash,Sunny
TXN-7669,2026-04-02,10:36,Putrajaya,Espresso-based,Americano,1,9.0,9.0,QR,Sunny
TXN-7701,2026-04-02,10:38,Putrajaya,Ice Blended,Ice Blended Chocolate Chip,2,14.0,28.0,QR,Sunny
TXN-7665,2026-04-02,10:50,Putrajaya,Milk-based,Caramel Macchiato,1,13.0,13.0,QR,Sunny
TXN-7683,2026-04-02,10:53,Putrajaya,Ice Blended,Ice Blended Chocolate Chip,1,14.0,14.0,QR,Sunny
TXN-7716,2026-04-02,11:01,Putrajaya,Ice Blended,Ice Blended Chocolate Chip,1,14.0,14.0,QR,Sunny
TXN-7688,2026-04-02,11:06,Putrajaya,Milk-based,Caramel Macchiato,1,13.0,13.0,QR,Sunny
TXN-7690,2026-04-02,11:10,Putrajaya,Milk-based,Cappuccino,1,11.0,11.0,QR,Sunny
TXN-7657,2026-04-02,11:14,Putrajaya,Milk-based,Cappuccino,1,11.0,11.0,QR,Sunny
TXN-7693,2026-04-02,11:15,Putrajaya,Milk-based,Mocha,1,12.0,12.0,QR,Sunny
TXN-7731,2026-04-02,11:15,Puncak Alam,Milk-based,Cappuccino,1,11.0,11.0,QR,Sunny
TXN-7679,2026-04-02,11:18,Putrajaya,Milk-based,Mocha,1,12.0,12.0,QR,Sunny
TXN-7651,2026-04-02,11:21,Putrajaya,Milk-based,Caramel Macchiato,3,13.0,39.0,QR,Sunny
TXN-7725,2026-04-02,11:48,Puncak Alam,Ice Blended,Ice Blended Chocolate Chip,1,14.0,14.0,QR,Sunny
TXN-7751,2026-04-02,11:54,Puncak Alam,Milk-based,Mocha,1,12.0,12.0,Cash,Sunny
TXN-7673,2026-04-02,11:58,Putrajaya,Milk-based,Mocha,4,12.0,48.0,QR,Sunny
TXN-7694,2026-04-02,12:02,Putrajaya,Milk-based,Latte,1,11.0,11.0,QR,Sunny
TXN-7671,2026-04-02,12:13,Putrajaya,Milk-based,Caramel Macchiato,1,13.0,13.0,QR,Sunny
TXN-7702,2026-04-02,12:15,Putrajaya,Milk-based,Latte,1,11.0,11.0,Cash,Sunny
TXN-7761,2026-04-02,12:22,Puncak Alam,Milk-based,Cappuccino,2,11.0,22.0,Cash,Sunny
TXN-7672,2026-04-02,12:32,Putrajaya,Milk-based,Cappuccino,1,11.0,11.0,Cash,Sunny
TXN-7662,2026-04-02,12:52,Putrajaya,Milk-based,Mocha,1,12.0,12.0,QR,Sunny
TXN-7652,2026-04-02,13:01,Putrajaya,Espresso-based,Espresso,1,7.0,7.0,QR,Sunny
TXN-7709,2026-04-02,13:02,Putrajaya,Milk-based,Latte,1,11.0,11.0,Cash,Sunny
TXN-7656,2026-04-02,13:16,Putrajaya,Milk-based,Cappuccino,1,11.0,11.0,Cash,Sunny
TXN-7722,2026-04-02,13:25,Puncak Alam,Milk-based,Latte,1,11.0,11.0,Cash,Sunny
TXN-7719,2026-04-02,13:28,Putrajaya,Ice Blended,Ice Blended Chocolate Chip,3,14.0,42.0,QR,Sunny
TXN-7720,2026-04-02,13:33,Puncak Alam,Espresso-based,Americano,1,9.0,9.0,Cash,Sunny
TXN-7663,2026-04-02,13:34,Putrajaya,Espresso-based,Americano,1,9.0,9.0,Cash,Sunny
TXN-7741,2026-04-02,13:35,Puncak Alam,Milk-based,Cappuccino,1,11.0,11.0,QR,Sunny
TXN-7717,2026-04-02,13:41,Putrajaya,Ice Blended,Ice Blended Chocolate Chip,1,14.0,14.0,QR,Sunny
TXN-7675,2026-04-02,13:51,Putrajaya,Espresso-based,Espresso,3,7.0,21.0,QR,Sunny
TXN-7670,2026-04-02,13:52,Putrajaya,Milk-based,Latte,2,11.0,22.0,Cash,Sunny
TXN-7689,2026-04-02,13:57,Putrajaya,Milk-based,Caramel Macchiato,3,13.0,39.0,QR,Sunny
TXN-7680,2026-04-02,14:06,Putrajaya,Milk-based,Mocha,1,12.0,12.0,QR,Sunny
TXN-7723,2026-04-02,14:11,Puncak Alam,Milk-based,Latte,1,11.0,11.0,QR,Sunny
TXN-7668,2026-04-02,14:12,Putrajaya,Espresso-based,Americano,1,9.0,9.0,QR,Sunny
TXN-7704,2026-04-02,14:16,Putrajaya,Milk-based,Mocha,2,12.0,24.0,Cash,Sunny
TXN-7658,2026-04-02,14:44,Putrajaya,Milk-based,Mocha,1,12.0,12.0,QR,Sunny
TXN-7728,2026-04-02,14:44,Puncak Alam,Milk-based,Latte,1,11.0,11.0,QR,Sunny
TXN-7674,2026-04-02,14:50,Putrajaya,Ice Blended,Ice Blended Chocolate Chip,1,14.0,14.0,QR,Sunny
TXN-7749,2026-04-02,14:56,Puncak Alam,Espresso-based,Americano,1,9.0,9.0,QR,Sunny
TXN-7682,2026-04-02,15:01,Putrajaya,Milk-based,Caramel Macchiato,1,13.0,13.0,QR,Sunny
TXN-7754,2026-04-02,15:04,Puncak Alam,Milk-based,Caramel Macchiato,1,13.0,13.0,Cash,Sunny
TXN-7732,2026-04-02,15:06,Puncak Alam,Milk-based,Mocha,3,12.0,36.0,QR,Sunny
TXN-7687,2026-04-02,15:40,Putrajaya,Espresso-based,Americano,1,9.0,9.0,Cash,Sunny
TXN-7765,2026-04-02,15:45,Puncak Alam,Ice Blended,Ice Blended Chocolate Chip,1,14.0,14.0,Cash,Sunny
TXN-7736,2026-04-02,15:46,Puncak Alam,Milk-based,Caramel Macchiato,1,13.0,13.0,QR,Sunny
TXN-7726,2026-04-02,15:54,Puncak Alam,Milk-based,Mocha,2,12.0,24.0,QR,Sunny
TXN-7667,2026-04-02,16:17,Putrajaya,Ice Blended,Ice Blended Chocolate Chip,2,14.0,28.0,QR,Sunny
TXN-7691,2026-04-02,16:40,Putrajaya,Milk-based,Cappuccino,2,11.0,22.0,QR,Sunny
TXN-7729,2026-04-02,16:40,Puncak Alam,Espresso-based,Americano,1,9.0,9.0,Cash,Sunny
TXN-7737,2026-04-02,16:45,Puncak Alam,Milk-based,Mocha,2,12.0,24.0,Cash,Sunny
TXN-7666,2026-04-02,16:57,Putrajaya,Milk-based,Mocha,3,12.0,36.0,QR,Sunny
TXN-7692,2026-04-02,17:10,Putrajaya,Ice Blended,Ice Blended Chocolate Chip,1,14.0,14.0,QR,Sunny
TXN-7699,2026-04-02,17:12,Putrajaya,Milk-based,Caramel Macchiato,1,13.0,13.0,Cash,Sunny
TXN-7753,2026-04-02,17:14,Puncak Alam,Espresso-based,Americano,1,9.0,9.0,QR,Sunny
TXN-7705,2026-04-02,17:22,Putrajaya,Ice Blended,Ice Blended Chocolate Chip,2,14.0,28.0,QR,Sunny
TXN-7747,2026-04-02,17:23,Puncak Alam,Milk-based,Cappuccino,2,11.0,22.0,QR,Sunny
TXN-7700,2026-04-02,17:26,Putrajaya,Milk-based,Latte,3,11.0,33.0,Cash,Sunny
TXN-7712,2026-04-02,17:42,Putrajaya,Milk-based,Mocha,1,12.0,12.0,QR,Sunny
TXN-7766,2026-04-02,17:43,Puncak Alam,Milk-based,Latte,1,11.0,11.0,Cash,Sunny
TXN-7714,2026-04-02,18:00,Putrajaya,Milk-based,Mocha,3,12.0,36.0,QR,Sunny
TXN-7738,2026-04-02,18:01,Puncak Alam,Milk-based,Latte,2,11.0,22.0,Cash,Sunny
TXN-7703,2026-04-02,18:10,Putrajaya,Milk-based,Latte,1,11.0,11.0,QR,Sunny
TXN-7678,2026-04-02,18:11,Putrajaya,Milk-based,Cappuccino,1,11.0,11.0,Cash,Sunny
TXN-7710,2026-04-02,18:11,Putrajaya,Ice Blended,Ice Blended Chocolate Chip,2,14.0,28.0,QR,Sunny
TXN-7660,2026-04-02,18:25,Putrajaya,Ice Blended,Ice Blended Chocolate Chip,1,14.0,14.0,QR,Sunny
TXN-7681,2026-04-02,18:25,Putrajaya,Ice Blended,Ice Blended Chocolate Chip,1,14.0,14.0,Cash,Sunny
TXN-7734,2026-04-02,18:28,Puncak Alam,Milk-based,Mocha,1,12.0,12.0,QR,Sunny
TXN-7750,2026-04-02,18:33,Puncak Alam,Ice Blended,Ice Blended Chocolate Chip,1,14.0,14.0,QR,Sunny
TXN-7742,2026-04-02,18:46,Puncak Alam,Milk-based,Cappuccino,1,11.0,11.0,QR,Sunny
TXN-7686,2026-04-02,19:00,Putrajaya,Espresso-based,Americano,1,9.0,9.0,QR,Sunny
TXN-7696,2026-04-02,19:06,Putrajaya,Espresso-based,Americano,1,9.0,9.0,Cash,Sunny
TXN-7715,2026-04-02,19:09,Putrajaya,Milk-based,Mocha,1,12.0,12.0,QR,Sunny
TXN-7727,2026-04-02,19:13,Puncak Alam,Milk-based,Caramel Macchiato,1,13.0,13.0,Cash,Sunny
TXN-7760,2026-04-02,19:34,Puncak Alam,Espresso-based,Americano,1,9.0,9.0,QR,Sunny
TXN-7744,2026-04-02,19:43,Puncak Alam,Espresso-based,Espresso,1,7.0,7.0,QR,Sunny
TXN-7654,2026-04-02,19:48,Putrajaya,Milk-based,Mocha,1,12.0,12.0,Cash,Sunny
TXN-7763,2026-04-02,20:17,Puncak Alam,Milk-based,Caramel Macchiato,1,13.0,13.0,QR,Sunny
TXN-7698,2026-04-02,20:19,Putrajaya,Espresso-based,Americano,4,9.0,36.0,Cash,Sunny
TXN-7653,2026-04-02,20:20,Putrajaya,Milk-based,Latte,1,11.0,11.0,Cash,Sunny
TXN-7752,2026-04-02,20:36,Puncak Alam,Milk-based,Latte,1,11.0,11.0,Cash,Sunny
TXN-7713,2026-04-02,20:37,Putrajaya,Milk-based,Cappuccino,1,11.0,11.0,QR,Sunny
TXN-7708,2026-04-02,20:40,Putrajaya,Espresso-based,Espresso,1,7.0,7.0,Cash,Sunny
TXN-7697,2026-04-02,20:46,Putrajaya,Milk-based,Cappuccino,1,11.0,11.0,QR,Sunny
TXN-7740,2026-04-02,20:54,Puncak Alam,Milk-based,Cappuccino,1,11.0,11.0,Cash,Sunny
TXN-7659,2026-04-02,21:02,Putrajaya,Milk-based,Mocha,1,12.0,12.0,QR,Sunny
TXN-7758,2026-04-02,21:02,Puncak Alam,Ice Blended,Ice Blended Chocolate Chip,4,14.0,56.0,QR,Sunny
TXN-7739,2026-04-02,21:04,Puncak Alam,Milk-based,Caramel Macchiato,2,13.0,26.0,QR,Sunny
TXN-7755,2026-04-02,21:12,Puncak Alam,Espresso-based,Espresso,1,7.0,7.0,QR,Sunny
TXN-7743,2026-04-02,21:16,Puncak Alam,Milk-based,Caramel Macchiato,1,13.0,13.0,QR,Sunny
TXN-7746,2026-04-02,21:20,Puncak Alam,Milk-based,Mocha,1,12.0,12.0,QR,Sunny
TXN-7759,2026-04-02,21:27,Puncak Alam,Milk-based,Caramel Macchiato,1,13.0,13.0,QR,Sunny
TXN-7748,2026-04-02,21:38,Puncak Alam,Milk-based,Latte,2,11.0,22.0,QR,Sunny
TXN-7707,2026-04-02,21:42,Putrajaya,Milk-based,Latte,4,11.0,44.0,Cash,Sunny
TXN-7788,2026-04-03,08:00,Putrajaya,Milk-based,Caramel Macchiato,1,13.0,13.0,QR,Sunny
TXN-7820,2026-04-03,08:02,Putrajaya,Milk-based,Cappuccino,1,11.0,11.0,QR,Sunny
TXN-7772,2026-04-03,08:03,Putrajaya,Milk-based,Latte,2,11.0,22.0,QR,Sunny
TXN-7769,2026-04-03,08:10,Putrajaya,Espresso-based,Espresso,1,7.0,7.0,QR,Sunny
TXN-7893,2026-04-03,08:22,Puncak Alam,Milk-based,Caramel Macchiato,3,13.0,39.0,QR,Sunny
TXN-7850,2026-04-03,08:24,Puncak Alam,Milk-based,Cappuccino,2,11.0,22.0,Cash,Sunny
TXN-7793,2026-04-03,08:36,Putrajaya,Espresso-based,Espresso,1,7.0,7.0,QR,Sunny
TXN-7888,2026-04-03,08:36,Puncak Alam,Milk-based,Latte,1,11.0,11.0,QR,Sunny
TXN-7800,2026-04-03,08:37,Putrajaya,Milk-based,Latte,1,11.0,11.0,QR,Sunny
TXN-7795,2026-04-03,09:00,Putrajaya,Milk-based,Cappuccino,2,11.0,22.0,Cash,Sunny
TXN-7813,2026-04-03,09:05,Putrajaya,Milk-based,Caramel Macchiato,3,13.0,39.0,Cash,Sunny
TXN-7852,2026-04-03,09:06,Puncak Alam,Milk-based,Mocha,1,12.0,12.0,QR,Sunny
TXN-7837,2026-04-03,09:07,Putrajaya,Milk-based,Latte,1,11.0,11.0,QR,Sunny
TXN-7822,2026-04-03,09:39,Putrajaya,Espresso-based,Americano,1,9.0,9.0,QR,Sunny
TXN-7790,2026-04-03,09:44,Putrajaya,Espresso-based,Espresso,1,7.0,7.0,QR,Sunny
TXN-7860,2026-04-03,09:47,Puncak Alam,Espresso-based,Espresso,1,7.0,7.0,QR,Sunny
TXN-7836,2026-04-03,09:49,Putrajaya,Espresso-based,Espresso,3,7.0,21.0,QR,Sunny
TXN-7787,2026-04-03,09:50,Putrajaya,Milk-based,Mocha,1,12.0,12.0,QR,Sunny
TXN-7821,2026-04-03,09:58,Putrajaya,Milk-based,Mocha,3,12.0,36.0,QR,Sunny
TXN-7789,2026-04-03,10:00,Putrajaya,Ice Blended,Ice Blended Chocolate Chip,1,14.0,14.0,QR,Sunny
TXN-7832,2026-04-03,10:06,Putrajaya,Milk-based,Cappuccino,1,11.0,11.0,QR,Sunny
TXN-7897,2026-04-03,10:15,Puncak Alam,Milk-based,Latte,1,11.0,11.0,Cash,Sunny
TXN-7840,2026-04-03,10:18,Putrajaya,Espresso-based,Americano,3,9.0,27.0,Cash,Sunny
TXN-7861,2026-04-03,10:37,Puncak Alam,Milk-based,Mocha,2,12.0,24.0,QR,Sunny
TXN-7892,2026-04-03,10:40,Puncak Alam,Milk-based,Caramel Macchiato,3,13.0,39.0,QR,Sunny
TXN-7784,2026-04-03,10:44,Putrajaya,Milk-based,Caramel Macchiato,3,13.0,39.0,Cash,Sunny
TXN-7859,2026-04-03,10:47,Puncak Alam,Espresso-based,Espresso,2,7.0,14.0,QR,Sunny
TXN-7796,2026-04-03,10:48,Putrajaya,Espresso-based,Espresso,1,7.0,7.0,QR,Sunny
TXN-7809,2026-04-03,10:49,Putrajaya,Milk-based,Mocha,2,12.0,24.0,QR,Sunny
TXN-7862,2026-04-03,10:53,Puncak Alam,Milk-based,Latte,1,11.0,11.0,QR,Sunny
TXN-7900,2026-04-03,10:58,Puncak Alam,Espresso-based,Americano,2,9.0,18.0,QR,Sunny
TXN-7826,2026-04-03,11:12,Putrajaya,Ice Blended,Ice Blended Chocolate Chip,1,14.0,14.0,QR,Sunny
TXN-7782,2026-04-03,11:18,Putrajaya,Milk-based,Caramel Macchiato,2,13.0,26.0,Cash,Sunny
TXN-7902,2026-04-03,11:28,Puncak Alam,Milk-based,Caramel Macchiato,1,13.0,13.0,QR,Sunny
TXN-7812,2026-04-03,11:49,Putrajaya,Milk-based,Latte,1,11.0,11.0,QR,Sunny
TXN-7780,2026-04-03,11:56,Putrajaya,Espresso-based,Espresso,1,7.0,7.0,QR,Sunny
TXN-7894,2026-04-03,12:05,Puncak Alam,Milk-based,Latte,1,11.0,11.0,QR,Sunny
TXN-7889,2026-04-03,12:15,Puncak Alam,Milk-based,Mocha,2,12.0,24.0,QR,Sunny
TXN-7891,2026-04-03,12:30,Puncak Alam,Espresso-based,Espresso,2,7.0,14.0,Cash,Sunny
TXN-7802,2026-04-03,12:35,Putrajaya,Milk-based,Caramel Macchiato,1,13.0,13.0,Cash,Sunny
TXN-7872,2026-04-03,12:36,Puncak Alam,Ice Blended,Ice Blended Chocolate Chip,1,14.0,14.0,QR,Sunny
TXN-7863,2026-04-03,12:38,Puncak Alam,Espresso-based,Espresso,1,7.0,7.0,QR,Sunny
TXN-7901,2026-04-03,12:49,Puncak Alam,Espresso-based,Americano,3,9.0,27.0,Cash,Sunny
TXN-7767,2026-04-03,12:55,Putrajaya,Milk-based,Cappuccino,1,11.0,11.0,QR,Sunny
TXN-7833,2026-04-03,12:59,Putrajaya,Milk-based,Caramel Macchiato,1,13.0,13.0,QR,Sunny
TXN-7857,2026-04-03,13:06,Puncak Alam,Milk-based,Latte,1,11.0,11.0,Cash,Sunny
TXN-7804,2026-04-03,13:08,Putrajaya,Milk-based,Latte,1,11.0,11.0,QR,Sunny
TXN-7844,2026-04-03,13:10,Putrajaya,Espresso-based,Espresso,1,7.0,7.0,QR,Sunny
TXN-7879,2026-04-03,13:12,Puncak Alam,Milk-based,Caramel Macchiato,2,13.0,26.0,QR,Sunny
TXN-7817,2026-04-03,13:13,Putrajaya,Milk-based,Cappuccino,1,11.0,11.0,Cash,Sunny
TXN-7824,2026-04-03,13:24,Putrajaya,Milk-based,Mocha,1,12.0,12.0,Cash,Sunny
TXN-7829,2026-04-03,13:26,Putrajaya,Ice Blended,Ice Blended Chocolate Chip,1,14.0,14.0,QR,Sunny
TXN-7768,2026-04-03,13:32,Putrajaya,Espresso-based,Espresso,1,7.0,7.0,QR,Sunny
TXN-7843,2026-04-03,13:38,Putrajaya,Milk-based,Caramel Macchiato,1,13.0,13.0,Cash,Sunny
TXN-7792,2026-04-03,13:43,Putrajaya,Milk-based,Caramel Macchiato,1,13.0,13.0,Cash,Sunny
TXN-7830,2026-04-03,13:50,Putrajaya,Milk-based,Latte,2,11.0,22.0,QR,Sunny
TXN-7783,2026-04-03,13:53,Putrajaya,Milk-based,Latte,2,11.0,22.0,QR,Sunny
TXN-7856,2026-04-03,14:05,Puncak Alam,Milk-based,Caramel Macchiato,2,13.0,26.0,QR,Sunny
TXN-7895,2026-04-03,14:10,Puncak Alam,Milk-based,Mocha,1,12.0,12.0,Cash,Sunny
TXN-7779,2026-04-03,14:11,Putrajaya,Ice Blended,Ice Blended Chocolate Chip,1,14.0,14.0,Cash,Sunny
TXN-7869,2026-04-03,14:13,Puncak Alam,Milk-based,Latte,1,11.0,11.0,QR,Sunny
TXN-7848,2026-04-03,14:20,Puncak Alam,Espresso-based,Americano,1,9.0,9.0,QR,Sunny
TXN-7791,2026-04-03,14:25,Putrajaya,Milk-based,Latte,4,11.0,44.0,QR,Sunny
TXN-7828,2026-04-03,14:37,Putrajaya,Ice Blended,Ice Blended Chocolate Chip,1,14.0,14.0,QR,Sunny
TXN-7807,2026-04-03,14:39,Putrajaya,Espresso-based,Espresso,2,7.0,14.0,QR,Sunny
TXN-7849,2026-04-03,14:45,Puncak Alam,Espresso-based,Americano,1,9.0,9.0,QR,Sunny
TXN-7858,2026-04-03,14:49,Puncak Alam,Milk-based,Latte,1,11.0,11.0,QR,Sunny
TXN-7814,2026-04-03,14:50,Putrajaya,Milk-based,Mocha,1,12.0,12.0,QR,Sunny
TXN-7871,2026-04-03,14:54,Puncak Alam,Milk-based,Cappuccino,1,11.0,11.0,Cash,Sunny
TXN-7887,2026-04-03,15:06,Puncak Alam,Milk-based,Mocha,1,12.0,12.0,QR,Sunny
TXN-7875,2026-04-03,15:13,Puncak Alam,Espresso-based,Americano,2,9.0,18.0,Cash,Sunny
TXN-7855,2026-04-03,15:22,Puncak Alam,Ice Blended,Ice Blended Chocolate Chip,1,14.0,14.0,QR,Sunny
TXN-7794,2026-04-03,15:23,Putrajaya,Milk-based,Mocha,1,12.0,12.0,Cash,Sunny
TXN-7831,2026-04-03,15:38,Putrajaya,Milk-based,Caramel Macchiato,1,13.0,13.0,QR,Sunny
TXN-7845,2026-04-03,15:40,Putrajaya,Milk-based,Caramel Macchiato,1,13.0,13.0,Cash,Sunny
TXN-7842,2026-04-03,15:54,Putrajaya,Espresso-based,Americano,1,9.0,9.0,QR,Sunny
TXN-7786,2026-04-03,15:59,Putrajaya,Milk-based,Cappuccino,1,11.0,11.0,Cash,Sunny
TXN-7878,2026-04-03,16:18,Puncak Alam,Milk-based,Cappuccino,1,11.0,11.0,QR,Sunny
TXN-7798,2026-04-03,16:21,Putrajaya,Milk-based,Latte,1,11.0,11.0,Cash,Sunny
TXN-7801,2026-04-03,16:26,Putrajaya,Milk-based,Latte,1,11.0,11.0,Cash,Sunny
TXN-7811,2026-04-03,16:36,Putrajaya,Ice Blended,Ice Blended Chocolate Chip,1,14.0,14.0,QR,Sunny
TXN-7835,2026-04-03,16:46,Putrajaya,Milk-based,Mocha,1,12.0,12.0,QR,Sunny
TXN-7883,2026-04-03,16:47,Puncak Alam,Espresso-based,Americano,1,9.0,9.0,QR,Sunny
TXN-7774,2026-04-03,16:49,Putrajaya,Ice Blended,Ice Blended Chocolate Chip,1,14.0,14.0,Cash,Sunny
TXN-7864,2026-04-03,17:08,Puncak Alam,Milk-based,Caramel Macchiato,2,13.0,26.0,QR,Sunny
TXN-7834,2026-04-03,17:17,Putrajaya,Milk-based,Cappuccino,1,11.0,11.0,QR,Sunny
TXN-7808,2026-04-03,17:24,Putrajaya,Ice Blended,Ice Blended Chocolate Chip,1,14.0,14.0,Cash,Sunny
TXN-7873,2026-04-03,17:42,Puncak Alam,Ice Blended,Ice Blended Chocolate Chip,1,14.0,14.0,QR,Sunny
TXN-7827,2026-04-03,17:43,Putrajaya,Milk-based,Cappuccino,1,11.0,11.0,QR,Sunny
TXN-7819,2026-04-03,17:59,Putrajaya,Milk-based,Caramel Macchiato,1,13.0,13.0,QR,Sunny
TXN-7816,2026-04-03,18:00,Putrajaya,Milk-based,Caramel Macchiato,3,13.0,39.0,Cash,Sunny
TXN-7868,2026-04-03,18:10,Puncak Alam,Milk-based,Cappuccino,1,11.0,11.0,QR,Sunny
TXN-7810,2026-04-03,18:14,Putrajaya,Ice Blended,Ice Blended Chocolate Chip,1,14.0,14.0,QR,Sunny
TXN-7899,2026-04-03,18:25,Puncak Alam,Espresso-based,Espresso,1,7.0,7.0,QR,Sunny
TXN-7876,2026-04-03,18:33,Puncak Alam,Milk-based,Mocha,2,12.0,24.0,QR,Sunny
TXN-7805,2026-04-03,18:35,Putrajaya,Ice Blended,Ice Blended Chocolate Chip,1,14.0,14.0,QR,Sunny
TXN-7884,2026-04-03,18:54,Puncak Alam,Ice Blended,Ice Blended Chocolate Chip,1,14.0,14.0,QR,Sunny
TXN-7825,2026-04-03,18:59,Putrajaya,Espresso-based,Espresso,3,7.0,21.0,QR,Sunny
TXN-7797,2026-04-03,19:00,Putrajaya,Espresso-based,Americano,2,9.0,18.0,Cash,Sunny
TXN-7770,2026-04-03,19:06,Putrajaya,Ice Blended,Ice Blended Chocolate Chip,2,14.0,28.0,QR,Sunny
TXN-7776,2026-04-03,19:08,Putrajaya,Milk-based,Latte,2,11.0,22.0,Cash,Sunny
TXN-7777,2026-04-03,19:28,Putrajaya,Milk-based,Caramel Macchiato,1,13.0,13.0,QR,Sunny
TXN-7823,2026-04-03,19:36,Putrajaya,Milk-based,Latte,1,11.0,11.0,QR,Sunny
TXN-7771,2026-04-03,19:44,Putrajaya,Milk-based,Latte,1,11.0,11.0,QR,Sunny
TXN-7877,2026-04-03,19:49,Puncak Alam,Milk-based,Mocha,1,12.0,12.0,QR,Sunny
TXN-7853,2026-04-03,19:56,Puncak Alam,Milk-based,Mocha,1,12.0,12.0,QR,Sunny
TXN-7838,2026-04-03,20:02,Putrajaya,Milk-based,Mocha,1,12.0,12.0,QR,Sunny
TXN-7847,2026-04-03,20:06,Puncak Alam,Espresso-based,Americano,1,9.0,9.0,QR,Sunny
TXN-7773,2026-04-03,20:09,Putrajaya,Milk-based,Caramel Macchiato,1,13.0,13.0,Cash,Sunny
TXN-7890,2026-04-03,20:12,Puncak Alam,Espresso-based,Americano,1,9.0,9.0,QR,Sunny
TXN-7874,2026-04-03,20:27,Puncak Alam,Milk-based,Caramel Macchiato,3,13.0,39.0,QR,Sunny
TXN-7881,2026-04-03,20:31,Puncak Alam,Milk-based,Latte,2,11.0,22.0,QR,Sunny
TXN-7806,2026-04-03,20:42,Putrajaya,Milk-based,Latte,3,11.0,33.0,Cash,Sunny
TXN-7870,2026-04-03,20:42,Puncak Alam,Ice Blended,Ice Blended Chocolate Chip,1,14.0,14.0,Cash,Sunny
TXN-7886,2026-04-03,20:51,Puncak Alam,Espresso-based,Americano,1,9.0,9.0,QR,Sunny
TXN-7839,2026-04-03,20:56,Putrajaya,Milk-based,Latte,1,11.0,11.0,QR,Sunny
TXN-7854,2026-04-03,20:56,Puncak Alam,Ice Blended,Ice Blended Chocolate Chip,1,14.0,14.0,QR,Sunny
TXN-7785,2026-04-03,21:00,Putrajaya,Milk-based,Latte,1,11.0,11.0,QR,Sunny
TXN-7898,2026-04-03,21:01,Puncak Alam,Milk-based,Latte,1,11.0,11.0,QR,Sunny
TXN-7867,2026-04-03,21:02,Puncak Alam,Espresso-based,Americano,1,9.0,9.0,QR,Sunny
TXN-7851,2026-04-03,21:03,Puncak Alam,Espresso-based,Espresso,3,7.0,21.0,QR,Sunny
TXN-7885,2026-04-03,21:03,Puncak Alam,Milk-based,Mocha,1,12.0,12.0,QR,Sunny
TXN-7882,2026-04-03,21:06,Puncak Alam,Espresso-based,Americano,1,9.0,9.0,QR,Sunny
TXN-7866,2026-04-03,21:07,Puncak Alam,Milk-based,Cappuccino,1,11.0,11.0,QR,Sunny
TXN-7846,2026-04-03,21:12,Putrajaya,Milk-based,Cappuccino,2,11.0,22.0,QR,Sunny
TXN-7775,2026-04-03,21:17,Putrajaya,Milk-based,Cappuccino,1,11.0,11.0,QR,Sunny
TXN-7865,2026-04-03,21:33,Puncak Alam,Milk-based,Caramel Macchiato,3,13.0,39.0,QR,Sunny
TXN-7803,2026-04-03,21:36,Putrajaya,Espresso-based,Espresso,1,7.0,7.0,Cash,Sunny
TXN-7880,2026-04-03,21:40,Puncak Alam,Milk-based,Latte,1,11.0,11.0,QR,Sunny
TXN-7778,2026-04-03,21:43,Putrajaya,Milk-based,Cappuccino,1,11.0,11.0,QR,Sunny
TXN-7815,2026-04-03,21:44,Putrajaya,Milk-based,Caramel Macchiato,1,13.0,13.0,QR,Sunny
TXN-7818,2026-04-03,21:48,Putrajaya,Espresso-based,Espresso,1,7.0,7.0,QR,Sunny
TXN-7781,2026-04-03,21:53,Putrajaya,Milk-based,Latte,3,11.0,33.0,Cash,Sunny
TXN-7841,2026-04-03,21:55,Putrajaya,Milk-based,Latte,4,11.0,44.0,Cash,Sunny
TXN-7896,2026-04-03,21:55,Puncak Alam,Milk-based,Latte,2,11.0,22.0,QR,Sunny
TXN-7799,2026-04-03,21:57,Putrajaya,Ice Blended,Ice Blended Chocolate Chip,2,14.0,28.0,QR,Sunny
TXN-7931,2026-04-04,08:04,Putrajaya,Milk-based,Mocha,1,12.0,12.0,Cash,Sunny
TXN-7973,2026-04-04,08:36,Puncak Alam,Espresso-based,Americano,1,9.0,9.0,QR,Cloudy
TXN-7916,2026-04-04,08:47,Putrajaya,Espresso-based,Espresso,1,7.0,7.0,Cash,Sunny
TXN-7903,2026-04-04,08:56,Putrajaya,Milk-based,Latte,4,11.0,44.0,Cash,Sunny
TXN-7965,2026-04-04,09:03,Puncak Alam,Espresso-based,Espresso,1,7.0,7.0,Cash,Cloudy
TXN-7979,2026-04-04,09:10,Puncak Alam,Espresso-based,Americano,1,9.0,9.0,Cash,Cloudy
TXN-7910,2026-04-04,09:28,Putrajaya,Milk-based,Cappuccino,1,11.0,11.0,Cash,Sunny
TXN-7951,2026-04-04,09:29,Puncak Alam,Ice Blended,Ice Blended Chocolate Chip,1,14.0,14.0,Cash,Cloudy
TXN-7963,2026-04-04,09:43,Puncak Alam,Milk-based,Mocha,1,12.0,12.0,QR,Cloudy
TXN-7930,2026-04-04,09:45,Putrajaya,Espresso-based,Espresso,1,7.0,7.0,QR,Sunny
TXN-7933,2026-04-04,10:14,Putrajaya,Milk-based,Cappuccino,1,11.0,11.0,QR,Sunny
TXN-7936,2026-04-04,10:27,Putrajaya,Espresso-based,Espresso,1,7.0,7.0,QR,Sunny
TXN-7940,2026-04-04,10:28,Putrajaya,Ice Blended,Ice Blended Chocolate Chip,1,14.0,14.0,Cash,Sunny
TXN-7927,2026-04-04,10:37,Putrajaya,Milk-based,Latte,1,11.0,11.0,Cash,Sunny
TXN-7962,2026-04-04,10:44,Puncak Alam,Milk-based,Caramel Macchiato,1,13.0,13.0,QR,Cloudy
TXN-7969,2026-04-04,10:56,Puncak Alam,Milk-based,Mocha,1,12.0,12.0,Cash,Cloudy
TXN-7929,2026-04-04,10:59,Putrajaya,Milk-based,Latte,1,11.0,11.0,QR,Sunny
TXN-7922,2026-04-04,11:18,Putrajaya,Espresso-based,Espresso,1,7.0,7.0,QR,Sunny
TXN-7956,2026-04-04,11:35,Puncak Alam,Milk-based,Caramel Macchiato,1,13.0,13.0,QR,Cloudy
TXN-7975,2026-04-04,12:23,Puncak Alam,Espresso-based,Americano,1,9.0,9.0,QR,Cloudy
TXN-7906,2026-04-04,12:27,Putrajaya,Milk-based,Cappuccino,2,11.0,22.0,Cash,Sunny
TXN-7958,2026-04-04,12:43,Puncak Alam,Milk-based,Latte,1,11.0,11.0,QR,Cloudy
TXN-7918,2026-04-04,12:47,Putrajaya,Milk-based,Caramel Macchiato,1,13.0,13.0,Cash,Sunny
TXN-7974,2026-04-04,12:54,Puncak Alam,Espresso-based,Espresso,3,7.0,21.0,Cash,Cloudy
TXN-7968,2026-04-04,12:55,Puncak Alam,Ice Blended,Ice Blended Chocolate Chip,1,14.0,14.0,QR,Cloudy
TXN-7932,2026-04-04,13:04,Putrajaya,Ice Blended,Ice Blended Chocolate Chip,1,14.0,14.0,QR,Sunny
TXN-7905,2026-04-04,13:07,Putrajaya,Ice Blended,Ice Blended Chocolate Chip,1,14.0,14.0,QR,Sunny
TXN-7917,2026-04-04,13:29,Putrajaya,Espresso-based,Espresso,1,7.0,7.0,QR,Sunny
TXN-7980,2026-04-04,13:34,Puncak Alam,Milk-based,Latte,2,11.0,22.0,Cash,Cloudy
TXN-7972,2026-04-04,13:40,Puncak Alam,Milk-based,Mocha,2,12.0,24.0,QR,Cloudy
TXN-7960,2026-04-04,13:50,Puncak Alam,Espresso-based,Espresso,3,7.0,21.0,QR,Cloudy
TXN-7949,2026-04-04,13:51,Puncak Alam,Espresso-based,Americano,1,9.0,9.0,Cash,Cloudy
TXN-7952,2026-04-04,14:19,Puncak Alam,Milk-based,Cappuccino,1,11.0,11.0,Cash,Cloudy
TXN-7939,2026-04-04,14:44,Putrajaya,Ice Blended,Ice Blended Chocolate Chip,1,14.0,14.0,Cash,Sunny
TXN-7921,2026-04-04,14:58,Putrajaya,Espresso-based,Espresso,1,7.0,7.0,Cash,Sunny
TXN-7943,2026-04-04,15:09,Putrajaya,Ice Blended,Ice Blended Chocolate Chip,1,14.0,14.0,Cash,Sunny
TXN-7938,2026-04-04,15:16,Putrajaya,Milk-based,Caramel Macchiato,1,13.0,13.0,QR,Sunny
TXN-7904,2026-04-04,15:21,Putrajaya,Ice Blended,Ice Blended Chocolate Chip,1,14.0,14.0,Cash,Sunny
TXN-7926,2026-04-04,15:34,Putrajaya,Ice Blended,Ice Blended Chocolate Chip,1,14.0,14.0,QR,Sunny
TXN-7945,2026-04-04,16:11,Puncak Alam,Ice Blended,Ice Blended Chocolate Chip,1,14.0,14.0,Cash,Cloudy
TXN-7950,2026-04-04,16:18,Puncak Alam,Milk-based,Latte,1,11.0,11.0,QR,Cloudy
TXN-7981,2026-04-04,16:19,Puncak Alam,Ice Blended,Ice Blended Chocolate Chip,1,14.0,14.0,QR,Cloudy
TXN-7967,2026-04-04,16:45,Puncak Alam,Milk-based,Caramel Macchiato,1,13.0,13.0,QR,Cloudy
TXN-7970,2026-04-04,16:45,Puncak Alam,Milk-based,Cappuccino,1,11.0,11.0,QR,Cloudy
TXN-7955,2026-04-04,16:50,Puncak Alam,Espresso-based,Americano,1,9.0,9.0,QR,Cloudy
TXN-7941,2026-04-04,16:57,Putrajaya,Milk-based,Caramel Macchiato,1,13.0,13.0,QR,Sunny
TXN-7964,2026-04-04,17:13,Puncak Alam,Ice Blended,Ice Blended Chocolate Chip,1,14.0,14.0,QR,Cloudy
TXN-7948,2026-04-04,17:17,Puncak Alam,Espresso-based,Americano,1,9.0,9.0,Cash,Cloudy
TXN-7957,2026-04-04,17:29,Puncak Alam,Milk-based,Mocha,2,12.0,24.0,Cash,Cloudy
TXN-7923,2026-04-04,17:37,Putrajaya,Espresso-based,Espresso,2,7.0,14.0,QR,Sunny
TXN-7925,2026-04-04,17:56,Putrajaya,Milk-based,Cappuccino,3,11.0,33.0,QR,Sunny
TXN-7935,2026-04-04,17:56,Putrajaya,Milk-based,Cappuccino,1,11.0,11.0,QR,Sunny
TXN-7908,2026-04-04,18:02,Putrajaya,Milk-based,Cappuccino,1,11.0,11.0,QR,Sunny
TXN-7913,2026-04-04,18:08,Putrajaya,Milk-based,Mocha,2,12.0,24.0,QR,Sunny
TXN-7914,2026-04-04,18:13,Putrajaya,Espresso-based,Americano,1,9.0,9.0,QR,Sunny
TXN-7934,2026-04-04,18:13,Putrajaya,Milk-based,Caramel Macchiato,1,13.0,13.0,QR,Sunny
TXN-7977,2026-04-04,18:26,Puncak Alam,Espresso-based,Americano,1,9.0,9.0,QR,Cloudy
TXN-7944,2026-04-04,18:43,Putrajaya,Milk-based,Latte,1,11.0,11.0,Cash,Sunny
TXN-7912,2026-04-04,18:57,Putrajaya,Milk-based,Cappuccino,1,11.0,11.0,Cash,Sunny
TXN-7942,2026-04-04,18:58,Putrajaya,Milk-based,Cappuccino,1,11.0,11.0,Cash,Sunny
TXN-7937,2026-04-04,18:59,Putrajaya,Milk-based,Caramel Macchiato,2,13.0,26.0,Cash,Sunny
TXN-7924,2026-04-04,19:09,Putrajaya,Milk-based,Cappuccino,2,11.0,22.0,QR,Sunny
TXN-7966,2026-04-04,19:09,Puncak Alam,Milk-based,Cappuccino,1,11.0,11.0,Cash,Cloudy
TXN-7919,2026-04-04,19:12,Putrajaya,Ice Blended,Ice Blended Chocolate Chip,1,14.0,14.0,Cash,Sunny
TXN-7961,2026-04-04,19:24,Puncak Alam,Espresso-based,Americano,3,9.0,27.0,QR,Cloudy
TXN-7982,2026-04-04,19:28,Puncak Alam,Milk-based,Latte,2,11.0,22.0,Cash,Cloudy
TXN-7907,2026-04-04,19:47,Putrajaya,Milk-based,Latte,1,11.0,11.0,QR,Sunny
TXN-7978,2026-04-04,20:16,Puncak Alam,Espresso-based,Americano,1,9.0,9.0,Cash,Cloudy
TXN-7947,2026-04-04,20:22,Puncak Alam,Milk-based,Mocha,1,12.0,12.0,QR,Cloudy
TXN-7959,2026-04-04,20:26,Puncak Alam,Milk-based,Caramel Macchiato,1,13.0,13.0,QR,Cloudy
TXN-7928,2026-04-04,20:49,Putrajaya,Espresso-based,Espresso,1,7.0,7.0,Cash,Sunny
TXN-7911,2026-04-04,20:50,Putrajaya,Ice Blended,Ice Blended Chocolate Chip,1,14.0,14.0,QR,Sunny
TXN-7971,2026-04-04,20:54,Puncak Alam,Milk-based,Cappuccino,1,11.0,11.0,Cash,Cloudy
TXN-7920,2026-04-04,21:10,Putrajaya,Milk-based,Latte,1,11.0,11.0,QR,Sunny
TXN-7915,2026-04-04,21:22,Putrajaya,Milk-based,Caramel Macchiato,1,13.0,13.0,Cash,Sunny
TXN-7946,2026-04-04,21:36,Puncak Alam,Milk-based,Latte,2,11.0,22.0,QR,Cloudy
TXN-7976,2026-04-04,21:37,Puncak Alam,Ice Blended,Ice Blended Chocolate Chip,2,14.0,28.0,QR,Cloudy
TXN-7954,2026-04-04,21:39,Puncak Alam,Milk-based,Cappuccino,1,11.0,11.0,QR,Cloudy
TXN-7953,2026-04-04,21:44,Puncak Alam,Milk-based,Mocha,1,12.0,12.0,Cash,Cloudy
TXN-7909,2026-04-04,21:48,Putrajaya,Milk-based,Caramel Macchiato,1,13.0,13.0,QR,Sunny
TXN-8031,2026-04-05,08:03,Puncak Alam,Milk-based,Caramel Macchiato,3,13.0,39.0,Cash,Sunny
TXN-8046,2026-04-05,08:04,Puncak Alam,Espresso-based,Espresso,1,7.0,7.0,Cash,Sunny
TXN-8004,2026-04-05,08:09,Putrajaya,Espresso-based,Americano,1,9.0,9.0,Cash,Sunny
TXN-8029,2026-04-05,08:12,Puncak Alam,Milk-based,Caramel Macchiato,1,13.0,13.0,Cash,Sunny
TXN-8038,2026-04-05,08:18,Puncak Alam,Espresso-based,Americano,1,9.0,9.0,QR,Sunny
TXN-8078,2026-04-05,08:20,Puncak Alam,Espresso-based,Espresso,1,7.0,7.0,Cash,Sunny
TXN-8045,2026-04-05,08:44,Puncak Alam,Ice Blended,Ice Blended Chocolate Chip,1,14.0,14.0,QR,Sunny
TXN-8035,2026-04-05,08:49,Puncak Alam,Espresso-based,Espresso,2,7.0,14.0,Cash,Sunny
TXN-8011,2026-04-05,08:54,Putrajaya,Ice Blended,Ice Blended Chocolate Chip,1,14.0,14.0,QR,Sunny
TXN-7996,2026-04-05,09:03,Putrajaya,Milk-based,Cappuccino,1,11.0,11.0,Cash,Sunny
TXN-7995,2026-04-05,09:11,Putrajaya,Espresso-based,Espresso,1,7.0,7.0,QR,Sunny
TXN-8006,2026-04-05,09:18,Putrajaya,Espresso-based,Americano,1,9.0,9.0,QR,Sunny
TXN-8055,2026-04-05,09:28,Puncak Alam,Espresso-based,Americano,1,9.0,9.0,QR,Sunny
TXN-7990,2026-04-05,09:58,Putrajaya,Espresso-based,Americano,2,9.0,18.0,Cash,Sunny
TXN-8043,2026-04-05,10:06,Puncak Alam,Milk-based,Cappuccino,1,11.0,11.0,Cash,Sunny
TXN-8080,2026-04-05,10:08,Puncak Alam,Milk-based,Latte,3,11.0,33.0,QR,Sunny
TXN-8084,2026-04-05,10:10,Puncak Alam,Milk-based,Latte,1,11.0,11.0,QR,Sunny
TXN-8063,2026-04-05,10:18,Puncak Alam,Milk-based,Cappuccino,1,11.0,11.0,QR,Sunny
TXN-8062,2026-04-05,10:32,Puncak Alam,Milk-based,Latte,2,11.0,22.0,Cash,Sunny
TXN-8018,2026-04-05,10:42,Puncak Alam,Espresso-based,Espresso,1,7.0,7.0,QR,Sunny
TXN-8032,2026-04-05,10:51,Puncak Alam,Milk-based,Caramel Macchiato,2,13.0,26.0,Cash,Sunny
TXN-8021,2026-04-05,10:52,Puncak Alam,Milk-based,Cappuccino,1,11.0,11.0,Cash,Sunny
TXN-8073,2026-04-05,10:58,Puncak Alam,Milk-based,Caramel Macchiato,1,13.0,13.0,QR,Sunny
TXN-8068,2026-04-05,10:59,Puncak Alam,Milk-based,Cappuccino,1,11.0,11.0,Cash,Sunny
TXN-8048,2026-04-05,11:16,Puncak Alam,Milk-based,Mocha,1,12.0,12.0,Cash,Sunny
TXN-8079,2026-04-05,11:16,Puncak Alam,Milk-based,Caramel Macchiato,3,13.0,39.0,QR,Sunny
TXN-8037,2026-04-05,11:31,Puncak Alam,Milk-based,Caramel Macchiato,2,13.0,26.0,Cash,Sunny
TXN-8017,2026-04-05,11:36,Puncak Alam,Milk-based,Mocha,3,12.0,36.0,QR,Sunny
TXN-7987,2026-04-05,11:41,Putrajaya,Milk-based,Caramel Macchiato,1,13.0,13.0,QR,Sunny
TXN-8065,2026-04-05,11:42,Puncak Alam,Espresso-based,Americano,1,9.0,9.0,Cash,Sunny
TXN-8053,2026-04-05,11:49,Puncak Alam,Espresso-based,Americano,1,9.0,9.0,QR,Sunny
TXN-8022,2026-04-05,12:14,Puncak Alam,Espresso-based,Espresso,1,7.0,7.0,QR,Sunny
TXN-8047,2026-04-05,12:29,Puncak Alam,Milk-based,Mocha,1,12.0,12.0,QR,Sunny
TXN-8016,2026-04-05,12:31,Puncak Alam,Milk-based,Caramel Macchiato,2,13.0,26.0,Cash,Sunny
TXN-8054,2026-04-05,12:46,Puncak Alam,Milk-based,Caramel Macchiato,1,13.0,13.0,QR,Sunny
TXN-8059,2026-04-05,12:46,Puncak Alam,Milk-based,Mocha,1,12.0,12.0,Cash,Sunny
TXN-8064,2026-04-05,13:03,Puncak Alam,Espresso-based,Espresso,1,7.0,7.0,QR,Sunny
TXN-8020,2026-04-05,13:33,Puncak Alam,Milk-based,Mocha,1,12.0,12.0,QR,Sunny
TXN-8083,2026-04-05,13:35,Puncak Alam,Espresso-based,Espresso,1,7.0,7.0,QR,Sunny
TXN-8010,2026-04-05,13:36,Putrajaya,Milk-based,Caramel Macchiato,1,13.0,13.0,Cash,Sunny
TXN-8023,2026-04-05,13:36,Puncak Alam,Espresso-based,Americano,1,9.0,9.0,QR,Sunny
TXN-8082,2026-04-05,13:37,Puncak Alam,Espresso-based,Americano,1,9.0,9.0,Cash,Sunny
TXN-7988,2026-04-05,13:42,Putrajaya,Milk-based,Cappuccino,1,11.0,11.0,QR,Sunny
TXN-8019,2026-04-05,13:43,Puncak Alam,Milk-based,Mocha,2,12.0,24.0,Cash,Sunny
TXN-7997,2026-04-05,13:48,Putrajaya,Milk-based,Mocha,1,12.0,12.0,Cash,Sunny
TXN-8033,2026-04-05,13:55,Puncak Alam,Ice Blended,Ice Blended Chocolate Chip,1,14.0,14.0,QR,Sunny
TXN-8001,2026-04-05,14:02,Putrajaya,Milk-based,Cappuccino,1,11.0,11.0,Cash,Sunny
TXN-8058,2026-04-05,14:04,Puncak Alam,Milk-based,Caramel Macchiato,1,13.0,13.0,QR,Sunny
TXN-8070,2026-04-05,14:11,Puncak Alam,Ice Blended,Ice Blended Chocolate Chip,1,14.0,14.0,QR,Sunny
TXN-8026,2026-04-05,14:18,Puncak Alam,Milk-based,Cappuccino,1,11.0,11.0,QR,Sunny
TXN-8007,2026-04-05,14:19,Putrajaya,Milk-based,Latte,1,11.0,11.0,QR,Sunny
TXN-8040,2026-04-05,14:22,Puncak Alam,Espresso-based,Americano,1,9.0,9.0,QR,Sunny
TXN-8024,2026-04-05,14:27,Puncak Alam,Espresso-based,Espresso,1,7.0,7.0,Cash,Sunny
TXN-8034,2026-04-05,14:30,Puncak Alam,Espresso-based,Espresso,1,7.0,7.0,Cash,Sunny
TXN-7994,2026-04-05,14:51,Putrajaya,Milk-based,Cappuccino,1,11.0,11.0,Cash,Sunny
TXN-8049,2026-04-05,14:57,Puncak Alam,Espresso-based,Espresso,1,7.0,7.0,QR,Sunny
TXN-8005,2026-04-05,15:10,Putrajaya,Milk-based,Caramel Macchiato,1,13.0,13.0,QR,Sunny
TXN-8027,2026-04-05,15:18,Puncak Alam,Milk-based,Mocha,2,12.0,24.0,QR,Sunny
TXN-8000,2026-04-05,15:20,Putrajaya,Milk-based,Cappuccino,1,11.0,11.0,QR,Sunny
TXN-8056,2026-04-05,15:28,Puncak Alam,Espresso-based,Americano,2,9.0,18.0,Cash,Sunny
TXN-8060,2026-04-05,15:33,Puncak Alam,Milk-based,Latte,3,11.0,33.0,Cash,Sunny
TXN-7983,2026-04-05,15:39,Putrajaya,Milk-based,Latte,1,11.0,11.0,QR,Sunny
TXN-8050,2026-04-05,15:49,Puncak Alam,Espresso-based,Americano,1,9.0,9.0,QR,Sunny
TXN-8052,2026-04-05,16:02,Puncak Alam,Espresso-based,Americano,1,9.0,9.0,QR,Sunny
TXN-8003,2026-04-05,16:20,Putrajaya,Ice Blended,Ice Blended Chocolate Chip,1,14.0,14.0,QR,Sunny
TXN-8012,2026-04-05,16:26,Putrajaya,Espresso-based,Americano,1,9.0,9.0,QR,Sunny
TXN-8072,2026-04-05,16:34,Puncak Alam,Espresso-based,Americano,1,9.0,9.0,QR,Sunny
TXN-8044,2026-04-05,16:41,Puncak Alam,Milk-based,Latte,1,11.0,11.0,Cash,Sunny
TXN-7986,2026-04-05,16:52,Putrajaya,Milk-based,Mocha,3,12.0,36.0,QR,Sunny
TXN-7991,2026-04-05,17:07,Putrajaya,Ice Blended,Ice Blended Chocolate Chip,1,14.0,14.0,Cash,Sunny
TXN-7999,2026-04-05,17:30,Putrajaya,Espresso-based,Americano,1,9.0,9.0,QR,Sunny
TXN-8069,2026-04-05,17:48,Puncak Alam,Milk-based,Caramel Macchiato,1,13.0,13.0,QR,Sunny
TXN-8013,2026-04-05,17:49,Puncak Alam,Espresso-based,Americano,1,9.0,9.0,QR,Sunny
TXN-8008,2026-04-05,17:51,Putrajaya,Milk-based,Cappuccino,1,11.0,11.0,QR,Sunny
TXN-8067,2026-04-05,17:53,Puncak Alam,Espresso-based,Espresso,1,7.0,7.0,QR,Sunny
TXN-8066,2026-04-05,17:57,Puncak Alam,Ice Blended,Ice Blended Chocolate Chip,1,14.0,14.0,QR,Sunny
TXN-8074,2026-04-05,18:00,Puncak Alam,Ice Blended,Ice Blended Chocolate Chip,1,14.0,14.0,QR,Sunny
TXN-8081,2026-04-05,18:11,Puncak Alam,Milk-based,Caramel Macchiato,1,13.0,13.0,QR,Sunny
TXN-7984,2026-04-05,18:14,Putrajaya,Espresso-based,Espresso,1,7.0,7.0,Cash,Sunny
TXN-7992,2026-04-05,18:24,Putrajaya,Milk-based,Latte,1,11.0,11.0,QR,Sunny
TXN-7998,2026-04-05,18:37,Putrajaya,Milk-based,Cappuccino,2,11.0,22.0,QR,Sunny
TXN-8002,2026-04-05,18:40,Putrajaya,Espresso-based,Americano,3,9.0,27.0,QR,Sunny
TXN-8077,2026-04-05,18:51,Puncak Alam,Milk-based,Caramel Macchiato,1,13.0,13.0,QR,Sunny
TXN-8041,2026-04-05,18:52,Puncak Alam,Milk-based,Latte,1,11.0,11.0,QR,Sunny
TXN-8042,2026-04-05,18:57,Puncak Alam,Milk-based,Cappuccino,3,11.0,33.0,Cash,Sunny
TXN-7985,2026-04-05,19:03,Putrajaya,Espresso-based,Americano,1,9.0,9.0,Cash,Sunny
TXN-8025,2026-04-05,19:23,Puncak Alam,Milk-based,Caramel Macchiato,3,13.0,39.0,QR,Sunny
TXN-8009,2026-04-05,19:41,Putrajaya,Ice Blended,Ice Blended Chocolate Chip,4,14.0,56.0,QR,Sunny
TXN-8036,2026-04-05,19:46,Puncak Alam,Espresso-based,Espresso,2,7.0,14.0,Cash,Sunny
TXN-8039,2026-04-05,19:59,Puncak Alam,Milk-based,Latte,1,11.0,11.0,Cash,Sunny
TXN-8071,2026-04-05,20:08,Puncak Alam,Milk-based,Caramel Macchiato,1,13.0,13.0,QR,Sunny
TXN-7989,2026-04-05,20:09,Putrajaya,Espresso-based,Espresso,1,7.0,7.0,Cash,Sunny
TXN-8057,2026-04-05,20:14,Puncak Alam,Espresso-based,Americano,1,9.0,9.0,QR,Sunny
TXN-7993,2026-04-05,20:22,Putrajaya,Ice Blended,Ice Blended Chocolate Chip,1,14.0,14.0,Cash,Sunny
TXN-8028,2026-04-05,21:05,Puncak Alam,Milk-based,Mocha,1,12.0,12.0,QR,Sunny
TXN-8051,2026-04-05,21:12,Puncak Alam,Milk-based,Mocha,1,12.0,12.0,QR,Sunny
TXN-8030,2026-04-05,21:38,Puncak Alam,Milk-based,Mocha,2,12.0,24.0,QR,Sunny
TXN-8076,2026-04-05,21:38,Puncak Alam,Milk-based,Caramel Macchiato,1,13.0,13.0,QR,Sunny
TXN-8014,2026-04-05,21:43,Puncak Alam,Milk-based,Caramel Macchiato,1,13.0,13.0,Cash,Sunny
TXN-8061,2026-04-05,21:49,Puncak Alam,Milk-based,Caramel Macchiato,3,13.0,39.0,QR,Sunny
TXN-8075,2026-04-05,21:54,Puncak Alam,Milk-based,Mocha,2,12.0,24.0,Cash,Sunny
TXN-8015,2026-04-05,21:58,Puncak Alam,Espresso-based,Espresso,1,7.0,7.0,QR,Sunny
TXN-8121,2026-04-06,08:13,Puncak Alam,Milk-based,Latte,1,11.0,11.0,QR,Sunny
TXN-8161,2026-04-06,08:13,Puncak Alam,Milk-based,Latte,1,11.0,11.0,QR,Sunny
TXN-8133,2026-04-06,08:14,Puncak Alam,Milk-based,Caramel Macchiato,2,13.0,26.0,QR,Sunny
TXN-8140,2026-04-06,08:20,Puncak Alam,Ice Blended,Ice Blended Chocolate Chip,3,14.0,42.0,QR,Sunny
TXN-8134,2026-04-06,08:25,Puncak Alam,Milk-based,Latte,1,11.0,11.0,QR,Sunny
TXN-8092,2026-04-06,08:28,Putrajaya,Milk-based,Cappuccino,2,11.0,22.0,Cash,Cloudy
TXN-8191,2026-04-06,08:30,Puncak Alam,Espresso-based,Espresso,1,7.0,7.0,QR,Sunny
TXN-8136,2026-04-06,08:32,Puncak Alam,Espresso-based,Americano,1,9.0,9.0,Cash,Sunny
TXN-8090,2026-04-06,08:36,Putrajaya,Ice Blended,Ice Blended Chocolate Chip,1,14.0,14.0,Cash,Cloudy
TXN-8099,2026-04-06,08:39,Putrajaya,Espresso-based,Americano,1,9.0,9.0,Cash,Cloudy
TXN-8124,2026-04-06,08:42,Puncak Alam,Milk-based,Cappuccino,2,11.0,22.0,QR,Sunny
TXN-8147,2026-04-06,08:43,Puncak Alam,Milk-based,Caramel Macchiato,2,13.0,26.0,Cash,Sunny
TXN-8116,2026-04-06,08:44,Putrajaya,Espresso-based,Espresso,1,7.0,7.0,QR,Cloudy
TXN-8177,2026-04-06,08:44,Puncak Alam,Milk-based,Caramel Macchiato,1,13.0,13.0,QR,Sunny
TXN-8106,2026-04-06,08:54,Putrajaya,Milk-based,Caramel Macchiato,2,13.0,26.0,Cash,Cloudy
TXN-8174,2026-04-06,09:05,Puncak Alam,Milk-based,Caramel Macchiato,1,13.0,13.0,QR,Sunny
TXN-8156,2026-04-06,09:11,Puncak Alam,Milk-based,Cappuccino,2,11.0,22.0,Cash,Sunny
TXN-8166,2026-04-06,09:13,Puncak Alam,Espresso-based,Americano,1,9.0,9.0,Cash,Sunny
TXN-8195,2026-04-06,09:22,Puncak Alam,Espresso-based,Americano,1,9.0,9.0,QR,Sunny
TXN-8154,2026-04-06,09:23,Puncak Alam,Milk-based,Cappuccino,1,11.0,11.0,QR,Sunny
TXN-8194,2026-04-06,09:27,Puncak Alam,Espresso-based,Americano,2,9.0,18.0,QR,Sunny
TXN-8160,2026-04-06,09:32,Puncak Alam,Milk-based,Latte,1,11.0,11.0,Cash,Sunny
TXN-8175,2026-04-06,09:43,Puncak Alam,Espresso-based,Espresso,1,7.0,7.0,QR,Sunny
TXN-8087,2026-04-06,09:52,Putrajaya,Milk-based,Caramel Macchiato,1,13.0,13.0,QR,Cloudy
TXN-8190,2026-04-06,09:58,Puncak Alam,Milk-based,Latte,1,11.0,11.0,Cash,Sunny
TXN-8164,2026-04-06,10:21,Puncak Alam,Milk-based,Mocha,3,12.0,36.0,QR,Sunny
TXN-8126,2026-04-06,10:24,Puncak Alam,Espresso-based,Americano,1,9.0,9.0,Cash,Sunny
TXN-8103,2026-04-06,10:33,Putrajaya,Milk-based,Caramel Macchiato,1,13.0,13.0,QR,Cloudy
TXN-8097,2026-04-06,10:37,Putrajaya,Milk-based,Latte,1,11.0,11.0,QR,Cloudy
TXN-8102,2026-04-06,10:47,Putrajaya,Milk-based,Mocha,2,12.0,24.0,Cash,Cloudy
TXN-8128,2026-04-06,10:49,Puncak Alam,Ice Blended,Ice Blended Chocolate Chip,2,14.0,28.0,Cash,Sunny
TXN-8170,2026-04-06,10:54,Puncak Alam,Milk-based,Latte,3,11.0,33.0,QR,Sunny
TXN-8123,2026-04-06,11:02,Puncak Alam,Ice Blended,Ice Blended Chocolate Chip,1,14.0,14.0,QR,Sunny
TXN-8189,2026-04-06,11:03,Puncak Alam,Milk-based,Latte,1,11.0,11.0,QR,Sunny
TXN-8098,2026-04-06,11:04,Putrajaya,Ice Blended,Ice Blended Chocolate Chip,2,14.0,28.0,QR,Cloudy
TXN-8187,2026-04-06,11:04,Puncak Alam,Espresso-based,Espresso,1,7.0,7.0,Cash,Sunny
TXN-8139,2026-04-06,11:25,Puncak Alam,Milk-based,Latte,1,11.0,11.0,QR,Sunny
TXN-8109,2026-04-06,11:29,Putrajaya,Milk-based,Latte,3,11.0,33.0,Cash,Cloudy
TXN-8146,2026-04-06,11:33,Puncak Alam,Milk-based,Caramel Macchiato,2,13.0,26.0,QR,Sunny
TXN-8125,2026-04-06,11:38,Puncak Alam,Milk-based,Caramel Macchiato,2,13.0,26.0,QR,Sunny
TXN-8141,2026-04-06,11:50,Puncak Alam,Espresso-based,Americano,1,9.0,9.0,QR,Sunny
TXN-8197,2026-04-06,11:54,Puncak Alam,Espresso-based,Americano,1,9.0,9.0,QR,Sunny
TXN-8122,2026-04-06,11:56,Puncak Alam,Milk-based,Latte,1,11.0,11.0,QR,Sunny
TXN-8159,2026-04-06,12:19,Puncak Alam,Milk-based,Cappuccino,1,11.0,11.0,QR,Sunny
TXN-8188,2026-04-06,12:47,Puncak Alam,Ice Blended,Ice Blended Chocolate Chip,1,14.0,14.0,QR,Sunny
TXN-8105,2026-04-06,12:49,Putrajaya,Milk-based,Cappuccino,2,11.0,22.0,QR,Cloudy
TXN-8162,2026-04-06,12:49,Puncak Alam,Espresso-based,Espresso,2,7.0,14.0,Cash,Sunny
TXN-8100,2026-04-06,12:58,Putrajaya,Ice Blended,Ice Blended Chocolate Chip,1,14.0,14.0,QR,Cloudy
TXN-8155,2026-04-06,13:07,Puncak Alam,Milk-based,Cappuccino,1,11.0,11.0,Cash,Sunny
TXN-8158,2026-04-06,13:18,Puncak Alam,Milk-based,Mocha,1,12.0,12.0,QR,Sunny
TXN-8115,2026-04-06,13:21,Putrajaya,Milk-based,Cappuccino,1,11.0,11.0,QR,Cloudy
TXN-8172,2026-04-06,13:29,Puncak Alam,Milk-based,Mocha,1,12.0,12.0,QR,Sunny
TXN-8111,2026-04-06,13:32,Putrajaya,Milk-based,Caramel Macchiato,1,13.0,13.0,QR,Cloudy
TXN-8113,2026-04-06,13:59,Putrajaya,Espresso-based,Espresso,1,7.0,7.0,Cash,Cloudy
TXN-8131,2026-04-06,14:10,Puncak Alam,Ice Blended,Ice Blended Chocolate Chip,1,14.0,14.0,QR,Sunny
TXN-8089,2026-04-06,14:18,Putrajaya,Milk-based,Latte,1,11.0,11.0,QR,Cloudy
TXN-8091,2026-04-06,14:18,Putrajaya,Milk-based,Caramel Macchiato,1,13.0,13.0,Cash,Cloudy
TXN-8173,2026-04-06,14:21,Puncak Alam,Milk-based,Latte,2,11.0,22.0,QR,Sunny
TXN-8108,2026-04-06,14:36,Putrajaya,Ice Blended,Ice Blended Chocolate Chip,1,14.0,14.0,QR,Cloudy
TXN-8094,2026-04-06,14:49,Putrajaya,Milk-based,Mocha,2,12.0,24.0,QR,Cloudy
TXN-8145,2026-04-06,14:49,Puncak Alam,Milk-based,Cappuccino,2,11.0,22.0,QR,Sunny
TXN-8088,2026-04-06,14:51,Putrajaya,Milk-based,Mocha,1,12.0,12.0,QR,Cloudy
TXN-8085,2026-04-06,15:03,Putrajaya,Espresso-based,Espresso,4,7.0,28.0,QR,Cloudy
TXN-8138,2026-04-06,15:06,Puncak Alam,Milk-based,Cappuccino,1,11.0,11.0,QR,Sunny
TXN-8192,2026-04-06,15:29,Puncak Alam,Espresso-based,Americano,1,9.0,9.0,QR,Sunny
TXN-8101,2026-04-06,15:39,Putrajaya,Ice Blended,Ice Blended Chocolate Chip,2,14.0,28.0,Cash,Cloudy
TXN-8150,2026-04-06,15:41,Puncak Alam,Espresso-based,Americano,2,9.0,18.0,QR,Sunny
TXN-8186,2026-04-06,15:47,Puncak Alam,Milk-based,Latte,1,11.0,11.0,QR,Sunny
TXN-8110,2026-04-06,15:50,Putrajaya,Milk-based,Latte,1,11.0,11.0,QR,Cloudy
TXN-8185,2026-04-06,15:59,Puncak Alam,Espresso-based,Espresso,1,7.0,7.0,QR,Sunny
TXN-8153,2026-04-06,16:02,Puncak Alam,Ice Blended,Ice Blended Chocolate Chip,1,14.0,14.0,Cash,Sunny
TXN-8193,2026-04-06,16:06,Puncak Alam,Milk-based,Mocha,1,12.0,12.0,QR,Sunny
TXN-8129,2026-04-06,16:08,Puncak Alam,Milk-based,Latte,1,11.0,11.0,QR,Sunny
TXN-8163,2026-04-06,16:09,Puncak Alam,Espresso-based,Espresso,1,7.0,7.0,QR,Sunny
TXN-8114,2026-04-06,16:10,Putrajaya,Milk-based,Caramel Macchiato,1,13.0,13.0,Cash,Cloudy
TXN-8086,2026-04-06,16:13,Putrajaya,Milk-based,Mocha,3,12.0,36.0,QR,Cloudy
TXN-8181,2026-04-06,16:17,Puncak Alam,Milk-based,Mocha,1,12.0,12.0,Cash,Sunny
TXN-8179,2026-04-06,16:21,Puncak Alam,Milk-based,Mocha,1,12.0,12.0,QR,Sunny
TXN-8152,2026-04-06,16:22,Puncak Alam,Milk-based,Cappuccino,1,11.0,11.0,QR,Sunny
TXN-8157,2026-04-06,16:27,Puncak Alam,Milk-based,Caramel Macchiato,1,13.0,13.0,Cash,Sunny
TXN-8149,2026-04-06,16:31,Puncak Alam,Espresso-based,Espresso,2,7.0,14.0,QR,Sunny
TXN-8151,2026-04-06,16:54,Puncak Alam,Milk-based,Cappuccino,3,11.0,33.0,QR,Sunny
TXN-8168,2026-04-06,17:07,Puncak Alam,Milk-based,Mocha,1,12.0,12.0,QR,Sunny
TXN-8176,2026-04-06,17:07,Puncak Alam,Milk-based,Cappuccino,3,11.0,33.0,Cash,Sunny
TXN-8180,2026-04-06,17:26,Puncak Alam,Milk-based,Latte,1,11.0,11.0,Cash,Sunny
TXN-8112,2026-04-06,18:04,Putrajaya,Espresso-based,Americano,1,9.0,9.0,QR,Cloudy
TXN-8171,2026-04-06,18:28,Puncak Alam,Milk-based,Caramel Macchiato,3,13.0,39.0,Cash,Sunny
TXN-8104,2026-04-06,18:40,Putrajaya,Milk-based,Cappuccino,3,11.0,33.0,QR,Cloudy
TXN-8107,2026-04-06,18:43,Putrajaya,Milk-based,Cappuccino,1,11.0,11.0,QR,Cloudy
TXN-8178,2026-04-06,18:45,Puncak Alam,Milk-based,Mocha,1,12.0,12.0,Cash,Sunny
TXN-8184,2026-04-06,18:47,Puncak Alam,Espresso-based,Americano,1,9.0,9.0,QR,Sunny
TXN-8117,2026-04-06,18:49,Putrajaya,Milk-based,Mocha,2,12.0,24.0,QR,Cloudy
TXN-8096,2026-04-06,19:01,Putrajaya,Espresso-based,Espresso,1,7.0,7.0,Cash,Cloudy
TXN-8165,2026-04-06,19:07,Puncak Alam,Espresso-based,Espresso,1,7.0,7.0,QR,Sunny
TXN-8182,2026-04-06,19:09,Puncak Alam,Ice Blended,Ice Blended Chocolate Chip,1,14.0,14.0,QR,Sunny
TXN-8144,2026-04-06,19:19,Puncak Alam,Milk-based,Caramel Macchiato,1,13.0,13.0,QR,Sunny
TXN-8169,2026-04-06,19:24,Puncak Alam,Espresso-based,Americano,1,9.0,9.0,QR,Sunny
TXN-8119,2026-04-06,19:36,Putrajaya,Milk-based,Latte,1,11.0,11.0,QR,Cloudy
TXN-8183,2026-04-06,19:40,Puncak Alam,Espresso-based,Americano,1,9.0,9.0,QR,Sunny
TXN-8127,2026-04-06,19:53,Puncak Alam,Milk-based,Mocha,1,12.0,12.0,QR,Sunny
TXN-8196,2026-04-06,20:14,Puncak Alam,Milk-based,Cappuccino,2,11.0,22.0,Cash,Sunny
TXN-8130,2026-04-06,20:17,Puncak Alam,Ice Blended,Ice Blended Chocolate Chip,2,14.0,28.0,QR,Sunny
TXN-8120,2026-04-06,20:27,Puncak Alam,Ice Blended,Ice Blended Chocolate Chip,1,14.0,14.0,QR,Sunny
TXN-8167,2026-04-06,20:29,Puncak Alam,Ice Blended,Ice Blended Chocolate Chip,2,14.0,28.0,QR,Sunny
TXN-8095,2026-04-06,20:41,Putrajaya,Ice Blended,Ice Blended Chocolate Chip,2,14.0,28.0,Cash,Cloudy
TXN-8137,2026-04-06,20:46,Puncak Alam,Ice Blended,Ice Blended Chocolate Chip,2,14.0,28.0,QR,Sunny
TXN-8142,2026-04-06,20:52,Puncak Alam,Espresso-based,Espresso,1,7.0,7.0,QR,Sunny
TXN-8093,2026-04-06,20:59,Putrajaya,Milk-based,Mocha,1,12.0,12.0,QR,Cloudy
TXN-8132,2026-04-06,21:23,Puncak Alam,Milk-based,Latte,3,11.0,33.0,Cash,Sunny
TXN-8148,2026-04-06,21:29,Puncak Alam,Espresso-based,Espresso,1,7.0,7.0,QR,Sunny
TXN-8143,2026-04-06,21:38,Puncak Alam,Espresso-based,Americano,3,9.0,27.0,Cash,Sunny
TXN-8135,2026-04-06,21:39,Puncak Alam,Espresso-based,Espresso,1,7.0,7.0,QR,Sunny
TXN-8118,2026-04-06,21:56,Putrajaya,Ice Blended,Ice Blended Chocolate Chip,1,14.0,14.0,QR,Cloudy
TXN-8285,2026-04-07,08:04,Puncak Alam,Milk-based,Cappuccino,1,11.0,11.0,QR,Sunny
TXN-8213,2026-04-07,08:22,Putrajaya,Milk-based,Mocha,1,12.0,12.0,QR,Sunny
TXN-8227,2026-04-07,08:32,Putrajaya,Milk-based,Latte,1,11.0,11.0,Cash,Sunny
TXN-8290,2026-04-07,08:32,Puncak Alam,Milk-based,Latte,1,11.0,11.0,QR,Sunny
TXN-8263,2026-04-07,08:47,Puncak Alam,Milk-based,Cappuccino,1,11.0,11.0,QR,Sunny
TXN-8219,2026-04-07,09:12,Putrajaya,Milk-based,Caramel Macchiato,1,13.0,13.0,QR,Sunny
TXN-8270,2026-04-07,09:12,Puncak Alam,Ice Blended,Ice Blended Chocolate Chip,1,14.0,14.0,QR,Sunny
TXN-8222,2026-04-07,09:15,Putrajaya,Ice Blended,Ice Blended Chocolate Chip,1,14.0,14.0,Cash,Sunny
TXN-8252,2026-04-07,09:21,Puncak Alam,Espresso-based,Americano,1,9.0,9.0,Cash,Sunny
TXN-8266,2026-04-07,09:22,Puncak Alam,Milk-based,Mocha,2,12.0,24.0,QR,Sunny
TXN-8256,2026-04-07,09:26,Puncak Alam,Milk-based,Cappuccino,4,11.0,44.0,QR,Sunny
TXN-8276,2026-04-07,09:30,Puncak Alam,Milk-based,Mocha,3,12.0,36.0,QR,Sunny
TXN-8287,2026-04-07,09:30,Puncak Alam,Ice Blended,Ice Blended Chocolate Chip,1,14.0,14.0,QR,Sunny
TXN-8279,2026-04-07,09:31,Puncak Alam,Milk-based,Cappuccino,1,11.0,11.0,QR,Sunny
TXN-8217,2026-04-07,09:34,Putrajaya,Milk-based,Caramel Macchiato,2,13.0,26.0,QR,Sunny
TXN-8238,2026-04-07,09:35,Puncak Alam,Milk-based,Caramel Macchiato,1,13.0,13.0,QR,Sunny
TXN-8254,2026-04-07,09:41,Puncak Alam,Milk-based,Mocha,1,12.0,12.0,Cash,Sunny
TXN-8204,2026-04-07,09:47,Putrajaya,Espresso-based,Americano,2,9.0,18.0,QR,Sunny
TXN-8280,2026-04-07,09:51,Puncak Alam,Ice Blended,Ice Blended Chocolate Chip,1,14.0,14.0,QR,Sunny
TXN-8224,2026-04-07,10:17,Putrajaya,Milk-based,Cappuccino,3,11.0,33.0,Cash,Sunny
TXN-8260,2026-04-07,10:22,Puncak Alam,Ice Blended,Ice Blended Chocolate Chip,1,14.0,14.0,QR,Sunny
TXN-8207,2026-04-07,10:38,Putrajaya,Espresso-based,Americano,2,9.0,18.0,Cash,Sunny
TXN-8248,2026-04-07,10:40,Puncak Alam,Milk-based,Latte,3,11.0,33.0,QR,Sunny
TXN-8214,2026-04-07,10:45,Putrajaya,Milk-based,Caramel Macchiato,1,13.0,13.0,QR,Sunny
TXN-8273,2026-04-07,11:32,Puncak Alam,Milk-based,Mocha,4,12.0,48.0,QR,Sunny
TXN-8203,2026-04-07,11:38,Putrajaya,Milk-based,Mocha,2,12.0,24.0,QR,Sunny
TXN-8253,2026-04-07,11:42,Puncak Alam,Milk-based,Mocha,3,12.0,36.0,QR,Sunny
TXN-8234,2026-04-07,12:06,Puncak Alam,Espresso-based,Americano,2,9.0,18.0,Cash,Sunny
TXN-8294,2026-04-07,12:09,Puncak Alam,Milk-based,Mocha,1,12.0,12.0,Cash,Sunny
TXN-8286,2026-04-07,12:15,Puncak Alam,Milk-based,Latte,1,11.0,11.0,Cash,Sunny
TXN-8215,2026-04-07,12:20,Putrajaya,Ice Blended,Ice Blended Chocolate Chip,2,14.0,28.0,QR,Sunny
TXN-8202,2026-04-07,12:25,Putrajaya,Milk-based,Cappuccino,1,11.0,11.0,QR,Sunny
TXN-8200,2026-04-07,12:28,Putrajaya,Milk-based,Latte,2,11.0,22.0,QR,Sunny
TXN-8282,2026-04-07,12:28,Puncak Alam,Ice Blended,Ice Blended Chocolate Chip,2,14.0,28.0,Cash,Sunny
TXN-8205,2026-04-07,12:35,Putrajaya,Milk-based,Mocha,1,12.0,12.0,QR,Sunny
TXN-8274,2026-04-07,12:41,Puncak Alam,Milk-based,Caramel Macchiato,1,13.0,13.0,Cash,Sunny
TXN-8299,2026-04-07,12:43,Puncak Alam,Milk-based,Latte,3,11.0,33.0,QR,Sunny
TXN-8230,2026-04-07,12:56,Putrajaya,Milk-based,Cappuccino,1,11.0,11.0,QR,Sunny
TXN-8246,2026-04-07,13:06,Puncak Alam,Milk-based,Mocha,1,12.0,12.0,QR,Sunny
TXN-8212,2026-04-07,13:18,Putrajaya,Milk-based,Latte,1,11.0,11.0,QR,Sunny
TXN-8265,2026-04-07,13:19,Puncak Alam,Milk-based,Caramel Macchiato,1,13.0,13.0,QR,Sunny
TXN-8198,2026-04-07,13:39,Putrajaya,Milk-based,Cappuccino,1,11.0,11.0,QR,Sunny
TXN-8289,2026-04-07,13:54,Puncak Alam,Espresso-based,Americano,1,9.0,9.0,QR,Sunny
TXN-8199,2026-04-07,14:11,Putrajaya,Ice Blended,Ice Blended Chocolate Chip,2,14.0,28.0,Cash,Sunny
TXN-8250,2026-04-07,14:11,Puncak Alam,Milk-based,Cappuccino,1,11.0,11.0,QR,Sunny
TXN-8216,2026-04-07,14:14,Putrajaya,Milk-based,Mocha,1,12.0,12.0,QR,Sunny
TXN-8271,2026-04-07,14:23,Puncak Alam,Milk-based,Cappuccino,1,11.0,11.0,Cash,Sunny
TXN-8225,2026-04-07,14:40,Putrajaya,Ice Blended,Ice Blended Chocolate Chip,1,14.0,14.0,QR,Sunny
TXN-8261,2026-04-07,14:45,Puncak Alam,Milk-based,Mocha,4,12.0,48.0,QR,Sunny
TXN-8272,2026-04-07,14:46,Puncak Alam,Milk-based,Latte,1,11.0,11.0,QR,Sunny
TXN-8244,2026-04-07,14:56,Puncak Alam,Milk-based,Mocha,1,12.0,12.0,Cash,Sunny
TXN-8259,2026-04-07,15:02,Puncak Alam,Milk-based,Cappuccino,1,11.0,11.0,Cash,Sunny
TXN-8283,2026-04-07,15:14,Puncak Alam,Milk-based,Cappuccino,1,11.0,11.0,QR,Sunny
TXN-8226,2026-04-07,15:19,Putrajaya,Milk-based,Caramel Macchiato,1,13.0,13.0,QR,Sunny
TXN-8232,2026-04-07,15:30,Puncak Alam,Espresso-based,Espresso,1,7.0,7.0,QR,Sunny
TXN-8221,2026-04-07,15:37,Putrajaya,Milk-based,Caramel Macchiato,2,13.0,26.0,QR,Sunny
TXN-8201,2026-04-07,15:52,Putrajaya,Milk-based,Latte,1,11.0,11.0,Cash,Sunny
TXN-8241,2026-04-07,15:55,Puncak Alam,Milk-based,Caramel Macchiato,1,13.0,13.0,QR,Sunny
TXN-8242,2026-04-07,15:58,Puncak Alam,Milk-based,Latte,1,11.0,11.0,Cash,Sunny
TXN-8292,2026-04-07,16:09,Puncak Alam,Milk-based,Mocha,3,12.0,36.0,Cash,Sunny
TXN-8278,2026-04-07,16:13,Puncak Alam,Espresso-based,Americano,1,9.0,9.0,QR,Sunny
TXN-8233,2026-04-07,16:17,Puncak Alam,Ice Blended,Ice Blended Chocolate Chip,1,14.0,14.0,Cash,Sunny
TXN-8275,2026-04-07,16:21,Puncak Alam,Milk-based,Caramel Macchiato,2,13.0,26.0,Cash,Sunny
TXN-8258,2026-04-07,16:24,Puncak Alam,Milk-based,Caramel Macchiato,1,13.0,13.0,QR,Sunny
TXN-8235,2026-04-07,16:30,Puncak Alam,Milk-based,Latte,1,11.0,11.0,QR,Sunny
TXN-8298,2026-04-07,16:42,Puncak Alam,Milk-based,Cappuccino,1,11.0,11.0,QR,Sunny
TXN-8264,2026-04-07,16:58,Puncak Alam,Milk-based,Cappuccino,1,11.0,11.0,QR,Sunny
TXN-8229,2026-04-07,17:18,Putrajaya,Milk-based,Latte,1,11.0,11.0,QR,Sunny
TXN-8223,2026-04-07,17:28,Putrajaya,Milk-based,Latte,4,11.0,44.0,QR,Sunny
TXN-8237,2026-04-07,17:36,Puncak Alam,Espresso-based,Espresso,1,7.0,7.0,QR,Sunny
TXN-8245,2026-04-07,17:36,Puncak Alam,Milk-based,Cappuccino,1,11.0,11.0,QR,Sunny
TXN-8206,2026-04-07,17:48,Putrajaya,Milk-based,Cappuccino,2,11.0,22.0,QR,Sunny
TXN-8220,2026-04-07,17:49,Putrajaya,Milk-based,Caramel Macchiato,1,13.0,13.0,QR,Sunny
TXN-8243,2026-04-07,18:10,Puncak Alam,Espresso-based,Espresso,1,7.0,7.0,Cash,Sunny
TXN-8209,2026-04-07,18:18,Putrajaya,Ice Blended,Ice Blended Chocolate Chip,2,14.0,28.0,QR,Sunny
TXN-8268,2026-04-07,18:20,Puncak Alam,Espresso-based,Americano,2,9.0,18.0,QR,Sunny
TXN-8297,2026-04-07,18:20,Puncak Alam,Milk-based,Caramel Macchiato,2,13.0,26.0,Cash,Sunny
TXN-8236,2026-04-07,18:23,Puncak Alam,Milk-based,Caramel Macchiato,1,13.0,13.0,QR,Sunny
TXN-8281,2026-04-07,18:26,Puncak Alam,Milk-based,Cappuccino,1,11.0,11.0,QR,Sunny
TXN-8262,2026-04-07,18:36,Puncak Alam,Milk-based,Caramel Macchiato,1,13.0,13.0,QR,Sunny
TXN-8210,2026-04-07,18:43,Putrajaya,Milk-based,Caramel Macchiato,3,13.0,39.0,QR,Sunny
TXN-8257,2026-04-07,18:54,Puncak Alam,Milk-based,Latte,1,11.0,11.0,QR,Sunny
TXN-8295,2026-04-07,18:57,Puncak Alam,Milk-based,Latte,2,11.0,22.0,Cash,Sunny
TXN-8267,2026-04-07,18:58,Puncak Alam,Milk-based,Latte,3,11.0,33.0,QR,Sunny
TXN-8240,2026-04-07,19:00,Puncak Alam,Espresso-based,Americano,2,9.0,18.0,Cash,Sunny
TXN-8284,2026-04-07,19:20,Puncak Alam,Espresso-based,Espresso,1,7.0,7.0,QR,Sunny
TXN-8277,2026-04-07,19:30,Puncak Alam,Milk-based,Cappuccino,4,11.0,44.0,QR,Sunny
TXN-8231,2026-04-07,19:39,Putrajaya,Ice Blended,Ice Blended Chocolate Chip,1,14.0,14.0,Cash,Sunny
TXN-8249,2026-04-07,19:50,Puncak Alam,Milk-based,Latte,1,11.0,11.0,QR,Sunny
TXN-8218,2026-04-07,20:14,Putrajaya,Milk-based,Caramel Macchiato,2,13.0,26.0,Cash,Sunny
TXN-8291,2026-04-07,20:20,Puncak Alam,Milk-based,Cappuccino,1,11.0,11.0,Cash,Sunny
TXN-8296,2026-04-07,20:20,Puncak Alam,Milk-based,Mocha,1,12.0,12.0,QR,Sunny
TXN-8300,2026-04-07,20:24,Puncak Alam,Milk-based,Cappuccino,1,11.0,11.0,QR,Sunny
TXN-8208,2026-04-07,20:27,Putrajaya,Milk-based,Caramel Macchiato,2,13.0,26.0,QR,Sunny
TXN-8288,2026-04-07,20:56,Puncak Alam,Milk-based,Latte,1,11.0,11.0,Cash,Sunny
TXN-8228,2026-04-07,21:02,Putrajaya,Milk-based,Caramel Macchiato,1,13.0,13.0,QR,Sunny
TXN-8239,2026-04-07,21:12,Puncak Alam,Milk-based,Mocha,1,12.0,12.0,QR,Sunny
TXN-8247,2026-04-07,21:29,Puncak Alam,Ice Blended,Ice Blended Chocolate Chip,1,14.0,14.0,QR,Sunny
TXN-8293,2026-04-07,21:40,Puncak Alam,Milk-based,Mocha,1,12.0,12.0,QR,Sunny
TXN-8301,2026-04-07,21:42,Puncak Alam,Milk-based,Caramel Macchiato,1,13.0,13.0,QR,Sunny
TXN-8269,2026-04-07,21:43,Puncak Alam,Espresso-based,Americano,1,9.0,9.0,QR,Sunny
TXN-8211,2026-04-07,21:46,Putrajaya,Milk-based,Mocha,1,12.0,12.0,Cash,Sunny
TXN-8255,2026-04-07,21:46,Puncak Alam,Milk-based,Mocha,1,12.0,12.0,QR,Sunny
TXN-8251,2026-04-07,21:50,Puncak Alam,Espresso-based,Espresso,1,7.0,7.0,Cash,Sunny
TXN-8385,2026-04-08,08:03,Puncak Alam,Milk-based,Cappuccino,1,11.0,11.0,QR,Sunny
TXN-8325,2026-04-08,08:06,Putrajaya,Espresso-based,Americano,1,9.0,9.0,QR,Cloudy
TXN-8359,2026-04-08,08:06,Putrajaya,Milk-based,Caramel Macchiato,1,13.0,13.0,QR,Cloudy
TXN-8331,2026-04-08,08:12,Putrajaya,Milk-based,Caramel Macchiato,2,13.0,26.0,QR,Cloudy
TXN-8404,2026-04-08,08:17,Puncak Alam,Espresso-based,Espresso,2,7.0,14.0,Cash,Sunny
TXN-8320,2026-04-08,08:27,Putrajaya,Milk-based,Cappuccino,1,11.0,11.0,QR,Cloudy
TXN-8375,2026-04-08,08:31,Puncak Alam,Espresso-based,Espresso,2,7.0,14.0,QR,Sunny
TXN-8381,2026-04-08,08:37,Puncak Alam,Milk-based,Caramel Macchiato,1,13.0,13.0,QR,Sunny
TXN-8337,2026-04-08,09:12,Putrajaya,Espresso-based,Americano,1,9.0,9.0,QR,Cloudy
TXN-8367,2026-04-08,09:20,Puncak Alam,Milk-based,Cappuccino,2,11.0,22.0,QR,Sunny
TXN-8402,2026-04-08,09:27,Puncak Alam,Milk-based,Caramel Macchiato,2,13.0,26.0,Cash,Sunny
TXN-8428,2026-04-08,09:29,Puncak Alam,Ice Blended,Ice Blended Chocolate Chip,2,14.0,28.0,QR,Sunny
TXN-8431,2026-04-08,09:37,Puncak Alam,Espresso-based,Americano,1,9.0,9.0,QR,Sunny
TXN-8368,2026-04-08,09:41,Puncak Alam,Ice Blended,Ice Blended Chocolate Chip,1,14.0,14.0,QR,Sunny
TXN-8411,2026-04-08,09:43,Puncak Alam,Ice Blended,Ice Blended Chocolate Chip,1,14.0,14.0,QR,Sunny
TXN-8341,2026-04-08,09:45,Putrajaya,Milk-based,Cappuccino,1,11.0,11.0,QR,Cloudy
TXN-8364,2026-04-08,09:45,Puncak Alam,Espresso-based,Espresso,1,7.0,7.0,QR,Sunny
TXN-8304,2026-04-08,09:47,Putrajaya,Espresso-based,Americano,1,9.0,9.0,QR,Cloudy
TXN-8358,2026-04-08,09:48,Putrajaya,Ice Blended,Ice Blended Chocolate Chip,1,14.0,14.0,QR,Cloudy
TXN-8334,2026-04-08,09:49,Putrajaya,Milk-based,Caramel Macchiato,1,13.0,13.0,QR,Cloudy
TXN-8373,2026-04-08,09:53,Puncak Alam,Espresso-based,Americano,2,9.0,18.0,QR,Sunny
TXN-8360,2026-04-08,09:55,Putrajaya,Milk-based,Caramel Macchiato,2,13.0,26.0,Cash,Cloudy
TXN-8398,2026-04-08,10:03,Puncak Alam,Espresso-based,Espresso,1,7.0,7.0,Cash,Sunny
TXN-8421,2026-04-08,10:03,Puncak Alam,Milk-based,Latte,1,11.0,11.0,QR,Sunny
TXN-8310,2026-04-08,10:11,Putrajaya,Espresso-based,Espresso,1,7.0,7.0,Cash,Cloudy
TXN-8338,2026-04-08,10:12,Putrajaya,Milk-based,Latte,1,11.0,11.0,QR,Cloudy
TXN-8313,2026-04-08,10:15,Putrajaya,Espresso-based,Americano,1,9.0,9.0,QR,Cloudy
TXN-8342,2026-04-08,10:16,Putrajaya,Espresso-based,Espresso,1,7.0,7.0,Cash,Cloudy
TXN-8340,2026-04-08,10:19,Putrajaya,Espresso-based,Espresso,3,7.0,21.0,QR,Cloudy
TXN-8382,2026-04-08,10:23,Puncak Alam,Milk-based,Mocha,2,12.0,24.0,QR,Sunny
TXN-8316,2026-04-08,10:27,Putrajaya,Milk-based,Cappuccino,1,11.0,11.0,Cash,Cloudy
TXN-8371,2026-04-08,10:41,Puncak Alam,Milk-based,Cappuccino,1,11.0,11.0,QR,Sunny
TXN-8423,2026-04-08,10:58,Puncak Alam,Milk-based,Latte,1,11.0,11.0,QR,Sunny
TXN-8336,2026-04-08,11:01,Putrajaya,Milk-based,Latte,3,11.0,33.0,Cash,Cloudy
TXN-8305,2026-04-08,11:02,Putrajaya,Milk-based,Caramel Macchiato,1,13.0,13.0,Cash,Cloudy
TXN-8401,2026-04-08,11:04,Puncak Alam,Milk-based,Mocha,2,12.0,24.0,QR,Sunny
TXN-8440,2026-04-08,11:07,Puncak Alam,Milk-based,Cappuccino,1,11.0,11.0,QR,Sunny
TXN-8332,2026-04-08,11:11,Putrajaya,Milk-based,Mocha,1,12.0,12.0,QR,Cloudy
TXN-8319,2026-04-08,11:36,Putrajaya,Milk-based,Cappuccino,1,11.0,11.0,QR,Cloudy
TXN-8307,2026-04-08,11:48,Putrajaya,Milk-based,Caramel Macchiato,2,13.0,26.0,QR,Cloudy
TXN-8397,2026-04-08,11:53,Puncak Alam,Milk-based,Cappuccino,1,11.0,11.0,Cash,Sunny
TXN-8312,2026-04-08,11:56,Putrajaya,Milk-based,Mocha,1,12.0,12.0,QR,Cloudy
TXN-8438,2026-04-08,12:14,Puncak Alam,Milk-based,Latte,2,11.0,22.0,Cash,Sunny
TXN-8374,2026-04-08,12:27,Puncak Alam,Milk-based,Mocha,1,12.0,12.0,Cash,Sunny
TXN-8330,2026-04-08,12:50,Putrajaya,Milk-based,Mocha,1,12.0,12.0,QR,Cloudy
TXN-8321,2026-04-08,12:51,Putrajaya,Espresso-based,Americano,1,9.0,9.0,QR,Cloudy
TXN-8361,2026-04-08,12:57,Puncak Alam,Ice Blended,Ice Blended Chocolate Chip,1,14.0,14.0,Cash,Sunny
TXN-8434,2026-04-08,13:03,Puncak Alam,Espresso-based,Espresso,3,7.0,21.0,QR,Sunny
TXN-8345,2026-04-08,13:12,Putrajaya,Espresso-based,Americano,1,9.0,9.0,Cash,Cloudy
TXN-8424,2026-04-08,13:29,Puncak Alam,Milk-based,Latte,2,11.0,22.0,QR,Sunny
TXN-8380,2026-04-08,13:30,Puncak Alam,Espresso-based,Espresso,1,7.0,7.0,QR,Sunny
TXN-8379,2026-04-08,13:31,Puncak Alam,Milk-based,Cappuccino,1,11.0,11.0,QR,Sunny
TXN-8435,2026-04-08,13:31,Puncak Alam,Milk-based,Mocha,3,12.0,36.0,QR,Sunny
TXN-8387,2026-04-08,13:40,Puncak Alam,Ice Blended,Ice Blended Chocolate Chip,1,14.0,14.0,Cash,Sunny
TXN-8346,2026-04-08,13:44,Putrajaya,Milk-based,Latte,1,11.0,11.0,QR,Cloudy
TXN-8376,2026-04-08,13:54,Puncak Alam,Milk-based,Caramel Macchiato,1,13.0,13.0,QR,Sunny
TXN-8369,2026-04-08,14:15,Puncak Alam,Milk-based,Caramel Macchiato,1,13.0,13.0,Cash,Sunny
TXN-8357,2026-04-08,14:16,Putrajaya,Milk-based,Latte,2,11.0,22.0,Cash,Cloudy
TXN-8395,2026-04-08,14:18,Puncak Alam,Milk-based,Latte,3,11.0,33.0,QR,Sunny
TXN-8408,2026-04-08,14:31,Puncak Alam,Ice Blended,Ice Blended Chocolate Chip,1,14.0,14.0,QR,Sunny
TXN-8390,2026-04-08,14:42,Puncak Alam,Espresso-based,Americano,1,9.0,9.0,QR,Sunny
TXN-8323,2026-04-08,14:48,Putrajaya,Espresso-based,Americano,1,9.0,9.0,Cash,Cloudy
TXN-8347,2026-04-08,14:59,Putrajaya,Espresso-based,Americano,1,9.0,9.0,Cash,Cloudy
TXN-8350,2026-04-08,15:00,Putrajaya,Milk-based,Cappuccino,1,11.0,11.0,QR,Cloudy
TXN-8410,2026-04-08,15:16,Puncak Alam,Espresso-based,Espresso,1,7.0,7.0,Cash,Sunny
TXN-8407,2026-04-08,15:21,Puncak Alam,Espresso-based,Americano,1,9.0,9.0,QR,Sunny
TXN-8400,2026-04-08,15:26,Puncak Alam,Milk-based,Caramel Macchiato,1,13.0,13.0,Cash,Sunny
TXN-8418,2026-04-08,15:27,Puncak Alam,Milk-based,Caramel Macchiato,1,13.0,13.0,QR,Sunny
TXN-8396,2026-04-08,15:37,Puncak Alam,Espresso-based,Americano,1,9.0,9.0,QR,Sunny
TXN-8329,2026-04-08,15:39,Putrajaya,Milk-based,Mocha,2,12.0,24.0,QR,Cloudy
TXN-8422,2026-04-08,15:40,Puncak Alam,Espresso-based,Espresso,1,7.0,7.0,QR,Sunny
TXN-8416,2026-04-08,15:41,Puncak Alam,Milk-based,Caramel Macchiato,1,13.0,13.0,Cash,Sunny
TXN-8386,2026-04-08,15:47,Puncak Alam,Milk-based,Mocha,1,12.0,12.0,QR,Sunny
TXN-8363,2026-04-08,15:49,Puncak Alam,Espresso-based,Espresso,1,7.0,7.0,Cash,Sunny
TXN-8413,2026-04-08,15:54,Puncak Alam,Espresso-based,Americano,3,9.0,27.0,QR,Sunny
TXN-8429,2026-04-08,16:06,Puncak Alam,Espresso-based,Americano,3,9.0,27.0,QR,Sunny
TXN-8326,2026-04-08,16:07,Putrajaya,Ice Blended,Ice Blended Chocolate Chip,1,14.0,14.0,QR,Cloudy
TXN-8414,2026-04-08,16:09,Puncak Alam,Espresso-based,Americano,1,9.0,9.0,QR,Sunny
TXN-8343,2026-04-08,16:14,Putrajaya,Espresso-based,Espresso,1,7.0,7.0,QR,Cloudy
TXN-8417,2026-04-08,16:16,Puncak Alam,Milk-based,Cappuccino,1,11.0,11.0,Cash,Sunny
TXN-8378,2026-04-08,16:17,Puncak Alam,Ice Blended,Ice Blended Chocolate Chip,1,14.0,14.0,Cash,Sunny
TXN-8394,2026-04-08,16:17,Puncak Alam,Espresso-based,Espresso,1,7.0,7.0,QR,Sunny
TXN-8392,2026-04-08,16:25,Puncak Alam,Ice Blended,Ice Blended Chocolate Chip,3,14.0,42.0,Cash,Sunny
TXN-8426,2026-04-08,16:31,Puncak Alam,Espresso-based,Espresso,1,7.0,7.0,QR,Sunny
TXN-8327,2026-04-08,16:33,Putrajaya,Milk-based,Cappuccino,1,11.0,11.0,Cash,Cloudy
TXN-8437,2026-04-08,16:38,Puncak Alam,Milk-based,Mocha,1,12.0,12.0,QR,Sunny
TXN-8393,2026-04-08,17:01,Puncak Alam,Milk-based,Latte,1,11.0,11.0,Cash,Sunny
TXN-8427,2026-04-08,17:02,Puncak Alam,Espresso-based,Espresso,1,7.0,7.0,Cash,Sunny
TXN-8356,2026-04-08,17:12,Putrajaya,Milk-based,Caramel Macchiato,2,13.0,26.0,Cash,Cloudy
TXN-8415,2026-04-08,17:18,Puncak Alam,Milk-based,Caramel Macchiato,1,13.0,13.0,QR,Sunny
TXN-8366,2026-04-08,17:21,Puncak Alam,Espresso-based,Espresso,1,7.0,7.0,QR,Sunny
TXN-8322,2026-04-08,17:24,Putrajaya,Espresso-based,Espresso,3,7.0,21.0,Cash,Cloudy
TXN-8409,2026-04-08,17:31,Puncak Alam,Milk-based,Latte,3,11.0,33.0,QR,Sunny
TXN-8362,2026-04-08,17:36,Puncak Alam,Milk-based,Cappuccino,2,11.0,22.0,QR,Sunny
TXN-8384,2026-04-08,17:39,Puncak Alam,Milk-based,Mocha,1,12.0,12.0,QR,Sunny
TXN-8439,2026-04-08,17:49,Puncak Alam,Milk-based,Caramel Macchiato,2,13.0,26.0,QR,Sunny
TXN-8311,2026-04-08,17:52,Putrajaya,Ice Blended,Ice Blended Chocolate Chip,1,14.0,14.0,QR,Cloudy
TXN-8348,2026-04-08,17:52,Putrajaya,Espresso-based,Espresso,1,7.0,7.0,Cash,Cloudy
TXN-8349,2026-04-08,17:53,Putrajaya,Ice Blended,Ice Blended Chocolate Chip,2,14.0,28.0,QR,Cloudy
TXN-8315,2026-04-08,17:54,Putrajaya,Milk-based,Mocha,1,12.0,12.0,QR,Cloudy
TXN-8354,2026-04-08,17:59,Putrajaya,Espresso-based,Americano,1,9.0,9.0,Cash,Cloudy
TXN-8370,2026-04-08,18:15,Puncak Alam,Espresso-based,Americano,1,9.0,9.0,QR,Sunny
TXN-8406,2026-04-08,18:39,Puncak Alam,Milk-based,Mocha,3,12.0,36.0,QR,Sunny
TXN-8353,2026-04-08,18:45,Putrajaya,Ice Blended,Ice Blended Chocolate Chip,1,14.0,14.0,QR,Cloudy
TXN-8324,2026-04-08,18:57,Putrajaya,Milk-based,Caramel Macchiato,1,13.0,13.0,QR,Cloudy
TXN-8436,2026-04-08,18:58,Puncak Alam,Milk-based,Mocha,2,12.0,24.0,QR,Sunny
TXN-8403,2026-04-08,19:07,Puncak Alam,Milk-based,Cappuccino,1,11.0,11.0,QR,Sunny
TXN-8420,2026-04-08,19:07,Puncak Alam,Espresso-based,Espresso,1,7.0,7.0,QR,Sunny
TXN-8306,2026-04-08,19:09,Putrajaya,Espresso-based,Americano,1,9.0,9.0,QR,Cloudy
TXN-8351,2026-04-08,19:15,Putrajaya,Ice Blended,Ice Blended Chocolate Chip,1,14.0,14.0,Cash,Cloudy
TXN-8433,2026-04-08,19:24,Puncak Alam,Milk-based,Cappuccino,1,11.0,11.0,Cash,Sunny
TXN-8432,2026-04-08,19:39,Puncak Alam,Ice Blended,Ice Blended Chocolate Chip,3,14.0,42.0,QR,Sunny
TXN-8399,2026-04-08,19:41,Puncak Alam,Ice Blended,Ice Blended Chocolate Chip,1,14.0,14.0,QR,Sunny
TXN-8383,2026-04-08,19:50,Puncak Alam,Ice Blended,Ice Blended Chocolate Chip,3,14.0,42.0,QR,Sunny
TXN-8328,2026-04-08,19:55,Putrajaya,Ice Blended,Ice Blended Chocolate Chip,1,14.0,14.0,QR,Cloudy
TXN-8352,2026-04-08,19:56,Putrajaya,Milk-based,Caramel Macchiato,1,13.0,13.0,QR,Cloudy
TXN-8391,2026-04-08,20:01,Puncak Alam,Ice Blended,Ice Blended Chocolate Chip,1,14.0,14.0,QR,Sunny
TXN-8419,2026-04-08,20:05,Puncak Alam,Espresso-based,Espresso,2,7.0,14.0,QR,Sunny
TXN-8344,2026-04-08,20:29,Putrajaya,Milk-based,Mocha,1,12.0,12.0,Cash,Cloudy
TXN-8317,2026-04-08,20:31,Putrajaya,Milk-based,Mocha,1,12.0,12.0,QR,Cloudy
TXN-8308,2026-04-08,20:44,Putrajaya,Milk-based,Cappuccino,1,11.0,11.0,QR,Cloudy
TXN-8333,2026-04-08,20:45,Putrajaya,Milk-based,Caramel Macchiato,1,13.0,13.0,QR,Cloudy
TXN-8303,2026-04-08,20:47,Putrajaya,Milk-based,Latte,2,11.0,22.0,QR,Cloudy
TXN-8302,2026-04-08,20:49,Putrajaya,Milk-based,Mocha,1,12.0,12.0,QR,Cloudy
TXN-8314,2026-04-08,20:49,Putrajaya,Espresso-based,Espresso,1,7.0,7.0,QR,Cloudy
TXN-8412,2026-04-08,20:50,Puncak Alam,Milk-based,Cappuccino,2,11.0,22.0,QR,Sunny
TXN-8339,2026-04-08,20:51,Putrajaya,Milk-based,Mocha,1,12.0,12.0,Cash,Cloudy
TXN-8377,2026-04-08,20:54,Puncak Alam,Espresso-based,Americano,1,9.0,9.0,QR,Sunny
TXN-8365,2026-04-08,20:55,Puncak Alam,Milk-based,Latte,1,11.0,11.0,QR,Sunny
TXN-8388,2026-04-08,21:17,Puncak Alam,Milk-based,Latte,1,11.0,11.0,Cash,Sunny
TXN-8355,2026-04-08,21:22,Putrajaya,Milk-based,Cappuccino,2,11.0,22.0,QR,Cloudy
TXN-8405,2026-04-08,21:26,Puncak Alam,Milk-based,Cappuccino,1,11.0,11.0,Cash,Sunny
TXN-8309,2026-04-08,21:32,Putrajaya,Milk-based,Mocha,1,12.0,12.0,QR,Cloudy
TXN-8318,2026-04-08,21:48,Putrajaya,Milk-based,Cappuccino,1,11.0,11.0,QR,Cloudy
TXN-8430,2026-04-08,21:50,Puncak Alam,Espresso-based,Americano,1,9.0,9.0,Cash,Sunny
TXN-8372,2026-04-08,21:55,Puncak Alam,Milk-based,Cappuccino,1,11.0,11.0,QR,Sunny
TXN-8389,2026-04-08,21:56,Puncak Alam,Milk-based,Mocha,1,12.0,12.0,QR,Sunny
TXN-8335,2026-04-08,21:57,Putrajaya,Milk-based,Mocha,2,12.0,24.0,QR,Cloudy
TXN-8425,2026-04-08,21:58,Puncak Alam,Ice Blended,Ice Blended Chocolate Chip,1,14.0,14.0,QR,Sunny
TXN-8469,2026-04-09,08:00,Putrajaya,Ice Blended,Ice Blended Chocolate Chip,1,14.0,14.0,QR,Sunny
TXN-8483,2026-04-09,08:05,Putrajaya,Milk-based,Mocha,1,12.0,12.0,QR,Sunny
TXN-8443,2026-04-09,08:12,Putrajaya,Espresso-based,Espresso,3,7.0,21.0,QR,Sunny
TXN-8522,2026-04-09,08:15,Puncak Alam,Milk-based,Cappuccino,1,11.0,11.0,Cash,Sunny
TXN-8478,2026-04-09,08:16,Putrajaya,Milk-based,Mocha,1,12.0,12.0,Cash,Sunny
TXN-8476,2026-04-09,08:24,Putrajaya,Milk-based,Cappuccino,1,11.0,11.0,QR,Sunny
TXN-8493,2026-04-09,08:26,Putrajaya,Espresso-based,Americano,1,9.0,9.0,QR,Sunny
TXN-8489,2026-04-09,08:32,Putrajaya,Ice Blended,Ice Blended Chocolate Chip,1,14.0,14.0,Cash,Sunny
TXN-8511,2026-04-09,08:59,Putrajaya,Espresso-based,Espresso,2,7.0,14.0,QR,Sunny
TXN-8447,2026-04-09,09:01,Putrajaya,Milk-based,Latte,1,11.0,11.0,QR,Sunny
TXN-8488,2026-04-09,09:02,Putrajaya,Milk-based,Latte,2,11.0,22.0,Cash,Sunny
TXN-8548,2026-04-09,09:09,Puncak Alam,Ice Blended,Ice Blended Chocolate Chip,1,14.0,14.0,Cash,Sunny
TXN-8453,2026-04-09,09:12,Putrajaya,Milk-based,Cappuccino,2,11.0,22.0,Cash,Sunny
TXN-8499,2026-04-09,09:22,Putrajaya,Espresso-based,Espresso,2,7.0,14.0,Cash,Sunny
TXN-8498,2026-04-09,09:25,Putrajaya,Espresso-based,Americano,2,9.0,18.0,QR,Sunny
TXN-8494,2026-04-09,09:37,Putrajaya,Milk-based,Latte,2,11.0,22.0,QR,Sunny
TXN-8492,2026-04-09,09:57,Putrajaya,Milk-based,Mocha,1,12.0,12.0,QR,Sunny
TXN-8515,2026-04-09,10:00,Puncak Alam,Espresso-based,Americano,1,9.0,9.0,Cash,Sunny
TXN-8458,2026-04-09,10:06,Putrajaya,Espresso-based,Espresso,3,7.0,21.0,QR,Sunny
TXN-8466,2026-04-09,10:07,Putrajaya,Espresso-based,Americano,1,9.0,9.0,QR,Sunny
TXN-8537,2026-04-09,10:19,Puncak Alam,Milk-based,Cappuccino,1,11.0,11.0,QR,Sunny
TXN-8542,2026-04-09,10:31,Puncak Alam,Espresso-based,Americano,1,9.0,9.0,QR,Sunny
TXN-8496,2026-04-09,10:37,Putrajaya,Espresso-based,Espresso,1,7.0,7.0,Cash,Sunny
TXN-8459,2026-04-09,10:38,Putrajaya,Espresso-based,Americano,1,9.0,9.0,Cash,Sunny
TXN-8529,2026-04-09,10:49,Puncak Alam,Ice Blended,Ice Blended Chocolate Chip,1,14.0,14.0,Cash,Sunny
TXN-8547,2026-04-09,10:50,Puncak Alam,Ice Blended,Ice Blended Chocolate Chip,1,14.0,14.0,QR,Sunny
TXN-8441,2026-04-09,10:59,Putrajaya,Milk-based,Latte,3,11.0,33.0,Cash,Sunny
TXN-8540,2026-04-09,11:02,Puncak Alam,Espresso-based,Espresso,1,7.0,7.0,Cash,Sunny
TXN-8491,2026-04-09,11:11,Putrajaya,Espresso-based,Americano,3,9.0,27.0,QR,Sunny
TXN-8506,2026-04-09,11:35,Putrajaya,Ice Blended,Ice Blended Chocolate Chip,1,14.0,14.0,Cash,Sunny
TXN-8500,2026-04-09,11:37,Putrajaya,Milk-based,Cappuccino,1,11.0,11.0,QR,Sunny
TXN-8521,2026-04-09,11:38,Puncak Alam,Milk-based,Cappuccino,1,11.0,11.0,Cash,Sunny
TXN-8482,2026-04-09,11:44,Putrajaya,Milk-based,Mocha,1,12.0,12.0,QR,Sunny
TXN-8507,2026-04-09,11:51,Putrajaya,Ice Blended,Ice Blended Chocolate Chip,2,14.0,28.0,QR,Sunny
TXN-8520,2026-04-09,11:57,Puncak Alam,Milk-based,Mocha,2,12.0,24.0,QR,Sunny
TXN-8472,2026-04-09,11:58,Putrajaya,Milk-based,Mocha,2,12.0,24.0,QR,Sunny
TXN-8475,2026-04-09,12:06,Putrajaya,Espresso-based,Americano,1,9.0,9.0,Cash,Sunny
TXN-8502,2026-04-09,12:26,Putrajaya,Milk-based,Mocha,1,12.0,12.0,QR,Sunny
TXN-8513,2026-04-09,12:57,Puncak Alam,Espresso-based,Americano,1,9.0,9.0,QR,Sunny
TXN-8479,2026-04-09,13:05,Putrajaya,Milk-based,Cappuccino,1,11.0,11.0,Cash,Sunny
TXN-8532,2026-04-09,13:13,Puncak Alam,Milk-based,Caramel Macchiato,1,13.0,13.0,Cash,Sunny
TXN-8484,2026-04-09,13:31,Putrajaya,Milk-based,Mocha,1,12.0,12.0,QR,Sunny
TXN-8514,2026-04-09,13:33,Puncak Alam,Milk-based,Caramel Macchiato,1,13.0,13.0,QR,Sunny
TXN-8524,2026-04-09,13:37,Puncak Alam,Milk-based,Caramel Macchiato,1,13.0,13.0,Cash,Sunny
TXN-8490,2026-04-09,13:40,Putrajaya,Milk-based,Mocha,1,12.0,12.0,QR,Sunny
TXN-8449,2026-04-09,13:48,Putrajaya,Milk-based,Caramel Macchiato,2,13.0,26.0,QR,Sunny
TXN-8450,2026-04-09,13:50,Putrajaya,Espresso-based,Americano,1,9.0,9.0,QR,Sunny
TXN-8536,2026-04-09,13:51,Puncak Alam,Ice Blended,Ice Blended Chocolate Chip,1,14.0,14.0,QR,Sunny
TXN-8503,2026-04-09,13:58,Putrajaya,Espresso-based,Americano,1,9.0,9.0,QR,Sunny
TXN-8508,2026-04-09,14:01,Putrajaya,Ice Blended,Ice Blended Chocolate Chip,3,14.0,42.0,QR,Sunny
TXN-8545,2026-04-09,14:17,Puncak Alam,Espresso-based,Espresso,1,7.0,7.0,QR,Sunny
TXN-8462,2026-04-09,14:19,Putrajaya,Espresso-based,Americano,3,9.0,27.0,Cash,Sunny
TXN-8473,2026-04-09,14:35,Putrajaya,Milk-based,Mocha,2,12.0,24.0,QR,Sunny
TXN-8525,2026-04-09,14:36,Puncak Alam,Milk-based,Caramel Macchiato,2,13.0,26.0,QR,Sunny
TXN-8455,2026-04-09,14:49,Putrajaya,Milk-based,Cappuccino,2,11.0,22.0,QR,Sunny
TXN-8486,2026-04-09,14:52,Putrajaya,Milk-based,Cappuccino,1,11.0,11.0,Cash,Sunny
TXN-8501,2026-04-09,14:58,Putrajaya,Milk-based,Caramel Macchiato,1,13.0,13.0,QR,Sunny
TXN-8452,2026-04-09,15:02,Putrajaya,Espresso-based,Espresso,2,7.0,14.0,Cash,Sunny
TXN-8444,2026-04-09,15:07,Putrajaya,Milk-based,Cappuccino,1,11.0,11.0,QR,Sunny
TXN-8509,2026-04-09,15:09,Putrajaya,Milk-based,Latte,3,11.0,33.0,QR,Sunny
TXN-8457,2026-04-09,15:19,Putrajaya,Ice Blended,Ice Blended Chocolate Chip,1,14.0,14.0,QR,Sunny
TXN-8539,2026-04-09,15:19,Puncak Alam,Milk-based,Cappuccino,1,11.0,11.0,QR,Sunny
TXN-8523,2026-04-09,15:44,Puncak Alam,Espresso-based,Espresso,3,7.0,21.0,QR,Sunny
TXN-8505,2026-04-09,15:50,Putrajaya,Milk-based,Mocha,1,12.0,12.0,QR,Sunny
TXN-8495,2026-04-09,15:53,Putrajaya,Milk-based,Caramel Macchiato,2,13.0,26.0,QR,Sunny
TXN-8481,2026-04-09,15:54,Putrajaya,Milk-based,Cappuccino,1,11.0,11.0,Cash,Sunny
TXN-8461,2026-04-09,16:09,Putrajaya,Milk-based,Mocha,1,12.0,12.0,QR,Sunny
TXN-8465,2026-04-09,16:12,Putrajaya,Milk-based,Mocha,1,12.0,12.0,QR,Sunny
TXN-8468,2026-04-09,16:16,Putrajaya,Espresso-based,Americano,2,9.0,18.0,QR,Sunny
TXN-8442,2026-04-09,16:17,Putrajaya,Milk-based,Latte,2,11.0,22.0,QR,Sunny
TXN-8464,2026-04-09,16:25,Putrajaya,Milk-based,Latte,2,11.0,22.0,QR,Sunny
TXN-8474,2026-04-09,16:30,Putrajaya,Milk-based,Cappuccino,2,11.0,22.0,QR,Sunny
TXN-8527,2026-04-09,16:32,Puncak Alam,Espresso-based,Americano,1,9.0,9.0,QR,Sunny
TXN-8533,2026-04-09,16:33,Puncak Alam,Milk-based,Latte,1,11.0,11.0,QR,Sunny
TXN-8477,2026-04-09,16:44,Putrajaya,Milk-based,Cappuccino,1,11.0,11.0,QR,Sunny
TXN-8460,2026-04-09,16:46,Putrajaya,Milk-based,Cappuccino,2,11.0,22.0,QR,Sunny
TXN-8544,2026-04-09,16:46,Puncak Alam,Espresso-based,Espresso,1,7.0,7.0,QR,Sunny
TXN-8543,2026-04-09,16:50,Puncak Alam,Espresso-based,Americano,1,9.0,9.0,QR,Sunny
TXN-8480,2026-04-09,16:56,Putrajaya,Espresso-based,Americano,1,9.0,9.0,QR,Sunny
TXN-8445,2026-04-09,17:03,Putrajaya,Milk-based,Caramel Macchiato,1,13.0,13.0,QR,Sunny
TXN-8454,2026-04-09,17:48,Putrajaya,Milk-based,Cappuccino,1,11.0,11.0,QR,Sunny
TXN-8446,2026-04-09,17:57,Putrajaya,Espresso-based,Americano,1,9.0,9.0,Cash,Sunny
TXN-8534,2026-04-09,18:08,Puncak Alam,Milk-based,Latte,2,11.0,22.0,QR,Sunny
TXN-8497,2026-04-09,18:13,Putrajaya,Milk-based,Mocha,1,12.0,12.0,QR,Sunny
TXN-8512,2026-04-09,18:16,Puncak Alam,Milk-based,Caramel Macchiato,1,13.0,13.0,Cash,Sunny
TXN-8528,2026-04-09,18:45,Puncak Alam,Milk-based,Caramel Macchiato,1,13.0,13.0,Cash,Sunny
TXN-8541,2026-04-09,18:45,Puncak Alam,Milk-based,Latte,1,11.0,11.0,QR,Sunny
TXN-8519,2026-04-09,18:59,Puncak Alam,Milk-based,Caramel Macchiato,1,13.0,13.0,Cash,Sunny
TXN-8456,2026-04-09,19:03,Putrajaya,Milk-based,Cappuccino,4,11.0,44.0,QR,Sunny
TXN-8485,2026-04-09,19:08,Putrajaya,Milk-based,Caramel Macchiato,1,13.0,13.0,QR,Sunny
TXN-8471,2026-04-09,19:25,Putrajaya,Ice Blended,Ice Blended Chocolate Chip,1,14.0,14.0,Cash,Sunny
TXN-8531,2026-04-09,19:57,Puncak Alam,Milk-based,Mocha,1,12.0,12.0,QR,Sunny
TXN-8451,2026-04-09,20:16,Putrajaya,Espresso-based,Americano,1,9.0,9.0,QR,Sunny
TXN-8535,2026-04-09,20:16,Puncak Alam,Milk-based,Mocha,1,12.0,12.0,QR,Sunny
TXN-8526,2026-04-09,20:31,Puncak Alam,Milk-based,Caramel Macchiato,1,13.0,13.0,QR,Sunny
TXN-8470,2026-04-09,20:36,Putrajaya,Milk-based,Mocha,1,12.0,12.0,QR,Sunny
TXN-8467,2026-04-09,20:40,Putrajaya,Milk-based,Cappuccino,1,11.0,11.0,QR,Sunny
TXN-8510,2026-04-09,20:42,Putrajaya,Espresso-based,Espresso,1,7.0,7.0,QR,Sunny
TXN-8504,2026-04-09,20:55,Putrajaya,Milk-based,Latte,3,11.0,33.0,QR,Sunny
TXN-8546,2026-04-09,21:08,Puncak Alam,Ice Blended,Ice Blended Chocolate Chip,2,14.0,28.0,QR,Sunny
TXN-8530,2026-04-09,21:28,Puncak Alam,Milk-based,Caramel Macchiato,2,13.0,26.0,QR,Sunny
TXN-8463,2026-04-09,21:31,Putrajaya,Ice Blended,Ice Blended Chocolate Chip,1,14.0,14.0,QR,Sunny
TXN-8517,2026-04-09,21:33,Puncak Alam,Milk-based,Caramel Macchiato,1,13.0,13.0,Cash,Sunny
TXN-8487,2026-04-09,21:37,Putrajaya,Milk-based,Latte,2,11.0,22.0,QR,Sunny
TXN-8538,2026-04-09,21:48,Puncak Alam,Espresso-based,Espresso,3,7.0,21.0,Cash,Sunny
TXN-8518,2026-04-09,21:52,Puncak Alam,Milk-based,Cappuccino,2,11.0,22.0,QR,Sunny
TXN-8448,2026-04-09,21:58,Putrajaya,Espresso-based,Espresso,1,7.0,7.0,QR,Sunny
TXN-8516,2026-04-09,21:58,Puncak Alam,Espresso-based,Espresso,2,7.0,14.0,Cash,Sunny
TXN-8604,2026-04-10,08:01,Putrajaya,Milk-based,Cappuccino,1,11.0,11.0,Cash,Sunny
TXN-8591,2026-04-10,08:11,Putrajaya,Milk-based,Cappuccino,1,11.0,11.0,Cash,Sunny
TXN-8605,2026-04-10,08:15,Putrajaya,Milk-based,Latte,1,11.0,11.0,Cash,Sunny
TXN-8609,2026-04-10,08:15,Putrajaya,Milk-based,Cappuccino,2,11.0,22.0,QR,Sunny
TXN-8607,2026-04-10,08:16,Putrajaya,Milk-based,Mocha,3,12.0,36.0,QR,Sunny
TXN-8675,2026-04-10,08:17,Puncak Alam,Milk-based,Cappuccino,2,11.0,22.0,QR,Sunny
TXN-8640,2026-04-10,08:20,Puncak Alam,Espresso-based,Americano,1,9.0,9.0,QR,Sunny
TXN-8602,2026-04-10,08:51,Putrajaya,Milk-based,Caramel Macchiato,3,13.0,39.0,QR,Sunny
TXN-8557,2026-04-10,08:52,Putrajaya,Milk-based,Mocha,3,12.0,36.0,Cash,Sunny
TXN-8682,2026-04-10,09:02,Puncak Alam,Espresso-based,Americano,1,9.0,9.0,Cash,Sunny
TXN-8685,2026-04-10,09:04,Puncak Alam,Ice Blended,Ice Blended Chocolate Chip,1,14.0,14.0,QR,Sunny
TXN-8577,2026-04-10,09:09,Putrajaya,Espresso-based,Americano,1,9.0,9.0,QR,Sunny
TXN-8561,2026-04-10,09:19,Putrajaya,Milk-based,Mocha,1,12.0,12.0,QR,Sunny
TXN-8572,2026-04-10,09:36,Putrajaya,Milk-based,Caramel Macchiato,3,13.0,39.0,QR,Sunny
TXN-8620,2026-04-10,09:36,Puncak Alam,Milk-based,Mocha,1,12.0,12.0,Cash,Sunny
TXN-8638,2026-04-10,09:36,Puncak Alam,Espresso-based,Americano,2,9.0,18.0,QR,Sunny
TXN-8550,2026-04-10,09:45,Putrajaya,Milk-based,Latte,1,11.0,11.0,Cash,Sunny
TXN-8623,2026-04-10,09:46,Puncak Alam,Milk-based,Mocha,2,12.0,24.0,QR,Sunny
TXN-8564,2026-04-10,09:56,Putrajaya,Milk-based,Latte,1,11.0,11.0,QR,Sunny
TXN-8649,2026-04-10,10:04,Puncak Alam,Espresso-based,Americano,1,9.0,9.0,Cash,Sunny
TXN-8614,2026-04-10,10:09,Putrajaya,Espresso-based,Americano,2,9.0,18.0,QR,Sunny
TXN-8660,2026-04-10,10:14,Puncak Alam,Espresso-based,Americano,2,9.0,18.0,QR,Sunny
TXN-8587,2026-04-10,10:17,Putrajaya,Milk-based,Mocha,1,12.0,12.0,QR,Sunny
TXN-8559,2026-04-10,10:45,Putrajaya,Milk-based,Caramel Macchiato,1,13.0,13.0,Cash,Sunny
TXN-8560,2026-04-10,10:50,Putrajaya,Milk-based,Latte,2,11.0,22.0,Cash,Sunny
TXN-8601,2026-04-10,10:52,Putrajaya,Milk-based,Caramel Macchiato,3,13.0,39.0,QR,Sunny
TXN-8579,2026-04-10,10:54,Putrajaya,Ice Blended,Ice Blended Chocolate Chip,2,14.0,28.0,QR,Sunny
TXN-8642,2026-04-10,11:01,Puncak Alam,Espresso-based,Americano,3,9.0,27.0,Cash,Sunny
TXN-8592,2026-04-10,11:08,Putrajaya,Espresso-based,Americano,1,9.0,9.0,QR,Sunny
TXN-8617,2026-04-10,11:13,Puncak Alam,Milk-based,Latte,3,11.0,33.0,Cash,Sunny
TXN-8625,2026-04-10,11:17,Puncak Alam,Milk-based,Mocha,1,12.0,12.0,QR,Sunny
TXN-8563,2026-04-10,11:23,Putrajaya,Espresso-based,Americano,2,9.0,18.0,Cash,Sunny
TXN-8635,2026-04-10,11:31,Puncak Alam,Milk-based,Latte,1,11.0,11.0,Cash,Sunny
TXN-8655,2026-04-10,11:31,Puncak Alam,Milk-based,Caramel Macchiato,1,13.0,13.0,Cash,Sunny
TXN-8628,2026-04-10,11:38,Puncak Alam,Milk-based,Cappuccino,1,11.0,11.0,Cash,Sunny
TXN-8630,2026-04-10,11:39,Puncak Alam,Ice Blended,Ice Blended Chocolate Chip,1,14.0,14.0,Cash,Sunny
TXN-8654,2026-04-10,11:41,Puncak Alam,Milk-based,Latte,1,11.0,11.0,QR,Sunny
TXN-8581,2026-04-10,12:02,Putrajaya,Espresso-based,Americano,1,9.0,9.0,QR,Sunny
TXN-8641,2026-04-10,12:11,Puncak Alam,Milk-based,Cappuccino,3,11.0,33.0,Cash,Sunny
TXN-8653,2026-04-10,12:11,Puncak Alam,Espresso-based,Espresso,4,7.0,28.0,QR,Sunny
TXN-8595,2026-04-10,12:25,Putrajaya,Milk-based,Cappuccino,2,11.0,22.0,QR,Sunny
TXN-8596,2026-04-10,12:26,Putrajaya,Milk-based,Cappuccino,1,11.0,11.0,QR,Sunny
TXN-8661,2026-04-10,12:27,Puncak Alam,Milk-based,Mocha,1,12.0,12.0,Cash,Sunny
TXN-8551,2026-04-10,12:46,Putrajaya,Milk-based,Cappuccino,1,11.0,11.0,Cash,Sunny
TXN-8648,2026-04-10,12:49,Puncak Alam,Milk-based,Cappuccino,1,11.0,11.0,QR,Sunny
TXN-8673,2026-04-10,12:50,Puncak Alam,Milk-based,Latte,1,11.0,11.0,QR,Sunny
TXN-8657,2026-04-10,12:53,Puncak Alam,Ice Blended,Ice Blended Chocolate Chip,2,14.0,28.0,QR,Sunny
TXN-8619,2026-04-10,12:58,Puncak Alam,Ice Blended,Ice Blended Chocolate Chip,1,14.0,14.0,QR,Sunny
TXN-8646,2026-04-10,13:21,Puncak Alam,Milk-based,Caramel Macchiato,1,13.0,13.0,QR,Sunny
TXN-8684,2026-04-10,13:26,Puncak Alam,Ice Blended,Ice Blended Chocolate Chip,1,14.0,14.0,Cash,Sunny
TXN-8626,2026-04-10,13:30,Puncak Alam,Milk-based,Caramel Macchiato,1,13.0,13.0,Cash,Sunny
TXN-8553,2026-04-10,13:35,Putrajaya,Milk-based,Mocha,1,12.0,12.0,Cash,Sunny
TXN-8583,2026-04-10,13:42,Putrajaya,Milk-based,Cappuccino,1,11.0,11.0,QR,Sunny
TXN-8621,2026-04-10,13:46,Puncak Alam,Espresso-based,Espresso,1,7.0,7.0,QR,Sunny
TXN-8576,2026-04-10,13:51,Putrajaya,Espresso-based,Espresso,2,7.0,14.0,QR,Sunny
TXN-8574,2026-04-10,13:56,Putrajaya,Milk-based,Mocha,1,12.0,12.0,QR,Sunny
TXN-8636,2026-04-10,13:59,Puncak Alam,Milk-based,Mocha,3,12.0,36.0,QR,Sunny
TXN-8658,2026-04-10,14:00,Puncak Alam,Ice Blended,Ice Blended Chocolate Chip,2,14.0,28.0,QR,Sunny
TXN-8680,2026-04-10,14:03,Puncak Alam,Milk-based,Mocha,3,12.0,36.0,QR,Sunny
TXN-8594,2026-04-10,14:05,Putrajaya,Milk-based,Cappuccino,1,11.0,11.0,Cash,Sunny
TXN-8598,2026-04-10,14:06,Putrajaya,Espresso-based,Americano,3,9.0,27.0,QR,Sunny
TXN-8570,2026-04-10,14:27,Putrajaya,Milk-based,Caramel Macchiato,1,13.0,13.0,QR,Sunny
TXN-8600,2026-04-10,14:33,Putrajaya,Milk-based,Latte,1,11.0,11.0,QR,Sunny
TXN-8610,2026-04-10,14:48,Putrajaya,Milk-based,Latte,3,11.0,33.0,QR,Sunny
TXN-8568,2026-04-10,14:49,Putrajaya,Milk-based,Caramel Macchiato,1,13.0,13.0,QR,Sunny
TXN-8590,2026-04-10,14:49,Putrajaya,Milk-based,Mocha,4,12.0,48.0,Cash,Sunny
TXN-8672,2026-04-10,14:53,Puncak Alam,Milk-based,Mocha,1,12.0,12.0,QR,Sunny
TXN-8639,2026-04-10,15:02,Puncak Alam,Milk-based,Latte,1,11.0,11.0,QR,Sunny
TXN-8593,2026-04-10,15:05,Putrajaya,Espresso-based,Espresso,1,7.0,7.0,Cash,Sunny
TXN-8556,2026-04-10,15:07,Putrajaya,Milk-based,Mocha,1,12.0,12.0,Cash,Sunny
TXN-8665,2026-04-10,15:09,Puncak Alam,Espresso-based,Espresso,1,7.0,7.0,QR,Sunny
TXN-8666,2026-04-10,15:11,Puncak Alam,Milk-based,Cappuccino,2,11.0,22.0,QR,Sunny
TXN-8552,2026-04-10,15:13,Putrajaya,Milk-based,Caramel Macchiato,1,13.0,13.0,Cash,Sunny
TXN-8582,2026-04-10,15:15,Putrajaya,Milk-based,Cappuccino,2,11.0,22.0,Cash,Sunny
TXN-8679,2026-04-10,15:19,Puncak Alam,Milk-based,Cappuccino,4,11.0,44.0,QR,Sunny
TXN-8652,2026-04-10,15:25,Puncak Alam,Milk-based,Mocha,2,12.0,24.0,QR,Sunny
TXN-8629,2026-04-10,15:52,Puncak Alam,Espresso-based,Espresso,1,7.0,7.0,QR,Sunny
TXN-8671,2026-04-10,15:53,Puncak Alam,Milk-based,Cappuccino,1,11.0,11.0,QR,Sunny
TXN-8627,2026-04-10,15:55,Puncak Alam,Milk-based,Latte,1,11.0,11.0,Cash,Sunny
TXN-8637,2026-04-10,15:55,Puncak Alam,Milk-based,Caramel Macchiato,1,13.0,13.0,Cash,Sunny
TXN-8615,2026-04-10,15:59,Puncak Alam,Espresso-based,Americano,1,9.0,9.0,QR,Sunny
TXN-8573,2026-04-10,16:03,Putrajaya,Espresso-based,Espresso,2,7.0,14.0,QR,Sunny
TXN-8599,2026-04-10,16:03,Putrajaya,Ice Blended,Ice Blended Chocolate Chip,1,14.0,14.0,QR,Sunny
TXN-8566,2026-04-10,16:05,Putrajaya,Espresso-based,Americano,1,9.0,9.0,QR,Sunny
TXN-8580,2026-04-10,16:09,Putrajaya,Ice Blended,Ice Blended Chocolate Chip,1,14.0,14.0,QR,Sunny
TXN-8603,2026-04-10,16:21,Putrajaya,Espresso-based,Espresso,1,7.0,7.0,QR,Sunny
TXN-8647,2026-04-10,16:23,Puncak Alam,Espresso-based,Espresso,1,7.0,7.0,Cash,Sunny
TXN-8597,2026-04-10,16:26,Putrajaya,Milk-based,Latte,1,11.0,11.0,QR,Sunny
TXN-8677,2026-04-10,16:26,Puncak Alam,Espresso-based,Americano,1,9.0,9.0,QR,Sunny
TXN-8634,2026-04-10,16:32,Puncak Alam,Milk-based,Latte,1,11.0,11.0,QR,Sunny
TXN-8622,2026-04-10,16:39,Puncak Alam,Milk-based,Cappuccino,1,11.0,11.0,QR,Sunny
TXN-8676,2026-04-10,16:39,Puncak Alam,Milk-based,Caramel Macchiato,1,13.0,13.0,QR,Sunny
TXN-8569,2026-04-10,16:53,Putrajaya,Milk-based,Mocha,1,12.0,12.0,QR,Sunny
TXN-8589,2026-04-10,16:58,Putrajaya,Milk-based,Latte,1,11.0,11.0,QR,Sunny
TXN-8683,2026-04-10,16:59,Puncak Alam,Ice Blended,Ice Blended Chocolate Chip,1,14.0,14.0,QR,Sunny
TXN-8643,2026-04-10,17:01,Puncak Alam,Espresso-based,Espresso,2,7.0,14.0,QR,Sunny
TXN-8632,2026-04-10,17:08,Puncak Alam,Milk-based,Mocha,1,12.0,12.0,QR,Sunny
TXN-8554,2026-04-10,17:15,Putrajaya,Espresso-based,Americano,1,9.0,9.0,QR,Sunny
TXN-8584,2026-04-10,17:25,Putrajaya,Milk-based,Cappuccino,1,11.0,11.0,QR,Sunny
TXN-8606,2026-04-10,17:31,Putrajaya,Milk-based,Cappuccino,1,11.0,11.0,QR,Sunny
TXN-8662,2026-04-10,18:00,Puncak Alam,Milk-based,Caramel Macchiato,1,13.0,13.0,QR,Sunny
TXN-8616,2026-04-10,18:09,Puncak Alam,Milk-based,Cappuccino,1,11.0,11.0,Cash,Sunny
TXN-8664,2026-04-10,18:09,Puncak Alam,Espresso-based,Americano,1,9.0,9.0,QR,Sunny
TXN-8571,2026-04-10,18:17,Putrajaya,Milk-based,Caramel Macchiato,1,13.0,13.0,QR,Sunny
TXN-8555,2026-04-10,18:21,Putrajaya,Milk-based,Mocha,1,12.0,12.0,QR,Sunny
TXN-8650,2026-04-10,18:21,Puncak Alam,Milk-based,Latte,1,11.0,11.0,Cash,Sunny
TXN-8588,2026-04-10,18:37,Putrajaya,Milk-based,Caramel Macchiato,2,13.0,26.0,Cash,Sunny
TXN-8651,2026-04-10,18:39,Puncak Alam,Milk-based,Latte,1,11.0,11.0,QR,Sunny
TXN-8663,2026-04-10,18:57,Puncak Alam,Milk-based,Mocha,2,12.0,24.0,QR,Sunny
TXN-8558,2026-04-10,18:58,Putrajaya,Milk-based,Caramel Macchiato,1,13.0,13.0,QR,Sunny
TXN-8645,2026-04-10,19:12,Puncak Alam,Milk-based,Caramel Macchiato,1,13.0,13.0,QR,Sunny
TXN-8618,2026-04-10,19:14,Puncak Alam,Milk-based,Cappuccino,2,11.0,22.0,QR,Sunny
TXN-8567,2026-04-10,19:22,Putrajaya,Espresso-based,Americano,2,9.0,18.0,Cash,Sunny
TXN-8644,2026-04-10,19:25,Puncak Alam,Milk-based,Mocha,1,12.0,12.0,QR,Sunny
TXN-8562,2026-04-10,19:29,Putrajaya,Ice Blended,Ice Blended Chocolate Chip,1,14.0,14.0,QR,Sunny
TXN-8659,2026-04-10,19:44,Puncak Alam,Milk-based,Mocha,1,12.0,12.0,QR,Sunny
TXN-8611,2026-04-10,19:50,Putrajaya,Milk-based,Caramel Macchiato,3,13.0,39.0,QR,Sunny
TXN-8667,2026-04-10,19:54,Puncak Alam,Ice Blended,Ice Blended Chocolate Chip,2,14.0,28.0,Cash,Sunny
TXN-8549,2026-04-10,20:04,Putrajaya,Milk-based,Caramel Macchiato,1,13.0,13.0,QR,Sunny
TXN-8674,2026-04-10,20:06,Puncak Alam,Espresso-based,Americano,2,9.0,18.0,Cash,Sunny
TXN-8631,2026-04-10,20:14,Puncak Alam,Espresso-based,Americano,1,9.0,9.0,QR,Sunny
TXN-8586,2026-04-10,20:24,Putrajaya,Espresso-based,Espresso,1,7.0,7.0,QR,Sunny
TXN-8624,2026-04-10,20:28,Puncak Alam,Ice Blended,Ice Blended Chocolate Chip,1,14.0,14.0,QR,Sunny
TXN-8681,2026-04-10,20:28,Puncak Alam,Ice Blended,Ice Blended Chocolate Chip,1,14.0,14.0,QR,Sunny
TXN-8613,2026-04-10,20:32,Putrajaya,Ice Blended,Ice Blended Chocolate Chip,1,14.0,14.0,QR,Sunny
TXN-8578,2026-04-10,20:44,Putrajaya,Espresso-based,Americano,1,9.0,9.0,QR,Sunny
TXN-8585,2026-04-10,20:49,Putrajaya,Milk-based,Latte,1,11.0,11.0,Cash,Sunny
TXN-8565,2026-04-10,20:55,Putrajaya,Espresso-based,Espresso,1,7.0,7.0,QR,Sunny
TXN-8670,2026-04-10,21:00,Puncak Alam,Espresso-based,Espresso,1,7.0,7.0,QR,Sunny
TXN-8633,2026-04-10,21:03,Puncak Alam,Milk-based,Cappuccino,1,11.0,11.0,Cash,Sunny
TXN-8575,2026-04-10,21:08,Putrajaya,Espresso-based,Espresso,1,7.0,7.0,QR,Sunny
TXN-8668,2026-04-10,21:12,Puncak Alam,Milk-based,Latte,1,11.0,11.0,Cash,Sunny
TXN-8656,2026-04-10,21:16,Puncak Alam,Milk-based,Cappuccino,2,11.0,22.0,QR,Sunny
TXN-8669,2026-04-10,21:21,Puncak Alam,Ice Blended,Ice Blended Chocolate Chip,2,14.0,28.0,QR,Sunny
TXN-8678,2026-04-10,21:23,Puncak Alam,Milk-based,Caramel Macchiato,1,13.0,13.0,QR,Sunny
TXN-8612,2026-04-10,21:26,Putrajaya,Milk-based,Cappuccino,1,11.0,11.0,Cash,Sunny
TXN-8608,2026-04-10,21:47,Putrajaya,Espresso-based,Americano,2,9.0,18.0,QR,Sunny
TXN-8723,2026-04-11,08:02,Putrajaya,Espresso-based,Espresso,2,7.0,14.0,Cash,Sunny
TXN-8743,2026-04-11,08:04,Putrajaya,Milk-based,Latte,1,11.0,11.0,Cash,Sunny
TXN-8768,2026-04-11,08:15,Puncak Alam,Espresso-based,Americano,1,9.0,9.0,QR,Sunny
TXN-8708,2026-04-11,08:16,Putrajaya,Milk-based,Mocha,1,12.0,12.0,Cash,Sunny
TXN-8753,2026-04-11,08:26,Putrajaya,Ice Blended,Ice Blended Chocolate Chip,4,14.0,56.0,QR,Sunny
TXN-8686,2026-04-11,08:29,Putrajaya,Espresso-based,Espresso,1,7.0,7.0,QR,Sunny
TXN-8771,2026-04-11,09:01,Puncak Alam,Milk-based,Cappuccino,1,11.0,11.0,QR,Sunny
TXN-8792,2026-04-11,09:13,Puncak Alam,Milk-based,Caramel Macchiato,1,13.0,13.0,QR,Sunny
TXN-8688,2026-04-11,09:19,Putrajaya,Milk-based,Caramel Macchiato,1,13.0,13.0,Cash,Sunny
TXN-8763,2026-04-11,09:53,Puncak Alam,Milk-based,Latte,1,11.0,11.0,QR,Sunny
TXN-8777,2026-04-11,09:54,Puncak Alam,Milk-based,Cappuccino,1,11.0,11.0,Cash,Sunny
TXN-8757,2026-04-11,10:11,Putrajaya,Milk-based,Mocha,1,12.0,12.0,QR,Sunny
TXN-8759,2026-04-11,10:16,Puncak Alam,Espresso-based,Americano,2,9.0,18.0,Cash,Sunny
TXN-8752,2026-04-11,10:18,Putrajaya,Milk-based,Caramel Macchiato,1,13.0,13.0,QR,Sunny
TXN-8781,2026-04-11,10:21,Puncak Alam,Espresso-based,Espresso,3,7.0,21.0,QR,Sunny
TXN-8715,2026-04-11,10:38,Putrajaya,Milk-based,Cappuccino,1,11.0,11.0,QR,Sunny
TXN-8703,2026-04-11,11:00,Putrajaya,Milk-based,Caramel Macchiato,1,13.0,13.0,Cash,Sunny
TXN-8772,2026-04-11,11:01,Puncak Alam,Milk-based,Latte,2,11.0,22.0,QR,Sunny
TXN-8738,2026-04-11,11:14,Putrajaya,Milk-based,Mocha,1,12.0,12.0,Cash,Sunny
TXN-8729,2026-04-11,11:42,Putrajaya,Milk-based,Latte,1,11.0,11.0,QR,Sunny
TXN-8707,2026-04-11,11:43,Putrajaya,Espresso-based,Americano,2,9.0,18.0,Cash,Sunny
TXN-8764,2026-04-11,11:44,Puncak Alam,Milk-based,Caramel Macchiato,1,13.0,13.0,QR,Sunny
TXN-8713,2026-04-11,11:47,Putrajaya,Milk-based,Latte,2,11.0,22.0,QR,Sunny
TXN-8721,2026-04-11,11:55,Putrajaya,Espresso-based,Americano,3,9.0,27.0,QR,Sunny
TXN-8701,2026-04-11,12:00,Putrajaya,Espresso-based,Americano,3,9.0,27.0,QR,Sunny
TXN-8797,2026-04-11,12:04,Puncak Alam,Ice Blended,Ice Blended Chocolate Chip,1,14.0,14.0,QR,Sunny
TXN-8692,2026-04-11,12:12,Putrajaya,Espresso-based,Americano,1,9.0,9.0,Cash,Sunny
TXN-8710,2026-04-11,12:15,Putrajaya,Espresso-based,Americano,1,9.0,9.0,QR,Sunny
TXN-8687,2026-04-11,12:19,Putrajaya,Milk-based,Mocha,1,12.0,12.0,QR,Sunny
TXN-8737,2026-04-11,12:21,Putrajaya,Milk-based,Mocha,2,12.0,24.0,Cash,Sunny
TXN-8699,2026-04-11,12:57,Putrajaya,Milk-based,Mocha,1,12.0,12.0,Cash,Sunny
TXN-8755,2026-04-11,13:00,Putrajaya,Ice Blended,Ice Blended Chocolate Chip,3,14.0,42.0,QR,Sunny
TXN-8778,2026-04-11,13:11,Puncak Alam,Milk-based,Latte,1,11.0,11.0,Cash,Sunny
TXN-8716,2026-04-11,13:12,Putrajaya,Espresso-based,Espresso,2,7.0,14.0,QR,Sunny
TXN-8700,2026-04-11,13:19,Putrajaya,Espresso-based,Espresso,1,7.0,7.0,Cash,Sunny
TXN-8754,2026-04-11,13:26,Putrajaya,Milk-based,Latte,2,11.0,22.0,Cash,Sunny
TXN-8740,2026-04-11,13:28,Putrajaya,Espresso-based,Americano,1,9.0,9.0,QR,Sunny
TXN-8780,2026-04-11,13:28,Puncak Alam,Espresso-based,Espresso,1,7.0,7.0,Cash,Sunny
TXN-8730,2026-04-11,13:29,Putrajaya,Espresso-based,Espresso,1,7.0,7.0,QR,Sunny
TXN-8750,2026-04-11,13:50,Putrajaya,Milk-based,Mocha,1,12.0,12.0,QR,Sunny
TXN-8719,2026-04-11,13:55,Putrajaya,Milk-based,Cappuccino,2,11.0,22.0,QR,Sunny
TXN-8756,2026-04-11,14:02,Putrajaya,Espresso-based,Espresso,1,7.0,7.0,QR,Sunny
TXN-8751,2026-04-11,14:13,Putrajaya,Ice Blended,Ice Blended Chocolate Chip,1,14.0,14.0,QR,Sunny
TXN-8714,2026-04-11,14:18,Putrajaya,Milk-based,Mocha,2,12.0,24.0,Cash,Sunny
TXN-8760,2026-04-11,14:19,Puncak Alam,Milk-based,Mocha,1,12.0,12.0,QR,Sunny
TXN-8717,2026-04-11,14:25,Putrajaya,Espresso-based,Espresso,1,7.0,7.0,QR,Sunny
TXN-8689,2026-04-11,14:28,Putrajaya,Milk-based,Caramel Macchiato,1,13.0,13.0,QR,Sunny
TXN-8748,2026-04-11,14:28,Putrajaya,Espresso-based,Espresso,1,7.0,7.0,QR,Sunny
TXN-8706,2026-04-11,14:30,Putrajaya,Espresso-based,Espresso,4,7.0,28.0,QR,Sunny
TXN-8726,2026-04-11,14:46,Putrajaya,Espresso-based,Americano,1,9.0,9.0,QR,Sunny
TXN-8696,2026-04-11,15:06,Putrajaya,Ice Blended,Ice Blended Chocolate Chip,1,14.0,14.0,QR,Sunny
TXN-8734,2026-04-11,15:12,Putrajaya,Milk-based,Mocha,1,12.0,12.0,Cash,Sunny
TXN-8790,2026-04-11,15:13,Puncak Alam,Milk-based,Caramel Macchiato,1,13.0,13.0,QR,Sunny
TXN-8774,2026-04-11,15:29,Puncak Alam,Ice Blended,Ice Blended Chocolate Chip,1,14.0,14.0,QR,Sunny
TXN-8762,2026-04-11,15:39,Puncak Alam,Espresso-based,Espresso,1,7.0,7.0,Cash,Sunny
TXN-8786,2026-04-11,16:00,Puncak Alam,Espresso-based,Espresso,1,7.0,7.0,QR,Sunny
TXN-8697,2026-04-11,16:05,Putrajaya,Espresso-based,Americano,1,9.0,9.0,QR,Sunny
TXN-8741,2026-04-11,16:05,Putrajaya,Espresso-based,Espresso,1,7.0,7.0,QR,Sunny
TXN-8736,2026-04-11,16:08,Putrajaya,Milk-based,Latte,1,11.0,11.0,QR,Sunny
TXN-8776,2026-04-11,16:27,Puncak Alam,Milk-based,Mocha,3,12.0,36.0,Cash,Sunny
TXN-8739,2026-04-11,16:29,Putrajaya,Milk-based,Caramel Macchiato,1,13.0,13.0,QR,Sunny
TXN-8795,2026-04-11,16:33,Puncak Alam,Milk-based,Cappuccino,1,11.0,11.0,QR,Sunny
TXN-8783,2026-04-11,16:49,Puncak Alam,Espresso-based,Americano,1,9.0,9.0,QR,Sunny
TXN-8698,2026-04-11,16:50,Putrajaya,Espresso-based,Americano,1,9.0,9.0,QR,Sunny
TXN-8712,2026-04-11,16:52,Putrajaya,Milk-based,Mocha,1,12.0,12.0,QR,Sunny
TXN-8746,2026-04-11,16:52,Putrajaya,Espresso-based,Americano,1,9.0,9.0,QR,Sunny
TXN-8711,2026-04-11,17:10,Putrajaya,Espresso-based,Americano,2,9.0,18.0,QR,Sunny
TXN-8798,2026-04-11,17:20,Puncak Alam,Milk-based,Cappuccino,1,11.0,11.0,QR,Sunny
TXN-8749,2026-04-11,17:21,Putrajaya,Milk-based,Latte,1,11.0,11.0,QR,Sunny
TXN-8728,2026-04-11,17:27,Putrajaya,Ice Blended,Ice Blended Chocolate Chip,1,14.0,14.0,QR,Sunny
TXN-8770,2026-04-11,17:27,Puncak Alam,Milk-based,Latte,1,11.0,11.0,Cash,Sunny
TXN-8735,2026-04-11,17:30,Putrajaya,Milk-based,Mocha,1,12.0,12.0,Cash,Sunny
TXN-8785,2026-04-11,17:30,Puncak Alam,Espresso-based,Espresso,1,7.0,7.0,QR,Sunny
TXN-8733,2026-04-11,17:33,Putrajaya,Milk-based,Cappuccino,1,11.0,11.0,QR,Sunny
TXN-8705,2026-04-11,17:35,Putrajaya,Milk-based,Mocha,2,12.0,24.0,Cash,Sunny
TXN-8765,2026-04-11,17:44,Puncak Alam,Espresso-based,Americano,1,9.0,9.0,Cash,Sunny
TXN-8761,2026-04-11,17:49,Puncak Alam,Milk-based,Latte,2,11.0,22.0,QR,Sunny
TXN-8747,2026-04-11,17:55,Putrajaya,Milk-based,Caramel Macchiato,1,13.0,13.0,Cash,Sunny
TXN-8727,2026-04-11,17:56,Putrajaya,Espresso-based,Espresso,1,7.0,7.0,Cash,Sunny
TXN-8779,2026-04-11,18:01,Puncak Alam,Ice Blended,Ice Blended Chocolate Chip,1,14.0,14.0,QR,Sunny
TXN-8758,2026-04-11,18:05,Putrajaya,Espresso-based,Americano,1,9.0,9.0,QR,Sunny
TXN-8691,2026-04-11,18:25,Putrajaya,Milk-based,Caramel Macchiato,3,13.0,39.0,QR,Sunny
TXN-8709,2026-04-11,18:28,Putrajaya,Milk-based,Mocha,1,12.0,12.0,QR,Sunny
TXN-8767,2026-04-11,18:40,Puncak Alam,Ice Blended,Ice Blended Chocolate Chip,1,14.0,14.0,QR,Sunny
TXN-8787,2026-04-11,18:41,Puncak Alam,Espresso-based,Espresso,1,7.0,7.0,Cash,Sunny
TXN-8769,2026-04-11,18:53,Puncak Alam,Milk-based,Mocha,1,12.0,12.0,Cash,Sunny
TXN-8722,2026-04-11,18:54,Putrajaya,Espresso-based,Espresso,2,7.0,14.0,QR,Sunny
TXN-8742,2026-04-11,18:56,Putrajaya,Espresso-based,Espresso,1,7.0,7.0,QR,Sunny
TXN-8782,2026-04-11,19:07,Puncak Alam,Milk-based,Latte,1,11.0,11.0,QR,Sunny
TXN-8794,2026-04-11,19:11,Puncak Alam,Espresso-based,Espresso,2,7.0,14.0,QR,Sunny
TXN-8773,2026-04-11,19:13,Puncak Alam,Milk-based,Cappuccino,1,11.0,11.0,QR,Sunny
TXN-8720,2026-04-11,19:19,Putrajaya,Espresso-based,Espresso,1,7.0,7.0,QR,Sunny
TXN-8784,2026-04-11,19:38,Puncak Alam,Milk-based,Caramel Macchiato,1,13.0,13.0,Cash,Sunny
TXN-8791,2026-04-11,19:54,Puncak Alam,Espresso-based,Espresso,1,7.0,7.0,Cash,Sunny
TXN-8725,2026-04-11,20:29,Putrajaya,Espresso-based,Espresso,2,7.0,14.0,Cash,Sunny
TXN-8704,2026-04-11,20:36,Putrajaya,Ice Blended,Ice Blended Chocolate Chip,1,14.0,14.0,Cash,Sunny
TXN-8745,2026-04-11,20:36,Putrajaya,Milk-based,Mocha,2,12.0,24.0,QR,Sunny
TXN-8789,2026-04-11,20:40,Puncak Alam,Milk-based,Latte,2,11.0,22.0,QR,Sunny
TXN-8693,2026-04-11,20:47,Putrajaya,Espresso-based,Espresso,1,7.0,7.0,QR,Sunny
TXN-8718,2026-04-11,20:48,Putrajaya,Espresso-based,Espresso,3,7.0,21.0,QR,Sunny
TXN-8732,2026-04-11,20:52,Putrajaya,Espresso-based,Americano,1,9.0,9.0,QR,Sunny
TXN-8766,2026-04-11,20:52,Puncak Alam,Ice Blended,Ice Blended Chocolate Chip,2,14.0,28.0,QR,Sunny
TXN-8695,2026-04-11,20:58,Putrajaya,Ice Blended,Ice Blended Chocolate Chip,1,14.0,14.0,Cash,Sunny
TXN-8788,2026-04-11,21:21,Puncak Alam,Espresso-based,Espresso,1,7.0,7.0,Cash,Sunny
TXN-8690,2026-04-11,21:24,Putrajaya,Milk-based,Mocha,3,12.0,36.0,QR,Sunny
TXN-8724,2026-04-11,21:26,Putrajaya,Milk-based,Caramel Macchiato,1,13.0,13.0,Cash,Sunny
TXN-8731,2026-04-11,21:29,Putrajaya,Milk-based,Latte,1,11.0,11.0,QR,Sunny
TXN-8796,2026-04-11,21:38,Puncak Alam,Ice Blended,Ice Blended Chocolate Chip,1,14.0,14.0,QR,Sunny
TXN-8694,2026-04-11,21:42,Putrajaya,Milk-based,Cappuccino,3,11.0,33.0,QR,Sunny
TXN-8793,2026-04-11,21:46,Puncak Alam,Milk-based,Mocha,2,12.0,24.0,QR,Sunny
TXN-8744,2026-04-11,21:48,Putrajaya,Milk-based,Latte,1,11.0,11.0,Cash,Sunny
TXN-8775,2026-04-11,21:48,Puncak Alam,Espresso-based,Espresso,4,7.0,28.0,QR,Sunny
TXN-8702,2026-04-11,21:59,Putrajaya,Espresso-based,Espresso,2,7.0,14.0,QR,Sunny
TXN-8806,2026-04-12,08:19,Putrajaya,Milk-based,Cappuccino,1,11.0,11.0,Cash,Raining
TXN-8802,2026-04-12,08:23,Putrajaya,Ice Blended,Ice Blended Chocolate Chip,1,14.0,14.0,QR,Raining
TXN-8856,2026-04-12,08:27,Puncak Alam,Milk-based,Mocha,1,12.0,12.0,QR,Sunny
TXN-8910,2026-04-12,08:29,Puncak Alam,Espresso-based,Espresso,1,7.0,7.0,Cash,Sunny
TXN-8861,2026-04-12,08:34,Puncak Alam,Milk-based,Latte,2,11.0,22.0,QR,Sunny
TXN-8800,2026-04-12,08:40,Putrajaya,Milk-based,Latte,1,11.0,11.0,QR,Raining
TXN-8853,2026-04-12,08:44,Puncak Alam,Ice Blended,Ice Blended Chocolate Chip,2,14.0,28.0,QR,Sunny
TXN-8851,2026-04-12,09:06,Puncak Alam,Milk-based,Latte,1,11.0,11.0,QR,Sunny
TXN-8833,2026-04-12,09:12,Putrajaya,Milk-based,Latte,1,11.0,11.0,QR,Raining
TXN-8831,2026-04-12,09:19,Putrajaya,Milk-based,Caramel Macchiato,2,13.0,26.0,QR,Raining
TXN-8839,2026-04-12,09:21,Puncak Alam,Milk-based,Latte,1,11.0,11.0,QR,Sunny
TXN-8815,2026-04-12,09:27,Putrajaya,Milk-based,Mocha,1,12.0,12.0,QR,Raining
TXN-8855,2026-04-12,09:36,Puncak Alam,Milk-based,Cappuccino,1,11.0,11.0,QR,Sunny
TXN-8913,2026-04-12,09:37,Puncak Alam,Ice Blended,Ice Blended Chocolate Chip,2,14.0,28.0,Cash,Sunny
TXN-8903,2026-04-12,09:54,Puncak Alam,Milk-based,Caramel Macchiato,1,13.0,13.0,QR,Sunny
TXN-8826,2026-04-12,09:55,Putrajaya,Espresso-based,Espresso,2,7.0,14.0,QR,Raining
TXN-8829,2026-04-12,10:04,Putrajaya,Espresso-based,Americano,2,9.0,18.0,QR,Raining
TXN-8814,2026-04-12,10:08,Putrajaya,Espresso-based,Americano,2,9.0,18.0,QR,Raining
TXN-8911,2026-04-12,10:18,Puncak Alam,Espresso-based,Espresso,1,7.0,7.0,QR,Sunny
TXN-8801,2026-04-12,10:29,Putrajaya,Espresso-based,Americano,1,9.0,9.0,QR,Raining
TXN-8825,2026-04-12,10:30,Putrajaya,Milk-based,Caramel Macchiato,2,13.0,26.0,QR,Raining
TXN-8828,2026-04-12,10:32,Putrajaya,Milk-based,Caramel Macchiato,1,13.0,13.0,QR,Raining
TXN-8880,2026-04-12,10:39,Puncak Alam,Ice Blended,Ice Blended Chocolate Chip,1,14.0,14.0,Cash,Sunny
TXN-8813,2026-04-12,10:45,Putrajaya,Milk-based,Latte,1,11.0,11.0,QR,Raining
TXN-8849,2026-04-12,10:48,Puncak Alam,Milk-based,Mocha,1,12.0,12.0,Cash,Sunny
TXN-8907,2026-04-12,10:48,Puncak Alam,Milk-based,Latte,3,11.0,33.0,QR,Sunny
TXN-8916,2026-04-12,10:59,Puncak Alam,Espresso-based,Espresso,1,7.0,7.0,Cash,Sunny
TXN-8837,2026-04-12,11:07,Putrajaya,Espresso-based,Americano,1,9.0,9.0,Cash,Raining
TXN-8893,2026-04-12,11:13,Puncak Alam,Espresso-based,Espresso,1,7.0,7.0,Cash,Sunny
TXN-8873,2026-04-12,11:15,Puncak Alam,Milk-based,Cappuccino,1,11.0,11.0,QR,Sunny
TXN-8808,2026-04-12,11:20,Putrajaya,Ice Blended,Ice Blended Chocolate Chip,1,14.0,14.0,QR,Raining
TXN-8863,2026-04-12,11:22,Puncak Alam,Espresso-based,Espresso,2,7.0,14.0,QR,Sunny
TXN-8844,2026-04-12,11:30,Puncak Alam,Espresso-based,Americano,2,9.0,18.0,Cash,Sunny
TXN-8838,2026-04-12,11:38,Puncak Alam,Milk-based,Caramel Macchiato,1,13.0,13.0,QR,Sunny
TXN-8883,2026-04-12,11:38,Puncak Alam,Ice Blended,Ice Blended Chocolate Chip,1,14.0,14.0,QR,Sunny
TXN-8842,2026-04-12,11:40,Puncak Alam,Milk-based,Latte,1,11.0,11.0,QR,Sunny
TXN-8879,2026-04-12,11:48,Puncak Alam,Espresso-based,Espresso,4,7.0,28.0,QR,Sunny
TXN-8866,2026-04-12,12:00,Puncak Alam,Milk-based,Cappuccino,1,11.0,11.0,Cash,Sunny
TXN-8804,2026-04-12,12:14,Putrajaya,Milk-based,Caramel Macchiato,1,13.0,13.0,QR,Raining
TXN-8904,2026-04-12,12:19,Puncak Alam,Milk-based,Mocha,1,12.0,12.0,QR,Sunny
TXN-8843,2026-04-12,12:26,Puncak Alam,Milk-based,Caramel Macchiato,1,13.0,13.0,QR,Sunny
TXN-8848,2026-04-12,12:30,Puncak Alam,Espresso-based,Espresso,1,7.0,7.0,Cash,Sunny
TXN-8890,2026-04-12,12:31,Puncak Alam,Ice Blended,Ice Blended Chocolate Chip,1,14.0,14.0,Cash,Sunny
TXN-8834,2026-04-12,12:32,Putrajaya,Milk-based,Cappuccino,1,11.0,11.0,Cash,Raining
TXN-8823,2026-04-12,12:35,Putrajaya,Milk-based,Caramel Macchiato,2,13.0,26.0,Cash,Raining
TXN-8857,2026-04-12,13:05,Puncak Alam,Espresso-based,Americano,1,9.0,9.0,QR,Sunny
TXN-8875,2026-04-12,13:06,Puncak Alam,Milk-based,Caramel Macchiato,1,13.0,13.0,Cash,Sunny
TXN-8881,2026-04-12,13:09,Puncak Alam,Ice Blended,Ice Blended Chocolate Chip,1,14.0,14.0,Cash,Sunny
TXN-8912,2026-04-12,13:12,Puncak Alam,Ice Blended,Ice Blended Chocolate Chip,1,14.0,14.0,Cash,Sunny
TXN-8819,2026-04-12,13:19,Putrajaya,Milk-based,Cappuccino,1,11.0,11.0,QR,Raining
TXN-8905,2026-04-12,13:25,Puncak Alam,Milk-based,Caramel Macchiato,3,13.0,39.0,Cash,Sunny
TXN-8840,2026-04-12,13:26,Puncak Alam,Ice Blended,Ice Blended Chocolate Chip,1,14.0,14.0,QR,Sunny
TXN-8889,2026-04-12,13:30,Puncak Alam,Espresso-based,Americano,1,9.0,9.0,Cash,Sunny
TXN-8906,2026-04-12,13:47,Puncak Alam,Espresso-based,Americano,1,9.0,9.0,Cash,Sunny
TXN-8908,2026-04-12,14:00,Puncak Alam,Milk-based,Mocha,1,12.0,12.0,QR,Sunny
TXN-8895,2026-04-12,14:01,Puncak Alam,Milk-based,Caramel Macchiato,2,13.0,26.0,Cash,Sunny
TXN-8877,2026-04-12,14:17,Puncak Alam,Milk-based,Cappuccino,1,11.0,11.0,Cash,Sunny
TXN-8897,2026-04-12,14:25,Puncak Alam,Milk-based,Latte,1,11.0,11.0,QR,Sunny
TXN-8882,2026-04-12,14:51,Puncak Alam,Ice Blended,Ice Blended Chocolate Chip,2,14.0,28.0,QR,Sunny
TXN-8827,2026-04-12,14:59,Putrajaya,Milk-based,Mocha,1,12.0,12.0,Cash,Raining
TXN-8816,2026-04-12,15:00,Putrajaya,Espresso-based,Espresso,1,7.0,7.0,Cash,Raining
TXN-8822,2026-04-12,15:14,Putrajaya,Milk-based,Latte,1,11.0,11.0,QR,Raining
TXN-8878,2026-04-12,15:14,Puncak Alam,Milk-based,Caramel Macchiato,1,13.0,13.0,Cash,Sunny
TXN-8891,2026-04-12,15:14,Puncak Alam,Espresso-based,Americano,1,9.0,9.0,QR,Sunny
TXN-8892,2026-04-12,15:14,Puncak Alam,Milk-based,Latte,1,11.0,11.0,QR,Sunny
TXN-8900,2026-04-12,15:17,Puncak Alam,Milk-based,Latte,1,11.0,11.0,QR,Sunny
TXN-8870,2026-04-12,15:35,Puncak Alam,Milk-based,Caramel Macchiato,1,13.0,13.0,QR,Sunny
TXN-8846,2026-04-12,15:42,Puncak Alam,Ice Blended,Ice Blended Chocolate Chip,2,14.0,28.0,QR,Sunny
TXN-8909,2026-04-12,15:46,Puncak Alam,Milk-based,Caramel Macchiato,2,13.0,26.0,QR,Sunny
TXN-8894,2026-04-12,15:48,Puncak Alam,Espresso-based,Espresso,1,7.0,7.0,QR,Sunny
TXN-8803,2026-04-12,15:55,Putrajaya,Milk-based,Mocha,1,12.0,12.0,QR,Raining
TXN-8799,2026-04-12,16:03,Putrajaya,Ice Blended,Ice Blended Chocolate Chip,1,14.0,14.0,QR,Raining
TXN-8871,2026-04-12,16:08,Puncak Alam,Milk-based,Cappuccino,1,11.0,11.0,QR,Sunny
TXN-8884,2026-04-12,16:10,Puncak Alam,Milk-based,Cappuccino,2,11.0,22.0,QR,Sunny
TXN-8830,2026-04-12,16:11,Putrajaya,Milk-based,Latte,3,11.0,33.0,Cash,Raining
TXN-8868,2026-04-12,16:20,Puncak Alam,Milk-based,Mocha,1,12.0,12.0,QR,Sunny
TXN-8872,2026-04-12,16:53,Puncak Alam,Milk-based,Cappuccino,1,11.0,11.0,QR,Sunny
TXN-8845,2026-04-12,17:02,Puncak Alam,Milk-based,Caramel Macchiato,2,13.0,26.0,Cash,Sunny
TXN-8865,2026-04-12,17:02,Puncak Alam,Espresso-based,Americano,1,9.0,9.0,QR,Sunny
TXN-8860,2026-04-12,17:06,Puncak Alam,Milk-based,Mocha,1,12.0,12.0,QR,Sunny
TXN-8862,2026-04-12,17:08,Puncak Alam,Espresso-based,Americano,4,9.0,36.0,QR,Sunny
TXN-8807,2026-04-12,17:16,Putrajaya,Milk-based,Caramel Macchiato,1,13.0,13.0,QR,Raining
TXN-8847,2026-04-12,17:27,Puncak Alam,Milk-based,Latte,3,11.0,33.0,QR,Sunny
TXN-8898,2026-04-12,17:28,Puncak Alam,Milk-based,Latte,2,11.0,22.0,QR,Sunny
TXN-8869,2026-04-12,17:30,Puncak Alam,Milk-based,Mocha,1,12.0,12.0,QR,Sunny
TXN-8864,2026-04-12,17:49,Puncak Alam,Milk-based,Mocha,1,12.0,12.0,QR,Sunny
TXN-8811,2026-04-12,18:12,Putrajaya,Milk-based,Mocha,1,12.0,12.0,QR,Raining
TXN-8874,2026-04-12,18:12,Puncak Alam,Milk-based,Cappuccino,1,11.0,11.0,QR,Sunny
TXN-8805,2026-04-12,18:19,Putrajaya,Espresso-based,Espresso,1,7.0,7.0,QR,Raining
TXN-8876,2026-04-12,18:20,Puncak Alam,Milk-based,Latte,1,11.0,11.0,QR,Sunny
TXN-8859,2026-04-12,18:21,Puncak Alam,Milk-based,Latte,1,11.0,11.0,QR,Sunny
TXN-8858,2026-04-12,18:25,Puncak Alam,Milk-based,Mocha,2,12.0,24.0,QR,Sunny
TXN-8914,2026-04-12,18:25,Puncak Alam,Milk-based,Caramel Macchiato,1,13.0,13.0,QR,Sunny
TXN-8809,2026-04-12,18:31,Putrajaya,Espresso-based,Espresso,1,7.0,7.0,QR,Raining
TXN-8835,2026-04-12,18:37,Putrajaya,Ice Blended,Ice Blended Chocolate Chip,1,14.0,14.0,QR,Raining
TXN-8832,2026-04-12,18:39,Putrajaya,Ice Blended,Ice Blended Chocolate Chip,2,14.0,28.0,QR,Raining
TXN-8886,2026-04-12,18:45,Puncak Alam,Milk-based,Latte,1,11.0,11.0,QR,Sunny
TXN-8818,2026-04-12,18:56,Putrajaya,Ice Blended,Ice Blended Chocolate Chip,1,14.0,14.0,QR,Raining
TXN-8915,2026-04-12,18:56,Puncak Alam,Espresso-based,Espresso,1,7.0,7.0,QR,Sunny
TXN-8841,2026-04-12,19:03,Puncak Alam,Ice Blended,Ice Blended Chocolate Chip,1,14.0,14.0,QR,Sunny
TXN-8901,2026-04-12,19:09,Puncak Alam,Ice Blended,Ice Blended Chocolate Chip,1,14.0,14.0,QR,Sunny
TXN-8867,2026-04-12,19:10,Puncak Alam,Milk-based,Latte,1,11.0,11.0,Cash,Sunny
TXN-8854,2026-04-12,19:49,Puncak Alam,Milk-based,Cappuccino,1,11.0,11.0,QR,Sunny
TXN-8888,2026-04-12,19:49,Puncak Alam,Milk-based,Cappuccino,1,11.0,11.0,Cash,Sunny
TXN-8896,2026-04-12,19:51,Puncak Alam,Milk-based,Mocha,1,12.0,12.0,QR,Sunny
TXN-8899,2026-04-12,19:54,Puncak Alam,Espresso-based,Americano,2,9.0,18.0,QR,Sunny
TXN-8852,2026-04-12,20:05,Puncak Alam,Milk-based,Caramel Macchiato,1,13.0,13.0,Cash,Sunny
TXN-8821,2026-04-12,20:14,Putrajaya,Espresso-based,Americano,1,9.0,9.0,QR,Raining
TXN-8885,2026-04-12,20:37,Puncak Alam,Milk-based,Caramel Macchiato,1,13.0,13.0,Cash,Sunny
TXN-8824,2026-04-12,20:52,Putrajaya,Espresso-based,Americano,1,9.0,9.0,QR,Raining
TXN-8810,2026-04-12,20:56,Putrajaya,Milk-based,Cappuccino,2,11.0,22.0,Cash,Raining
TXN-8820,2026-04-12,20:57,Putrajaya,Milk-based,Mocha,1,12.0,12.0,QR,Raining
TXN-8902,2026-04-12,21:26,Puncak Alam,Milk-based,Mocha,1,12.0,12.0,Cash,Sunny
TXN-8887,2026-04-12,21:30,Puncak Alam,Milk-based,Cappuccino,1,11.0,11.0,QR,Sunny
TXN-8817,2026-04-12,21:36,Putrajaya,Espresso-based,Americano,1,9.0,9.0,QR,Raining
TXN-8812,2026-04-12,21:37,Putrajaya,Ice Blended,Ice Blended Chocolate Chip,1,14.0,14.0,QR,Raining
TXN-8850,2026-04-12,21:55,Puncak Alam,Espresso-based,Espresso,2,7.0,14.0,Cash,Sunny
TXN-8836,2026-04-12,21:58,Putrajaya,Milk-based,Latte,1,11.0,11.0,QR,Raining
TXN-8987,2026-04-13,08:00,Puncak Alam,Espresso-based,Americano,1,9.0,9.0,Cash,Raining
TXN-9006,2026-04-13,08:02,Puncak Alam,Milk-based,Latte,2,11.0,22.0,Cash,Raining
TXN-9009,2026-04-13,08:06,Puncak Alam,Milk-based,Cappuccino,1,11.0,11.0,QR,Raining
TXN-8976,2026-04-13,08:18,Puncak Alam,Milk-based,Mocha,2,12.0,24.0,QR,Raining
TXN-8950,2026-04-13,08:21,Putrajaya,Espresso-based,Espresso,1,7.0,7.0,QR,Sunny
TXN-9013,2026-04-13,08:21,Puncak Alam,Milk-based,Caramel Macchiato,2,13.0,26.0,QR,Raining
TXN-8981,2026-04-13,08:29,Puncak Alam,Milk-based,Mocha,1,12.0,12.0,QR,Raining
TXN-8927,2026-04-13,08:43,Putrajaya,Milk-based,Latte,1,11.0,11.0,QR,Sunny
TXN-8920,2026-04-13,08:47,Putrajaya,Ice Blended,Ice Blended Chocolate Chip,1,14.0,14.0,QR,Sunny
TXN-8928,2026-04-13,08:51,Putrajaya,Espresso-based,Espresso,3,7.0,21.0,QR,Sunny
TXN-9003,2026-04-13,08:54,Puncak Alam,Espresso-based,Espresso,2,7.0,14.0,QR,Raining
TXN-9004,2026-04-13,09:04,Puncak Alam,Milk-based,Cappuccino,1,11.0,11.0,QR,Raining
TXN-8963,2026-04-13,09:05,Puncak Alam,Espresso-based,Americano,1,9.0,9.0,Cash,Raining
TXN-9007,2026-04-13,09:15,Puncak Alam,Espresso-based,Espresso,1,7.0,7.0,QR,Raining
TXN-8934,2026-04-13,09:18,Putrajaya,Espresso-based,Espresso,1,7.0,7.0,QR,Sunny
TXN-8957,2026-04-13,09:18,Putrajaya,Espresso-based,Americano,1,9.0,9.0,QR,Sunny
TXN-8926,2026-04-13,09:19,Putrajaya,Milk-based,Caramel Macchiato,3,13.0,39.0,QR,Sunny
TXN-8961,2026-04-13,09:21,Puncak Alam,Espresso-based,Espresso,1,7.0,7.0,Cash,Raining
TXN-8935,2026-04-13,09:24,Putrajaya,Milk-based,Latte,1,11.0,11.0,QR,Sunny
TXN-8940,2026-04-13,09:28,Putrajaya,Milk-based,Latte,1,11.0,11.0,QR,Sunny
TXN-8965,2026-04-13,09:32,Puncak Alam,Espresso-based,Americano,1,9.0,9.0,QR,Raining
TXN-8919,2026-04-13,09:36,Putrajaya,Milk-based,Caramel Macchiato,3,13.0,39.0,QR,Sunny
TXN-8972,2026-04-13,09:39,Puncak Alam,Milk-based,Cappuccino,2,11.0,22.0,Cash,Raining
TXN-8939,2026-04-13,10:18,Putrajaya,Milk-based,Mocha,1,12.0,12.0,Cash,Sunny
TXN-9014,2026-04-13,10:23,Puncak Alam,Milk-based,Caramel Macchiato,1,13.0,13.0,Cash,Raining
TXN-9020,2026-04-13,10:28,Puncak Alam,Milk-based,Latte,1,11.0,11.0,QR,Raining
TXN-8995,2026-04-13,10:36,Puncak Alam,Milk-based,Latte,1,11.0,11.0,QR,Raining
TXN-8984,2026-04-13,10:50,Puncak Alam,Milk-based,Mocha,1,12.0,12.0,Cash,Raining
TXN-8951,2026-04-13,10:58,Putrajaya,Milk-based,Cappuccino,2,11.0,22.0,Cash,Sunny
TXN-8953,2026-04-13,11:03,Putrajaya,Milk-based,Latte,1,11.0,11.0,Cash,Sunny
TXN-8969,2026-04-13,11:07,Puncak Alam,Ice Blended,Ice Blended Chocolate Chip,2,14.0,28.0,QR,Raining
TXN-8947,2026-04-13,11:16,Putrajaya,Milk-based,Caramel Macchiato,1,13.0,13.0,Cash,Sunny
TXN-9017,2026-04-13,11:21,Puncak Alam,Milk-based,Mocha,1,12.0,12.0,QR,Raining
TXN-9010,2026-04-13,11:35,Puncak Alam,Milk-based,Mocha,1,12.0,12.0,Cash,Raining
TXN-8979,2026-04-13,12:08,Puncak Alam,Ice Blended,Ice Blended Chocolate Chip,1,14.0,14.0,QR,Raining
TXN-8948,2026-04-13,12:23,Putrajaya,Ice Blended,Ice Blended Chocolate Chip,1,14.0,14.0,QR,Sunny
TXN-9000,2026-04-13,12:28,Puncak Alam,Milk-based,Latte,2,11.0,22.0,QR,Raining
TXN-8959,2026-04-13,12:40,Putrajaya,Milk-based,Caramel Macchiato,2,13.0,26.0,QR,Sunny
TXN-8918,2026-04-13,12:41,Putrajaya,Espresso-based,Espresso,2,7.0,14.0,QR,Sunny
TXN-8932,2026-04-13,12:44,Putrajaya,Milk-based,Mocha,1,12.0,12.0,QR,Sunny
TXN-8971,2026-04-13,12:44,Puncak Alam,Espresso-based,Americano,1,9.0,9.0,QR,Raining
TXN-8956,2026-04-13,12:46,Putrajaya,Milk-based,Mocha,1,12.0,12.0,QR,Sunny
TXN-8968,2026-04-13,12:50,Puncak Alam,Milk-based,Caramel Macchiato,1,13.0,13.0,QR,Raining
TXN-8929,2026-04-13,12:53,Putrajaya,Espresso-based,Americano,1,9.0,9.0,QR,Sunny
TXN-8958,2026-04-13,12:57,Putrajaya,Ice Blended,Ice Blended Chocolate Chip,1,14.0,14.0,QR,Sunny
TXN-9005,2026-04-13,12:59,Puncak Alam,Espresso-based,Espresso,2,7.0,14.0,Cash,Raining
TXN-8960,2026-04-13,13:02,Putrajaya,Espresso-based,Espresso,1,7.0,7.0,Cash,Sunny
TXN-8945,2026-04-13,13:26,Putrajaya,Ice Blended,Ice Blended Chocolate Chip,1,14.0,14.0,QR,Sunny
TXN-8922,2026-04-13,13:34,Putrajaya,Espresso-based,Americano,1,9.0,9.0,Cash,Sunny
TXN-8923,2026-04-13,13:42,Putrajaya,Milk-based,Latte,1,11.0,11.0,QR,Sunny
TXN-8992,2026-04-13,13:47,Puncak Alam,Milk-based,Latte,1,11.0,11.0,QR,Raining
TXN-8944,2026-04-13,13:54,Putrajaya,Milk-based,Mocha,1,12.0,12.0,Cash,Sunny
TXN-8938,2026-04-13,14:03,Putrajaya,Milk-based,Caramel Macchiato,1,13.0,13.0,QR,Sunny
TXN-8930,2026-04-13,14:09,Putrajaya,Espresso-based,Americano,1,9.0,9.0,Cash,Sunny
TXN-8999,2026-04-13,14:16,Puncak Alam,Ice Blended,Ice Blended Chocolate Chip,1,14.0,14.0,QR,Raining
TXN-8994,2026-04-13,14:26,Puncak Alam,Milk-based,Cappuccino,1,11.0,11.0,Cash,Raining
TXN-8933,2026-04-13,14:48,Putrajaya,Ice Blended,Ice Blended Chocolate Chip,1,14.0,14.0,QR,Sunny
TXN-8949,2026-04-13,14:54,Putrajaya,Milk-based,Caramel Macchiato,2,13.0,26.0,QR,Sunny
TXN-8954,2026-04-13,15:08,Putrajaya,Milk-based,Latte,1,11.0,11.0,QR,Sunny
TXN-9019,2026-04-13,15:23,Puncak Alam,Milk-based,Cappuccino,1,11.0,11.0,QR,Raining
TXN-8964,2026-04-13,15:29,Puncak Alam,Milk-based,Cappuccino,1,11.0,11.0,QR,Raining
TXN-8925,2026-04-13,15:31,Putrajaya,Milk-based,Cappuccino,1,11.0,11.0,QR,Sunny
TXN-9015,2026-04-13,15:31,Puncak Alam,Espresso-based,Americano,1,9.0,9.0,Cash,Raining
TXN-8941,2026-04-13,15:38,Putrajaya,Ice Blended,Ice Blended Chocolate Chip,1,14.0,14.0,QR,Sunny
TXN-8993,2026-04-13,15:44,Puncak Alam,Milk-based,Caramel Macchiato,1,13.0,13.0,QR,Raining
TXN-8975,2026-04-13,15:46,Puncak Alam,Ice Blended,Ice Blended Chocolate Chip,1,14.0,14.0,QR,Raining
TXN-8924,2026-04-13,15:53,Putrajaya,Milk-based,Cappuccino,1,11.0,11.0,QR,Sunny
TXN-8996,2026-04-13,16:18,Puncak Alam,Ice Blended,Ice Blended Chocolate Chip,2,14.0,28.0,Cash,Raining
TXN-8988,2026-04-13,16:32,Puncak Alam,Milk-based,Cappuccino,1,11.0,11.0,Cash,Raining
TXN-9018,2026-04-13,16:33,Puncak Alam,Milk-based,Mocha,1,12.0,12.0,QR,Raining
TXN-8990,2026-04-13,16:54,Puncak Alam,Ice Blended,Ice Blended Chocolate Chip,1,14.0,14.0,QR,Raining
TXN-9012,2026-04-13,16:57,Puncak Alam,Milk-based,Mocha,2,12.0,24.0,Cash,Raining
TXN-8982,2026-04-13,17:04,Puncak Alam,Milk-based,Caramel Macchiato,1,13.0,13.0,QR,Raining
TXN-8986,2026-04-13,17:14,Puncak Alam,Milk-based,Mocha,1,12.0,12.0,Cash,Raining
TXN-8977,2026-04-13,17:39,Puncak Alam,Milk-based,Cappuccino,1,11.0,11.0,QR,Raining
TXN-8962,2026-04-13,17:49,Puncak Alam,Milk-based,Caramel Macchiato,1,13.0,13.0,QR,Raining
TXN-8967,2026-04-13,17:55,Puncak Alam,Milk-based,Cappuccino,1,11.0,11.0,QR,Raining
TXN-9002,2026-04-13,18:02,Puncak Alam,Milk-based,Mocha,3,12.0,36.0,QR,Raining
TXN-8937,2026-04-13,18:09,Putrajaya,Milk-based,Cappuccino,1,11.0,11.0,QR,Sunny
TXN-8998,2026-04-13,18:34,Puncak Alam,Milk-based,Latte,1,11.0,11.0,QR,Raining
TXN-9011,2026-04-13,18:48,Puncak Alam,Milk-based,Latte,2,11.0,22.0,QR,Raining
TXN-9001,2026-04-13,18:52,Puncak Alam,Milk-based,Cappuccino,1,11.0,11.0,Cash,Raining
TXN-8983,2026-04-13,18:54,Puncak Alam,Espresso-based,Espresso,1,7.0,7.0,QR,Raining
TXN-8974,2026-04-13,19:08,Puncak Alam,Ice Blended,Ice Blended Chocolate Chip,1,14.0,14.0,QR,Raining
TXN-8946,2026-04-13,19:23,Putrajaya,Ice Blended,Ice Blended Chocolate Chip,2,14.0,28.0,QR,Sunny
TXN-8955,2026-04-13,19:48,Putrajaya,Milk-based,Caramel Macchiato,3,13.0,39.0,QR,Sunny
TXN-8936,2026-04-13,20:06,Putrajaya,Milk-based,Latte,3,11.0,33.0,QR,Sunny
TXN-8970,2026-04-13,20:23,Puncak Alam,Espresso-based,Espresso,1,7.0,7.0,Cash,Raining
TXN-8952,2026-04-13,20:25,Putrajaya,Milk-based,Mocha,1,12.0,12.0,QR,Sunny
TXN-9016,2026-04-13,20:31,Puncak Alam,Ice Blended,Ice Blended Chocolate Chip,1,14.0,14.0,Cash,Raining
TXN-9008,2026-04-13,20:33,Puncak Alam,Milk-based,Latte,1,11.0,11.0,QR,Raining
TXN-8931,2026-04-13,20:41,Putrajaya,Milk-based,Mocha,1,12.0,12.0,QR,Sunny
TXN-8991,2026-04-13,20:52,Puncak Alam,Espresso-based,Espresso,3,7.0,21.0,QR,Raining
TXN-8980,2026-04-13,21:03,Puncak Alam,Milk-based,Mocha,1,12.0,12.0,QR,Raining
TXN-8978,2026-04-13,21:05,Puncak Alam,Espresso-based,Espresso,1,7.0,7.0,Cash,Raining
TXN-8921,2026-04-13,21:06,Putrajaya,Espresso-based,Espresso,2,7.0,14.0,Cash,Sunny
TXN-8997,2026-04-13,21:09,Puncak Alam,Milk-based,Latte,1,11.0,11.0,QR,Raining
TXN-8985,2026-04-13,21:11,Puncak Alam,Milk-based,Latte,1,11.0,11.0,Cash,Raining
TXN-8942,2026-04-13,21:19,Putrajaya,Espresso-based,Americano,1,9.0,9.0,QR,Sunny
TXN-8966,2026-04-13,21:36,Puncak Alam,Espresso-based,Americano,1,9.0,9.0,QR,Raining
TXN-8917,2026-04-13,21:51,Putrajaya,Espresso-based,Espresso,1,7.0,7.0,QR,Sunny
TXN-8943,2026-04-13,21:51,Putrajaya,Milk-based,Latte,1,11.0,11.0,QR,Sunny
TXN-8973,2026-04-13,21:58,Puncak Alam,Milk-based,Mocha,1,12.0,12.0,Cash,Raining
TXN-8989,2026-04-13,21:58,Puncak Alam,Ice Blended,Ice Blended Chocolate Chip,1,14.0,14.0,QR,Raining
TXN-9102,2026-04-14,08:07,Puncak Alam,Milk-based,Cappuccino,1,11.0,11.0,Cash,Sunny
TXN-9094,2026-04-14,08:09,Puncak Alam,Milk-based,Cappuccino,1,11.0,11.0,QR,Sunny
TXN-9047,2026-04-14,08:18,Putrajaya,Espresso-based,Espresso,1,7.0,7.0,Cash,Sunny
TXN-9021,2026-04-14,08:32,Putrajaya,Milk-based,Cappuccino,1,11.0,11.0,QR,Sunny
TXN-9050,2026-04-14,08:37,Putrajaya,Espresso-based,Espresso,1,7.0,7.0,QR,Sunny
TXN-9119,2026-04-14,08:45,Puncak Alam,Milk-based,Latte,2,11.0,22.0,QR,Sunny
TXN-9090,2026-04-14,08:57,Puncak Alam,Espresso-based,Americano,1,9.0,9.0,QR,Sunny
TXN-9022,2026-04-14,09:04,Putrajaya,Ice Blended,Ice Blended Chocolate Chip,3,14.0,42.0,Cash,Sunny
TXN-9078,2026-04-14,09:06,Puncak Alam,Milk-based,Caramel Macchiato,2,13.0,26.0,QR,Sunny
TXN-9079,2026-04-14,09:08,Puncak Alam,Milk-based,Latte,1,11.0,11.0,QR,Sunny
TXN-9062,2026-04-14,09:12,Putrajaya,Ice Blended,Ice Blended Chocolate Chip,3,14.0,42.0,QR,Sunny
TXN-9087,2026-04-14,09:17,Puncak Alam,Ice Blended,Ice Blended Chocolate Chip,1,14.0,14.0,Cash,Sunny
TXN-9023,2026-04-14,09:21,Putrajaya,Milk-based,Cappuccino,2,11.0,22.0,QR,Sunny
TXN-9103,2026-04-14,09:28,Puncak Alam,Espresso-based,Americano,1,9.0,9.0,QR,Sunny
TXN-9042,2026-04-14,09:31,Putrajaya,Milk-based,Mocha,1,12.0,12.0,QR,Sunny
TXN-9036,2026-04-14,09:35,Putrajaya,Ice Blended,Ice Blended Chocolate Chip,2,14.0,28.0,Cash,Sunny
TXN-9121,2026-04-14,09:41,Puncak Alam,Ice Blended,Ice Blended Chocolate Chip,1,14.0,14.0,QR,Sunny
TXN-9106,2026-04-14,10:06,Puncak Alam,Espresso-based,Espresso,1,7.0,7.0,QR,Sunny
TXN-9110,2026-04-14,10:13,Puncak Alam,Milk-based,Latte,2,11.0,22.0,QR,Sunny
TXN-9075,2026-04-14,10:15,Puncak Alam,Milk-based,Cappuccino,1,11.0,11.0,Cash,Sunny
TXN-9098,2026-04-14,10:16,Puncak Alam,Espresso-based,Americano,4,9.0,36.0,QR,Sunny
TXN-9114,2026-04-14,10:22,Puncak Alam,Milk-based,Cappuccino,3,11.0,33.0,Cash,Sunny
TXN-9118,2026-04-14,10:27,Puncak Alam,Milk-based,Caramel Macchiato,1,13.0,13.0,QR,Sunny
TXN-9111,2026-04-14,10:32,Puncak Alam,Ice Blended,Ice Blended Chocolate Chip,3,14.0,42.0,Cash,Sunny
TXN-9113,2026-04-14,10:32,Puncak Alam,Milk-based,Mocha,1,12.0,12.0,QR,Sunny
TXN-9071,2026-04-14,10:36,Puncak Alam,Ice Blended,Ice Blended Chocolate Chip,2,14.0,28.0,Cash,Sunny
TXN-9081,2026-04-14,10:46,Puncak Alam,Milk-based,Caramel Macchiato,1,13.0,13.0,QR,Sunny
TXN-9112,2026-04-14,10:54,Puncak Alam,Espresso-based,Americano,1,9.0,9.0,QR,Sunny
TXN-9126,2026-04-14,10:55,Puncak Alam,Ice Blended,Ice Blended Chocolate Chip,2,14.0,28.0,Cash,Sunny
TXN-9132,2026-04-14,11:02,Puncak Alam,Milk-based,Cappuccino,1,11.0,11.0,Cash,Sunny
TXN-9088,2026-04-14,11:03,Puncak Alam,Ice Blended,Ice Blended Chocolate Chip,1,14.0,14.0,QR,Sunny
TXN-9104,2026-04-14,11:06,Puncak Alam,Milk-based,Latte,1,11.0,11.0,QR,Sunny
TXN-9141,2026-04-14,11:23,Puncak Alam,Milk-based,Latte,1,11.0,11.0,QR,Sunny
TXN-9135,2026-04-14,11:37,Puncak Alam,Milk-based,Latte,1,11.0,11.0,QR,Sunny
TXN-9139,2026-04-14,11:43,Puncak Alam,Espresso-based,Espresso,2,7.0,14.0,QR,Sunny
TXN-9048,2026-04-14,11:54,Putrajaya,Milk-based,Cappuccino,1,11.0,11.0,QR,Sunny
TXN-9120,2026-04-14,11:56,Puncak Alam,Milk-based,Cappuccino,1,11.0,11.0,QR,Sunny
TXN-9059,2026-04-14,12:08,Putrajaya,Espresso-based,Americano,1,9.0,9.0,QR,Sunny
TXN-9101,2026-04-14,12:09,Puncak Alam,Milk-based,Caramel Macchiato,1,13.0,13.0,Cash,Sunny
TXN-9138,2026-04-14,12:11,Puncak Alam,Espresso-based,Espresso,1,7.0,7.0,QR,Sunny
TXN-9149,2026-04-14,12:12,Puncak Alam,Milk-based,Mocha,2,12.0,24.0,QR,Sunny
TXN-9143,2026-04-14,12:30,Puncak Alam,Espresso-based,Americano,2,9.0,18.0,QR,Sunny
TXN-9026,2026-04-14,12:33,Putrajaya,Espresso-based,Americano,1,9.0,9.0,Cash,Sunny
TXN-9068,2026-04-14,12:41,Putrajaya,Milk-based,Latte,1,11.0,11.0,QR,Sunny
TXN-9108,2026-04-14,12:48,Puncak Alam,Milk-based,Cappuccino,4,11.0,44.0,QR,Sunny
TXN-9116,2026-04-14,13:03,Puncak Alam,Espresso-based,Espresso,2,7.0,14.0,Cash,Sunny
TXN-9115,2026-04-14,13:12,Puncak Alam,Espresso-based,Espresso,1,7.0,7.0,Cash,Sunny
TXN-9072,2026-04-14,13:14,Puncak Alam,Milk-based,Caramel Macchiato,1,13.0,13.0,Cash,Sunny
TXN-9055,2026-04-14,13:25,Putrajaya,Milk-based,Mocha,1,12.0,12.0,Cash,Sunny
TXN-9148,2026-04-14,13:31,Puncak Alam,Milk-based,Cappuccino,1,11.0,11.0,QR,Sunny
TXN-9049,2026-04-14,13:40,Putrajaya,Milk-based,Mocha,1,12.0,12.0,Cash,Sunny
TXN-9044,2026-04-14,13:52,Putrajaya,Milk-based,Mocha,1,12.0,12.0,QR,Sunny
TXN-9028,2026-04-14,14:03,Putrajaya,Espresso-based,Americano,1,9.0,9.0,QR,Sunny
TXN-9051,2026-04-14,14:03,Putrajaya,Milk-based,Latte,1,11.0,11.0,QR,Sunny
TXN-9045,2026-04-14,14:26,Putrajaya,Milk-based,Caramel Macchiato,1,13.0,13.0,QR,Sunny
TXN-9034,2026-04-14,14:27,Putrajaya,Milk-based,Mocha,1,12.0,12.0,Cash,Sunny
TXN-9125,2026-04-14,14:28,Puncak Alam,Milk-based,Cappuccino,1,11.0,11.0,QR,Sunny
TXN-9052,2026-04-14,14:29,Putrajaya,Milk-based,Latte,1,11.0,11.0,Cash,Sunny
TXN-9089,2026-04-14,14:32,Puncak Alam,Milk-based,Mocha,2,12.0,24.0,QR,Sunny
TXN-9093,2026-04-14,14:41,Puncak Alam,Espresso-based,Americano,2,9.0,18.0,QR,Sunny
TXN-9105,2026-04-14,14:41,Puncak Alam,Milk-based,Mocha,3,12.0,36.0,QR,Sunny
TXN-9065,2026-04-14,14:47,Putrajaya,Milk-based,Caramel Macchiato,1,13.0,13.0,QR,Sunny
TXN-9035,2026-04-14,14:53,Putrajaya,Milk-based,Latte,1,11.0,11.0,QR,Sunny
TXN-9146,2026-04-14,15:01,Puncak Alam,Milk-based,Caramel Macchiato,2,13.0,26.0,Cash,Sunny
TXN-9084,2026-04-14,15:04,Puncak Alam,Milk-based,Caramel Macchiato,1,13.0,13.0,QR,Sunny
TXN-9069,2026-04-14,15:10,Putrajaya,Milk-based,Caramel Macchiato,1,13.0,13.0,QR,Sunny
TXN-9117,2026-04-14,15:15,Puncak Alam,Milk-based,Mocha,1,12.0,12.0,QR,Sunny
TXN-9086,2026-04-14,15:18,Puncak Alam,Milk-based,Mocha,3,12.0,36.0,QR,Sunny
TXN-9097,2026-04-14,15:34,Puncak Alam,Espresso-based,Espresso,3,7.0,21.0,QR,Sunny
TXN-9096,2026-04-14,15:42,Puncak Alam,Milk-based,Caramel Macchiato,2,13.0,26.0,Cash,Sunny
TXN-9043,2026-04-14,15:43,Putrajaya,Espresso-based,Espresso,1,7.0,7.0,QR,Sunny
TXN-9099,2026-04-14,16:09,Puncak Alam,Milk-based,Latte,1,11.0,11.0,Cash,Sunny
TXN-9039,2026-04-14,16:11,Putrajaya,Milk-based,Latte,1,11.0,11.0,QR,Sunny
TXN-9131,2026-04-14,16:20,Puncak Alam,Espresso-based,Espresso,1,7.0,7.0,QR,Sunny
TXN-9057,2026-04-14,16:26,Putrajaya,Milk-based,Mocha,2,12.0,24.0,QR,Sunny
TXN-9074,2026-04-14,16:30,Puncak Alam,Milk-based,Cappuccino,3,11.0,33.0,QR,Sunny
TXN-9025,2026-04-14,16:37,Putrajaya,Espresso-based,Americano,1,9.0,9.0,QR,Sunny
TXN-9147,2026-04-14,16:40,Puncak Alam,Milk-based,Mocha,1,12.0,12.0,Cash,Sunny
TXN-9091,2026-04-14,16:49,Puncak Alam,Espresso-based,Espresso,1,7.0,7.0,Cash,Sunny
TXN-9077,2026-04-14,16:52,Puncak Alam,Ice Blended,Ice Blended Chocolate Chip,1,14.0,14.0,Cash,Sunny
TXN-9145,2026-04-14,16:56,Puncak Alam,Milk-based,Caramel Macchiato,2,13.0,26.0,QR,Sunny
TXN-9127,2026-04-14,17:03,Puncak Alam,Milk-based,Cappuccino,1,11.0,11.0,QR,Sunny
TXN-9046,2026-04-14,17:07,Putrajaya,Milk-based,Latte,1,11.0,11.0,Cash,Sunny
TXN-9033,2026-04-14,17:11,Putrajaya,Milk-based,Mocha,1,12.0,12.0,QR,Sunny
TXN-9129,2026-04-14,17:12,Puncak Alam,Espresso-based,Espresso,1,7.0,7.0,Cash,Sunny
TXN-9058,2026-04-14,17:14,Putrajaya,Espresso-based,Espresso,1,7.0,7.0,Cash,Sunny
TXN-9123,2026-04-14,17:15,Puncak Alam,Espresso-based,Espresso,1,7.0,7.0,Cash,Sunny
TXN-9070,2026-04-14,17:36,Putrajaya,Milk-based,Caramel Macchiato,1,13.0,13.0,QR,Sunny
TXN-9133,2026-04-14,17:43,Puncak Alam,Milk-based,Caramel Macchiato,1,13.0,13.0,QR,Sunny
TXN-9076,2026-04-14,18:12,Puncak Alam,Milk-based,Latte,1,11.0,11.0,QR,Sunny
TXN-9067,2026-04-14,18:14,Putrajaya,Ice Blended,Ice Blended Chocolate Chip,1,14.0,14.0,QR,Sunny
TXN-9037,2026-04-14,18:22,Putrajaya,Ice Blended,Ice Blended Chocolate Chip,1,14.0,14.0,Cash,Sunny
TXN-9053,2026-04-14,18:35,Putrajaya,Milk-based,Caramel Macchiato,1,13.0,13.0,QR,Sunny
TXN-9082,2026-04-14,18:53,Puncak Alam,Espresso-based,Espresso,1,7.0,7.0,QR,Sunny
TXN-9136,2026-04-14,19:11,Puncak Alam,Milk-based,Caramel Macchiato,1,13.0,13.0,QR,Sunny
TXN-9073,2026-04-14,19:15,Puncak Alam,Milk-based,Caramel Macchiato,1,13.0,13.0,Cash,Sunny
TXN-9024,2026-04-14,19:18,Putrajaya,Milk-based,Cappuccino,1,11.0,11.0,QR,Sunny
TXN-9095,2026-04-14,19:21,Puncak Alam,Espresso-based,Americano,1,9.0,9.0,QR,Sunny
TXN-9137,2026-04-14,19:29,Puncak Alam,Espresso-based,Espresso,1,7.0,7.0,QR,Sunny
TXN-9100,2026-04-14,19:33,Puncak Alam,Espresso-based,Espresso,2,7.0,14.0,QR,Sunny
TXN-9054,2026-04-14,19:34,Putrajaya,Espresso-based,Americano,1,9.0,9.0,QR,Sunny
TXN-9080,2026-04-14,19:43,Puncak Alam,Ice Blended,Ice Blended Chocolate Chip,1,14.0,14.0,QR,Sunny
TXN-9063,2026-04-14,19:46,Putrajaya,Ice Blended,Ice Blended Chocolate Chip,4,14.0,56.0,Cash,Sunny
TXN-9060,2026-04-14,19:55,Putrajaya,Milk-based,Latte,1,11.0,11.0,QR,Sunny
TXN-9032,2026-04-14,20:00,Putrajaya,Milk-based,Latte,1,11.0,11.0,Cash,Sunny
TXN-9064,2026-04-14,20:01,Putrajaya,Milk-based,Mocha,1,12.0,12.0,Cash,Sunny
TXN-9083,2026-04-14,20:01,Puncak Alam,Espresso-based,Americano,3,9.0,27.0,Cash,Sunny
TXN-9085,2026-04-14,20:03,Puncak Alam,Milk-based,Latte,1,11.0,11.0,QR,Sunny
TXN-9038,2026-04-14,20:10,Putrajaya,Milk-based,Caramel Macchiato,1,13.0,13.0,QR,Sunny
TXN-9027,2026-04-14,20:11,Putrajaya,Espresso-based,Americano,1,9.0,9.0,QR,Sunny
TXN-9107,2026-04-14,20:18,Puncak Alam,Milk-based,Caramel Macchiato,1,13.0,13.0,Cash,Sunny
TXN-9128,2026-04-14,20:21,Puncak Alam,Milk-based,Caramel Macchiato,1,13.0,13.0,QR,Sunny
TXN-9041,2026-04-14,20:22,Putrajaya,Milk-based,Cappuccino,1,11.0,11.0,QR,Sunny
TXN-9122,2026-04-14,20:24,Puncak Alam,Ice Blended,Ice Blended Chocolate Chip,1,14.0,14.0,Cash,Sunny
TXN-9030,2026-04-14,20:32,Putrajaya,Espresso-based,Americano,1,9.0,9.0,QR,Sunny
TXN-9130,2026-04-14,20:37,Puncak Alam,Espresso-based,Espresso,1,7.0,7.0,QR,Sunny
TXN-9029,2026-04-14,20:50,Putrajaya,Espresso-based,Americano,1,9.0,9.0,QR,Sunny
TXN-9109,2026-04-14,21:01,Puncak Alam,Milk-based,Mocha,3,12.0,36.0,QR,Sunny
TXN-9144,2026-04-14,21:02,Puncak Alam,Milk-based,Mocha,1,12.0,12.0,QR,Sunny
TXN-9134,2026-04-14,21:16,Puncak Alam,Milk-based,Cappuccino,1,11.0,11.0,QR,Sunny
TXN-9124,2026-04-14,21:21,Puncak Alam,Milk-based,Latte,1,11.0,11.0,QR,Sunny
TXN-9140,2026-04-14,21:24,Puncak Alam,Espresso-based,Espresso,3,7.0,21.0,QR,Sunny
TXN-9056,2026-04-14,21:35,Putrajaya,Espresso-based,Americano,2,9.0,18.0,Cash,Sunny
TXN-9142,2026-04-14,21:36,Puncak Alam,Espresso-based,Americano,1,9.0,9.0,QR,Sunny
TXN-9066,2026-04-14,21:38,Putrajaya,Milk-based,Cappuccino,1,11.0,11.0,QR,Sunny
TXN-9061,2026-04-14,21:45,Putrajaya,Milk-based,Mocha,3,12.0,36.0,Cash,Sunny
TXN-9040,2026-04-14,21:53,Putrajaya,Espresso-based,Espresso,1,7.0,7.0,Cash,Sunny
TXN-9092,2026-04-14,21:58,Puncak Alam,Espresso-based,Americano,1,9.0,9.0,QR,Sunny
TXN-9031,2026-04-14,21:59,Putrajaya,Ice Blended,Ice Blended Chocolate Chip,1,14.0,14.0,Cash,Sunny
TXN-9276,2026-04-15,08:00,Puncak Alam,Milk-based,Cappuccino,2,11.0,22.0,QR,Sunny
TXN-9252,2026-04-15,08:01,Puncak Alam,Milk-based,Caramel Macchiato,1,13.0,13.0,QR,Sunny
TXN-9196,2026-04-15,08:05,Putrajaya,Milk-based,Latte,1,11.0,11.0,QR,Sunny
TXN-9257,2026-04-15,08:07,Puncak Alam,Milk-based,Latte,2,11.0,22.0,QR,Sunny
TXN-9271,2026-04-15,08:16,Puncak Alam,Ice Blended,Ice Blended Chocolate Chip,1,14.0,14.0,QR,Sunny
TXN-9248,2026-04-15,08:18,Puncak Alam,Espresso-based,Espresso,4,7.0,28.0,QR,Sunny
TXN-9287,2026-04-15,08:18,Puncak Alam,Milk-based,Cappuccino,1,11.0,11.0,Cash,Sunny
TXN-9262,2026-04-15,08:28,Puncak Alam,Milk-based,Caramel Macchiato,2,13.0,26.0,QR,Sunny
TXN-9186,2026-04-15,08:41,Putrajaya,Milk-based,Latte,2,11.0,22.0,QR,Sunny
TXN-9264,2026-04-15,08:47,Puncak Alam,Ice Blended,Ice Blended Chocolate Chip,3,14.0,42.0,QR,Sunny
TXN-9259,2026-04-15,08:50,Puncak Alam,Milk-based,Latte,1,11.0,11.0,QR,Sunny
TXN-9233,2026-04-15,08:57,Puncak Alam,Espresso-based,Americano,2,9.0,18.0,Cash,Sunny
TXN-9251,2026-04-15,09:01,Puncak Alam,Milk-based,Latte,2,11.0,22.0,QR,Sunny
TXN-9263,2026-04-15,09:05,Puncak Alam,Milk-based,Mocha,1,12.0,12.0,QR,Sunny
TXN-9288,2026-04-15,09:07,Puncak Alam,Milk-based,Latte,1,11.0,11.0,QR,Sunny
TXN-9164,2026-04-15,09:08,Putrajaya,Milk-based,Latte,2,11.0,22.0,QR,Sunny
TXN-9277,2026-04-15,09:11,Puncak Alam,Milk-based,Latte,2,11.0,22.0,QR,Sunny
TXN-9207,2026-04-15,09:16,Putrajaya,Milk-based,Cappuccino,1,11.0,11.0,QR,Sunny
TXN-9205,2026-04-15,09:28,Putrajaya,Milk-based,Cappuccino,1,11.0,11.0,Cash,Sunny
TXN-9150,2026-04-15,09:45,Putrajaya,Milk-based,Latte,1,11.0,11.0,QR,Sunny
TXN-9240,2026-04-15,09:53,Puncak Alam,Espresso-based,Espresso,2,7.0,14.0,QR,Sunny
TXN-9278,2026-04-15,09:53,Puncak Alam,Ice Blended,Ice Blended Chocolate Chip,1,14.0,14.0,QR,Sunny
TXN-9158,2026-04-15,10:03,Putrajaya,Milk-based,Cappuccino,1,11.0,11.0,QR,Sunny
TXN-9238,2026-04-15,10:13,Puncak Alam,Milk-based,Latte,1,11.0,11.0,Cash,Sunny
TXN-9266,2026-04-15,10:14,Puncak Alam,Espresso-based,Espresso,2,7.0,14.0,QR,Sunny
TXN-9172,2026-04-15,10:15,Putrajaya,Milk-based,Cappuccino,3,11.0,33.0,Cash,Sunny
TXN-9217,2026-04-15,10:17,Putrajaya,Milk-based,Latte,1,11.0,11.0,QR,Sunny
TXN-9155,2026-04-15,10:21,Putrajaya,Ice Blended,Ice Blended Chocolate Chip,1,14.0,14.0,Cash,Sunny
TXN-9161,2026-04-15,10:37,Putrajaya,Milk-based,Mocha,1,12.0,12.0,QR,Sunny
TXN-9175,2026-04-15,10:38,Putrajaya,Milk-based,Cappuccino,1,11.0,11.0,QR,Sunny
TXN-9226,2026-04-15,10:38,Puncak Alam,Milk-based,Caramel Macchiato,1,13.0,13.0,QR,Sunny
TXN-9246,2026-04-15,10:43,Puncak Alam,Espresso-based,Americano,1,9.0,9.0,QR,Sunny
TXN-9187,2026-04-15,10:59,Putrajaya,Espresso-based,Americano,1,9.0,9.0,Cash,Sunny
TXN-9234,2026-04-15,11:03,Puncak Alam,Espresso-based,Espresso,1,7.0,7.0,QR,Sunny
TXN-9169,2026-04-15,11:06,Putrajaya,Milk-based,Caramel Macchiato,1,13.0,13.0,Cash,Sunny
TXN-9176,2026-04-15,11:06,Putrajaya,Milk-based,Caramel Macchiato,1,13.0,13.0,QR,Sunny
TXN-9197,2026-04-15,11:21,Putrajaya,Milk-based,Cappuccino,1,11.0,11.0,QR,Sunny
TXN-9239,2026-04-15,11:27,Puncak Alam,Milk-based,Mocha,2,12.0,24.0,QR,Sunny
TXN-9283,2026-04-15,11:38,Puncak Alam,Espresso-based,Espresso,1,7.0,7.0,Cash,Sunny
TXN-9255,2026-04-15,11:40,Puncak Alam,Ice Blended,Ice Blended Chocolate Chip,1,14.0,14.0,QR,Sunny
TXN-9242,2026-04-15,11:48,Puncak Alam,Milk-based,Cappuccino,1,11.0,11.0,Cash,Sunny
TXN-9198,2026-04-15,11:50,Putrajaya,Ice Blended,Ice Blended Chocolate Chip,1,14.0,14.0,QR,Sunny
TXN-9221,2026-04-15,12:15,Putrajaya,Milk-based,Latte,1,11.0,11.0,QR,Sunny
TXN-9249,2026-04-15,12:37,Puncak Alam,Espresso-based,Americano,2,9.0,18.0,Cash,Sunny
TXN-9241,2026-04-15,12:44,Puncak Alam,Espresso-based,Americano,1,9.0,9.0,QR,Sunny
TXN-9203,2026-04-15,12:55,Putrajaya,Milk-based,Caramel Macchiato,2,13.0,26.0,QR,Sunny
TXN-9168,2026-04-15,13:00,Putrajaya,Espresso-based,Espresso,3,7.0,21.0,Cash,Sunny
TXN-9166,2026-04-15,13:04,Putrajaya,Espresso-based,Espresso,1,7.0,7.0,QR,Sunny
TXN-9159,2026-04-15,13:13,Putrajaya,Ice Blended,Ice Blended Chocolate Chip,1,14.0,14.0,QR,Sunny
TXN-9189,2026-04-15,13:20,Putrajaya,Espresso-based,Espresso,1,7.0,7.0,QR,Sunny
TXN-9236,2026-04-15,13:20,Puncak Alam,Milk-based,Mocha,3,12.0,36.0,QR,Sunny
TXN-9250,2026-04-15,13:25,Puncak Alam,Milk-based,Mocha,2,12.0,24.0,Cash,Sunny
TXN-9218,2026-04-15,13:32,Putrajaya,Milk-based,Cappuccino,2,11.0,22.0,QR,Sunny
TXN-9174,2026-04-15,13:33,Putrajaya,Milk-based,Caramel Macchiato,1,13.0,13.0,Cash,Sunny
TXN-9228,2026-04-15,13:35,Puncak Alam,Milk-based,Mocha,1,12.0,12.0,QR,Sunny
TXN-9254,2026-04-15,13:38,Puncak Alam,Espresso-based,Americano,1,9.0,9.0,QR,Sunny
TXN-9273,2026-04-15,13:41,Puncak Alam,Espresso-based,Espresso,1,7.0,7.0,QR,Sunny
TXN-9208,2026-04-15,13:50,Putrajaya,Milk-based,Caramel Macchiato,2,13.0,26.0,QR,Sunny
TXN-9195,2026-04-15,13:53,Putrajaya,Espresso-based,Americano,1,9.0,9.0,Cash,Sunny
TXN-9181,2026-04-15,13:56,Putrajaya,Milk-based,Cappuccino,1,11.0,11.0,Cash,Sunny
TXN-9213,2026-04-15,14:01,Putrajaya,Milk-based,Cappuccino,1,11.0,11.0,QR,Sunny
TXN-9275,2026-04-15,14:15,Puncak Alam,Milk-based,Latte,1,11.0,11.0,QR,Sunny
TXN-9286,2026-04-15,14:15,Puncak Alam,Milk-based,Caramel Macchiato,1,13.0,13.0,Cash,Sunny
TXN-9191,2026-04-15,14:27,Putrajaya,Ice Blended,Ice Blended Chocolate Chip,3,14.0,42.0,QR,Sunny
TXN-9183,2026-04-15,14:31,Putrajaya,Milk-based,Caramel Macchiato,1,13.0,13.0,QR,Sunny
TXN-9152,2026-04-15,14:53,Putrajaya,Ice Blended,Ice Blended Chocolate Chip,1,14.0,14.0,QR,Sunny
TXN-9280,2026-04-15,14:54,Puncak Alam,Milk-based,Caramel Macchiato,1,13.0,13.0,QR,Sunny
TXN-9231,2026-04-15,14:56,Puncak Alam,Ice Blended,Ice Blended Chocolate Chip,3,14.0,42.0,QR,Sunny
TXN-9279,2026-04-15,14:57,Puncak Alam,Milk-based,Latte,1,11.0,11.0,QR,Sunny
TXN-9160,2026-04-15,15:22,Putrajaya,Milk-based,Mocha,1,12.0,12.0,QR,Sunny
TXN-9256,2026-04-15,15:37,Puncak Alam,Milk-based,Caramel Macchiato,3,13.0,39.0,Cash,Sunny
TXN-9229,2026-04-15,15:40,Puncak Alam,Espresso-based,Espresso,1,7.0,7.0,Cash,Sunny
TXN-9270,2026-04-15,15:40,Puncak Alam,Espresso-based,Americano,2,9.0,18.0,QR,Sunny
TXN-9258,2026-04-15,15:45,Puncak Alam,Milk-based,Latte,3,11.0,33.0,Cash,Sunny
TXN-9180,2026-04-15,15:54,Putrajaya,Espresso-based,Americano,2,9.0,18.0,QR,Sunny
TXN-9220,2026-04-15,15:58,Putrajaya,Milk-based,Mocha,1,12.0,12.0,QR,Sunny
TXN-9281,2026-04-15,16:02,Puncak Alam,Milk-based,Cappuccino,1,11.0,11.0,QR,Sunny
TXN-9210,2026-04-15,16:16,Putrajaya,Milk-based,Cappuccino,1,11.0,11.0,Cash,Sunny
TXN-9209,2026-04-15,16:20,Putrajaya,Espresso-based,Espresso,1,7.0,7.0,QR,Sunny
TXN-9179,2026-04-15,16:22,Putrajaya,Espresso-based,Espresso,1,7.0,7.0,QR,Sunny
TXN-9265,2026-04-15,16:22,Puncak Alam,Espresso-based,Espresso,1,7.0,7.0,QR,Sunny
TXN-9151,2026-04-15,16:24,Putrajaya,Espresso-based,Americano,1,9.0,9.0,QR,Sunny
TXN-9173,2026-04-15,16:31,Putrajaya,Espresso-based,Americano,1,9.0,9.0,QR,Sunny
TXN-9237,2026-04-15,16:47,Puncak Alam,Ice Blended,Ice Blended Chocolate Chip,1,14.0,14.0,Cash,Sunny
TXN-9223,2026-04-15,16:48,Putrajaya,Ice Blended,Ice Blended Chocolate Chip,1,14.0,14.0,QR,Sunny
TXN-9156,2026-04-15,16:49,Putrajaya,Milk-based,Caramel Macchiato,1,13.0,13.0,QR,Sunny
TXN-9193,2026-04-15,16:57,Putrajaya,Ice Blended,Ice Blended Chocolate Chip,1,14.0,14.0,Cash,Sunny
TXN-9222,2026-04-15,16:57,Putrajaya,Milk-based,Latte,1,11.0,11.0,QR,Sunny
TXN-9269,2026-04-15,17:02,Puncak Alam,Milk-based,Latte,1,11.0,11.0,Cash,Sunny
TXN-9204,2026-04-15,17:06,Putrajaya,Milk-based,Mocha,1,12.0,12.0,QR,Sunny
TXN-9253,2026-04-15,17:09,Puncak Alam,Milk-based,Mocha,1,12.0,12.0,QR,Sunny
TXN-9171,2026-04-15,17:15,Putrajaya,Milk-based,Caramel Macchiato,2,13.0,26.0,Cash,Sunny
TXN-9215,2026-04-15,17:20,Putrajaya,Ice Blended,Ice Blended Chocolate Chip,1,14.0,14.0,QR,Sunny
TXN-9167,2026-04-15,17:23,Putrajaya,Milk-based,Mocha,3,12.0,36.0,QR,Sunny
TXN-9274,2026-04-15,17:35,Puncak Alam,Espresso-based,Americano,1,9.0,9.0,Cash,Sunny
TXN-9154,2026-04-15,17:36,Putrajaya,Espresso-based,Espresso,1,7.0,7.0,QR,Sunny
TXN-9214,2026-04-15,17:36,Putrajaya,Espresso-based,Americano,3,9.0,27.0,QR,Sunny
TXN-9190,2026-04-15,17:45,Putrajaya,Espresso-based,Americano,1,9.0,9.0,QR,Sunny
TXN-9170,2026-04-15,17:56,Putrajaya,Milk-based,Cappuccino,2,11.0,22.0,Cash,Sunny
TXN-9188,2026-04-15,18:01,Putrajaya,Milk-based,Mocha,1,12.0,12.0,QR,Sunny
TXN-9243,2026-04-15,18:04,Puncak Alam,Ice Blended,Ice Blended Chocolate Chip,1,14.0,14.0,Cash,Sunny
TXN-9232,2026-04-15,18:06,Puncak Alam,Ice Blended,Ice Blended Chocolate Chip,3,14.0,42.0,Cash,Sunny
TXN-9200,2026-04-15,18:08,Putrajaya,Milk-based,Caramel Macchiato,1,13.0,13.0,Cash,Sunny
TXN-9178,2026-04-15,18:09,Putrajaya,Espresso-based,Espresso,2,7.0,14.0,QR,Sunny
TXN-9202,2026-04-15,18:20,Putrajaya,Milk-based,Latte,2,11.0,22.0,QR,Sunny
TXN-9245,2026-04-15,18:33,Puncak Alam,Milk-based,Mocha,1,12.0,12.0,QR,Sunny
TXN-9227,2026-04-15,18:34,Puncak Alam,Ice Blended,Ice Blended Chocolate Chip,1,14.0,14.0,QR,Sunny
TXN-9162,2026-04-15,18:36,Putrajaya,Espresso-based,Americano,1,9.0,9.0,QR,Sunny
TXN-9182,2026-04-15,18:48,Putrajaya,Milk-based,Latte,1,11.0,11.0,Cash,Sunny
TXN-9163,2026-04-15,18:55,Putrajaya,Milk-based,Caramel Macchiato,1,13.0,13.0,QR,Sunny
TXN-9185,2026-04-15,18:57,Putrajaya,Espresso-based,Americano,1,9.0,9.0,Cash,Sunny
TXN-9206,2026-04-15,19:17,Putrajaya,Espresso-based,Americano,1,9.0,9.0,Cash,Sunny
TXN-9153,2026-04-15,19:22,Putrajaya,Milk-based,Mocha,1,12.0,12.0,QR,Sunny
TXN-9235,2026-04-15,19:22,Puncak Alam,Milk-based,Caramel Macchiato,2,13.0,26.0,QR,Sunny
TXN-9165,2026-04-15,19:31,Putrajaya,Espresso-based,Espresso,1,7.0,7.0,QR,Sunny
TXN-9260,2026-04-15,19:34,Puncak Alam,Espresso-based,Espresso,3,7.0,21.0,QR,Sunny
TXN-9194,2026-04-15,19:35,Putrajaya,Milk-based,Caramel Macchiato,1,13.0,13.0,Cash,Sunny
TXN-9230,2026-04-15,19:35,Puncak Alam,Milk-based,Cappuccino,4,11.0,44.0,QR,Sunny
TXN-9282,2026-04-15,19:38,Puncak Alam,Milk-based,Cappuccino,1,11.0,11.0,Cash,Sunny
TXN-9157,2026-04-15,19:42,Putrajaya,Espresso-based,Americano,1,9.0,9.0,QR,Sunny
TXN-9199,2026-04-15,19:46,Putrajaya,Milk-based,Latte,2,11.0,22.0,QR,Sunny
TXN-9261,2026-04-15,19:51,Puncak Alam,Espresso-based,Espresso,1,7.0,7.0,Cash,Sunny
TXN-9267,2026-04-15,19:54,Puncak Alam,Milk-based,Mocha,1,12.0,12.0,QR,Sunny
TXN-9184,2026-04-15,20:01,Putrajaya,Milk-based,Caramel Macchiato,1,13.0,13.0,QR,Sunny
TXN-9285,2026-04-15,20:01,Puncak Alam,Milk-based,Caramel Macchiato,1,13.0,13.0,QR,Sunny
TXN-9201,2026-04-15,20:09,Putrajaya,Milk-based,Latte,3,11.0,33.0,QR,Sunny
TXN-9244,2026-04-15,20:10,Puncak Alam,Milk-based,Mocha,1,12.0,12.0,QR,Sunny
TXN-9272,2026-04-15,20:17,Puncak Alam,Milk-based,Cappuccino,2,11.0,22.0,QR,Sunny
TXN-9284,2026-04-15,20:30,Puncak Alam,Milk-based,Latte,1,11.0,11.0,Cash,Sunny
TXN-9212,2026-04-15,20:37,Putrajaya,Espresso-based,Espresso,3,7.0,21.0,QR,Sunny
TXN-9268,2026-04-15,20:44,Puncak Alam,Espresso-based,Americano,1,9.0,9.0,QR,Sunny
TXN-9192,2026-04-15,20:53,Putrajaya,Milk-based,Caramel Macchiato,1,13.0,13.0,QR,Sunny
TXN-9216,2026-04-15,20:58,Putrajaya,Espresso-based,Americano,2,9.0,18.0,QR,Sunny
TXN-9219,2026-04-15,21:00,Putrajaya,Milk-based,Cappuccino,1,11.0,11.0,Cash,Sunny
TXN-9177,2026-04-15,21:03,Putrajaya,Espresso-based,Espresso,1,7.0,7.0,QR,Sunny
TXN-9289,2026-04-15,21:04,Puncak Alam,Milk-based,Latte,2,11.0,22.0,QR,Sunny
TXN-9247,2026-04-15,21:06,Puncak Alam,Milk-based,Caramel Macchiato,1,13.0,13.0,Cash,Sunny
TXN-9225,2026-04-15,21:35,Puncak Alam,Milk-based,Caramel Macchiato,1,13.0,13.0,QR,Sunny
TXN-9211,2026-04-15,21:40,Putrajaya,Espresso-based,Americano,3,9.0,27.0,Cash,Sunny
TXN-9224,2026-04-15,21:52,Puncak Alam,Milk-based,Latte,1,11.0,11.0,QR,Sunny
TXN-9296,2026-04-16,08:01,Putrajaya,Ice Blended,Ice Blended Chocolate Chip,2,14.0,28.0,Cash,Sunny
TXN-9292,2026-04-16,08:17,Putrajaya,Ice Blended,Ice Blended Chocolate Chip,1,14.0,14.0,QR,Sunny
TXN-9304,2026-04-16,08:26,Putrajaya,Milk-based,Caramel Macchiato,1,13.0,13.0,Cash,Sunny
TXN-9386,2026-04-16,08:40,Puncak Alam,Ice Blended,Ice Blended Chocolate Chip,1,14.0,14.0,QR,Raining
TXN-9373,2026-04-16,08:48,Puncak Alam,Milk-based,Latte,1,11.0,11.0,QR,Raining
TXN-9372,2026-04-16,08:49,Puncak Alam,Milk-based,Cappuccino,1,11.0,11.0,QR,Raining
TXN-9326,2026-04-16,08:50,Putrajaya,Milk-based,Cappuccino,1,11.0,11.0,QR,Sunny
TXN-9398,2026-04-16,08:50,Puncak Alam,Milk-based,Latte,1,11.0,11.0,QR,Raining
TXN-9352,2026-04-16,08:51,Puncak Alam,Milk-based,Mocha,1,12.0,12.0,QR,Raining
TXN-9346,2026-04-16,08:52,Puncak Alam,Ice Blended,Ice Blended Chocolate Chip,1,14.0,14.0,QR,Raining
TXN-9316,2026-04-16,08:57,Putrajaya,Milk-based,Mocha,1,12.0,12.0,QR,Sunny
TXN-9400,2026-04-16,09:01,Puncak Alam,Espresso-based,Americano,1,9.0,9.0,QR,Raining
TXN-9401,2026-04-16,09:09,Puncak Alam,Milk-based,Latte,3,11.0,33.0,Cash,Raining
TXN-9336,2026-04-16,09:11,Putrajaya,Milk-based,Latte,1,11.0,11.0,QR,Sunny
TXN-9325,2026-04-16,09:12,Putrajaya,Espresso-based,Espresso,1,7.0,7.0,QR,Sunny
TXN-9369,2026-04-16,09:14,Puncak Alam,Milk-based,Caramel Macchiato,1,13.0,13.0,QR,Raining
TXN-9318,2026-04-16,09:17,Putrajaya,Espresso-based,Espresso,1,7.0,7.0,Cash,Sunny
TXN-9395,2026-04-16,09:22,Puncak Alam,Milk-based,Caramel Macchiato,1,13.0,13.0,Cash,Raining
TXN-9389,2026-04-16,09:26,Puncak Alam,Milk-based,Caramel Macchiato,3,13.0,39.0,QR,Raining
TXN-9356,2026-04-16,09:27,Puncak Alam,Milk-based,Cappuccino,1,11.0,11.0,QR,Raining
TXN-9298,2026-04-16,09:31,Putrajaya,Milk-based,Cappuccino,2,11.0,22.0,QR,Sunny
TXN-9299,2026-04-16,09:41,Putrajaya,Milk-based,Cappuccino,1,11.0,11.0,Cash,Sunny
TXN-9390,2026-04-16,09:48,Puncak Alam,Milk-based,Latte,1,11.0,11.0,Cash,Raining
TXN-9374,2026-04-16,10:07,Puncak Alam,Milk-based,Caramel Macchiato,3,13.0,39.0,QR,Raining
TXN-9392,2026-04-16,10:08,Puncak Alam,Milk-based,Caramel Macchiato,1,13.0,13.0,QR,Raining
TXN-9319,2026-04-16,10:10,Putrajaya,Ice Blended,Ice Blended Chocolate Chip,1,14.0,14.0,QR,Sunny
TXN-9376,2026-04-16,10:13,Puncak Alam,Milk-based,Latte,2,11.0,22.0,QR,Raining
TXN-9307,2026-04-16,10:16,Putrajaya,Espresso-based,Espresso,2,7.0,14.0,Cash,Sunny
TXN-9363,2026-04-16,10:34,Puncak Alam,Ice Blended,Ice Blended Chocolate Chip,1,14.0,14.0,QR,Raining
TXN-9379,2026-04-16,10:41,Puncak Alam,Milk-based,Cappuccino,1,11.0,11.0,Cash,Raining
TXN-9339,2026-04-16,10:50,Putrajaya,Espresso-based,Espresso,1,7.0,7.0,QR,Sunny
TXN-9380,2026-04-16,10:54,Puncak Alam,Milk-based,Cappuccino,1,11.0,11.0,Cash,Raining
TXN-9313,2026-04-16,11:13,Putrajaya,Milk-based,Mocha,1,12.0,12.0,QR,Sunny
TXN-9360,2026-04-16,11:16,Puncak Alam,Milk-based,Latte,2,11.0,22.0,QR,Raining
TXN-9370,2026-04-16,11:19,Puncak Alam,Espresso-based,Espresso,1,7.0,7.0,QR,Raining
TXN-9399,2026-04-16,11:26,Puncak Alam,Espresso-based,Americano,1,9.0,9.0,Cash,Raining
TXN-9344,2026-04-16,11:29,Puncak Alam,Espresso-based,Americano,1,9.0,9.0,QR,Raining
TXN-9341,2026-04-16,11:37,Puncak Alam,Milk-based,Caramel Macchiato,2,13.0,26.0,QR,Raining
TXN-9382,2026-04-16,11:38,Puncak Alam,Ice Blended,Ice Blended Chocolate Chip,2,14.0,28.0,QR,Raining
TXN-9383,2026-04-16,11:54,Puncak Alam,Ice Blended,Ice Blended Chocolate Chip,4,14.0,56.0,QR,Raining
TXN-9394,2026-04-16,12:01,Puncak Alam,Espresso-based,Americano,1,9.0,9.0,QR,Raining
TXN-9291,2026-04-16,12:09,Putrajaya,Milk-based,Cappuccino,1,11.0,11.0,QR,Sunny
TXN-9350,2026-04-16,12:13,Puncak Alam,Ice Blended,Ice Blended Chocolate Chip,1,14.0,14.0,QR,Raining
TXN-9333,2026-04-16,12:19,Putrajaya,Milk-based,Mocha,1,12.0,12.0,QR,Sunny
TXN-9340,2026-04-16,12:38,Putrajaya,Espresso-based,Espresso,1,7.0,7.0,QR,Sunny
TXN-9351,2026-04-16,12:41,Puncak Alam,Milk-based,Cappuccino,1,11.0,11.0,QR,Raining
TXN-9393,2026-04-16,12:57,Puncak Alam,Milk-based,Latte,1,11.0,11.0,QR,Raining
TXN-9303,2026-04-16,13:08,Putrajaya,Ice Blended,Ice Blended Chocolate Chip,1,14.0,14.0,QR,Sunny
TXN-9357,2026-04-16,13:22,Puncak Alam,Espresso-based,Espresso,3,7.0,21.0,QR,Raining
TXN-9349,2026-04-16,13:28,Puncak Alam,Ice Blended,Ice Blended Chocolate Chip,2,14.0,28.0,Cash,Raining
TXN-9327,2026-04-16,13:39,Putrajaya,Espresso-based,Espresso,1,7.0,7.0,QR,Sunny
TXN-9342,2026-04-16,13:42,Puncak Alam,Milk-based,Cappuccino,3,11.0,33.0,Cash,Raining
TXN-9384,2026-04-16,13:43,Puncak Alam,Espresso-based,Espresso,1,7.0,7.0,QR,Raining
TXN-9301,2026-04-16,13:50,Putrajaya,Ice Blended,Ice Blended Chocolate Chip,2,14.0,28.0,Cash,Sunny
TXN-9366,2026-04-16,13:53,Puncak Alam,Ice Blended,Ice Blended Chocolate Chip,1,14.0,14.0,QR,Raining
TXN-9358,2026-04-16,14:02,Puncak Alam,Ice Blended,Ice Blended Chocolate Chip,1,14.0,14.0,Cash,Raining
TXN-9397,2026-04-16,14:19,Puncak Alam,Milk-based,Cappuccino,2,11.0,22.0,QR,Raining
TXN-9391,2026-04-16,14:22,Puncak Alam,Milk-based,Cappuccino,1,11.0,11.0,Cash,Raining
TXN-9295,2026-04-16,14:52,Putrajaya,Espresso-based,Americano,1,9.0,9.0,QR,Sunny
TXN-9335,2026-04-16,15:10,Putrajaya,Milk-based,Cappuccino,1,11.0,11.0,QR,Sunny
TXN-9371,2026-04-16,15:16,Puncak Alam,Espresso-based,Espresso,3,7.0,21.0,QR,Raining
TXN-9305,2026-04-16,15:20,Putrajaya,Milk-based,Mocha,1,12.0,12.0,Cash,Sunny
TXN-9343,2026-04-16,15:20,Puncak Alam,Milk-based,Cappuccino,1,11.0,11.0,QR,Raining
TXN-9355,2026-04-16,15:34,Puncak Alam,Espresso-based,Espresso,1,7.0,7.0,Cash,Raining
TXN-9396,2026-04-16,15:36,Puncak Alam,Milk-based,Caramel Macchiato,1,13.0,13.0,QR,Raining
TXN-9377,2026-04-16,15:38,Puncak Alam,Milk-based,Cappuccino,1,11.0,11.0,QR,Raining
TXN-9331,2026-04-16,15:42,Putrajaya,Espresso-based,Espresso,1,7.0,7.0,QR,Sunny
TXN-9375,2026-04-16,15:52,Puncak Alam,Espresso-based,Espresso,1,7.0,7.0,QR,Raining
TXN-9324,2026-04-16,16:02,Putrajaya,Milk-based,Latte,3,11.0,33.0,QR,Sunny
TXN-9337,2026-04-16,16:28,Putrajaya,Milk-based,Cappuccino,1,11.0,11.0,Cash,Sunny
TXN-9294,2026-04-16,16:37,Putrajaya,Ice Blended,Ice Blended Chocolate Chip,1,14.0,14.0,QR,Sunny
TXN-9359,2026-04-16,16:47,Puncak Alam,Milk-based,Latte,1,11.0,11.0,Cash,Raining
TXN-9354,2026-04-16,16:53,Puncak Alam,Milk-based,Caramel Macchiato,1,13.0,13.0,QR,Raining
TXN-9314,2026-04-16,16:55,Putrajaya,Espresso-based,Espresso,1,7.0,7.0,QR,Sunny
TXN-9306,2026-04-16,17:01,Putrajaya,Milk-based,Caramel Macchiato,1,13.0,13.0,QR,Sunny
TXN-9302,2026-04-16,17:21,Putrajaya,Milk-based,Cappuccino,1,11.0,11.0,QR,Sunny
TXN-9308,2026-04-16,17:30,Putrajaya,Milk-based,Mocha,1,12.0,12.0,QR,Sunny
TXN-9334,2026-04-16,17:32,Putrajaya,Espresso-based,Americano,2,9.0,18.0,Cash,Sunny
TXN-9321,2026-04-16,17:50,Putrajaya,Milk-based,Caramel Macchiato,2,13.0,26.0,Cash,Sunny
TXN-9338,2026-04-16,18:03,Putrajaya,Espresso-based,Americano,1,9.0,9.0,Cash,Sunny
TXN-9387,2026-04-16,18:10,Puncak Alam,Milk-based,Cappuccino,1,11.0,11.0,QR,Raining
TXN-9353,2026-04-16,18:19,Puncak Alam,Espresso-based,Americano,1,9.0,9.0,QR,Raining
TXN-9364,2026-04-16,18:23,Puncak Alam,Milk-based,Caramel Macchiato,2,13.0,26.0,QR,Raining
TXN-9328,2026-04-16,18:25,Putrajaya,Espresso-based,Americano,1,9.0,9.0,QR,Sunny
TXN-9365,2026-04-16,18:33,Puncak Alam,Milk-based,Cappuccino,2,11.0,22.0,Cash,Raining
TXN-9311,2026-04-16,18:41,Putrajaya,Milk-based,Latte,1,11.0,11.0,QR,Sunny
TXN-9347,2026-04-16,18:50,Puncak Alam,Milk-based,Caramel Macchiato,1,13.0,13.0,QR,Raining
TXN-9315,2026-04-16,18:53,Putrajaya,Milk-based,Mocha,1,12.0,12.0,QR,Sunny
TXN-9322,2026-04-16,18:56,Putrajaya,Milk-based,Mocha,2,12.0,24.0,QR,Sunny
TXN-9368,2026-04-16,19:00,Puncak Alam,Milk-based,Cappuccino,1,11.0,11.0,QR,Raining
TXN-9323,2026-04-16,19:03,Putrajaya,Milk-based,Caramel Macchiato,1,13.0,13.0,QR,Sunny
TXN-9330,2026-04-16,19:20,Putrajaya,Ice Blended,Ice Blended Chocolate Chip,1,14.0,14.0,QR,Sunny
TXN-9345,2026-04-16,19:27,Puncak Alam,Milk-based,Caramel Macchiato,3,13.0,39.0,QR,Raining
TXN-9320,2026-04-16,19:31,Putrajaya,Espresso-based,Americano,1,9.0,9.0,Cash,Sunny
TXN-9348,2026-04-16,19:31,Puncak Alam,Milk-based,Mocha,1,12.0,12.0,QR,Raining
TXN-9293,2026-04-16,19:39,Putrajaya,Milk-based,Caramel Macchiato,1,13.0,13.0,Cash,Sunny
TXN-9362,2026-04-16,19:45,Puncak Alam,Milk-based,Mocha,1,12.0,12.0,QR,Raining
TXN-9361,2026-04-16,19:46,Puncak Alam,Milk-based,Cappuccino,1,11.0,11.0,Cash,Raining
TXN-9378,2026-04-16,20:00,Puncak Alam,Milk-based,Cappuccino,1,11.0,11.0,Cash,Raining
TXN-9300,2026-04-16,20:11,Putrajaya,Milk-based,Latte,1,11.0,11.0,Cash,Sunny
TXN-9310,2026-04-16,20:17,Putrajaya,Milk-based,Mocha,1,12.0,12.0,QR,Sunny
TXN-9312,2026-04-16,20:17,Putrajaya,Espresso-based,Espresso,1,7.0,7.0,Cash,Sunny
TXN-9297,2026-04-16,20:53,Putrajaya,Espresso-based,Espresso,1,7.0,7.0,QR,Sunny
TXN-9290,2026-04-16,20:59,Putrajaya,Milk-based,Latte,1,11.0,11.0,QR,Sunny
TXN-9309,2026-04-16,21:03,Putrajaya,Milk-based,Mocha,2,12.0,24.0,QR,Sunny
TXN-9332,2026-04-16,21:13,Putrajaya,Milk-based,Cappuccino,1,11.0,11.0,QR,Sunny
TXN-9388,2026-04-16,21:23,Puncak Alam,Milk-based,Cappuccino,1,11.0,11.0,QR,Raining
TXN-9385,2026-04-16,21:27,Puncak Alam,Ice Blended,Ice Blended Chocolate Chip,1,14.0,14.0,QR,Raining
TXN-9367,2026-04-16,21:42,Puncak Alam,Ice Blended,Ice Blended Chocolate Chip,1,14.0,14.0,Cash,Raining
TXN-9317,2026-04-16,21:43,Putrajaya,Milk-based,Caramel Macchiato,1,13.0,13.0,QR,Sunny
TXN-9329,2026-04-16,21:51,Putrajaya,Milk-based,Mocha,1,12.0,12.0,QR,Sunny
TXN-9381,2026-04-16,21:57,Puncak Alam,Milk-based,Caramel Macchiato,1,13.0,13.0,Cash,Raining
TXN-9473,2026-04-17,08:13,Putrajaya,Milk-based,Caramel Macchiato,1,13.0,13.0,QR,Cloudy
TXN-9540,2026-04-17,08:15,Puncak Alam,Milk-based,Mocha,1,12.0,12.0,QR,Cloudy
TXN-9454,2026-04-17,08:21,Putrajaya,Ice Blended,Ice Blended Chocolate Chip,1,14.0,14.0,QR,Cloudy
TXN-9517,2026-04-17,08:25,Puncak Alam,Ice Blended,Ice Blended Chocolate Chip,1,14.0,14.0,Cash,Cloudy
TXN-9506,2026-04-17,08:28,Puncak Alam,Milk-based,Cappuccino,1,11.0,11.0,QR,Cloudy
TXN-9481,2026-04-17,08:38,Putrajaya,Espresso-based,Espresso,1,7.0,7.0,QR,Cloudy
TXN-9443,2026-04-17,09:00,Putrajaya,Espresso-based,Americano,1,9.0,9.0,QR,Cloudy
TXN-9417,2026-04-17,09:05,Putrajaya,Milk-based,Latte,1,11.0,11.0,Cash,Cloudy
TXN-9500,2026-04-17,09:11,Puncak Alam,Espresso-based,Espresso,1,7.0,7.0,Cash,Cloudy
TXN-9513,2026-04-17,09:14,Puncak Alam,Espresso-based,Americano,1,9.0,9.0,QR,Cloudy
TXN-9482,2026-04-17,09:19,Puncak Alam,Espresso-based,Americano,1,9.0,9.0,QR,Cloudy
TXN-9543,2026-04-17,09:20,Puncak Alam,Milk-based,Cappuccino,3,11.0,33.0,QR,Cloudy
TXN-9502,2026-04-17,09:27,Puncak Alam,Milk-based,Latte,1,11.0,11.0,QR,Cloudy
TXN-9498,2026-04-17,09:28,Puncak Alam,Milk-based,Cappuccino,2,11.0,22.0,QR,Cloudy
TXN-9436,2026-04-17,09:37,Putrajaya,Espresso-based,Americano,1,9.0,9.0,Cash,Cloudy
TXN-9426,2026-04-17,09:39,Putrajaya,Ice Blended,Ice Blended Chocolate Chip,2,14.0,28.0,QR,Cloudy
TXN-9534,2026-04-17,09:43,Puncak Alam,Espresso-based,Americano,4,9.0,36.0,Cash,Cloudy
TXN-9403,2026-04-17,09:44,Putrajaya,Espresso-based,Americano,1,9.0,9.0,Cash,Cloudy
TXN-9554,2026-04-17,09:45,Puncak Alam,Ice Blended,Ice Blended Chocolate Chip,4,14.0,56.0,QR,Cloudy
TXN-9545,2026-04-17,09:52,Puncak Alam,Espresso-based,Americano,3,9.0,27.0,QR,Cloudy
TXN-9499,2026-04-17,09:58,Puncak Alam,Espresso-based,Americano,1,9.0,9.0,QR,Cloudy
TXN-9528,2026-04-17,09:58,Puncak Alam,Ice Blended,Ice Blended Chocolate Chip,3,14.0,42.0,QR,Cloudy
TXN-9424,2026-04-17,10:14,Putrajaya,Milk-based,Caramel Macchiato,1,13.0,13.0,Cash,Cloudy
TXN-9456,2026-04-17,10:16,Putrajaya,Espresso-based,Americano,2,9.0,18.0,Cash,Cloudy
TXN-9477,2026-04-17,10:23,Putrajaya,Milk-based,Mocha,2,12.0,24.0,QR,Cloudy
TXN-9445,2026-04-17,10:39,Putrajaya,Milk-based,Cappuccino,1,11.0,11.0,Cash,Cloudy
TXN-9555,2026-04-17,10:42,Puncak Alam,Espresso-based,Americano,2,9.0,18.0,QR,Cloudy
TXN-9421,2026-04-17,10:43,Putrajaya,Ice Blended,Ice Blended Chocolate Chip,1,14.0,14.0,QR,Cloudy
TXN-9519,2026-04-17,10:43,Puncak Alam,Espresso-based,Americano,2,9.0,18.0,Cash,Cloudy
TXN-9405,2026-04-17,10:46,Putrajaya,Milk-based,Caramel Macchiato,1,13.0,13.0,QR,Cloudy
TXN-9455,2026-04-17,10:48,Putrajaya,Ice Blended,Ice Blended Chocolate Chip,1,14.0,14.0,Cash,Cloudy
TXN-9533,2026-04-17,10:48,Puncak Alam,Milk-based,Cappuccino,4,11.0,44.0,QR,Cloudy
TXN-9422,2026-04-17,10:57,Putrajaya,Ice Blended,Ice Blended Chocolate Chip,1,14.0,14.0,QR,Cloudy
TXN-9471,2026-04-17,10:57,Putrajaya,Milk-based,Cappuccino,1,11.0,11.0,Cash,Cloudy
TXN-9446,2026-04-17,10:58,Putrajaya,Espresso-based,Americano,3,9.0,27.0,Cash,Cloudy
TXN-9414,2026-04-17,11:09,Putrajaya,Espresso-based,Americano,1,9.0,9.0,QR,Cloudy
TXN-9503,2026-04-17,11:16,Puncak Alam,Milk-based,Mocha,3,12.0,36.0,Cash,Cloudy
TXN-9427,2026-04-17,11:27,Putrajaya,Milk-based,Mocha,4,12.0,48.0,QR,Cloudy
TXN-9509,2026-04-17,11:39,Puncak Alam,Milk-based,Caramel Macchiato,2,13.0,26.0,QR,Cloudy
TXN-9542,2026-04-17,11:39,Puncak Alam,Milk-based,Mocha,2,12.0,24.0,Cash,Cloudy
TXN-9462,2026-04-17,11:45,Putrajaya,Milk-based,Latte,2,11.0,22.0,Cash,Cloudy
TXN-9552,2026-04-17,11:45,Puncak Alam,Milk-based,Cappuccino,1,11.0,11.0,Cash,Cloudy
TXN-9406,2026-04-17,11:48,Putrajaya,Milk-based,Cappuccino,1,11.0,11.0,QR,Cloudy
TXN-9467,2026-04-17,11:53,Putrajaya,Ice Blended,Ice Blended Chocolate Chip,1,14.0,14.0,QR,Cloudy
TXN-9511,2026-04-17,11:58,Puncak Alam,Milk-based,Mocha,1,12.0,12.0,QR,Cloudy
TXN-9453,2026-04-17,12:11,Putrajaya,Milk-based,Mocha,1,12.0,12.0,QR,Cloudy
TXN-9419,2026-04-17,12:17,Putrajaya,Espresso-based,Americano,3,9.0,27.0,QR,Cloudy
TXN-9486,2026-04-17,12:17,Puncak Alam,Espresso-based,Americano,1,9.0,9.0,Cash,Cloudy
TXN-9485,2026-04-17,12:21,Puncak Alam,Milk-based,Caramel Macchiato,1,13.0,13.0,QR,Cloudy
TXN-9466,2026-04-17,12:28,Putrajaya,Milk-based,Cappuccino,1,11.0,11.0,QR,Cloudy
TXN-9461,2026-04-17,12:31,Putrajaya,Ice Blended,Ice Blended Chocolate Chip,1,14.0,14.0,Cash,Cloudy
TXN-9504,2026-04-17,12:38,Puncak Alam,Espresso-based,Espresso,1,7.0,7.0,QR,Cloudy
TXN-9518,2026-04-17,12:40,Puncak Alam,Milk-based,Caramel Macchiato,1,13.0,13.0,QR,Cloudy
TXN-9525,2026-04-17,12:40,Puncak Alam,Milk-based,Mocha,2,12.0,24.0,QR,Cloudy
TXN-9464,2026-04-17,12:56,Putrajaya,Espresso-based,Americano,2,9.0,18.0,QR,Cloudy
TXN-9547,2026-04-17,12:57,Puncak Alam,Milk-based,Cappuccino,1,11.0,11.0,QR,Cloudy
TXN-9516,2026-04-17,13:01,Puncak Alam,Espresso-based,Americano,1,9.0,9.0,QR,Cloudy
TXN-9541,2026-04-17,13:03,Puncak Alam,Milk-based,Caramel Macchiato,1,13.0,13.0,QR,Cloudy
TXN-9449,2026-04-17,13:04,Putrajaya,Milk-based,Latte,1,11.0,11.0,Cash,Cloudy
TXN-9494,2026-04-17,13:04,Puncak Alam,Milk-based,Cappuccino,3,11.0,33.0,QR,Cloudy
TXN-9432,2026-04-17,13:18,Putrajaya,Milk-based,Cappuccino,1,11.0,11.0,QR,Cloudy
TXN-9529,2026-04-17,13:40,Puncak Alam,Espresso-based,Espresso,2,7.0,14.0,QR,Cloudy
TXN-9551,2026-04-17,13:43,Puncak Alam,Milk-based,Cappuccino,1,11.0,11.0,QR,Cloudy
TXN-9536,2026-04-17,13:57,Puncak Alam,Milk-based,Latte,1,11.0,11.0,QR,Cloudy
TXN-9546,2026-04-17,14:13,Puncak Alam,Ice Blended,Ice Blended Chocolate Chip,1,14.0,14.0,QR,Cloudy
TXN-9439,2026-04-17,14:21,Putrajaya,Milk-based,Latte,3,11.0,33.0,QR,Cloudy
TXN-9469,2026-04-17,14:21,Putrajaya,Milk-based,Cappuccino,2,11.0,22.0,Cash,Cloudy
TXN-9430,2026-04-17,14:23,Putrajaya,Milk-based,Cappuccino,2,11.0,22.0,Cash,Cloudy
TXN-9451,2026-04-17,14:28,Putrajaya,Milk-based,Caramel Macchiato,2,13.0,26.0,QR,Cloudy
TXN-9553,2026-04-17,14:36,Puncak Alam,Espresso-based,Americano,2,9.0,18.0,QR,Cloudy
TXN-9470,2026-04-17,14:42,Putrajaya,Ice Blended,Ice Blended Chocolate Chip,1,14.0,14.0,QR,Cloudy
TXN-9468,2026-04-17,14:50,Putrajaya,Ice Blended,Ice Blended Chocolate Chip,1,14.0,14.0,QR,Cloudy
TXN-9508,2026-04-17,15:09,Puncak Alam,Milk-based,Caramel Macchiato,1,13.0,13.0,QR,Cloudy
TXN-9507,2026-04-17,15:15,Puncak Alam,Milk-based,Latte,1,11.0,11.0,QR,Cloudy
TXN-9458,2026-04-17,15:17,Putrajaya,Milk-based,Mocha,1,12.0,12.0,QR,Cloudy
TXN-9527,2026-04-17,15:25,Puncak Alam,Ice Blended,Ice Blended Chocolate Chip,1,14.0,14.0,Cash,Cloudy
TXN-9438,2026-04-17,15:35,Putrajaya,Milk-based,Cappuccino,1,11.0,11.0,QR,Cloudy
TXN-9480,2026-04-17,15:38,Putrajaya,Milk-based,Caramel Macchiato,2,13.0,26.0,QR,Cloudy
TXN-9544,2026-04-17,15:39,Puncak Alam,Ice Blended,Ice Blended Chocolate Chip,1,14.0,14.0,QR,Cloudy
TXN-9402,2026-04-17,15:48,Putrajaya,Milk-based,Cappuccino,1,11.0,11.0,QR,Cloudy
TXN-9501,2026-04-17,15:53,Puncak Alam,Espresso-based,Americano,2,9.0,18.0,Cash,Cloudy
TXN-9412,2026-04-17,16:03,Putrajaya,Milk-based,Cappuccino,3,11.0,33.0,QR,Cloudy
TXN-9475,2026-04-17,16:07,Putrajaya,Milk-based,Latte,1,11.0,11.0,QR,Cloudy
TXN-9476,2026-04-17,16:20,Putrajaya,Milk-based,Caramel Macchiato,1,13.0,13.0,QR,Cloudy
TXN-9465,2026-04-17,16:21,Putrajaya,Milk-based,Latte,1,11.0,11.0,Cash,Cloudy
TXN-9418,2026-04-17,16:24,Putrajaya,Milk-based,Latte,2,11.0,22.0,QR,Cloudy
TXN-9521,2026-04-17,16:30,Puncak Alam,Espresso-based,Americano,1,9.0,9.0,QR,Cloudy
TXN-9463,2026-04-17,16:34,Putrajaya,Milk-based,Caramel Macchiato,4,13.0,52.0,QR,Cloudy
TXN-9524,2026-04-17,16:37,Puncak Alam,Ice Blended,Ice Blended Chocolate Chip,1,14.0,14.0,QR,Cloudy
TXN-9420,2026-04-17,16:39,Putrajaya,Espresso-based,Americano,3,9.0,27.0,QR,Cloudy
TXN-9531,2026-04-17,16:44,Puncak Alam,Ice Blended,Ice Blended Chocolate Chip,1,14.0,14.0,QR,Cloudy
TXN-9539,2026-04-17,16:46,Puncak Alam,Espresso-based,Americano,1,9.0,9.0,QR,Cloudy
TXN-9434,2026-04-17,16:47,Putrajaya,Milk-based,Latte,1,11.0,11.0,QR,Cloudy
TXN-9435,2026-04-17,16:47,Putrajaya,Milk-based,Mocha,1,12.0,12.0,QR,Cloudy
TXN-9459,2026-04-17,16:47,Putrajaya,Espresso-based,Espresso,1,7.0,7.0,QR,Cloudy
TXN-9510,2026-04-17,16:50,Puncak Alam,Milk-based,Mocha,1,12.0,12.0,QR,Cloudy
TXN-9408,2026-04-17,16:51,Putrajaya,Milk-based,Latte,1,11.0,11.0,Cash,Cloudy
TXN-9440,2026-04-17,16:57,Putrajaya,Milk-based,Mocha,1,12.0,12.0,Cash,Cloudy
TXN-9512,2026-04-17,17:18,Puncak Alam,Milk-based,Cappuccino,3,11.0,33.0,QR,Cloudy
TXN-9496,2026-04-17,17:23,Puncak Alam,Milk-based,Cappuccino,1,11.0,11.0,QR,Cloudy
TXN-9487,2026-04-17,17:25,Puncak Alam,Espresso-based,Americano,1,9.0,9.0,QR,Cloudy
TXN-9433,2026-04-17,17:33,Putrajaya,Espresso-based,Espresso,1,7.0,7.0,QR,Cloudy
TXN-9548,2026-04-17,17:40,Puncak Alam,Milk-based,Mocha,3,12.0,36.0,Cash,Cloudy
TXN-9448,2026-04-17,17:41,Putrajaya,Espresso-based,Espresso,2,7.0,14.0,Cash,Cloudy
TXN-9493,2026-04-17,17:48,Puncak Alam,Espresso-based,Americano,2,9.0,18.0,QR,Cloudy
TXN-9441,2026-04-17,17:50,Putrajaya,Milk-based,Caramel Macchiato,1,13.0,13.0,Cash,Cloudy
TXN-9450,2026-04-17,17:54,Putrajaya,Milk-based,Latte,1,11.0,11.0,QR,Cloudy
TXN-9550,2026-04-17,17:54,Puncak Alam,Espresso-based,Espresso,2,7.0,14.0,Cash,Cloudy
TXN-9452,2026-04-17,17:59,Putrajaya,Milk-based,Latte,1,11.0,11.0,QR,Cloudy
TXN-9538,2026-04-17,18:00,Puncak Alam,Milk-based,Mocha,1,12.0,12.0,QR,Cloudy
TXN-9425,2026-04-17,18:10,Putrajaya,Espresso-based,Americano,1,9.0,9.0,QR,Cloudy
TXN-9423,2026-04-17,18:12,Putrajaya,Milk-based,Cappuccino,1,11.0,11.0,QR,Cloudy
TXN-9523,2026-04-17,18:12,Puncak Alam,Ice Blended,Ice Blended Chocolate Chip,1,14.0,14.0,Cash,Cloudy
TXN-9489,2026-04-17,18:13,Puncak Alam,Milk-based,Latte,1,11.0,11.0,QR,Cloudy
TXN-9549,2026-04-17,18:13,Puncak Alam,Milk-based,Cappuccino,1,11.0,11.0,QR,Cloudy
TXN-9495,2026-04-17,18:16,Puncak Alam,Milk-based,Caramel Macchiato,2,13.0,26.0,QR,Cloudy
TXN-9437,2026-04-17,18:22,Putrajaya,Milk-based,Caramel Macchiato,1,13.0,13.0,QR,Cloudy
TXN-9490,2026-04-17,18:30,Puncak Alam,Espresso-based,Espresso,1,7.0,7.0,QR,Cloudy
TXN-9514,2026-04-17,18:31,Puncak Alam,Milk-based,Mocha,1,12.0,12.0,Cash,Cloudy
TXN-9416,2026-04-17,18:32,Putrajaya,Milk-based,Caramel Macchiato,2,13.0,26.0,QR,Cloudy
TXN-9429,2026-04-17,18:37,Putrajaya,Ice Blended,Ice Blended Chocolate Chip,1,14.0,14.0,QR,Cloudy
TXN-9479,2026-04-17,18:40,Putrajaya,Espresso-based,Espresso,1,7.0,7.0,QR,Cloudy
TXN-9428,2026-04-17,18:42,Putrajaya,Milk-based,Mocha,1,12.0,12.0,QR,Cloudy
TXN-9444,2026-04-17,18:44,Putrajaya,Milk-based,Mocha,3,12.0,36.0,QR,Cloudy
TXN-9484,2026-04-17,18:44,Puncak Alam,Milk-based,Mocha,1,12.0,12.0,QR,Cloudy
TXN-9488,2026-04-17,19:01,Puncak Alam,Milk-based,Caramel Macchiato,1,13.0,13.0,QR,Cloudy
TXN-9535,2026-04-17,19:03,Puncak Alam,Espresso-based,Espresso,1,7.0,7.0,QR,Cloudy
TXN-9431,2026-04-17,19:08,Putrajaya,Milk-based,Caramel Macchiato,1,13.0,13.0,QR,Cloudy
TXN-9410,2026-04-17,19:19,Putrajaya,Espresso-based,Espresso,1,7.0,7.0,QR,Cloudy
TXN-9505,2026-04-17,19:19,Puncak Alam,Milk-based,Latte,1,11.0,11.0,QR,Cloudy
TXN-9520,2026-04-17,19:25,Puncak Alam,Espresso-based,Americano,1,9.0,9.0,Cash,Cloudy
TXN-9407,2026-04-17,19:48,Putrajaya,Milk-based,Mocha,1,12.0,12.0,QR,Cloudy
TXN-9532,2026-04-17,19:50,Puncak Alam,Milk-based,Caramel Macchiato,1,13.0,13.0,QR,Cloudy
TXN-9478,2026-04-17,20:01,Putrajaya,Milk-based,Caramel Macchiato,1,13.0,13.0,Cash,Cloudy
TXN-9515,2026-04-17,20:12,Puncak Alam,Milk-based,Mocha,1,12.0,12.0,Cash,Cloudy
TXN-9530,2026-04-17,20:12,Puncak Alam,Ice Blended,Ice Blended Chocolate Chip,1,14.0,14.0,Cash,Cloudy
TXN-9492,2026-04-17,20:17,Puncak Alam,Ice Blended,Ice Blended Chocolate Chip,2,14.0,28.0,QR,Cloudy
TXN-9497,2026-04-17,20:20,Puncak Alam,Espresso-based,Espresso,1,7.0,7.0,QR,Cloudy
TXN-9415,2026-04-17,20:27,Putrajaya,Milk-based,Cappuccino,2,11.0,22.0,QR,Cloudy
TXN-9413,2026-04-17,20:36,Putrajaya,Milk-based,Latte,3,11.0,33.0,QR,Cloudy
TXN-9457,2026-04-17,20:37,Putrajaya,Ice Blended,Ice Blended Chocolate Chip,1,14.0,14.0,QR,Cloudy
TXN-9483,2026-04-17,20:46,Puncak Alam,Milk-based,Mocha,2,12.0,24.0,Cash,Cloudy
TXN-9460,2026-04-17,20:51,Putrajaya,Espresso-based,Espresso,1,7.0,7.0,QR,Cloudy
TXN-9472,2026-04-17,20:52,Putrajaya,Espresso-based,Espresso,1,7.0,7.0,QR,Cloudy
TXN-9442,2026-04-17,21:01,Putrajaya,Espresso-based,Espresso,3,7.0,21.0,Cash,Cloudy
TXN-9474,2026-04-17,21:14,Putrajaya,Milk-based,Mocha,1,12.0,12.0,QR,Cloudy
TXN-9537,2026-04-17,21:15,Puncak Alam,Espresso-based,Americano,1,9.0,9.0,QR,Cloudy
TXN-9491,2026-04-17,21:16,Puncak Alam,Milk-based,Mocha,1,12.0,12.0,QR,Cloudy
TXN-9411,2026-04-17,21:18,Putrajaya,Ice Blended,Ice Blended Chocolate Chip,1,14.0,14.0,QR,Cloudy
TXN-9522,2026-04-17,21:20,Puncak Alam,Milk-based,Cappuccino,1,11.0,11.0,QR,Cloudy
TXN-9404,2026-04-17,21:25,Putrajaya,Milk-based,Cappuccino,2,11.0,22.0,QR,Cloudy
TXN-9526,2026-04-17,21:41,Puncak Alam,Espresso-based,Espresso,1,7.0,7.0,Cash,Cloudy
TXN-9447,2026-04-17,21:46,Putrajaya,Milk-based,Mocha,2,12.0,24.0,QR,Cloudy
TXN-9409,2026-04-17,21:51,Putrajaya,Milk-based,Mocha,3,12.0,36.0,Cash,Cloudy
TXN-9614,2026-04-18,08:11,Putrajaya,Milk-based,Latte,1,11.0,11.0,Cash,Sunny
TXN-9660,2026-04-18,08:17,Puncak Alam,Milk-based,Cappuccino,1,11.0,11.0,QR,Sunny
TXN-9563,2026-04-18,08:18,Putrajaya,Espresso-based,Espresso,1,7.0,7.0,QR,Sunny
TXN-9679,2026-04-18,08:19,Puncak Alam,Ice Blended,Ice Blended Chocolate Chip,1,14.0,14.0,Cash,Sunny
TXN-9630,2026-04-18,08:25,Putrajaya,Espresso-based,Americano,1,9.0,9.0,Cash,Sunny
TXN-9608,2026-04-18,08:31,Putrajaya,Milk-based,Latte,1,11.0,11.0,QR,Sunny
TXN-9668,2026-04-18,08:45,Puncak Alam,Milk-based,Mocha,2,12.0,24.0,QR,Sunny
TXN-9603,2026-04-18,08:48,Putrajaya,Espresso-based,Americano,1,9.0,9.0,Cash,Sunny
TXN-9617,2026-04-18,08:49,Putrajaya,Espresso-based,Espresso,1,7.0,7.0,QR,Sunny
TXN-9652,2026-04-18,09:02,Puncak Alam,Espresso-based,Americano,2,9.0,18.0,QR,Sunny
TXN-9591,2026-04-18,09:06,Putrajaya,Ice Blended,Ice Blended Chocolate Chip,1,14.0,14.0,QR,Sunny
TXN-9618,2026-04-18,09:17,Putrajaya,Ice Blended,Ice Blended Chocolate Chip,1,14.0,14.0,QR,Sunny
TXN-9581,2026-04-18,09:20,Putrajaya,Espresso-based,Espresso,3,7.0,21.0,QR,Sunny
TXN-9582,2026-04-18,09:25,Putrajaya,Milk-based,Caramel Macchiato,1,13.0,13.0,QR,Sunny
TXN-9670,2026-04-18,09:28,Puncak Alam,Milk-based,Mocha,2,12.0,24.0,QR,Sunny
TXN-9597,2026-04-18,09:35,Putrajaya,Milk-based,Mocha,1,12.0,12.0,QR,Sunny
TXN-9665,2026-04-18,09:35,Puncak Alam,Espresso-based,Espresso,1,7.0,7.0,QR,Sunny
TXN-9663,2026-04-18,09:41,Puncak Alam,Espresso-based,Americano,1,9.0,9.0,QR,Sunny
TXN-9592,2026-04-18,09:52,Putrajaya,Milk-based,Cappuccino,1,11.0,11.0,QR,Sunny
TXN-9610,2026-04-18,10:01,Putrajaya,Milk-based,Cappuccino,1,11.0,11.0,QR,Sunny
TXN-9639,2026-04-18,10:02,Puncak Alam,Espresso-based,Americano,3,9.0,27.0,QR,Sunny
TXN-9629,2026-04-18,10:08,Putrajaya,Milk-based,Mocha,1,12.0,12.0,QR,Sunny
TXN-9599,2026-04-18,10:11,Putrajaya,Ice Blended,Ice Blended Chocolate Chip,1,14.0,14.0,QR,Sunny
TXN-9589,2026-04-18,10:17,Putrajaya,Milk-based,Latte,1,11.0,11.0,QR,Sunny
TXN-9656,2026-04-18,10:18,Puncak Alam,Ice Blended,Ice Blended Chocolate Chip,2,14.0,28.0,QR,Sunny
TXN-9637,2026-04-18,10:20,Puncak Alam,Milk-based,Mocha,1,12.0,12.0,QR,Sunny
TXN-9612,2026-04-18,10:45,Putrajaya,Ice Blended,Ice Blended Chocolate Chip,1,14.0,14.0,QR,Sunny
TXN-9570,2026-04-18,10:52,Putrajaya,Milk-based,Caramel Macchiato,1,13.0,13.0,QR,Sunny
TXN-9658,2026-04-18,11:05,Puncak Alam,Ice Blended,Ice Blended Chocolate Chip,1,14.0,14.0,QR,Sunny
TXN-9657,2026-04-18,11:09,Puncak Alam,Espresso-based,Americano,1,9.0,9.0,Cash,Sunny
TXN-9680,2026-04-18,11:10,Puncak Alam,Milk-based,Latte,1,11.0,11.0,QR,Sunny
TXN-9634,2026-04-18,11:14,Puncak Alam,Milk-based,Cappuccino,1,11.0,11.0,Cash,Sunny
TXN-9595,2026-04-18,11:16,Putrajaya,Espresso-based,Espresso,1,7.0,7.0,Cash,Sunny
TXN-9558,2026-04-18,11:20,Putrajaya,Espresso-based,Espresso,1,7.0,7.0,Cash,Sunny
TXN-9675,2026-04-18,11:21,Puncak Alam,Milk-based,Latte,1,11.0,11.0,Cash,Sunny
TXN-9671,2026-04-18,11:32,Puncak Alam,Milk-based,Mocha,3,12.0,36.0,QR,Sunny
TXN-9578,2026-04-18,11:35,Putrajaya,Milk-based,Latte,1,11.0,11.0,Cash,Sunny
TXN-9604,2026-04-18,11:50,Putrajaya,Milk-based,Cappuccino,2,11.0,22.0,Cash,Sunny
TXN-9574,2026-04-18,12:21,Putrajaya,Milk-based,Mocha,2,12.0,24.0,Cash,Sunny
TXN-9644,2026-04-18,12:27,Puncak Alam,Milk-based,Cappuccino,1,11.0,11.0,QR,Sunny
TXN-9569,2026-04-18,12:32,Putrajaya,Milk-based,Cappuccino,2,11.0,22.0,QR,Sunny
TXN-9623,2026-04-18,12:55,Putrajaya,Milk-based,Mocha,1,12.0,12.0,QR,Sunny
TXN-9586,2026-04-18,12:58,Putrajaya,Espresso-based,Americano,1,9.0,9.0,QR,Sunny
TXN-9556,2026-04-18,13:05,Putrajaya,Milk-based,Caramel Macchiato,1,13.0,13.0,QR,Sunny
TXN-9676,2026-04-18,13:06,Puncak Alam,Espresso-based,Americano,2,9.0,18.0,QR,Sunny
TXN-9624,2026-04-18,13:12,Putrajaya,Milk-based,Cappuccino,1,11.0,11.0,Cash,Sunny
TXN-9672,2026-04-18,13:15,Puncak Alam,Milk-based,Caramel Macchiato,2,13.0,26.0,Cash,Sunny
TXN-9568,2026-04-18,13:17,Putrajaya,Milk-based,Caramel Macchiato,1,13.0,13.0,Cash,Sunny
TXN-9650,2026-04-18,13:17,Puncak Alam,Ice Blended,Ice Blended Chocolate Chip,3,14.0,42.0,QR,Sunny
TXN-9615,2026-04-18,13:22,Putrajaya,Espresso-based,Espresso,1,7.0,7.0,QR,Sunny
TXN-9626,2026-04-18,13:30,Putrajaya,Espresso-based,Americano,1,9.0,9.0,QR,Sunny
TXN-9654,2026-04-18,13:32,Puncak Alam,Ice Blended,Ice Blended Chocolate Chip,1,14.0,14.0,QR,Sunny
TXN-9633,2026-04-18,13:35,Puncak Alam,Milk-based,Cappuccino,2,11.0,22.0,QR,Sunny
TXN-9667,2026-04-18,13:45,Puncak Alam,Milk-based,Caramel Macchiato,1,13.0,13.0,Cash,Sunny
TXN-9669,2026-04-18,13:48,Puncak Alam,Ice Blended,Ice Blended Chocolate Chip,1,14.0,14.0,QR,Sunny
TXN-9609,2026-04-18,13:52,Putrajaya,Espresso-based,Espresso,2,7.0,14.0,QR,Sunny
TXN-9646,2026-04-18,13:56,Puncak Alam,Milk-based,Cappuccino,1,11.0,11.0,QR,Sunny
TXN-9575,2026-04-18,13:58,Putrajaya,Milk-based,Latte,2,11.0,22.0,QR,Sunny
TXN-9579,2026-04-18,14:00,Putrajaya,Ice Blended,Ice Blended Chocolate Chip,1,14.0,14.0,QR,Sunny
TXN-9564,2026-04-18,14:07,Putrajaya,Milk-based,Mocha,2,12.0,24.0,QR,Sunny
TXN-9567,2026-04-18,14:31,Putrajaya,Milk-based,Cappuccino,1,11.0,11.0,Cash,Sunny
TXN-9662,2026-04-18,14:40,Puncak Alam,Ice Blended,Ice Blended Chocolate Chip,2,14.0,28.0,QR,Sunny
TXN-9653,2026-04-18,14:56,Puncak Alam,Espresso-based,Americano,1,9.0,9.0,QR,Sunny
TXN-9636,2026-04-18,15:14,Puncak Alam,Milk-based,Mocha,1,12.0,12.0,QR,Sunny
TXN-9638,2026-04-18,15:19,Puncak Alam,Milk-based,Cappuccino,1,11.0,11.0,Cash,Sunny
TXN-9628,2026-04-18,15:31,Putrajaya,Espresso-based,Espresso,2,7.0,14.0,QR,Sunny
TXN-9643,2026-04-18,15:46,Puncak Alam,Espresso-based,Espresso,2,7.0,14.0,QR,Sunny
TXN-9602,2026-04-18,15:56,Putrajaya,Espresso-based,Espresso,2,7.0,14.0,QR,Sunny
TXN-9647,2026-04-18,15:57,Puncak Alam,Ice Blended,Ice Blended Chocolate Chip,3,14.0,42.0,QR,Sunny
TXN-9566,2026-04-18,15:58,Putrajaya,Espresso-based,Espresso,1,7.0,7.0,QR,Sunny
TXN-9576,2026-04-18,16:01,Putrajaya,Milk-based,Mocha,1,12.0,12.0,QR,Sunny
TXN-9631,2026-04-18,16:06,Puncak Alam,Milk-based,Latte,1,11.0,11.0,Cash,Sunny
TXN-9642,2026-04-18,16:11,Puncak Alam,Milk-based,Caramel Macchiato,2,13.0,26.0,Cash,Sunny
TXN-9588,2026-04-18,16:36,Putrajaya,Espresso-based,Espresso,1,7.0,7.0,QR,Sunny
TXN-9619,2026-04-18,16:43,Putrajaya,Espresso-based,Americano,1,9.0,9.0,QR,Sunny
TXN-9587,2026-04-18,16:44,Putrajaya,Ice Blended,Ice Blended Chocolate Chip,1,14.0,14.0,QR,Sunny
TXN-9573,2026-04-18,16:45,Putrajaya,Milk-based,Cappuccino,2,11.0,22.0,QR,Sunny
TXN-9584,2026-04-18,16:57,Putrajaya,Milk-based,Caramel Macchiato,1,13.0,13.0,Cash,Sunny
TXN-9607,2026-04-18,16:57,Putrajaya,Milk-based,Caramel Macchiato,4,13.0,52.0,Cash,Sunny
TXN-9622,2026-04-18,17:14,Putrajaya,Ice Blended,Ice Blended Chocolate Chip,1,14.0,14.0,QR,Sunny
TXN-9590,2026-04-18,17:17,Putrajaya,Milk-based,Mocha,3,12.0,36.0,Cash,Sunny
TXN-9620,2026-04-18,17:17,Putrajaya,Milk-based,Cappuccino,1,11.0,11.0,QR,Sunny
TXN-9655,2026-04-18,17:24,Puncak Alam,Milk-based,Latte,1,11.0,11.0,Cash,Sunny
TXN-9572,2026-04-18,17:27,Putrajaya,Espresso-based,Espresso,1,7.0,7.0,QR,Sunny
TXN-9561,2026-04-18,17:28,Putrajaya,Milk-based,Cappuccino,1,11.0,11.0,Cash,Sunny
TXN-9613,2026-04-18,17:44,Putrajaya,Milk-based,Cappuccino,1,11.0,11.0,QR,Sunny
TXN-9611,2026-04-18,18:05,Putrajaya,Espresso-based,Espresso,1,7.0,7.0,QR,Sunny
TXN-9645,2026-04-18,18:06,Puncak Alam,Milk-based,Caramel Macchiato,2,13.0,26.0,QR,Sunny
TXN-9605,2026-04-18,18:27,Putrajaya,Espresso-based,Americano,1,9.0,9.0,QR,Sunny
TXN-9674,2026-04-18,18:36,Puncak Alam,Milk-based,Cappuccino,1,11.0,11.0,Cash,Sunny
TXN-9625,2026-04-18,18:48,Putrajaya,Espresso-based,Americano,1,9.0,9.0,QR,Sunny
TXN-9559,2026-04-18,18:49,Putrajaya,Espresso-based,Americano,1,9.0,9.0,QR,Sunny
TXN-9632,2026-04-18,18:57,Puncak Alam,Espresso-based,Espresso,1,7.0,7.0,Cash,Sunny
TXN-9562,2026-04-18,18:58,Putrajaya,Ice Blended,Ice Blended Chocolate Chip,1,14.0,14.0,QR,Sunny
TXN-9596,2026-04-18,18:58,Putrajaya,Espresso-based,Americano,1,9.0,9.0,Cash,Sunny
TXN-9557,2026-04-18,19:03,Putrajaya,Milk-based,Cappuccino,2,11.0,22.0,Cash,Sunny
TXN-9678,2026-04-18,19:09,Puncak Alam,Espresso-based,Americano,1,9.0,9.0,QR,Sunny
TXN-9598,2026-04-18,19:26,Putrajaya,Milk-based,Cappuccino,4,11.0,44.0,Cash,Sunny
TXN-9666,2026-04-18,19:31,Puncak Alam,Milk-based,Mocha,1,12.0,12.0,QR,Sunny
TXN-9560,2026-04-18,19:43,Putrajaya,Espresso-based,Espresso,2,7.0,14.0,QR,Sunny
TXN-9641,2026-04-18,19:44,Puncak Alam,Ice Blended,Ice Blended Chocolate Chip,3,14.0,42.0,Cash,Sunny
TXN-9621,2026-04-18,19:51,Putrajaya,Milk-based,Cappuccino,1,11.0,11.0,QR,Sunny
TXN-9648,2026-04-18,19:54,Puncak Alam,Milk-based,Cappuccino,1,11.0,11.0,QR,Sunny
TXN-9659,2026-04-18,19:57,Puncak Alam,Milk-based,Mocha,1,12.0,12.0,Cash,Sunny
TXN-9577,2026-04-18,20:00,Putrajaya,Milk-based,Latte,2,11.0,22.0,QR,Sunny
TXN-9583,2026-04-18,20:01,Putrajaya,Milk-based,Mocha,2,12.0,24.0,Cash,Sunny
TXN-9601,2026-04-18,20:06,Putrajaya,Milk-based,Mocha,1,12.0,12.0,QR,Sunny
TXN-9661,2026-04-18,20:17,Puncak Alam,Ice Blended,Ice Blended Chocolate Chip,1,14.0,14.0,QR,Sunny
TXN-9664,2026-04-18,20:17,Puncak Alam,Espresso-based,Espresso,1,7.0,7.0,QR,Sunny
TXN-9616,2026-04-18,20:26,Putrajaya,Milk-based,Caramel Macchiato,1,13.0,13.0,Cash,Sunny
TXN-9649,2026-04-18,20:36,Puncak Alam,Espresso-based,Americano,2,9.0,18.0,QR,Sunny
TXN-9594,2026-04-18,20:39,Putrajaya,Espresso-based,Americano,1,9.0,9.0,QR,Sunny
TXN-9606,2026-04-18,20:39,Putrajaya,Milk-based,Cappuccino,2,11.0,22.0,QR,Sunny
TXN-9585,2026-04-18,20:48,Putrajaya,Milk-based,Caramel Macchiato,1,13.0,13.0,QR,Sunny
TXN-9580,2026-04-18,20:56,Putrajaya,Milk-based,Caramel Macchiato,1,13.0,13.0,QR,Sunny
TXN-9593,2026-04-18,21:03,Putrajaya,Milk-based,Latte,1,11.0,11.0,QR,Sunny
TXN-9627,2026-04-18,21:14,Putrajaya,Milk-based,Mocha,1,12.0,12.0,Cash,Sunny
TXN-9600,2026-04-18,21:16,Putrajaya,Milk-based,Cappuccino,2,11.0,22.0,QR,Sunny
TXN-9635,2026-04-18,21:18,Puncak Alam,Milk-based,Mocha,1,12.0,12.0,Cash,Sunny
TXN-9640,2026-04-18,21:19,Puncak Alam,Milk-based,Mocha,1,12.0,12.0,QR,Sunny
TXN-9677,2026-04-18,21:20,Puncak Alam,Ice Blended,Ice Blended Chocolate Chip,1,14.0,14.0,Cash,Sunny
TXN-9673,2026-04-18,21:25,Puncak Alam,Milk-based,Latte,1,11.0,11.0,QR,Sunny
TXN-9571,2026-04-18,21:33,Putrajaya,Espresso-based,Espresso,1,7.0,7.0,QR,Sunny
TXN-9565,2026-04-18,21:48,Putrajaya,Milk-based,Latte,2,11.0,22.0,Cash,Sunny
TXN-9651,2026-04-18,21:56,Puncak Alam,Milk-based,Cappuccino,1,11.0,11.0,QR,Sunny
TXN-9758,2026-04-19,08:08,Puncak Alam,Milk-based,Latte,1,11.0,11.0,QR,Sunny
TXN-9762,2026-04-19,08:08,Puncak Alam,Milk-based,Cappuccino,1,11.0,11.0,Cash,Sunny
TXN-9741,2026-04-19,08:17,Putrajaya,Milk-based,Mocha,1,12.0,12.0,QR,Cloudy
TXN-9690,2026-04-19,08:20,Putrajaya,Espresso-based,Americano,1,9.0,9.0,QR,Cloudy
TXN-9707,2026-04-19,08:34,Putrajaya,Ice Blended,Ice Blended Chocolate Chip,1,14.0,14.0,QR,Cloudy
TXN-9764,2026-04-19,08:45,Puncak Alam,Milk-based,Latte,1,11.0,11.0,QR,Sunny
TXN-9728,2026-04-19,08:46,Putrajaya,Espresso-based,Americano,1,9.0,9.0,QR,Cloudy
TXN-9699,2026-04-19,09:03,Putrajaya,Milk-based,Latte,1,11.0,11.0,Cash,Cloudy
TXN-9777,2026-04-19,09:05,Puncak Alam,Espresso-based,Americano,1,9.0,9.0,QR,Sunny
TXN-9747,2026-04-19,09:23,Putrajaya,Espresso-based,Americano,3,9.0,27.0,QR,Cloudy
TXN-9726,2026-04-19,09:32,Putrajaya,Ice Blended,Ice Blended Chocolate Chip,3,14.0,42.0,QR,Cloudy
TXN-9689,2026-04-19,09:45,Putrajaya,Milk-based,Latte,1,11.0,11.0,Cash,Cloudy
TXN-9735,2026-04-19,09:54,Putrajaya,Milk-based,Caramel Macchiato,2,13.0,26.0,Cash,Cloudy
TXN-9771,2026-04-19,09:54,Puncak Alam,Ice Blended,Ice Blended Chocolate Chip,3,14.0,42.0,QR,Sunny
TXN-9759,2026-04-19,10:01,Puncak Alam,Ice Blended,Ice Blended Chocolate Chip,1,14.0,14.0,Cash,Sunny
TXN-9767,2026-04-19,10:01,Puncak Alam,Milk-based,Caramel Macchiato,2,13.0,26.0,QR,Sunny
TXN-9731,2026-04-19,10:02,Putrajaya,Espresso-based,Americano,3,9.0,27.0,Cash,Cloudy
TXN-9756,2026-04-19,10:05,Puncak Alam,Milk-based,Cappuccino,1,11.0,11.0,QR,Sunny
TXN-9773,2026-04-19,10:07,Puncak Alam,Milk-based,Caramel Macchiato,2,13.0,26.0,QR,Sunny
TXN-9739,2026-04-19,10:13,Putrajaya,Milk-based,Latte,1,11.0,11.0,QR,Cloudy
TXN-9744,2026-04-19,10:15,Putrajaya,Milk-based,Mocha,1,12.0,12.0,QR,Cloudy
TXN-9746,2026-04-19,10:17,Putrajaya,Espresso-based,Espresso,3,7.0,21.0,QR,Cloudy
TXN-9723,2026-04-19,10:21,Putrajaya,Espresso-based,Americano,1,9.0,9.0,Cash,Cloudy
TXN-9738,2026-04-19,10:30,Putrajaya,Espresso-based,Americano,3,9.0,27.0,QR,Cloudy
TXN-9737,2026-04-19,10:31,Putrajaya,Ice Blended,Ice Blended Chocolate Chip,1,14.0,14.0,QR,Cloudy
TXN-9730,2026-04-19,10:39,Putrajaya,Ice Blended,Ice Blended Chocolate Chip,1,14.0,14.0,Cash,Cloudy
TXN-9753,2026-04-19,10:41,Puncak Alam,Milk-based,Caramel Macchiato,2,13.0,26.0,QR,Sunny
TXN-9729,2026-04-19,10:48,Putrajaya,Milk-based,Caramel Macchiato,1,13.0,13.0,Cash,Cloudy
TXN-9743,2026-04-19,10:48,Putrajaya,Ice Blended,Ice Blended Chocolate Chip,3,14.0,42.0,Cash,Cloudy
TXN-9710,2026-04-19,10:52,Putrajaya,Milk-based,Cappuccino,1,11.0,11.0,QR,Cloudy
TXN-9705,2026-04-19,11:02,Putrajaya,Espresso-based,Americano,1,9.0,9.0,QR,Cloudy
TXN-9682,2026-04-19,11:08,Putrajaya,Milk-based,Cappuccino,3,11.0,33.0,QR,Cloudy
TXN-9755,2026-04-19,11:09,Puncak Alam,Milk-based,Caramel Macchiato,1,13.0,13.0,Cash,Sunny
TXN-9701,2026-04-19,11:11,Putrajaya,Espresso-based,Espresso,1,7.0,7.0,Cash,Cloudy
TXN-9693,2026-04-19,11:31,Putrajaya,Ice Blended,Ice Blended Chocolate Chip,1,14.0,14.0,Cash,Cloudy
TXN-9691,2026-04-19,11:37,Putrajaya,Espresso-based,Americano,1,9.0,9.0,QR,Cloudy
TXN-9734,2026-04-19,11:56,Putrajaya,Milk-based,Mocha,1,12.0,12.0,QR,Cloudy
TXN-9686,2026-04-19,12:00,Putrajaya,Milk-based,Mocha,2,12.0,24.0,QR,Cloudy
TXN-9761,2026-04-19,12:05,Puncak Alam,Espresso-based,Espresso,1,7.0,7.0,Cash,Sunny
TXN-9772,2026-04-19,12:05,Puncak Alam,Milk-based,Caramel Macchiato,1,13.0,13.0,Cash,Sunny
TXN-9783,2026-04-19,12:25,Puncak Alam,Milk-based,Latte,2,11.0,22.0,QR,Sunny
TXN-9775,2026-04-19,12:27,Puncak Alam,Milk-based,Mocha,1,12.0,12.0,QR,Sunny
TXN-9685,2026-04-19,12:30,Putrajaya,Espresso-based,Espresso,1,7.0,7.0,QR,Cloudy
TXN-9696,2026-04-19,12:36,Putrajaya,Milk-based,Cappuccino,1,11.0,11.0,Cash,Cloudy
TXN-9700,2026-04-19,12:51,Putrajaya,Milk-based,Cappuccino,1,11.0,11.0,QR,Cloudy
TXN-9760,2026-04-19,12:56,Puncak Alam,Milk-based,Cappuccino,2,11.0,22.0,Cash,Sunny
TXN-9697,2026-04-19,13:09,Putrajaya,Milk-based,Latte,1,11.0,11.0,QR,Cloudy
TXN-9733,2026-04-19,13:09,Putrajaya,Milk-based,Mocha,2,12.0,24.0,QR,Cloudy
TXN-9752,2026-04-19,13:11,Puncak Alam,Milk-based,Cappuccino,1,11.0,11.0,QR,Sunny
TXN-9768,2026-04-19,13:11,Puncak Alam,Ice Blended,Ice Blended Chocolate Chip,2,14.0,28.0,Cash,Sunny
TXN-9683,2026-04-19,13:15,Putrajaya,Espresso-based,Espresso,1,7.0,7.0,QR,Cloudy
TXN-9721,2026-04-19,13:16,Putrajaya,Espresso-based,Espresso,2,7.0,14.0,QR,Cloudy
TXN-9776,2026-04-19,13:22,Puncak Alam,Milk-based,Mocha,1,12.0,12.0,QR,Sunny
TXN-9713,2026-04-19,13:40,Putrajaya,Ice Blended,Ice Blended Chocolate Chip,1,14.0,14.0,Cash,Cloudy
TXN-9684,2026-04-19,13:47,Putrajaya,Espresso-based,Espresso,1,7.0,7.0,QR,Cloudy
TXN-9720,2026-04-19,13:51,Putrajaya,Milk-based,Cappuccino,1,11.0,11.0,QR,Cloudy
TXN-9765,2026-04-19,13:52,Puncak Alam,Milk-based,Cappuccino,3,11.0,33.0,QR,Sunny
TXN-9704,2026-04-19,13:55,Putrajaya,Milk-based,Mocha,1,12.0,12.0,QR,Cloudy
TXN-9786,2026-04-19,14:06,Puncak Alam,Milk-based,Latte,1,11.0,11.0,Cash,Sunny
TXN-9712,2026-04-19,14:21,Putrajaya,Ice Blended,Ice Blended Chocolate Chip,1,14.0,14.0,QR,Cloudy
TXN-9745,2026-04-19,14:21,Putrajaya,Milk-based,Latte,4,11.0,44.0,QR,Cloudy
TXN-9687,2026-04-19,14:25,Putrajaya,Milk-based,Mocha,1,12.0,12.0,QR,Cloudy
TXN-9711,2026-04-19,14:26,Putrajaya,Milk-based,Mocha,2,12.0,24.0,QR,Cloudy
TXN-9787,2026-04-19,14:39,Puncak Alam,Milk-based,Mocha,2,12.0,24.0,QR,Sunny
TXN-9681,2026-04-19,14:54,Putrajaya,Milk-based,Cappuccino,1,11.0,11.0,QR,Cloudy
TXN-9692,2026-04-19,14:54,Putrajaya,Espresso-based,Americano,2,9.0,18.0,QR,Cloudy
TXN-9757,2026-04-19,15:14,Puncak Alam,Milk-based,Caramel Macchiato,1,13.0,13.0,QR,Sunny
TXN-9778,2026-04-19,15:32,Puncak Alam,Milk-based,Latte,1,11.0,11.0,QR,Sunny
TXN-9754,2026-04-19,15:40,Puncak Alam,Milk-based,Cappuccino,1,11.0,11.0,QR,Sunny
TXN-9751,2026-04-19,15:48,Puncak Alam,Espresso-based,Americano,1,9.0,9.0,QR,Sunny
TXN-9784,2026-04-19,15:48,Puncak Alam,Ice Blended,Ice Blended Chocolate Chip,2,14.0,28.0,QR,Sunny
TXN-9781,2026-04-19,15:55,Puncak Alam,Milk-based,Latte,1,11.0,11.0,QR,Sunny
TXN-9766,2026-04-19,16:12,Puncak Alam,Milk-based,Mocha,4,12.0,48.0,QR,Sunny
TXN-9688,2026-04-19,16:21,Putrajaya,Milk-based,Caramel Macchiato,2,13.0,26.0,Cash,Cloudy
TXN-9742,2026-04-19,16:21,Putrajaya,Milk-based,Cappuccino,2,11.0,22.0,QR,Cloudy
TXN-9716,2026-04-19,16:34,Putrajaya,Espresso-based,Americano,3,9.0,27.0,Cash,Cloudy
TXN-9694,2026-04-19,16:35,Putrajaya,Espresso-based,Americano,1,9.0,9.0,QR,Cloudy
TXN-9780,2026-04-19,16:36,Puncak Alam,Ice Blended,Ice Blended Chocolate Chip,1,14.0,14.0,Cash,Sunny
TXN-9732,2026-04-19,16:48,Putrajaya,Ice Blended,Ice Blended Chocolate Chip,1,14.0,14.0,QR,Cloudy
TXN-9763,2026-04-19,16:50,Puncak Alam,Milk-based,Mocha,1,12.0,12.0,QR,Sunny
TXN-9718,2026-04-19,17:01,Putrajaya,Ice Blended,Ice Blended Chocolate Chip,1,14.0,14.0,QR,Cloudy
TXN-9695,2026-04-19,17:17,Putrajaya,Ice Blended,Ice Blended Chocolate Chip,3,14.0,42.0,Cash,Cloudy
TXN-9709,2026-04-19,17:18,Putrajaya,Espresso-based,Espresso,3,7.0,21.0,QR,Cloudy
TXN-9719,2026-04-19,17:26,Putrajaya,Milk-based,Mocha,1,12.0,12.0,Cash,Cloudy
TXN-9717,2026-04-19,17:34,Putrajaya,Milk-based,Latte,1,11.0,11.0,Cash,Cloudy
TXN-9769,2026-04-19,17:40,Puncak Alam,Espresso-based,Espresso,1,7.0,7.0,QR,Sunny
TXN-9770,2026-04-19,17:57,Puncak Alam,Espresso-based,Americano,2,9.0,18.0,Cash,Sunny
TXN-9724,2026-04-19,17:58,Putrajaya,Ice Blended,Ice Blended Chocolate Chip,1,14.0,14.0,QR,Cloudy
TXN-9725,2026-04-19,18:06,Putrajaya,Ice Blended,Ice Blended Chocolate Chip,1,14.0,14.0,QR,Cloudy
TXN-9715,2026-04-19,18:09,Putrajaya,Ice Blended,Ice Blended Chocolate Chip,1,14.0,14.0,QR,Cloudy
TXN-9782,2026-04-19,18:14,Puncak Alam,Milk-based,Mocha,2,12.0,24.0,QR,Sunny
TXN-9706,2026-04-19,18:25,Putrajaya,Milk-based,Mocha,1,12.0,12.0,QR,Cloudy
TXN-9749,2026-04-19,18:32,Puncak Alam,Ice Blended,Ice Blended Chocolate Chip,1,14.0,14.0,QR,Sunny
TXN-9779,2026-04-19,18:55,Puncak Alam,Espresso-based,Americano,2,9.0,18.0,QR,Sunny
TXN-9714,2026-04-19,19:11,Putrajaya,Ice Blended,Ice Blended Chocolate Chip,2,14.0,28.0,QR,Cloudy
TXN-9785,2026-04-19,19:12,Puncak Alam,Milk-based,Caramel Macchiato,1,13.0,13.0,QR,Sunny
TXN-9702,2026-04-19,19:15,Putrajaya,Milk-based,Caramel Macchiato,1,13.0,13.0,QR,Cloudy
TXN-9774,2026-04-19,19:15,Puncak Alam,Espresso-based,Americano,1,9.0,9.0,QR,Sunny
TXN-9708,2026-04-19,19:23,Putrajaya,Espresso-based,Espresso,1,7.0,7.0,Cash,Cloudy
TXN-9698,2026-04-19,19:50,Putrajaya,Milk-based,Mocha,1,12.0,12.0,QR,Cloudy
TXN-9736,2026-04-19,20:32,Putrajaya,Milk-based,Mocha,1,12.0,12.0,QR,Cloudy
TXN-9788,2026-04-19,20:51,Puncak Alam,Milk-based,Cappuccino,1,11.0,11.0,QR,Sunny
TXN-9750,2026-04-19,21:06,Puncak Alam,Milk-based,Latte,1,11.0,11.0,QR,Sunny
TXN-9722,2026-04-19,21:07,Putrajaya,Milk-based,Mocha,3,12.0,36.0,Cash,Cloudy
TXN-9740,2026-04-19,21:12,Putrajaya,Milk-based,Mocha,1,12.0,12.0,QR,Cloudy
TXN-9703,2026-04-19,21:23,Putrajaya,Milk-based,Caramel Macchiato,1,13.0,13.0,QR,Cloudy
TXN-9789,2026-04-19,21:28,Puncak Alam,Milk-based,Caramel Macchiato,3,13.0,39.0,QR,Sunny
TXN-9748,2026-04-19,21:47,Puncak Alam,Milk-based,Mocha,1,12.0,12.0,Cash,Sunny
TXN-9727,2026-04-19,21:48,Putrajaya,Espresso-based,Americano,3,9.0,27.0,Cash,Cloudy
TXN-9864,2026-04-20,08:01,Putrajaya,Milk-based,Latte,1,11.0,11.0,Cash,Sunny
TXN-9863,2026-04-20,08:24,Putrajaya,Milk-based,Caramel Macchiato,1,13.0,13.0,QR,Sunny
TXN-9805,2026-04-20,08:30,Putrajaya,Espresso-based,Espresso,1,7.0,7.0,Cash,Sunny
TXN-9790,2026-04-20,08:33,Putrajaya,Espresso-based,Espresso,1,7.0,7.0,QR,Sunny
TXN-9803,2026-04-20,08:37,Putrajaya,Milk-based,Latte,1,11.0,11.0,QR,Sunny
TXN-9860,2026-04-20,08:38,Putrajaya,Milk-based,Latte,1,11.0,11.0,QR,Sunny
TXN-9872,2026-04-20,08:42,Puncak Alam,Espresso-based,Americano,2,9.0,18.0,QR,Raining
TXN-9833,2026-04-20,08:51,Putrajaya,Milk-based,Caramel Macchiato,1,13.0,13.0,QR,Sunny
TXN-9852,2026-04-20,08:53,Putrajaya,Milk-based,Caramel Macchiato,4,13.0,52.0,QR,Sunny
TXN-9903,2026-04-20,09:10,Puncak Alam,Milk-based,Caramel Macchiato,1,13.0,13.0,QR,Raining
TXN-9816,2026-04-20,09:13,Putrajaya,Ice Blended,Ice Blended Chocolate Chip,1,14.0,14.0,QR,Sunny
TXN-9855,2026-04-20,09:15,Putrajaya,Milk-based,Mocha,3,12.0,36.0,QR,Sunny
TXN-9866,2026-04-20,09:16,Putrajaya,Espresso-based,Americano,1,9.0,9.0,QR,Sunny
TXN-9794,2026-04-20,09:17,Putrajaya,Ice Blended,Ice Blended Chocolate Chip,4,14.0,56.0,Cash,Sunny
TXN-9814,2026-04-20,09:18,Putrajaya,Espresso-based,Espresso,1,7.0,7.0,QR,Sunny
TXN-9881,2026-04-20,09:18,Puncak Alam,Milk-based,Cappuccino,2,11.0,22.0,QR,Raining
TXN-9822,2026-04-20,09:38,Putrajaya,Espresso-based,Espresso,1,7.0,7.0,QR,Sunny
TXN-9913,2026-04-20,09:38,Puncak Alam,Espresso-based,Espresso,3,7.0,21.0,QR,Raining
TXN-9896,2026-04-20,09:39,Puncak Alam,Espresso-based,Americano,2,9.0,18.0,QR,Raining
TXN-9880,2026-04-20,09:41,Puncak Alam,Espresso-based,Espresso,1,7.0,7.0,QR,Raining
TXN-9890,2026-04-20,09:53,Puncak Alam,Espresso-based,Espresso,1,7.0,7.0,QR,Raining
TXN-9846,2026-04-20,09:58,Putrajaya,Ice Blended,Ice Blended Chocolate Chip,1,14.0,14.0,Cash,Sunny
TXN-9919,2026-04-20,10:00,Puncak Alam,Ice Blended,Ice Blended Chocolate Chip,1,14.0,14.0,Cash,Raining
TXN-9791,2026-04-20,10:06,Putrajaya,Milk-based,Mocha,1,12.0,12.0,QR,Sunny
TXN-9801,2026-04-20,10:13,Putrajaya,Milk-based,Latte,2,11.0,22.0,QR,Sunny
TXN-9812,2026-04-20,10:16,Putrajaya,Milk-based,Cappuccino,1,11.0,11.0,QR,Sunny
TXN-9898,2026-04-20,10:16,Puncak Alam,Milk-based,Mocha,1,12.0,12.0,QR,Raining
TXN-9904,2026-04-20,10:29,Puncak Alam,Milk-based,Caramel Macchiato,1,13.0,13.0,QR,Raining
TXN-9845,2026-04-20,10:32,Putrajaya,Milk-based,Latte,1,11.0,11.0,QR,Sunny
TXN-9878,2026-04-20,10:35,Puncak Alam,Ice Blended,Ice Blended Chocolate Chip,3,14.0,42.0,QR,Raining
TXN-9831,2026-04-20,10:36,Putrajaya,Ice Blended,Ice Blended Chocolate Chip,3,14.0,42.0,QR,Sunny
TXN-9844,2026-04-20,10:46,Putrajaya,Milk-based,Caramel Macchiato,2,13.0,26.0,QR,Sunny
TXN-9851,2026-04-20,10:50,Putrajaya,Espresso-based,Americano,1,9.0,9.0,QR,Sunny
TXN-9804,2026-04-20,11:02,Putrajaya,Milk-based,Latte,1,11.0,11.0,Cash,Sunny
TXN-9902,2026-04-20,11:10,Puncak Alam,Ice Blended,Ice Blended Chocolate Chip,2,14.0,28.0,Cash,Raining
TXN-9802,2026-04-20,11:18,Putrajaya,Milk-based,Caramel Macchiato,1,13.0,13.0,Cash,Sunny
TXN-9889,2026-04-20,11:36,Puncak Alam,Ice Blended,Ice Blended Chocolate Chip,1,14.0,14.0,QR,Raining
TXN-9815,2026-04-20,11:40,Putrajaya,Ice Blended,Ice Blended Chocolate Chip,1,14.0,14.0,QR,Sunny
TXN-9850,2026-04-20,11:40,Putrajaya,Espresso-based,Americano,1,9.0,9.0,Cash,Sunny
TXN-9837,2026-04-20,11:49,Putrajaya,Milk-based,Caramel Macchiato,2,13.0,26.0,QR,Sunny
TXN-9874,2026-04-20,11:55,Puncak Alam,Milk-based,Cappuccino,1,11.0,11.0,QR,Raining
TXN-9930,2026-04-20,11:59,Puncak Alam,Espresso-based,Americano,1,9.0,9.0,QR,Raining
TXN-9873,2026-04-20,12:00,Puncak Alam,Espresso-based,Americano,1,9.0,9.0,QR,Raining
TXN-9921,2026-04-20,12:01,Puncak Alam,Ice Blended,Ice Blended Chocolate Chip,4,14.0,56.0,Cash,Raining
TXN-9797,2026-04-20,12:08,Putrajaya,Milk-based,Caramel Macchiato,1,13.0,13.0,QR,Sunny
TXN-9821,2026-04-20,12:14,Putrajaya,Espresso-based,Americano,1,9.0,9.0,QR,Sunny
TXN-9819,2026-04-20,12:19,Putrajaya,Espresso-based,Americano,1,9.0,9.0,QR,Sunny
TXN-9827,2026-04-20,12:21,Putrajaya,Milk-based,Cappuccino,4,11.0,44.0,QR,Sunny
TXN-9912,2026-04-20,12:23,Puncak Alam,Milk-based,Cappuccino,2,11.0,22.0,QR,Raining
TXN-9832,2026-04-20,12:46,Putrajaya,Ice Blended,Ice Blended Chocolate Chip,1,14.0,14.0,QR,Sunny
TXN-9853,2026-04-20,12:57,Putrajaya,Espresso-based,Americano,2,9.0,18.0,QR,Sunny
TXN-9909,2026-04-20,13:16,Puncak Alam,Milk-based,Cappuccino,1,11.0,11.0,Cash,Raining
TXN-9858,2026-04-20,13:17,Putrajaya,Espresso-based,Americano,1,9.0,9.0,Cash,Sunny
TXN-9838,2026-04-20,13:25,Putrajaya,Milk-based,Caramel Macchiato,1,13.0,13.0,QR,Sunny
TXN-9885,2026-04-20,13:27,Puncak Alam,Espresso-based,Americano,1,9.0,9.0,Cash,Raining
TXN-9868,2026-04-20,13:30,Putrajaya,Milk-based,Cappuccino,1,11.0,11.0,QR,Sunny
TXN-9795,2026-04-20,13:38,Putrajaya,Ice Blended,Ice Blended Chocolate Chip,1,14.0,14.0,QR,Sunny
TXN-9807,2026-04-20,13:42,Putrajaya,Espresso-based,Americano,1,9.0,9.0,QR,Sunny
TXN-9857,2026-04-20,13:49,Putrajaya,Milk-based,Caramel Macchiato,1,13.0,13.0,Cash,Sunny
TXN-9869,2026-04-20,13:55,Puncak Alam,Milk-based,Caramel Macchiato,2,13.0,26.0,QR,Raining
TXN-9793,2026-04-20,13:58,Putrajaya,Milk-based,Caramel Macchiato,1,13.0,13.0,Cash,Sunny
TXN-9818,2026-04-20,14:04,Putrajaya,Ice Blended,Ice Blended Chocolate Chip,1,14.0,14.0,QR,Sunny
TXN-9908,2026-04-20,14:05,Puncak Alam,Espresso-based,Americano,1,9.0,9.0,Cash,Raining
TXN-9901,2026-04-20,14:07,Puncak Alam,Milk-based,Mocha,1,12.0,12.0,QR,Raining
TXN-9916,2026-04-20,14:10,Puncak Alam,Espresso-based,Espresso,1,7.0,7.0,Cash,Raining
TXN-9809,2026-04-20,14:14,Putrajaya,Espresso-based,Espresso,1,7.0,7.0,Cash,Sunny
TXN-9927,2026-04-20,14:20,Puncak Alam,Milk-based,Caramel Macchiato,1,13.0,13.0,QR,Raining
TXN-9888,2026-04-20,14:21,Puncak Alam,Espresso-based,Americano,1,9.0,9.0,QR,Raining
TXN-9900,2026-04-20,14:27,Puncak Alam,Milk-based,Caramel Macchiato,1,13.0,13.0,QR,Raining
TXN-9848,2026-04-20,14:39,Putrajaya,Milk-based,Mocha,1,12.0,12.0,QR,Sunny
TXN-9906,2026-04-20,14:45,Puncak Alam,Milk-based,Cappuccino,2,11.0,22.0,QR,Raining
TXN-9905,2026-04-20,14:53,Puncak Alam,Milk-based,Mocha,1,12.0,12.0,QR,Raining
TXN-9871,2026-04-20,15:08,Puncak Alam,Ice Blended,Ice Blended Chocolate Chip,2,14.0,28.0,Cash,Raining
TXN-9811,2026-04-20,15:24,Putrajaya,Milk-based,Caramel Macchiato,1,13.0,13.0,Cash,Sunny
TXN-9843,2026-04-20,15:32,Putrajaya,Milk-based,Mocha,1,12.0,12.0,QR,Sunny
TXN-9825,2026-04-20,15:45,Putrajaya,Ice Blended,Ice Blended Chocolate Chip,1,14.0,14.0,QR,Sunny
TXN-9924,2026-04-20,15:47,Puncak Alam,Milk-based,Latte,2,11.0,22.0,QR,Raining
TXN-9920,2026-04-20,15:53,Puncak Alam,Milk-based,Cappuccino,2,11.0,22.0,Cash,Raining
TXN-9854,2026-04-20,15:55,Putrajaya,Espresso-based,Americano,1,9.0,9.0,QR,Sunny
TXN-9800,2026-04-20,15:56,Putrajaya,Milk-based,Caramel Macchiato,1,13.0,13.0,Cash,Sunny
TXN-9870,2026-04-20,15:59,Puncak Alam,Milk-based,Caramel Macchiato,3,13.0,39.0,Cash,Raining
TXN-9922,2026-04-20,15:59,Puncak Alam,Milk-based,Caramel Macchiato,1,13.0,13.0,Cash,Raining
TXN-9918,2026-04-20,16:04,Puncak Alam,Milk-based,Latte,2,11.0,22.0,Cash,Raining
TXN-9894,2026-04-20,16:08,Puncak Alam,Espresso-based,Americano,1,9.0,9.0,QR,Raining
TXN-9917,2026-04-20,16:08,Puncak Alam,Espresso-based,Americano,1,9.0,9.0,QR,Raining
TXN-9907,2026-04-20,16:11,Puncak Alam,Espresso-based,Americano,1,9.0,9.0,QR,Raining
TXN-9841,2026-04-20,16:16,Putrajaya,Milk-based,Latte,1,11.0,11.0,QR,Sunny
TXN-9867,2026-04-20,16:21,Putrajaya,Espresso-based,Espresso,2,7.0,14.0,Cash,Sunny
TXN-9856,2026-04-20,16:24,Putrajaya,Espresso-based,Americano,1,9.0,9.0,QR,Sunny
TXN-9925,2026-04-20,16:24,Puncak Alam,Espresso-based,Americano,1,9.0,9.0,Cash,Raining
TXN-9828,2026-04-20,16:25,Putrajaya,Milk-based,Mocha,2,12.0,24.0,Cash,Sunny
TXN-9893,2026-04-20,16:27,Puncak Alam,Milk-based,Mocha,2,12.0,24.0,QR,Raining
TXN-9895,2026-04-20,16:31,Puncak Alam,Ice Blended,Ice Blended Chocolate Chip,1,14.0,14.0,QR,Raining
TXN-9817,2026-04-20,16:35,Putrajaya,Ice Blended,Ice Blended Chocolate Chip,1,14.0,14.0,Cash,Sunny
TXN-9926,2026-04-20,16:44,Puncak Alam,Milk-based,Caramel Macchiato,1,13.0,13.0,QR,Raining
TXN-9899,2026-04-20,16:46,Puncak Alam,Milk-based,Caramel Macchiato,3,13.0,39.0,QR,Raining
TXN-9792,2026-04-20,16:49,Putrajaya,Espresso-based,Americano,1,9.0,9.0,QR,Sunny
TXN-9826,2026-04-20,16:50,Putrajaya,Milk-based,Caramel Macchiato,2,13.0,26.0,QR,Sunny
TXN-9879,2026-04-20,16:51,Puncak Alam,Espresso-based,Espresso,2,7.0,14.0,QR,Raining
TXN-9823,2026-04-20,16:58,Putrajaya,Milk-based,Cappuccino,1,11.0,11.0,QR,Sunny
TXN-9820,2026-04-20,17:06,Putrajaya,Milk-based,Caramel Macchiato,2,13.0,26.0,QR,Sunny
TXN-9839,2026-04-20,17:16,Putrajaya,Ice Blended,Ice Blended Chocolate Chip,1,14.0,14.0,QR,Sunny
TXN-9915,2026-04-20,17:37,Puncak Alam,Espresso-based,Americano,1,9.0,9.0,Cash,Raining
TXN-9877,2026-04-20,18:06,Puncak Alam,Espresso-based,Americano,2,9.0,18.0,QR,Raining
TXN-9884,2026-04-20,18:30,Puncak Alam,Milk-based,Mocha,1,12.0,12.0,QR,Raining
TXN-9882,2026-04-20,18:33,Puncak Alam,Milk-based,Cappuccino,4,11.0,44.0,QR,Raining
TXN-9813,2026-04-20,18:37,Putrajaya,Milk-based,Latte,1,11.0,11.0,Cash,Sunny
TXN-9892,2026-04-20,18:42,Puncak Alam,Milk-based,Latte,1,11.0,11.0,Cash,Raining
TXN-9842,2026-04-20,18:43,Putrajaya,Espresso-based,Americano,1,9.0,9.0,QR,Sunny
TXN-9859,2026-04-20,18:56,Putrajaya,Espresso-based,Americano,2,9.0,18.0,QR,Sunny
TXN-9824,2026-04-20,19:00,Putrajaya,Espresso-based,Americano,1,9.0,9.0,QR,Sunny
TXN-9836,2026-04-20,19:09,Putrajaya,Milk-based,Caramel Macchiato,1,13.0,13.0,QR,Sunny
TXN-9798,2026-04-20,19:11,Putrajaya,Milk-based,Latte,1,11.0,11.0,Cash,Sunny
TXN-9928,2026-04-20,19:11,Puncak Alam,Milk-based,Mocha,2,12.0,24.0,QR,Raining
TXN-9808,2026-04-20,19:14,Putrajaya,Ice Blended,Ice Blended Chocolate Chip,2,14.0,28.0,QR,Sunny
TXN-9847,2026-04-20,19:33,Putrajaya,Ice Blended,Ice Blended Chocolate Chip,1,14.0,14.0,QR,Sunny
TXN-9891,2026-04-20,19:33,Puncak Alam,Espresso-based,Espresso,1,7.0,7.0,QR,Raining
TXN-9849,2026-04-20,19:34,Putrajaya,Espresso-based,Americano,3,9.0,27.0,Cash,Sunny
TXN-9806,2026-04-20,19:48,Putrajaya,Milk-based,Caramel Macchiato,3,13.0,39.0,QR,Sunny
TXN-9796,2026-04-20,19:53,Putrajaya,Milk-based,Latte,1,11.0,11.0,QR,Sunny
TXN-9830,2026-04-20,19:56,Putrajaya,Milk-based,Cappuccino,3,11.0,33.0,Cash,Sunny
TXN-9910,2026-04-20,20:01,Puncak Alam,Milk-based,Latte,1,11.0,11.0,QR,Raining
TXN-9923,2026-04-20,20:02,Puncak Alam,Milk-based,Latte,1,11.0,11.0,QR,Raining
TXN-9876,2026-04-20,20:12,Puncak Alam,Milk-based,Mocha,1,12.0,12.0,QR,Raining
TXN-9865,2026-04-20,20:16,Putrajaya,Milk-based,Cappuccino,1,11.0,11.0,Cash,Sunny
TXN-9829,2026-04-20,20:19,Putrajaya,Milk-based,Mocha,1,12.0,12.0,QR,Sunny
TXN-9810,2026-04-20,20:22,Putrajaya,Espresso-based,Americano,1,9.0,9.0,QR,Sunny
TXN-9914,2026-04-20,20:22,Puncak Alam,Milk-based,Caramel Macchiato,1,13.0,13.0,Cash,Raining
TXN-9929,2026-04-20,20:41,Puncak Alam,Ice Blended,Ice Blended Chocolate Chip,1,14.0,14.0,QR,Raining
TXN-9862,2026-04-20,20:45,Putrajaya,Espresso-based,Espresso,3,7.0,21.0,Cash,Sunny
TXN-9840,2026-04-20,20:53,Putrajaya,Milk-based,Latte,4,11.0,44.0,QR,Sunny
TXN-9799,2026-04-20,21:13,Putrajaya,Milk-based,Caramel Macchiato,1,13.0,13.0,QR,Sunny
TXN-9861,2026-04-20,21:16,Putrajaya,Milk-based,Cappuccino,1,11.0,11.0,Cash,Sunny
TXN-9875,2026-04-20,21:29,Puncak Alam,Espresso-based,Espresso,1,7.0,7.0,Cash,Raining
TXN-9835,2026-04-20,21:37,Putrajaya,Milk-based,Caramel Macchiato,1,13.0,13.0,QR,Sunny
TXN-9883,2026-04-20,21:42,Puncak Alam,Milk-based,Latte,1,11.0,11.0,Cash,Raining
TXN-9897,2026-04-20,21:43,Puncak Alam,Ice Blended,Ice Blended Chocolate Chip,1,14.0,14.0,QR,Raining
TXN-9911,2026-04-20,21:45,Puncak Alam,Ice Blended,Ice Blended Chocolate Chip,1,14.0,14.0,Cash,Raining
TXN-9834,2026-04-20,21:46,Putrajaya,Milk-based,Caramel Macchiato,1,13.0,13.0,QR,Sunny
TXN-9886,2026-04-20,21:49,Puncak Alam,Espresso-based,Espresso,3,7.0,21.0,QR,Raining
TXN-9887,2026-04-20,21:55,Puncak Alam,Espresso-based,Espresso,1,7.0,7.0,Cash,Raining
TXN-10000,2026-04-21,08:08,Puncak Alam,Espresso-based,Espresso,1,7.0,7.0,Cash,Sunny
TXN-9935,2026-04-21,08:29,Putrajaya,Milk-based,Cappuccino,2,11.0,22.0,QR,Sunny
TXN-9931,2026-04-21,08:30,Putrajaya,Ice Blended,Ice Blended Chocolate Chip,3,14.0,42.0,QR,Sunny
TXN-9946,2026-04-21,08:39,Putrajaya,Espresso-based,Espresso,1,7.0,7.0,Cash,Sunny
TXN-9947,2026-04-21,08:44,Putrajaya,Espresso-based,Espresso,2,7.0,14.0,QR,Sunny
TXN-9986,2026-04-21,08:47,Putrajaya,Milk-based,Latte,1,11.0,11.0,QR,Sunny
TXN-9990,2026-04-21,08:52,Putrajaya,Milk-based,Latte,1,11.0,11.0,QR,Sunny
TXN-9958,2026-04-21,09:06,Putrajaya,Milk-based,Mocha,1,12.0,12.0,Cash,Sunny
TXN-9979,2026-04-21,09:15,Putrajaya,Milk-based,Caramel Macchiato,1,13.0,13.0,Cash,Sunny
TXN-9962,2026-04-21,09:30,Putrajaya,Ice Blended,Ice Blended Chocolate Chip,1,14.0,14.0,Cash,Sunny
TXN-10009,2026-04-21,09:58,Puncak Alam,Espresso-based,Americano,1,9.0,9.0,QR,Sunny
TXN-9956,2026-04-21,10:01,Putrajaya,Milk-based,Cappuccino,3,11.0,33.0,QR,Sunny
TXN-9949,2026-04-21,10:02,Putrajaya,Milk-based,Mocha,2,12.0,24.0,QR,Sunny
TXN-10006,2026-04-21,10:07,Puncak Alam,Ice Blended,Ice Blended Chocolate Chip,2,14.0,28.0,Cash,Sunny
TXN-9943,2026-04-21,10:11,Putrajaya,Espresso-based,Espresso,3,7.0,21.0,QR,Sunny
TXN-9954,2026-04-21,10:20,Putrajaya,Espresso-based,Espresso,1,7.0,7.0,QR,Sunny
TXN-9978,2026-04-21,10:28,Putrajaya,Milk-based,Cappuccino,2,11.0,22.0,QR,Sunny
TXN-9989,2026-04-21,10:28,Putrajaya,Espresso-based,Americano,1,9.0,9.0,Cash,Sunny
TXN-10020,2026-04-21,10:52,Puncak Alam,Espresso-based,Espresso,1,7.0,7.0,QR,Sunny
TXN-9945,2026-04-21,10:57,Putrajaya,Milk-based,Cappuccino,3,11.0,33.0,QR,Sunny
TXN-9985,2026-04-21,11:04,Putrajaya,Milk-based,Latte,1,11.0,11.0,QR,Sunny
TXN-9999,2026-04-21,11:04,Puncak Alam,Ice Blended,Ice Blended Chocolate Chip,1,14.0,14.0,Cash,Sunny
TXN-10015,2026-04-21,11:04,Puncak Alam,Ice Blended,Ice Blended Chocolate Chip,1,14.0,14.0,QR,Sunny
TXN-9960,2026-04-21,11:05,Putrajaya,Espresso-based,Espresso,3,7.0,21.0,QR,Sunny
TXN-10016,2026-04-21,11:10,Puncak Alam,Milk-based,Cappuccino,2,11.0,22.0,Cash,Sunny
TXN-9997,2026-04-21,11:22,Puncak Alam,Ice Blended,Ice Blended Chocolate Chip,1,14.0,14.0,QR,Sunny
TXN-9955,2026-04-21,11:38,Putrajaya,Espresso-based,Americano,1,9.0,9.0,QR,Sunny
TXN-10027,2026-04-21,11:44,Puncak Alam,Milk-based,Cappuccino,1,11.0,11.0,QR,Sunny
TXN-9939,2026-04-21,11:54,Putrajaya,Milk-based,Latte,1,11.0,11.0,QR,Sunny
TXN-10021,2026-04-21,11:54,Puncak Alam,Ice Blended,Ice Blended Chocolate Chip,2,14.0,28.0,QR,Sunny
TXN-9937,2026-04-21,12:08,Putrajaya,Milk-based,Mocha,1,12.0,12.0,QR,Sunny
TXN-9982,2026-04-21,12:17,Putrajaya,Milk-based,Mocha,1,12.0,12.0,Cash,Sunny
TXN-10032,2026-04-21,12:32,Puncak Alam,Espresso-based,Americano,2,9.0,18.0,Cash,Sunny
TXN-10040,2026-04-21,12:48,Puncak Alam,Milk-based,Cappuccino,2,11.0,22.0,QR,Sunny
TXN-9984,2026-04-21,12:50,Putrajaya,Milk-based,Cappuccino,2,11.0,22.0,Cash,Sunny
TXN-9993,2026-04-21,13:00,Putrajaya,Milk-based,Cappuccino,2,11.0,22.0,QR,Sunny
TXN-9974,2026-04-21,13:06,Putrajaya,Espresso-based,Americano,1,9.0,9.0,Cash,Sunny
TXN-10019,2026-04-21,13:34,Puncak Alam,Milk-based,Mocha,1,12.0,12.0,QR,Sunny
TXN-10003,2026-04-21,13:38,Puncak Alam,Espresso-based,Americano,1,9.0,9.0,QR,Sunny
TXN-9996,2026-04-21,13:42,Putrajaya,Ice Blended,Ice Blended Chocolate Chip,2,14.0,28.0,QR,Sunny
TXN-9959,2026-04-21,13:45,Putrajaya,Milk-based,Cappuccino,1,11.0,11.0,QR,Sunny
TXN-10034,2026-04-21,13:49,Puncak Alam,Espresso-based,Americano,1,9.0,9.0,Cash,Sunny
TXN-9948,2026-04-21,13:57,Putrajaya,Espresso-based,Espresso,1,7.0,7.0,QR,Sunny
TXN-10025,2026-04-21,14:06,Puncak Alam,Milk-based,Latte,1,11.0,11.0,Cash,Sunny
TXN-9977,2026-04-21,14:21,Putrajaya,Milk-based,Cappuccino,1,11.0,11.0,Cash,Sunny
TXN-10008,2026-04-21,14:22,Puncak Alam,Milk-based,Latte,4,11.0,44.0,Cash,Sunny
TXN-9951,2026-04-21,14:48,Putrajaya,Milk-based,Cappuccino,1,11.0,11.0,QR,Sunny
TXN-9967,2026-04-21,14:49,Putrajaya,Espresso-based,Espresso,4,7.0,28.0,QR,Sunny
TXN-10013,2026-04-21,15:05,Puncak Alam,Milk-based,Caramel Macchiato,1,13.0,13.0,QR,Sunny
TXN-10014,2026-04-21,15:07,Puncak Alam,Ice Blended,Ice Blended Chocolate Chip,2,14.0,28.0,QR,Sunny
TXN-9972,2026-04-21,15:09,Putrajaya,Milk-based,Caramel Macchiato,3,13.0,39.0,QR,Sunny
TXN-9942,2026-04-21,15:10,Putrajaya,Espresso-based,Americano,1,9.0,9.0,QR,Sunny
TXN-10036,2026-04-21,15:24,Puncak Alam,Milk-based,Cappuccino,1,11.0,11.0,Cash,Sunny
TXN-9963,2026-04-21,15:25,Putrajaya,Milk-based,Mocha,1,12.0,12.0,QR,Sunny
TXN-9938,2026-04-21,15:30,Putrajaya,Milk-based,Cappuccino,3,11.0,33.0,QR,Sunny
TXN-10037,2026-04-21,15:30,Puncak Alam,Espresso-based,Americano,1,9.0,9.0,QR,Sunny
TXN-9932,2026-04-21,15:31,Putrajaya,Milk-based,Latte,1,11.0,11.0,QR,Sunny
TXN-10029,2026-04-21,15:34,Puncak Alam,Milk-based,Mocha,2,12.0,24.0,QR,Sunny
TXN-9966,2026-04-21,15:40,Putrajaya,Espresso-based,Espresso,1,7.0,7.0,QR,Sunny
TXN-9961,2026-04-21,16:01,Putrajaya,Milk-based,Mocha,1,12.0,12.0,QR,Sunny
TXN-10012,2026-04-21,16:03,Puncak Alam,Espresso-based,Espresso,1,7.0,7.0,QR,Sunny
TXN-9987,2026-04-21,16:04,Putrajaya,Espresso-based,Espresso,2,7.0,14.0,Cash,Sunny
TXN-9934,2026-04-21,16:14,Putrajaya,Milk-based,Cappuccino,1,11.0,11.0,QR,Sunny
TXN-9998,2026-04-21,16:16,Puncak Alam,Ice Blended,Ice Blended Chocolate Chip,3,14.0,42.0,QR,Sunny
TXN-9995,2026-04-21,16:19,Putrajaya,Milk-based,Caramel Macchiato,1,13.0,13.0,QR,Sunny
TXN-9970,2026-04-21,16:20,Putrajaya,Espresso-based,Americano,1,9.0,9.0,QR,Sunny
TXN-9988,2026-04-21,16:20,Putrajaya,Milk-based,Cappuccino,3,11.0,33.0,QR,Sunny
TXN-9952,2026-04-21,16:22,Putrajaya,Milk-based,Cappuccino,1,11.0,11.0,QR,Sunny
TXN-9950,2026-04-21,16:26,Putrajaya,Milk-based,Cappuccino,2,11.0,22.0,QR,Sunny
TXN-10024,2026-04-21,16:27,Puncak Alam,Ice Blended,Ice Blended Chocolate Chip,1,14.0,14.0,QR,Sunny
TXN-9936,2026-04-21,16:29,Putrajaya,Milk-based,Cappuccino,1,11.0,11.0,QR,Sunny
TXN-10004,2026-04-21,16:34,Puncak Alam,Milk-based,Latte,2,11.0,22.0,Cash,Sunny
TXN-9965,2026-04-21,16:35,Putrajaya,Milk-based,Caramel Macchiato,1,13.0,13.0,QR,Sunny
TXN-10022,2026-04-21,16:35,Puncak Alam,Ice Blended,Ice Blended Chocolate Chip,2,14.0,28.0,QR,Sunny
TXN-10017,2026-04-21,16:46,Puncak Alam,Milk-based,Latte,1,11.0,11.0,QR,Sunny
TXN-9944,2026-04-21,16:48,Putrajaya,Espresso-based,Espresso,1,7.0,7.0,QR,Sunny
TXN-10001,2026-04-21,17:08,Puncak Alam,Ice Blended,Ice Blended Chocolate Chip,1,14.0,14.0,Cash,Sunny
TXN-9953,2026-04-21,17:18,Putrajaya,Milk-based,Mocha,1,12.0,12.0,QR,Sunny
TXN-9976,2026-04-21,17:21,Putrajaya,Ice Blended,Ice Blended Chocolate Chip,1,14.0,14.0,QR,Sunny
TXN-9975,2026-04-21,17:31,Putrajaya,Milk-based,Cappuccino,1,11.0,11.0,Cash,Sunny
TXN-10030,2026-04-21,17:43,Puncak Alam,Milk-based,Mocha,1,12.0,12.0,QR,Sunny
TXN-10039,2026-04-21,17:46,Puncak Alam,Milk-based,Latte,2,11.0,22.0,QR,Sunny
TXN-9968,2026-04-21,17:47,Putrajaya,Milk-based,Latte,1,11.0,11.0,Cash,Sunny
TXN-9957,2026-04-21,17:53,Putrajaya,Milk-based,Mocha,2,12.0,24.0,QR,Sunny
TXN-10035,2026-04-21,17:55,Puncak Alam,Milk-based,Caramel Macchiato,1,13.0,13.0,QR,Sunny
TXN-9980,2026-04-21,18:11,Putrajaya,Milk-based,Latte,1,11.0,11.0,QR,Sunny
TXN-9969,2026-04-21,18:13,Putrajaya,Milk-based,Cappuccino,1,11.0,11.0,QR,Sunny
TXN-9981,2026-04-21,18:17,Putrajaya,Ice Blended,Ice Blended Chocolate Chip,2,14.0,28.0,Cash,Sunny
TXN-10011,2026-04-21,18:20,Puncak Alam,Espresso-based,Americano,2,9.0,18.0,Cash,Sunny
TXN-9941,2026-04-21,18:35,Putrajaya,Milk-based,Cappuccino,1,11.0,11.0,QR,Sunny
TXN-9940,2026-04-21,18:54,Putrajaya,Milk-based,Latte,1,11.0,11.0,Cash,Sunny
TXN-10033,2026-04-21,18:56,Puncak Alam,Milk-based,Cappuccino,1,11.0,11.0,Cash,Sunny
TXN-9994,2026-04-21,19:08,Putrajaya,Espresso-based,Americano,1,9.0,9.0,Cash,Sunny
TXN-10028,2026-04-21,19:17,Puncak Alam,Milk-based,Mocha,2,12.0,24.0,QR,Sunny
TXN-9971,2026-04-21,19:37,Putrajaya,Milk-based,Latte,1,11.0,11.0,QR,Sunny
TXN-10018,2026-04-21,19:41,Puncak Alam,Milk-based,Cappuccino,1,11.0,11.0,QR,Sunny
TXN-9991,2026-04-21,19:46,Putrajaya,Milk-based,Cappuccino,1,11.0,11.0,QR,Sunny
TXN-9964,2026-04-21,20:02,Putrajaya,Milk-based,Latte,1,11.0,11.0,QR,Sunny
TXN-10007,2026-04-21,20:24,Puncak Alam,Espresso-based,Espresso,2,7.0,14.0,Cash,Sunny
TXN-9992,2026-04-21,20:25,Putrajaya,Milk-based,Caramel Macchiato,1,13.0,13.0,QR,Sunny
TXN-10010,2026-04-21,20:26,Puncak Alam,Espresso-based,Americano,1,9.0,9.0,QR,Sunny
TXN-10031,2026-04-21,20:34,Puncak Alam,Milk-based,Cappuccino,1,11.0,11.0,QR,Sunny
TXN-10002,2026-04-21,20:55,Puncak Alam,Ice Blended,Ice Blended Chocolate Chip,1,14.0,14.0,QR,Sunny
TXN-10005,2026-04-21,21:00,Puncak Alam,Milk-based,Mocha,1,12.0,12.0,QR,Sunny
TXN-9973,2026-04-21,21:01,Putrajaya,Milk-based,Cappuccino,2,11.0,22.0,Cash,Sunny
TXN-9983,2026-04-21,21:06,Putrajaya,Ice Blended,Ice Blended Chocolate Chip,1,14.0,14.0,QR,Sunny
TXN-10023,2026-04-21,21:37,Puncak Alam,Milk-based,Cappuccino,3,11.0,33.0,QR,Sunny
TXN-10038,2026-04-21,21:42,Puncak Alam,Milk-based,Latte,2,11.0,22.0,Cash,Sunny
TXN-9933,2026-04-21,21:48,Putrajaya,Milk-based,Latte,1,11.0,11.0,QR,Sunny
TXN-10026,2026-04-21,21:58,Puncak Alam,Milk-based,Latte,2,11.0,22.0,QR,Sunny
TXN-10075,2026-04-22,08:06,Putrajaya,Milk-based,Mocha,1,12.0,12.0,Cash,Sunny
TXN-10082,2026-04-22,08:09,Putrajaya,Milk-based,Latte,1,11.0,11.0,QR,Sunny
TXN-10062,2026-04-22,08:10,Putrajaya,Milk-based,Mocha,1,12.0,12.0,QR,Sunny
TXN-10112,2026-04-22,08:12,Puncak Alam,Espresso-based,Espresso,1,7.0,7.0,QR,Sunny
TXN-10072,2026-04-22,08:22,Putrajaya,Milk-based,Cappuccino,2,11.0,22.0,QR,Sunny
TXN-10157,2026-04-22,08:28,Puncak Alam,Espresso-based,Espresso,1,7.0,7.0,QR,Sunny
TXN-10148,2026-04-22,08:33,Puncak Alam,Milk-based,Latte,1,11.0,11.0,QR,Sunny
TXN-10076,2026-04-22,08:39,Putrajaya,Milk-based,Caramel Macchiato,2,13.0,26.0,QR,Sunny
TXN-10103,2026-04-22,08:46,Putrajaya,Ice Blended,Ice Blended Chocolate Chip,2,14.0,28.0,QR,Sunny
TXN-10150,2026-04-22,09:06,Puncak Alam,Ice Blended,Ice Blended Chocolate Chip,1,14.0,14.0,QR,Sunny
TXN-10152,2026-04-22,09:10,Puncak Alam,Ice Blended,Ice Blended Chocolate Chip,1,14.0,14.0,Cash,Sunny
TXN-10097,2026-04-22,09:26,Putrajaya,Ice Blended,Ice Blended Chocolate Chip,1,14.0,14.0,QR,Sunny
TXN-10151,2026-04-22,09:27,Puncak Alam,Milk-based,Cappuccino,1,11.0,11.0,QR,Sunny
TXN-10084,2026-04-22,09:28,Putrajaya,Espresso-based,Espresso,1,7.0,7.0,QR,Sunny
TXN-10049,2026-04-22,09:39,Putrajaya,Espresso-based,Americano,1,9.0,9.0,QR,Sunny
TXN-10140,2026-04-22,09:39,Puncak Alam,Espresso-based,Americano,2,9.0,18.0,QR,Sunny
TXN-10098,2026-04-22,09:49,Putrajaya,Milk-based,Caramel Macchiato,1,13.0,13.0,Cash,Sunny
TXN-10056,2026-04-22,09:50,Putrajaya,Espresso-based,Espresso,2,7.0,14.0,QR,Sunny
TXN-10153,2026-04-22,09:51,Puncak Alam,Ice Blended,Ice Blended Chocolate Chip,1,14.0,14.0,QR,Sunny
TXN-10106,2026-04-22,09:53,Putrajaya,Milk-based,Latte,2,11.0,22.0,QR,Sunny
TXN-10177,2026-04-22,10:02,Puncak Alam,Milk-based,Caramel Macchiato,2,13.0,26.0,Cash,Sunny
TXN-10147,2026-04-22,10:17,Puncak Alam,Milk-based,Caramel Macchiato,2,13.0,26.0,QR,Sunny
TXN-10169,2026-04-22,10:34,Puncak Alam,Ice Blended,Ice Blended Chocolate Chip,1,14.0,14.0,QR,Sunny
TXN-10146,2026-04-22,10:36,Puncak Alam,Milk-based,Latte,1,11.0,11.0,QR,Sunny
TXN-10058,2026-04-22,10:57,Putrajaya,Milk-based,Latte,1,11.0,11.0,QR,Sunny
TXN-10130,2026-04-22,10:57,Puncak Alam,Milk-based,Caramel Macchiato,1,13.0,13.0,Cash,Sunny
TXN-10134,2026-04-22,10:59,Puncak Alam,Espresso-based,Americano,1,9.0,9.0,QR,Sunny
TXN-10143,2026-04-22,10:59,Puncak Alam,Milk-based,Mocha,1,12.0,12.0,QR,Sunny
TXN-10141,2026-04-22,11:03,Puncak Alam,Espresso-based,Espresso,1,7.0,7.0,Cash,Sunny
TXN-10104,2026-04-22,11:05,Putrajaya,Espresso-based,Americano,1,9.0,9.0,QR,Sunny
TXN-10162,2026-04-22,11:08,Puncak Alam,Milk-based,Caramel Macchiato,2,13.0,26.0,Cash,Sunny
TXN-10114,2026-04-22,11:11,Puncak Alam,Espresso-based,Espresso,1,7.0,7.0,QR,Sunny
TXN-10116,2026-04-22,11:11,Puncak Alam,Ice Blended,Ice Blended Chocolate Chip,1,14.0,14.0,Cash,Sunny
TXN-10173,2026-04-22,11:16,Puncak Alam,Milk-based,Latte,2,11.0,22.0,Cash,Sunny
TXN-10158,2026-04-22,11:19,Puncak Alam,Milk-based,Cappuccino,3,11.0,33.0,Cash,Sunny
TXN-10122,2026-04-22,11:22,Puncak Alam,Milk-based,Cappuccino,1,11.0,11.0,QR,Sunny
TXN-10137,2026-04-22,11:24,Puncak Alam,Milk-based,Latte,1,11.0,11.0,Cash,Sunny
TXN-10110,2026-04-22,11:26,Putrajaya,Espresso-based,Americano,1,9.0,9.0,Cash,Sunny
TXN-10128,2026-04-22,11:26,Puncak Alam,Milk-based,Latte,1,11.0,11.0,Cash,Sunny
TXN-10163,2026-04-22,11:46,Puncak Alam,Espresso-based,Espresso,1,7.0,7.0,Cash,Sunny
TXN-10160,2026-04-22,11:48,Puncak Alam,Milk-based,Latte,1,11.0,11.0,QR,Sunny
TXN-10081,2026-04-22,12:04,Putrajaya,Milk-based,Cappuccino,1,11.0,11.0,QR,Sunny
TXN-10121,2026-04-22,12:04,Puncak Alam,Espresso-based,Americano,1,9.0,9.0,QR,Sunny
TXN-10044,2026-04-22,12:05,Putrajaya,Ice Blended,Ice Blended Chocolate Chip,1,14.0,14.0,QR,Sunny
TXN-10090,2026-04-22,12:28,Putrajaya,Espresso-based,Espresso,1,7.0,7.0,QR,Sunny
TXN-10127,2026-04-22,12:32,Puncak Alam,Milk-based,Cappuccino,1,11.0,11.0,QR,Sunny
TXN-10142,2026-04-22,12:41,Puncak Alam,Ice Blended,Ice Blended Chocolate Chip,3,14.0,42.0,Cash,Sunny
TXN-10046,2026-04-22,12:52,Putrajaya,Espresso-based,Espresso,1,7.0,7.0,QR,Sunny
TXN-10068,2026-04-22,12:55,Putrajaya,Espresso-based,Espresso,1,7.0,7.0,QR,Sunny
TXN-10041,2026-04-22,12:59,Putrajaya,Milk-based,Caramel Macchiato,1,13.0,13.0,QR,Sunny
TXN-10093,2026-04-22,13:20,Putrajaya,Milk-based,Mocha,1,12.0,12.0,Cash,Sunny
TXN-10055,2026-04-22,13:23,Putrajaya,Milk-based,Mocha,2,12.0,24.0,QR,Sunny
TXN-10080,2026-04-22,13:40,Putrajaya,Milk-based,Cappuccino,1,11.0,11.0,QR,Sunny
TXN-10170,2026-04-22,13:49,Puncak Alam,Ice Blended,Ice Blended Chocolate Chip,4,14.0,56.0,Cash,Sunny
TXN-10095,2026-04-22,13:52,Putrajaya,Milk-based,Caramel Macchiato,1,13.0,13.0,QR,Sunny
TXN-10174,2026-04-22,13:52,Puncak Alam,Ice Blended,Ice Blended Chocolate Chip,1,14.0,14.0,QR,Sunny
TXN-10099,2026-04-22,14:01,Putrajaya,Ice Blended,Ice Blended Chocolate Chip,1,14.0,14.0,QR,Sunny
TXN-10096,2026-04-22,14:08,Putrajaya,Milk-based,Cappuccino,1,11.0,11.0,QR,Sunny
TXN-10042,2026-04-22,14:10,Putrajaya,Ice Blended,Ice Blended Chocolate Chip,1,14.0,14.0,Cash,Sunny
TXN-10166,2026-04-22,14:32,Puncak Alam,Milk-based,Caramel Macchiato,1,13.0,13.0,QR,Sunny
TXN-10156,2026-04-22,14:51,Puncak Alam,Espresso-based,Americano,1,9.0,9.0,Cash,Sunny
TXN-10094,2026-04-22,14:53,Putrajaya,Milk-based,Caramel Macchiato,1,13.0,13.0,QR,Sunny
TXN-10088,2026-04-22,14:54,Putrajaya,Espresso-based,Espresso,3,7.0,21.0,Cash,Sunny
TXN-10051,2026-04-22,14:59,Putrajaya,Milk-based,Mocha,2,12.0,24.0,QR,Sunny
TXN-10123,2026-04-22,14:59,Puncak Alam,Milk-based,Caramel Macchiato,3,13.0,39.0,Cash,Sunny
TXN-10165,2026-04-22,15:05,Puncak Alam,Milk-based,Caramel Macchiato,1,13.0,13.0,QR,Sunny
TXN-10125,2026-04-22,15:12,Puncak Alam,Milk-based,Cappuccino,1,11.0,11.0,QR,Sunny
TXN-10063,2026-04-22,15:25,Putrajaya,Milk-based,Mocha,1,12.0,12.0,QR,Sunny
TXN-10119,2026-04-22,15:43,Puncak Alam,Milk-based,Latte,1,11.0,11.0,Cash,Sunny
TXN-10164,2026-04-22,15:55,Puncak Alam,Milk-based,Latte,1,11.0,11.0,Cash,Sunny
TXN-10074,2026-04-22,15:59,Putrajaya,Milk-based,Latte,2,11.0,22.0,Cash,Sunny
TXN-10178,2026-04-22,15:59,Puncak Alam,Milk-based,Caramel Macchiato,1,13.0,13.0,QR,Sunny
TXN-10135,2026-04-22,16:00,Puncak Alam,Milk-based,Caramel Macchiato,1,13.0,13.0,QR,Sunny
TXN-10117,2026-04-22,16:01,Puncak Alam,Espresso-based,Espresso,1,7.0,7.0,QR,Sunny
TXN-10120,2026-04-22,16:05,Puncak Alam,Milk-based,Cappuccino,1,11.0,11.0,QR,Sunny
TXN-10133,2026-04-22,16:07,Puncak Alam,Milk-based,Mocha,1,12.0,12.0,Cash,Sunny
TXN-10144,2026-04-22,16:07,Puncak Alam,Ice Blended,Ice Blended Chocolate Chip,1,14.0,14.0,QR,Sunny
TXN-10086,2026-04-22,16:10,Putrajaya,Milk-based,Latte,1,11.0,11.0,QR,Sunny
TXN-10113,2026-04-22,16:29,Puncak Alam,Ice Blended,Ice Blended Chocolate Chip,1,14.0,14.0,QR,Sunny
TXN-10159,2026-04-22,16:41,Puncak Alam,Milk-based,Latte,1,11.0,11.0,Cash,Sunny
TXN-10129,2026-04-22,16:42,Puncak Alam,Milk-based,Latte,2,11.0,22.0,QR,Sunny
TXN-10077,2026-04-22,16:50,Putrajaya,Milk-based,Cappuccino,2,11.0,22.0,QR,Sunny
TXN-10175,2026-04-22,16:51,Puncak Alam,Milk-based,Caramel Macchiato,2,13.0,26.0,Cash,Sunny
TXN-10124,2026-04-22,16:52,Puncak Alam,Espresso-based,Espresso,1,7.0,7.0,QR,Sunny
TXN-10048,2026-04-22,16:58,Putrajaya,Milk-based,Mocha,1,12.0,12.0,Cash,Sunny
TXN-10047,2026-04-22,16:59,Putrajaya,Milk-based,Mocha,1,12.0,12.0,QR,Sunny
TXN-10118,2026-04-22,17:06,Puncak Alam,Milk-based,Latte,1,11.0,11.0,QR,Sunny
TXN-10105,2026-04-22,17:07,Putrajaya,Milk-based,Cappuccino,1,11.0,11.0,QR,Sunny
TXN-10108,2026-04-22,17:10,Putrajaya,Milk-based,Caramel Macchiato,1,13.0,13.0,QR,Sunny
TXN-10155,2026-04-22,17:27,Puncak Alam,Ice Blended,Ice Blended Chocolate Chip,1,14.0,14.0,QR,Sunny
TXN-10052,2026-04-22,17:39,Putrajaya,Espresso-based,Americano,1,9.0,9.0,QR,Sunny
TXN-10176,2026-04-22,17:39,Puncak Alam,Ice Blended,Ice Blended Chocolate Chip,3,14.0,42.0,QR,Sunny
TXN-10073,2026-04-22,17:40,Putrajaya,Milk-based,Mocha,1,12.0,12.0,Cash,Sunny
TXN-10131,2026-04-22,17:42,Puncak Alam,Milk-based,Mocha,1,12.0,12.0,Cash,Sunny
TXN-10065,2026-04-22,17:43,Putrajaya,Espresso-based,Americano,2,9.0,18.0,QR,Sunny
TXN-10054,2026-04-22,17:51,Putrajaya,Espresso-based,Espresso,1,7.0,7.0,Cash,Sunny
TXN-10172,2026-04-22,17:57,Puncak Alam,Milk-based,Cappuccino,2,11.0,22.0,QR,Sunny
TXN-10053,2026-04-22,17:58,Putrajaya,Espresso-based,Americano,1,9.0,9.0,QR,Sunny
TXN-10057,2026-04-22,18:08,Putrajaya,Ice Blended,Ice Blended Chocolate Chip,2,14.0,28.0,QR,Sunny
TXN-10064,2026-04-22,18:09,Putrajaya,Milk-based,Caramel Macchiato,2,13.0,26.0,QR,Sunny
TXN-10109,2026-04-22,18:10,Putrajaya,Milk-based,Caramel Macchiato,1,13.0,13.0,QR,Sunny
TXN-10161,2026-04-22,18:13,Puncak Alam,Milk-based,Cappuccino,1,11.0,11.0,QR,Sunny
TXN-10167,2026-04-22,18:13,Puncak Alam,Milk-based,Latte,3,11.0,33.0,QR,Sunny
TXN-10132,2026-04-22,18:26,Puncak Alam,Ice Blended,Ice Blended Chocolate Chip,1,14.0,14.0,Cash,Sunny
TXN-10091,2026-04-22,18:41,Putrajaya,Milk-based,Latte,2,11.0,22.0,QR,Sunny
TXN-10138,2026-04-22,18:44,Puncak Alam,Milk-based,Latte,1,11.0,11.0,Cash,Sunny
TXN-10145,2026-04-22,18:46,Puncak Alam,Ice Blended,Ice Blended Chocolate Chip,1,14.0,14.0,QR,Sunny
TXN-10061,2026-04-22,19:00,Putrajaya,Milk-based,Latte,3,11.0,33.0,Cash,Sunny
TXN-10101,2026-04-22,19:00,Putrajaya,Milk-based,Caramel Macchiato,1,13.0,13.0,QR,Sunny
TXN-10100,2026-04-22,19:02,Putrajaya,Milk-based,Caramel Macchiato,1,13.0,13.0,QR,Sunny
TXN-10115,2026-04-22,19:02,Puncak Alam,Milk-based,Caramel Macchiato,2,13.0,26.0,Cash,Sunny
TXN-10171,2026-04-22,19:09,Puncak Alam,Milk-based,Caramel Macchiato,3,13.0,39.0,Cash,Sunny
TXN-10149,2026-04-22,19:12,Puncak Alam,Ice Blended,Ice Blended Chocolate Chip,1,14.0,14.0,QR,Sunny
TXN-10050,2026-04-22,19:19,Putrajaya,Espresso-based,Americano,1,9.0,9.0,Cash,Sunny
TXN-10136,2026-04-22,19:19,Puncak Alam,Espresso-based,Americano,1,9.0,9.0,QR,Sunny
TXN-10085,2026-04-22,19:20,Putrajaya,Espresso-based,Espresso,1,7.0,7.0,QR,Sunny
TXN-10078,2026-04-22,19:21,Putrajaya,Milk-based,Caramel Macchiato,1,13.0,13.0,Cash,Sunny
TXN-10087,2026-04-22,19:24,Putrajaya,Milk-based,Latte,2,11.0,22.0,QR,Sunny
TXN-10071,2026-04-22,19:34,Putrajaya,Ice Blended,Ice Blended Chocolate Chip,4,14.0,56.0,QR,Sunny
TXN-10107,2026-04-22,19:45,Putrajaya,Espresso-based,Espresso,2,7.0,14.0,Cash,Sunny
TXN-10079,2026-04-22,19:49,Putrajaya,Milk-based,Cappuccino,1,11.0,11.0,QR,Sunny
TXN-10083,2026-04-22,19:49,Putrajaya,Ice Blended,Ice Blended Chocolate Chip,2,14.0,28.0,Cash,Sunny
TXN-10126,2026-04-22,19:49,Puncak Alam,Milk-based,Mocha,1,12.0,12.0,Cash,Sunny
TXN-10111,2026-04-22,19:57,Putrajaya,Espresso-based,Espresso,1,7.0,7.0,QR,Sunny
TXN-10168,2026-04-22,20:02,Puncak Alam,Milk-based,Cappuccino,2,11.0,22.0,Cash,Sunny
TXN-10139,2026-04-22,20:07,Puncak Alam,Espresso-based,Espresso,3,7.0,21.0,Cash,Sunny
TXN-10092,2026-04-22,20:21,Putrajaya,Milk-based,Cappuccino,1,11.0,11.0,Cash,Sunny
TXN-10070,2026-04-22,20:31,Putrajaya,Ice Blended,Ice Blended Chocolate Chip,1,14.0,14.0,Cash,Sunny
TXN-10102,2026-04-22,20:35,Putrajaya,Espresso-based,Americano,1,9.0,9.0,QR,Sunny
TXN-10089,2026-04-22,21:01,Putrajaya,Milk-based,Cappuccino,2,11.0,22.0,QR,Sunny
TXN-10067,2026-04-22,21:02,Putrajaya,Ice Blended,Ice Blended Chocolate Chip,1,14.0,14.0,Cash,Sunny
TXN-10154,2026-04-22,21:05,Puncak Alam,Milk-based,Cappuccino,1,11.0,11.0,QR,Sunny
TXN-10066,2026-04-22,21:09,Putrajaya,Milk-based,Mocha,1,12.0,12.0,QR,Sunny
TXN-10045,2026-04-22,21:15,Putrajaya,Milk-based,Mocha,1,12.0,12.0,QR,Sunny
TXN-10069,2026-04-22,21:24,Putrajaya,Milk-based,Latte,1,11.0,11.0,Cash,Sunny
TXN-10060,2026-04-22,21:37,Putrajaya,Ice Blended,Ice Blended Chocolate Chip,1,14.0,14.0,QR,Sunny
TXN-10059,2026-04-22,21:55,Putrajaya,Milk-based,Cappuccino,1,11.0,11.0,Cash,Sunny
TXN-10043,2026-04-22,21:56,Putrajaya,Milk-based,Cappuccino,2,11.0,22.0,QR,Sunny
TXN-10211,2026-04-23,08:02,Putrajaya,Espresso-based,Americano,4,9.0,36.0,Cash,Raining
TXN-10254,2026-04-23,08:10,Puncak Alam,Espresso-based,Americano,1,9.0,9.0,Cash,Cloudy
TXN-10263,2026-04-23,08:18,Puncak Alam,Milk-based,Mocha,1,12.0,12.0,QR,Cloudy
TXN-10249,2026-04-23,08:21,Puncak Alam,Milk-based,Mocha,1,12.0,12.0,QR,Cloudy
TXN-10308,2026-04-23,08:25,Puncak Alam,Espresso-based,Espresso,2,7.0,14.0,QR,Cloudy
TXN-10252,2026-04-23,08:40,Puncak Alam,Milk-based,Cappuccino,1,11.0,11.0,QR,Cloudy
TXN-10251,2026-04-23,08:44,Puncak Alam,Milk-based,Latte,1,11.0,11.0,QR,Cloudy
TXN-10296,2026-04-23,08:45,Puncak Alam,Milk-based,Cappuccino,1,11.0,11.0,QR,Cloudy
TXN-10242,2026-04-23,09:07,Puncak Alam,Espresso-based,Americano,4,9.0,36.0,QR,Cloudy
TXN-10277,2026-04-23,09:19,Puncak Alam,Milk-based,Cappuccino,1,11.0,11.0,Cash,Cloudy
TXN-10303,2026-04-23,09:32,Puncak Alam,Espresso-based,Americano,1,9.0,9.0,QR,Cloudy
TXN-10213,2026-04-23,09:38,Putrajaya,Milk-based,Caramel Macchiato,1,13.0,13.0,Cash,Raining
TXN-10191,2026-04-23,09:43,Putrajaya,Ice Blended,Ice Blended Chocolate Chip,2,14.0,28.0,QR,Raining
TXN-10273,2026-04-23,09:45,Puncak Alam,Ice Blended,Ice Blended Chocolate Chip,4,14.0,56.0,QR,Cloudy
TXN-10279,2026-04-23,09:47,Puncak Alam,Espresso-based,Americano,3,9.0,27.0,QR,Cloudy
TXN-10204,2026-04-23,09:49,Putrajaya,Espresso-based,Americano,1,9.0,9.0,QR,Raining
TXN-10240,2026-04-23,09:55,Putrajaya,Espresso-based,Espresso,2,7.0,14.0,QR,Raining
TXN-10184,2026-04-23,10:04,Putrajaya,Espresso-based,Americano,1,9.0,9.0,Cash,Raining
TXN-10230,2026-04-23,10:04,Putrajaya,Espresso-based,Espresso,1,7.0,7.0,QR,Raining
TXN-10236,2026-04-23,10:08,Putrajaya,Milk-based,Cappuccino,1,11.0,11.0,QR,Raining
TXN-10266,2026-04-23,10:15,Puncak Alam,Milk-based,Cappuccino,3,11.0,33.0,Cash,Cloudy
TXN-10233,2026-04-23,10:16,Putrajaya,Milk-based,Caramel Macchiato,1,13.0,13.0,Cash,Raining
TXN-10250,2026-04-23,10:36,Puncak Alam,Milk-based,Mocha,2,12.0,24.0,QR,Cloudy
TXN-10226,2026-04-23,10:40,Putrajaya,Espresso-based,Espresso,2,7.0,14.0,QR,Raining
TXN-10183,2026-04-23,10:43,Putrajaya,Milk-based,Mocha,1,12.0,12.0,QR,Raining
TXN-10271,2026-04-23,10:44,Puncak Alam,Milk-based,Latte,2,11.0,22.0,QR,Cloudy
TXN-10280,2026-04-23,10:45,Puncak Alam,Espresso-based,Espresso,2,7.0,14.0,QR,Cloudy
TXN-10278,2026-04-23,10:47,Puncak Alam,Espresso-based,Americano,4,9.0,36.0,QR,Cloudy
TXN-10286,2026-04-23,10:47,Puncak Alam,Milk-based,Cappuccino,1,11.0,11.0,QR,Cloudy
TXN-10228,2026-04-23,10:56,Putrajaya,Espresso-based,Espresso,1,7.0,7.0,Cash,Raining
TXN-10260,2026-04-23,11:01,Puncak Alam,Milk-based,Latte,1,11.0,11.0,QR,Cloudy
TXN-10187,2026-04-23,11:07,Putrajaya,Milk-based,Mocha,1,12.0,12.0,Cash,Raining
TXN-10285,2026-04-23,11:10,Puncak Alam,Milk-based,Latte,2,11.0,22.0,QR,Cloudy
TXN-10301,2026-04-23,11:10,Puncak Alam,Milk-based,Caramel Macchiato,1,13.0,13.0,QR,Cloudy
TXN-10298,2026-04-23,11:18,Puncak Alam,Milk-based,Mocha,3,12.0,36.0,Cash,Cloudy
TXN-10203,2026-04-23,11:29,Putrajaya,Espresso-based,Americano,1,9.0,9.0,QR,Raining
TXN-10214,2026-04-23,11:33,Putrajaya,Ice Blended,Ice Blended Chocolate Chip,1,14.0,14.0,QR,Raining
TXN-10300,2026-04-23,11:48,Puncak Alam,Espresso-based,Espresso,1,7.0,7.0,QR,Cloudy
TXN-10199,2026-04-23,11:51,Putrajaya,Milk-based,Caramel Macchiato,1,13.0,13.0,Cash,Raining
TXN-10234,2026-04-23,11:51,Putrajaya,Espresso-based,Americano,2,9.0,18.0,QR,Raining
TXN-10292,2026-04-23,11:51,Puncak Alam,Ice Blended,Ice Blended Chocolate Chip,1,14.0,14.0,Cash,Cloudy
TXN-10195,2026-04-23,12:00,Putrajaya,Espresso-based,Americano,2,9.0,18.0,Cash,Raining
TXN-10209,2026-04-23,12:09,Putrajaya,Milk-based,Caramel Macchiato,1,13.0,13.0,Cash,Raining
TXN-10297,2026-04-23,12:09,Puncak Alam,Milk-based,Cappuccino,1,11.0,11.0,QR,Cloudy
TXN-10229,2026-04-23,12:15,Putrajaya,Espresso-based,Espresso,1,7.0,7.0,QR,Raining
TXN-10272,2026-04-23,12:18,Puncak Alam,Milk-based,Mocha,3,12.0,36.0,Cash,Cloudy
TXN-10290,2026-04-23,12:21,Puncak Alam,Espresso-based,Americano,1,9.0,9.0,QR,Cloudy
TXN-10197,2026-04-23,12:31,Putrajaya,Espresso-based,Americano,2,9.0,18.0,QR,Raining
TXN-10304,2026-04-23,12:32,Puncak Alam,Espresso-based,Americano,1,9.0,9.0,QR,Cloudy
TXN-10302,2026-04-23,12:39,Puncak Alam,Espresso-based,Espresso,1,7.0,7.0,QR,Cloudy
TXN-10295,2026-04-23,12:54,Puncak Alam,Espresso-based,Espresso,1,7.0,7.0,QR,Cloudy
TXN-10275,2026-04-23,12:56,Puncak Alam,Ice Blended,Ice Blended Chocolate Chip,1,14.0,14.0,QR,Cloudy
TXN-10283,2026-04-23,13:10,Puncak Alam,Espresso-based,Americano,1,9.0,9.0,Cash,Cloudy
TXN-10281,2026-04-23,13:16,Puncak Alam,Milk-based,Mocha,3,12.0,36.0,QR,Cloudy
TXN-10180,2026-04-23,13:22,Putrajaya,Espresso-based,Americano,1,9.0,9.0,QR,Raining
TXN-10222,2026-04-23,13:36,Putrajaya,Espresso-based,Americano,2,9.0,18.0,QR,Raining
TXN-10256,2026-04-23,13:38,Puncak Alam,Espresso-based,Espresso,1,7.0,7.0,Cash,Cloudy
TXN-10235,2026-04-23,13:40,Putrajaya,Milk-based,Cappuccino,1,11.0,11.0,QR,Raining
TXN-10206,2026-04-23,14:21,Putrajaya,Milk-based,Mocha,1,12.0,12.0,QR,Raining
TXN-10198,2026-04-23,14:25,Putrajaya,Milk-based,Mocha,1,12.0,12.0,QR,Raining
TXN-10218,2026-04-23,14:35,Putrajaya,Espresso-based,Espresso,2,7.0,14.0,QR,Raining
TXN-10245,2026-04-23,14:37,Puncak Alam,Milk-based,Latte,3,11.0,33.0,Cash,Cloudy
TXN-10274,2026-04-23,14:41,Puncak Alam,Espresso-based,Americano,1,9.0,9.0,QR,Cloudy
TXN-10247,2026-04-23,14:56,Puncak Alam,Milk-based,Caramel Macchiato,1,13.0,13.0,QR,Cloudy
TXN-10299,2026-04-23,15:00,Puncak Alam,Espresso-based,Espresso,1,7.0,7.0,Cash,Cloudy
TXN-10200,2026-04-23,15:04,Putrajaya,Milk-based,Caramel Macchiato,1,13.0,13.0,QR,Raining
TXN-10208,2026-04-23,15:06,Putrajaya,Ice Blended,Ice Blended Chocolate Chip,1,14.0,14.0,QR,Raining
TXN-10262,2026-04-23,15:11,Puncak Alam,Milk-based,Caramel Macchiato,1,13.0,13.0,QR,Cloudy
TXN-10243,2026-04-23,15:12,Puncak Alam,Ice Blended,Ice Blended Chocolate Chip,1,14.0,14.0,QR,Cloudy
TXN-10239,2026-04-23,15:15,Putrajaya,Milk-based,Cappuccino,1,11.0,11.0,QR,Raining
TXN-10205,2026-04-23,15:19,Putrajaya,Ice Blended,Ice Blended Chocolate Chip,1,14.0,14.0,QR,Raining
TXN-10212,2026-04-23,15:20,Putrajaya,Milk-based,Latte,2,11.0,22.0,QR,Raining
TXN-10241,2026-04-23,15:27,Puncak Alam,Milk-based,Caramel Macchiato,1,13.0,13.0,Cash,Cloudy
TXN-10293,2026-04-23,15:34,Puncak Alam,Espresso-based,Americano,1,9.0,9.0,QR,Cloudy
TXN-10264,2026-04-23,15:37,Puncak Alam,Ice Blended,Ice Blended Chocolate Chip,2,14.0,28.0,QR,Cloudy
TXN-10287,2026-04-23,15:47,Puncak Alam,Ice Blended,Ice Blended Chocolate Chip,1,14.0,14.0,QR,Cloudy
TXN-10193,2026-04-23,15:49,Putrajaya,Ice Blended,Ice Blended Chocolate Chip,2,14.0,28.0,QR,Raining
TXN-10207,2026-04-23,15:51,Putrajaya,Milk-based,Cappuccino,1,11.0,11.0,QR,Raining
TXN-10255,2026-04-23,15:55,Puncak Alam,Ice Blended,Ice Blended Chocolate Chip,1,14.0,14.0,QR,Cloudy
TXN-10265,2026-04-23,15:57,Puncak Alam,Milk-based,Cappuccino,1,11.0,11.0,QR,Cloudy
TXN-10189,2026-04-23,16:26,Putrajaya,Espresso-based,Espresso,3,7.0,21.0,Cash,Raining
TXN-10225,2026-04-23,16:30,Putrajaya,Espresso-based,Americano,1,9.0,9.0,QR,Raining
TXN-10289,2026-04-23,16:33,Puncak Alam,Milk-based,Cappuccino,1,11.0,11.0,QR,Cloudy
TXN-10202,2026-04-23,16:39,Putrajaya,Espresso-based,Americano,1,9.0,9.0,QR,Raining
TXN-10237,2026-04-23,16:46,Putrajaya,Espresso-based,Espresso,2,7.0,14.0,Cash,Raining
TXN-10276,2026-04-23,16:47,Puncak Alam,Milk-based,Caramel Macchiato,1,13.0,13.0,QR,Cloudy
TXN-10210,2026-04-23,17:03,Putrajaya,Milk-based,Mocha,3,12.0,36.0,QR,Raining
TXN-10268,2026-04-23,17:08,Puncak Alam,Espresso-based,Espresso,1,7.0,7.0,QR,Cloudy
TXN-10282,2026-04-23,17:17,Puncak Alam,Milk-based,Caramel Macchiato,1,13.0,13.0,QR,Cloudy
TXN-10224,2026-04-23,17:23,Putrajaya,Milk-based,Latte,1,11.0,11.0,QR,Raining
TXN-10267,2026-04-23,17:37,Puncak Alam,Milk-based,Latte,2,11.0,22.0,QR,Cloudy
TXN-10291,2026-04-23,17:38,Puncak Alam,Espresso-based,Americano,2,9.0,18.0,Cash,Cloudy
TXN-10196,2026-04-23,17:50,Putrajaya,Milk-based,Cappuccino,3,11.0,33.0,Cash,Raining
TXN-10259,2026-04-23,17:52,Puncak Alam,Milk-based,Mocha,1,12.0,12.0,QR,Cloudy
TXN-10186,2026-04-23,17:57,Putrajaya,Milk-based,Latte,1,11.0,11.0,QR,Raining
TXN-10294,2026-04-23,17:57,Puncak Alam,Milk-based,Mocha,1,12.0,12.0,QR,Cloudy
TXN-10185,2026-04-23,18:10,Putrajaya,Milk-based,Cappuccino,1,11.0,11.0,QR,Raining
TXN-10269,2026-04-23,18:13,Puncak Alam,Milk-based,Mocha,1,12.0,12.0,QR,Cloudy
TXN-10220,2026-04-23,18:15,Putrajaya,Espresso-based,Americano,1,9.0,9.0,QR,Raining
TXN-10221,2026-04-23,18:20,Putrajaya,Milk-based,Cappuccino,1,11.0,11.0,QR,Raining
TXN-10261,2026-04-23,18:26,Puncak Alam,Milk-based,Cappuccino,1,11.0,11.0,Cash,Cloudy
TXN-10179,2026-04-23,18:53,Putrajaya,Milk-based,Mocha,1,12.0,12.0,QR,Raining
TXN-10253,2026-04-23,19:01,Puncak Alam,Milk-based,Cappuccino,1,11.0,11.0,QR,Cloudy
TXN-10216,2026-04-23,19:05,Putrajaya,Milk-based,Latte,1,11.0,11.0,QR,Raining
TXN-10258,2026-04-23,19:05,Puncak Alam,Milk-based,Latte,1,11.0,11.0,Cash,Cloudy
TXN-10244,2026-04-23,19:12,Puncak Alam,Milk-based,Latte,1,11.0,11.0,QR,Cloudy
TXN-10257,2026-04-23,19:27,Puncak Alam,Espresso-based,Espresso,1,7.0,7.0,Cash,Cloudy
TXN-10231,2026-04-23,19:32,Putrajaya,Espresso-based,Americano,1,9.0,9.0,QR,Raining
TXN-10310,2026-04-23,19:42,Puncak Alam,Milk-based,Cappuccino,2,11.0,22.0,QR,Cloudy
TXN-10238,2026-04-23,19:45,Putrajaya,Milk-based,Cappuccino,1,11.0,11.0,Cash,Raining
TXN-10188,2026-04-23,19:52,Putrajaya,Ice Blended,Ice Blended Chocolate Chip,1,14.0,14.0,QR,Raining
TXN-10223,2026-04-23,19:53,Putrajaya,Espresso-based,Americano,3,9.0,27.0,QR,Raining
TXN-10182,2026-04-23,19:57,Putrajaya,Milk-based,Caramel Macchiato,1,13.0,13.0,Cash,Raining
TXN-10248,2026-04-23,20:01,Puncak Alam,Ice Blended,Ice Blended Chocolate Chip,2,14.0,28.0,Cash,Cloudy
TXN-10232,2026-04-23,20:02,Putrajaya,Milk-based,Mocha,1,12.0,12.0,QR,Raining
TXN-10181,2026-04-23,20:08,Putrajaya,Milk-based,Mocha,1,12.0,12.0,QR,Raining
TXN-10284,2026-04-23,20:17,Puncak Alam,Espresso-based,Espresso,2,7.0,14.0,QR,Cloudy
TXN-10227,2026-04-23,20:41,Putrajaya,Milk-based,Caramel Macchiato,3,13.0,39.0,QR,Raining
TXN-10217,2026-04-23,20:49,Putrajaya,Ice Blended,Ice Blended Chocolate Chip,1,14.0,14.0,QR,Raining
TXN-10270,2026-04-23,20:52,Puncak Alam,Milk-based,Caramel Macchiato,1,13.0,13.0,Cash,Cloudy
TXN-10219,2026-04-23,20:57,Putrajaya,Milk-based,Mocha,1,12.0,12.0,QR,Raining
TXN-10307,2026-04-23,20:58,Puncak Alam,Milk-based,Mocha,1,12.0,12.0,QR,Cloudy
TXN-10309,2026-04-23,21:00,Puncak Alam,Milk-based,Mocha,1,12.0,12.0,QR,Cloudy
TXN-10215,2026-04-23,21:06,Putrajaya,Milk-based,Mocha,1,12.0,12.0,QR,Raining
TXN-10192,2026-04-23,21:09,Putrajaya,Ice Blended,Ice Blended Chocolate Chip,1,14.0,14.0,QR,Raining
TXN-10246,2026-04-23,21:11,Puncak Alam,Milk-based,Cappuccino,2,11.0,22.0,Cash,Cloudy
TXN-10305,2026-04-23,21:14,Puncak Alam,Ice Blended,Ice Blended Chocolate Chip,1,14.0,14.0,QR,Cloudy
TXN-10190,2026-04-23,21:28,Putrajaya,Milk-based,Mocha,2,12.0,24.0,Cash,Raining
TXN-10306,2026-04-23,21:28,Puncak Alam,Milk-based,Mocha,1,12.0,12.0,QR,Cloudy
TXN-10194,2026-04-23,21:42,Putrajaya,Milk-based,Cappuccino,1,11.0,11.0,QR,Raining
TXN-10288,2026-04-23,21:53,Puncak Alam,Espresso-based,Espresso,2,7.0,14.0,QR,Cloudy
TXN-10201,2026-04-23,21:55,Putrajaya,Espresso-based,Espresso,2,7.0,14.0,Cash,Raining
TXN-10367,2026-04-24,08:00,Puncak Alam,Espresso-based,Espresso,3,7.0,21.0,QR,Cloudy
TXN-10376,2026-04-24,08:02,Puncak Alam,Milk-based,Caramel Macchiato,2,13.0,26.0,Cash,Cloudy
TXN-10348,2026-04-24,08:22,Putrajaya,Espresso-based,Espresso,1,7.0,7.0,Cash,Cloudy
TXN-10360,2026-04-24,08:22,Putrajaya,Milk-based,Mocha,1,12.0,12.0,QR,Cloudy
TXN-10356,2026-04-24,08:32,Putrajaya,Espresso-based,Americano,3,9.0,27.0,QR,Cloudy
TXN-10318,2026-04-24,08:33,Putrajaya,Milk-based,Caramel Macchiato,2,13.0,26.0,QR,Cloudy
TXN-10378,2026-04-24,08:33,Puncak Alam,Milk-based,Mocha,4,12.0,48.0,Cash,Cloudy
TXN-10350,2026-04-24,08:39,Putrajaya,Milk-based,Mocha,1,12.0,12.0,Cash,Cloudy
TXN-10382,2026-04-24,08:43,Puncak Alam,Milk-based,Cappuccino,1,11.0,11.0,QR,Cloudy
TXN-10396,2026-04-24,08:47,Puncak Alam,Espresso-based,Americano,2,9.0,18.0,QR,Cloudy
TXN-10390,2026-04-24,08:51,Puncak Alam,Milk-based,Cappuccino,1,11.0,11.0,Cash,Cloudy
TXN-10405,2026-04-24,09:11,Puncak Alam,Milk-based,Caramel Macchiato,1,13.0,13.0,QR,Cloudy
TXN-10321,2026-04-24,09:25,Putrajaya,Milk-based,Mocha,1,12.0,12.0,QR,Cloudy
TXN-10391,2026-04-24,09:28,Puncak Alam,Milk-based,Caramel Macchiato,3,13.0,39.0,QR,Cloudy
TXN-10329,2026-04-24,09:49,Putrajaya,Milk-based,Latte,1,11.0,11.0,QR,Cloudy
TXN-10381,2026-04-24,09:56,Puncak Alam,Milk-based,Cappuccino,4,11.0,44.0,QR,Cloudy
TXN-10374,2026-04-24,09:57,Puncak Alam,Milk-based,Caramel Macchiato,1,13.0,13.0,QR,Cloudy
TXN-10339,2026-04-24,10:00,Putrajaya,Ice Blended,Ice Blended Chocolate Chip,1,14.0,14.0,Cash,Cloudy
TXN-10402,2026-04-24,10:01,Puncak Alam,Milk-based,Cappuccino,1,11.0,11.0,QR,Cloudy
TXN-10314,2026-04-24,10:13,Putrajaya,Milk-based,Mocha,3,12.0,36.0,Cash,Cloudy
TXN-10395,2026-04-24,10:38,Puncak Alam,Milk-based,Mocha,1,12.0,12.0,QR,Cloudy
TXN-10411,2026-04-24,10:42,Puncak Alam,Milk-based,Latte,3,11.0,33.0,QR,Cloudy
TXN-10316,2026-04-24,10:48,Putrajaya,Milk-based,Cappuccino,1,11.0,11.0,Cash,Cloudy
TXN-10315,2026-04-24,11:18,Putrajaya,Ice Blended,Ice Blended Chocolate Chip,1,14.0,14.0,QR,Cloudy
TXN-10353,2026-04-24,11:29,Putrajaya,Ice Blended,Ice Blended Chocolate Chip,2,14.0,28.0,Cash,Cloudy
TXN-10371,2026-04-24,11:36,Puncak Alam,Milk-based,Cappuccino,1,11.0,11.0,QR,Cloudy
TXN-10319,2026-04-24,11:39,Putrajaya,Milk-based,Cappuccino,1,11.0,11.0,QR,Cloudy
TXN-10397,2026-04-24,11:58,Puncak Alam,Ice Blended,Ice Blended Chocolate Chip,1,14.0,14.0,Cash,Cloudy
TXN-10326,2026-04-24,11:59,Putrajaya,Milk-based,Mocha,1,12.0,12.0,QR,Cloudy
TXN-10385,2026-04-24,12:04,Puncak Alam,Espresso-based,Americano,2,9.0,18.0,QR,Cloudy
TXN-10332,2026-04-24,12:14,Putrajaya,Espresso-based,Espresso,1,7.0,7.0,QR,Cloudy
TXN-10394,2026-04-24,12:21,Puncak Alam,Milk-based,Caramel Macchiato,2,13.0,26.0,Cash,Cloudy
TXN-10398,2026-04-24,12:21,Puncak Alam,Espresso-based,Espresso,1,7.0,7.0,QR,Cloudy
TXN-10404,2026-04-24,12:23,Puncak Alam,Milk-based,Mocha,1,12.0,12.0,QR,Cloudy
TXN-10368,2026-04-24,12:28,Puncak Alam,Espresso-based,Americano,1,9.0,9.0,Cash,Cloudy
TXN-10338,2026-04-24,12:34,Putrajaya,Milk-based,Cappuccino,1,11.0,11.0,QR,Cloudy
TXN-10328,2026-04-24,12:43,Putrajaya,Espresso-based,Americano,1,9.0,9.0,Cash,Cloudy
TXN-10401,2026-04-24,13:12,Puncak Alam,Milk-based,Caramel Macchiato,1,13.0,13.0,QR,Cloudy
TXN-10409,2026-04-24,13:44,Puncak Alam,Espresso-based,Americano,1,9.0,9.0,Cash,Cloudy
TXN-10393,2026-04-24,13:48,Puncak Alam,Espresso-based,Espresso,3,7.0,21.0,Cash,Cloudy
TXN-10383,2026-04-24,13:58,Puncak Alam,Milk-based,Cappuccino,1,11.0,11.0,QR,Cloudy
TXN-10334,2026-04-24,14:05,Putrajaya,Espresso-based,Espresso,4,7.0,28.0,QR,Cloudy
TXN-10361,2026-04-24,14:05,Putrajaya,Espresso-based,Americano,1,9.0,9.0,QR,Cloudy
TXN-10343,2026-04-24,14:11,Putrajaya,Milk-based,Mocha,1,12.0,12.0,Cash,Cloudy
TXN-10325,2026-04-24,14:25,Putrajaya,Milk-based,Mocha,1,12.0,12.0,Cash,Cloudy
TXN-10410,2026-04-24,14:32,Puncak Alam,Milk-based,Mocha,1,12.0,12.0,QR,Cloudy
TXN-10330,2026-04-24,14:34,Putrajaya,Milk-based,Cappuccino,1,11.0,11.0,QR,Cloudy
TXN-10358,2026-04-24,14:42,Putrajaya,Espresso-based,Americano,1,9.0,9.0,Cash,Cloudy
TXN-10351,2026-04-24,14:45,Putrajaya,Milk-based,Caramel Macchiato,1,13.0,13.0,QR,Cloudy
TXN-10412,2026-04-24,14:49,Puncak Alam,Milk-based,Cappuccino,2,11.0,22.0,Cash,Cloudy
TXN-10345,2026-04-24,15:04,Putrajaya,Milk-based,Caramel Macchiato,1,13.0,13.0,Cash,Cloudy
TXN-10349,2026-04-24,15:04,Putrajaya,Espresso-based,Americano,3,9.0,27.0,QR,Cloudy
TXN-10363,2026-04-24,15:06,Puncak Alam,Espresso-based,Espresso,1,7.0,7.0,QR,Cloudy
TXN-10399,2026-04-24,15:13,Puncak Alam,Milk-based,Caramel Macchiato,1,13.0,13.0,QR,Cloudy
TXN-10387,2026-04-24,15:17,Puncak Alam,Espresso-based,Espresso,1,7.0,7.0,QR,Cloudy
TXN-10327,2026-04-24,15:26,Putrajaya,Espresso-based,Americano,3,9.0,27.0,QR,Cloudy
TXN-10373,2026-04-24,15:43,Puncak Alam,Espresso-based,Espresso,1,7.0,7.0,Cash,Cloudy
TXN-10355,2026-04-24,15:55,Putrajaya,Milk-based,Cappuccino,1,11.0,11.0,Cash,Cloudy
TXN-10320,2026-04-24,15:56,Putrajaya,Ice Blended,Ice Blended Chocolate Chip,1,14.0,14.0,QR,Cloudy
TXN-10388,2026-04-24,15:57,Puncak Alam,Milk-based,Cappuccino,1,11.0,11.0,QR,Cloudy
TXN-10357,2026-04-24,16:01,Putrajaya,Espresso-based,Americano,1,9.0,9.0,QR,Cloudy
TXN-10362,2026-04-24,16:10,Puncak Alam,Milk-based,Latte,2,11.0,22.0,QR,Cloudy
TXN-10335,2026-04-24,16:12,Putrajaya,Milk-based,Caramel Macchiato,1,13.0,13.0,QR,Cloudy
TXN-10372,2026-04-24,16:20,Puncak Alam,Espresso-based,Americano,1,9.0,9.0,Cash,Cloudy
TXN-10324,2026-04-24,16:32,Putrajaya,Milk-based,Cappuccino,1,11.0,11.0,QR,Cloudy
TXN-10352,2026-04-24,16:50,Putrajaya,Milk-based,Latte,1,11.0,11.0,Cash,Cloudy
TXN-10341,2026-04-24,16:53,Putrajaya,Ice Blended,Ice Blended Chocolate Chip,1,14.0,14.0,QR,Cloudy
TXN-10344,2026-04-24,16:55,Putrajaya,Milk-based,Caramel Macchiato,2,13.0,26.0,QR,Cloudy
TXN-10322,2026-04-24,16:57,Putrajaya,Espresso-based,Espresso,1,7.0,7.0,QR,Cloudy
TXN-10406,2026-04-24,16:59,Puncak Alam,Milk-based,Cappuccino,1,11.0,11.0,QR,Cloudy
TXN-10369,2026-04-24,17:02,Puncak Alam,Espresso-based,Espresso,1,7.0,7.0,QR,Cloudy
TXN-10365,2026-04-24,17:06,Puncak Alam,Milk-based,Latte,3,11.0,33.0,QR,Cloudy
TXN-10400,2026-04-24,17:27,Puncak Alam,Milk-based,Latte,1,11.0,11.0,Cash,Cloudy
TXN-10331,2026-04-24,17:38,Putrajaya,Espresso-based,Americano,3,9.0,27.0,Cash,Cloudy
TXN-10366,2026-04-24,17:42,Puncak Alam,Ice Blended,Ice Blended Chocolate Chip,1,14.0,14.0,QR,Cloudy
TXN-10384,2026-04-24,17:55,Puncak Alam,Milk-based,Cappuccino,1,11.0,11.0,QR,Cloudy
TXN-10337,2026-04-24,18:02,Putrajaya,Milk-based,Mocha,1,12.0,12.0,QR,Cloudy
TXN-10364,2026-04-24,18:04,Puncak Alam,Milk-based,Latte,1,11.0,11.0,QR,Cloudy
TXN-10408,2026-04-24,18:06,Puncak Alam,Milk-based,Mocha,1,12.0,12.0,Cash,Cloudy
TXN-10407,2026-04-24,18:15,Puncak Alam,Ice Blended,Ice Blended Chocolate Chip,1,14.0,14.0,QR,Cloudy
TXN-10375,2026-04-24,18:16,Puncak Alam,Espresso-based,Espresso,1,7.0,7.0,Cash,Cloudy
TXN-10336,2026-04-24,18:27,Putrajaya,Milk-based,Caramel Macchiato,2,13.0,26.0,QR,Cloudy
TXN-10342,2026-04-24,18:57,Putrajaya,Milk-based,Cappuccino,2,11.0,22.0,QR,Cloudy
TXN-10377,2026-04-24,19:18,Puncak Alam,Espresso-based,Espresso,1,7.0,7.0,QR,Cloudy
TXN-10354,2026-04-24,19:20,Putrajaya,Milk-based,Mocha,2,12.0,24.0,QR,Cloudy
TXN-10413,2026-04-24,19:25,Puncak Alam,Espresso-based,Espresso,2,7.0,14.0,QR,Cloudy
TXN-10323,2026-04-24,19:39,Putrajaya,Milk-based,Mocha,1,12.0,12.0,Cash,Cloudy
TXN-10340,2026-04-24,19:48,Putrajaya,Milk-based,Mocha,1,12.0,12.0,QR,Cloudy
TXN-10386,2026-04-24,19:49,Puncak Alam,Ice Blended,Ice Blended Chocolate Chip,1,14.0,14.0,QR,Cloudy
TXN-10313,2026-04-24,19:56,Putrajaya,Espresso-based,Americano,2,9.0,18.0,QR,Cloudy
TXN-10333,2026-04-24,20:17,Putrajaya,Milk-based,Latte,1,11.0,11.0,QR,Cloudy
TXN-10392,2026-04-24,20:18,Puncak Alam,Ice Blended,Ice Blended Chocolate Chip,1,14.0,14.0,Cash,Cloudy
TXN-10380,2026-04-24,20:23,Puncak Alam,Milk-based,Mocha,1,12.0,12.0,QR,Cloudy
TXN-10370,2026-04-24,20:24,Puncak Alam,Milk-based,Cappuccino,3,11.0,33.0,QR,Cloudy
TXN-10311,2026-04-24,20:49,Putrajaya,Milk-based,Latte,2,11.0,22.0,QR,Cloudy
TXN-10379,2026-04-24,20:57,Puncak Alam,Milk-based,Caramel Macchiato,1,13.0,13.0,QR,Cloudy
TXN-10317,2026-04-24,21:00,Putrajaya,Espresso-based,Americano,1,9.0,9.0,Cash,Cloudy
TXN-10389,2026-04-24,21:09,Puncak Alam,Milk-based,Mocha,2,12.0,24.0,QR,Cloudy
TXN-10403,2026-04-24,21:12,Puncak Alam,Milk-based,Mocha,2,12.0,24.0,Cash,Cloudy
TXN-10312,2026-04-24,21:30,Putrajaya,Ice Blended,Ice Blended Chocolate Chip,3,14.0,42.0,Cash,Cloudy
TXN-10347,2026-04-24,21:41,Putrajaya,Milk-based,Caramel Macchiato,1,13.0,13.0,QR,Cloudy
TXN-10359,2026-04-24,21:44,Putrajaya,Espresso-based,Espresso,1,7.0,7.0,QR,Cloudy
TXN-10346,2026-04-24,21:53,Putrajaya,Ice Blended,Ice Blended Chocolate Chip,1,14.0,14.0,Cash,Cloudy
TXN-10489,2026-04-25,08:02,Puncak Alam,Milk-based,Caramel Macchiato,1,13.0,13.0,Cash,Cloudy
TXN-10461,2026-04-25,08:08,Puncak Alam,Milk-based,Caramel Macchiato,1,13.0,13.0,QR,Cloudy
TXN-10479,2026-04-25,08:13,Puncak Alam,Milk-based,Caramel Macchiato,1,13.0,13.0,QR,Cloudy
TXN-10451,2026-04-25,08:33,Puncak Alam,Milk-based,Latte,1,11.0,11.0,QR,Cloudy
TXN-10415,2026-04-25,08:43,Putrajaya,Espresso-based,Americano,1,9.0,9.0,Cash,Cloudy
TXN-10440,2026-04-25,08:43,Putrajaya,Milk-based,Caramel Macchiato,1,13.0,13.0,Cash,Cloudy
TXN-10434,2026-04-25,08:45,Putrajaya,Milk-based,Cappuccino,1,11.0,11.0,QR,Cloudy
TXN-10504,2026-04-25,08:52,Puncak Alam,Espresso-based,Espresso,1,7.0,7.0,QR,Cloudy
TXN-10500,2026-04-25,09:05,Puncak Alam,Espresso-based,Americano,1,9.0,9.0,QR,Cloudy
TXN-10445,2026-04-25,09:06,Putrajaya,Milk-based,Cappuccino,1,11.0,11.0,QR,Cloudy
TXN-10450,2026-04-25,09:11,Puncak Alam,Espresso-based,Americano,2,9.0,18.0,QR,Cloudy
TXN-10416,2026-04-25,09:14,Putrajaya,Milk-based,Latte,1,11.0,11.0,QR,Cloudy
TXN-10454,2026-04-25,09:34,Puncak Alam,Milk-based,Mocha,1,12.0,12.0,Cash,Cloudy
TXN-10456,2026-04-25,09:54,Puncak Alam,Espresso-based,Espresso,1,7.0,7.0,Cash,Cloudy
TXN-10473,2026-04-25,10:14,Puncak Alam,Espresso-based,Espresso,2,7.0,14.0,QR,Cloudy
TXN-10474,2026-04-25,10:22,Puncak Alam,Milk-based,Mocha,3,12.0,36.0,QR,Cloudy
TXN-10476,2026-04-25,10:24,Puncak Alam,Espresso-based,Espresso,1,7.0,7.0,Cash,Cloudy
TXN-10509,2026-04-25,10:25,Puncak Alam,Milk-based,Latte,1,11.0,11.0,QR,Cloudy
TXN-10414,2026-04-25,10:32,Putrajaya,Milk-based,Mocha,1,12.0,12.0,QR,Cloudy
TXN-10417,2026-04-25,10:32,Putrajaya,Espresso-based,Americano,1,9.0,9.0,Cash,Cloudy
TXN-10435,2026-04-25,10:41,Putrajaya,Milk-based,Latte,1,11.0,11.0,QR,Cloudy
TXN-10468,2026-04-25,10:56,Puncak Alam,Espresso-based,Espresso,1,7.0,7.0,QR,Cloudy
TXN-10465,2026-04-25,11:05,Puncak Alam,Ice Blended,Ice Blended Chocolate Chip,1,14.0,14.0,QR,Cloudy
TXN-10443,2026-04-25,11:13,Putrajaya,Milk-based,Cappuccino,1,11.0,11.0,QR,Cloudy
TXN-10420,2026-04-25,11:26,Putrajaya,Milk-based,Mocha,1,12.0,12.0,QR,Cloudy
TXN-10459,2026-04-25,11:28,Puncak Alam,Milk-based,Caramel Macchiato,4,13.0,52.0,QR,Cloudy
TXN-10444,2026-04-25,11:50,Putrajaya,Milk-based,Mocha,1,12.0,12.0,Cash,Cloudy
TXN-10495,2026-04-25,11:53,Puncak Alam,Milk-based,Caramel Macchiato,1,13.0,13.0,Cash,Cloudy
TXN-10480,2026-04-25,12:11,Puncak Alam,Milk-based,Cappuccino,1,11.0,11.0,Cash,Cloudy
TXN-10424,2026-04-25,12:53,Putrajaya,Milk-based,Latte,3,11.0,33.0,QR,Cloudy
TXN-10457,2026-04-25,12:56,Puncak Alam,Ice Blended,Ice Blended Chocolate Chip,2,14.0,28.0,QR,Cloudy
TXN-10462,2026-04-25,13:10,Puncak Alam,Espresso-based,Espresso,3,7.0,21.0,QR,Cloudy
TXN-10426,2026-04-25,13:21,Putrajaya,Ice Blended,Ice Blended Chocolate Chip,3,14.0,42.0,QR,Cloudy
TXN-10428,2026-04-25,13:30,Putrajaya,Milk-based,Cappuccino,2,11.0,22.0,QR,Cloudy
TXN-10490,2026-04-25,13:41,Puncak Alam,Espresso-based,Americano,1,9.0,9.0,Cash,Cloudy
TXN-10419,2026-04-25,14:32,Putrajaya,Milk-based,Latte,1,11.0,11.0,QR,Cloudy
TXN-10493,2026-04-25,14:33,Puncak Alam,Milk-based,Caramel Macchiato,1,13.0,13.0,Cash,Cloudy
TXN-10487,2026-04-25,15:02,Puncak Alam,Milk-based,Mocha,3,12.0,36.0,Cash,Cloudy
TXN-10498,2026-04-25,15:19,Puncak Alam,Espresso-based,Americano,2,9.0,18.0,QR,Cloudy
TXN-10423,2026-04-25,15:29,Putrajaya,Ice Blended,Ice Blended Chocolate Chip,2,14.0,28.0,Cash,Cloudy
TXN-10442,2026-04-25,15:31,Putrajaya,Espresso-based,Americano,3,9.0,27.0,QR,Cloudy
TXN-10505,2026-04-25,15:33,Puncak Alam,Espresso-based,Americano,1,9.0,9.0,QR,Cloudy
TXN-10503,2026-04-25,15:36,Puncak Alam,Espresso-based,Americano,3,9.0,27.0,Cash,Cloudy
TXN-10448,2026-04-25,15:54,Putrajaya,Espresso-based,Americano,3,9.0,27.0,QR,Cloudy
TXN-10452,2026-04-25,16:03,Puncak Alam,Milk-based,Cappuccino,1,11.0,11.0,Cash,Cloudy
TXN-10437,2026-04-25,16:05,Putrajaya,Milk-based,Cappuccino,1,11.0,11.0,Cash,Cloudy
TXN-10510,2026-04-25,16:11,Puncak Alam,Milk-based,Mocha,1,12.0,12.0,QR,Cloudy
TXN-10467,2026-04-25,16:18,Puncak Alam,Milk-based,Mocha,1,12.0,12.0,QR,Cloudy
TXN-10499,2026-04-25,16:18,Puncak Alam,Espresso-based,Americano,1,9.0,9.0,Cash,Cloudy
TXN-10466,2026-04-25,16:22,Puncak Alam,Milk-based,Cappuccino,1,11.0,11.0,QR,Cloudy
TXN-10431,2026-04-25,16:33,Putrajaya,Milk-based,Cappuccino,1,11.0,11.0,Cash,Cloudy
TXN-10453,2026-04-25,16:34,Puncak Alam,Milk-based,Cappuccino,1,11.0,11.0,QR,Cloudy
TXN-10472,2026-04-25,16:43,Puncak Alam,Espresso-based,Espresso,2,7.0,14.0,QR,Cloudy
TXN-10430,2026-04-25,16:46,Putrajaya,Espresso-based,Espresso,1,7.0,7.0,QR,Cloudy
TXN-10447,2026-04-25,16:50,Putrajaya,Milk-based,Caramel Macchiato,2,13.0,26.0,QR,Cloudy
TXN-10506,2026-04-25,16:54,Puncak Alam,Milk-based,Latte,1,11.0,11.0,Cash,Cloudy
TXN-10471,2026-04-25,17:00,Puncak Alam,Milk-based,Caramel Macchiato,1,13.0,13.0,QR,Cloudy
TXN-10501,2026-04-25,17:00,Puncak Alam,Espresso-based,Americano,1,9.0,9.0,QR,Cloudy
TXN-10508,2026-04-25,17:18,Puncak Alam,Milk-based,Caramel Macchiato,1,13.0,13.0,Cash,Cloudy
TXN-10492,2026-04-25,17:31,Puncak Alam,Espresso-based,Americano,2,9.0,18.0,QR,Cloudy
TXN-10438,2026-04-25,17:37,Putrajaya,Milk-based,Cappuccino,2,11.0,22.0,QR,Cloudy
TXN-10507,2026-04-25,17:54,Puncak Alam,Espresso-based,Espresso,1,7.0,7.0,QR,Cloudy
TXN-10432,2026-04-25,17:57,Putrajaya,Milk-based,Caramel Macchiato,1,13.0,13.0,QR,Cloudy
TXN-10469,2026-04-25,17:58,Puncak Alam,Espresso-based,Americano,1,9.0,9.0,QR,Cloudy
TXN-10463,2026-04-25,18:15,Puncak Alam,Milk-based,Mocha,1,12.0,12.0,QR,Cloudy
TXN-10441,2026-04-25,18:18,Putrajaya,Milk-based,Latte,1,11.0,11.0,Cash,Cloudy
TXN-10484,2026-04-25,18:25,Puncak Alam,Milk-based,Cappuccino,1,11.0,11.0,QR,Cloudy
TXN-10458,2026-04-25,18:31,Puncak Alam,Milk-based,Caramel Macchiato,1,13.0,13.0,QR,Cloudy
TXN-10478,2026-04-25,18:36,Puncak Alam,Espresso-based,Espresso,1,7.0,7.0,QR,Cloudy
TXN-10425,2026-04-25,18:42,Putrajaya,Espresso-based,Americano,2,9.0,18.0,QR,Cloudy
TXN-10475,2026-04-25,18:51,Puncak Alam,Ice Blended,Ice Blended Chocolate Chip,1,14.0,14.0,QR,Cloudy
TXN-10418,2026-04-25,19:06,Putrajaya,Ice Blended,Ice Blended Chocolate Chip,2,14.0,28.0,QR,Cloudy
TXN-10429,2026-04-25,19:24,Putrajaya,Espresso-based,Espresso,2,7.0,14.0,QR,Cloudy
TXN-10481,2026-04-25,19:28,Puncak Alam,Espresso-based,Americano,3,9.0,27.0,QR,Cloudy
TXN-10488,2026-04-25,19:37,Puncak Alam,Espresso-based,Americano,1,9.0,9.0,QR,Cloudy
TXN-10511,2026-04-25,19:38,Puncak Alam,Milk-based,Latte,3,11.0,33.0,QR,Cloudy
TXN-10433,2026-04-25,19:46,Putrajaya,Milk-based,Cappuccino,1,11.0,11.0,Cash,Cloudy
TXN-10502,2026-04-25,19:48,Puncak Alam,Espresso-based,Americano,1,9.0,9.0,QR,Cloudy
TXN-10477,2026-04-25,19:55,Puncak Alam,Espresso-based,Americano,3,9.0,27.0,QR,Cloudy
TXN-10486,2026-04-25,20:00,Puncak Alam,Milk-based,Latte,1,11.0,11.0,QR,Cloudy
TXN-10439,2026-04-25,20:05,Putrajaya,Milk-based,Mocha,1,12.0,12.0,QR,Cloudy
TXN-10446,2026-04-25,20:06,Putrajaya,Milk-based,Mocha,1,12.0,12.0,Cash,Cloudy
TXN-10449,2026-04-25,20:06,Putrajaya,Espresso-based,Americano,2,9.0,18.0,Cash,Cloudy
TXN-10485,2026-04-25,20:09,Puncak Alam,Espresso-based,Espresso,1,7.0,7.0,QR,Cloudy
TXN-10482,2026-04-25,20:13,Puncak Alam,Milk-based,Latte,1,11.0,11.0,Cash,Cloudy
TXN-10494,2026-04-25,20:21,Puncak Alam,Ice Blended,Ice Blended Chocolate Chip,1,14.0,14.0,QR,Cloudy
TXN-10496,2026-04-25,20:24,Puncak Alam,Espresso-based,Espresso,1,7.0,7.0,QR,Cloudy
TXN-10470,2026-04-25,20:29,Puncak Alam,Ice Blended,Ice Blended Chocolate Chip,2,14.0,28.0,Cash,Cloudy
TXN-10497,2026-04-25,20:33,Puncak Alam,Milk-based,Mocha,1,12.0,12.0,QR,Cloudy
TXN-10421,2026-04-25,20:47,Putrajaya,Espresso-based,Americano,1,9.0,9.0,QR,Cloudy
TXN-10464,2026-04-25,20:56,Puncak Alam,Milk-based,Cappuccino,1,11.0,11.0,QR,Cloudy
TXN-10483,2026-04-25,21:00,Puncak Alam,Milk-based,Caramel Macchiato,2,13.0,26.0,Cash,Cloudy
TXN-10422,2026-04-25,21:16,Putrajaya,Milk-based,Caramel Macchiato,1,13.0,13.0,QR,Cloudy
TXN-10427,2026-04-25,21:18,Putrajaya,Milk-based,Mocha,2,12.0,24.0,QR,Cloudy
TXN-10460,2026-04-25,21:37,Puncak Alam,Espresso-based,Americano,1,9.0,9.0,QR,Cloudy
TXN-10491,2026-04-25,21:54,Puncak Alam,Espresso-based,Espresso,1,7.0,7.0,Cash,Cloudy
TXN-10455,2026-04-25,21:55,Puncak Alam,Milk-based,Cappuccino,2,11.0,22.0,QR,Cloudy
TXN-10436,2026-04-25,21:56,Putrajaya,Milk-based,Latte,1,11.0,11.0,QR,Cloudy
TXN-10514,2026-04-26,08:02,Putrajaya,Milk-based,Latte,1,11.0,11.0,QR,Sunny
TXN-10600,2026-04-26,08:05,Puncak Alam,Milk-based,Latte,1,11.0,11.0,QR,Sunny
TXN-10528,2026-04-26,08:08,Putrajaya,Milk-based,Mocha,1,12.0,12.0,QR,Sunny
TXN-10522,2026-04-26,08:16,Putrajaya,Espresso-based,Espresso,1,7.0,7.0,QR,Sunny
TXN-10547,2026-04-26,08:25,Putrajaya,Ice Blended,Ice Blended Chocolate Chip,1,14.0,14.0,QR,Sunny
TXN-10590,2026-04-26,08:32,Puncak Alam,Espresso-based,Espresso,3,7.0,21.0,Cash,Sunny
TXN-10542,2026-04-26,08:33,Putrajaya,Milk-based,Caramel Macchiato,1,13.0,13.0,QR,Sunny
TXN-10555,2026-04-26,08:33,Putrajaya,Milk-based,Cappuccino,2,11.0,22.0,QR,Sunny
TXN-10552,2026-04-26,08:36,Putrajaya,Ice Blended,Ice Blended Chocolate Chip,2,14.0,28.0,QR,Sunny
TXN-10571,2026-04-26,08:37,Putrajaya,Ice Blended,Ice Blended Chocolate Chip,1,14.0,14.0,Cash,Sunny
TXN-10608,2026-04-26,08:47,Puncak Alam,Espresso-based,Americano,4,9.0,36.0,QR,Sunny
TXN-10594,2026-04-26,08:54,Puncak Alam,Milk-based,Caramel Macchiato,3,13.0,39.0,QR,Sunny
TXN-10553,2026-04-26,09:03,Putrajaya,Milk-based,Latte,1,11.0,11.0,Cash,Sunny
TXN-10593,2026-04-26,09:05,Puncak Alam,Espresso-based,Espresso,1,7.0,7.0,Cash,Sunny
TXN-10536,2026-04-26,09:12,Putrajaya,Espresso-based,Espresso,1,7.0,7.0,Cash,Sunny
TXN-10606,2026-04-26,09:17,Puncak Alam,Milk-based,Latte,1,11.0,11.0,Cash,Sunny
TXN-10550,2026-04-26,09:51,Putrajaya,Espresso-based,Americano,2,9.0,18.0,Cash,Sunny
TXN-10603,2026-04-26,09:51,Puncak Alam,Milk-based,Cappuccino,1,11.0,11.0,QR,Sunny
TXN-10564,2026-04-26,09:53,Putrajaya,Ice Blended,Ice Blended Chocolate Chip,2,14.0,28.0,QR,Sunny
TXN-10569,2026-04-26,10:09,Putrajaya,Milk-based,Cappuccino,1,11.0,11.0,QR,Sunny
TXN-10578,2026-04-26,10:34,Putrajaya,Milk-based,Latte,1,11.0,11.0,Cash,Sunny
TXN-10581,2026-04-26,10:40,Puncak Alam,Ice Blended,Ice Blended Chocolate Chip,1,14.0,14.0,QR,Sunny
TXN-10563,2026-04-26,11:01,Putrajaya,Milk-based,Mocha,1,12.0,12.0,Cash,Sunny
TXN-10583,2026-04-26,11:24,Puncak Alam,Milk-based,Caramel Macchiato,1,13.0,13.0,QR,Sunny
TXN-10554,2026-04-26,11:35,Putrajaya,Milk-based,Mocha,1,12.0,12.0,QR,Sunny
TXN-10591,2026-04-26,11:45,Puncak Alam,Ice Blended,Ice Blended Chocolate Chip,1,14.0,14.0,QR,Sunny
TXN-10607,2026-04-26,12:27,Puncak Alam,Espresso-based,Americano,1,9.0,9.0,Cash,Sunny
TXN-10565,2026-04-26,12:29,Putrajaya,Espresso-based,Americano,4,9.0,36.0,QR,Sunny
TXN-10598,2026-04-26,12:34,Puncak Alam,Milk-based,Caramel Macchiato,1,13.0,13.0,Cash,Sunny
TXN-10559,2026-04-26,12:41,Putrajaya,Milk-based,Caramel Macchiato,3,13.0,39.0,QR,Sunny
TXN-10592,2026-04-26,12:43,Puncak Alam,Milk-based,Cappuccino,4,11.0,44.0,QR,Sunny
TXN-10562,2026-04-26,12:47,Putrajaya,Milk-based,Caramel Macchiato,1,13.0,13.0,QR,Sunny
TXN-10595,2026-04-26,12:56,Puncak Alam,Milk-based,Caramel Macchiato,1,13.0,13.0,QR,Sunny
TXN-10604,2026-04-26,12:57,Puncak Alam,Milk-based,Mocha,1,12.0,12.0,QR,Sunny
TXN-10601,2026-04-26,12:58,Puncak Alam,Milk-based,Caramel Macchiato,1,13.0,13.0,QR,Sunny
TXN-10585,2026-04-26,13:03,Puncak Alam,Espresso-based,Americano,1,9.0,9.0,QR,Sunny
TXN-10524,2026-04-26,13:25,Putrajaya,Milk-based,Mocha,2,12.0,24.0,QR,Sunny
TXN-10567,2026-04-26,13:28,Putrajaya,Espresso-based,Espresso,1,7.0,7.0,Cash,Sunny
TXN-10535,2026-04-26,13:30,Putrajaya,Espresso-based,Americano,1,9.0,9.0,Cash,Sunny
TXN-10515,2026-04-26,13:32,Putrajaya,Milk-based,Caramel Macchiato,2,13.0,26.0,Cash,Sunny
TXN-10558,2026-04-26,13:32,Putrajaya,Milk-based,Mocha,2,12.0,24.0,Cash,Sunny
TXN-10602,2026-04-26,13:33,Puncak Alam,Espresso-based,Americano,2,9.0,18.0,QR,Sunny
TXN-10521,2026-04-26,13:34,Putrajaya,Espresso-based,Americano,2,9.0,18.0,QR,Sunny
TXN-10570,2026-04-26,13:47,Putrajaya,Milk-based,Cappuccino,1,11.0,11.0,QR,Sunny
TXN-10551,2026-04-26,13:57,Putrajaya,Ice Blended,Ice Blended Chocolate Chip,1,14.0,14.0,Cash,Sunny
TXN-10527,2026-04-26,14:22,Putrajaya,Ice Blended,Ice Blended Chocolate Chip,1,14.0,14.0,QR,Sunny
TXN-10531,2026-04-26,14:54,Putrajaya,Milk-based,Mocha,1,12.0,12.0,QR,Sunny
TXN-10566,2026-04-26,15:20,Putrajaya,Milk-based,Mocha,2,12.0,24.0,QR,Sunny
TXN-10572,2026-04-26,15:34,Putrajaya,Milk-based,Caramel Macchiato,3,13.0,39.0,Cash,Sunny
TXN-10560,2026-04-26,15:51,Putrajaya,Milk-based,Mocha,2,12.0,24.0,QR,Sunny
TXN-10513,2026-04-26,15:54,Putrajaya,Ice Blended,Ice Blended Chocolate Chip,1,14.0,14.0,QR,Sunny
TXN-10577,2026-04-26,16:06,Putrajaya,Milk-based,Mocha,1,12.0,12.0,Cash,Sunny
TXN-10540,2026-04-26,16:09,Putrajaya,Milk-based,Caramel Macchiato,1,13.0,13.0,QR,Sunny
TXN-10538,2026-04-26,16:22,Putrajaya,Espresso-based,Espresso,1,7.0,7.0,Cash,Sunny
TXN-10541,2026-04-26,16:23,Putrajaya,Espresso-based,Espresso,1,7.0,7.0,QR,Sunny
TXN-10605,2026-04-26,16:28,Puncak Alam,Milk-based,Latte,2,11.0,22.0,QR,Sunny
TXN-10586,2026-04-26,16:36,Puncak Alam,Milk-based,Mocha,1,12.0,12.0,QR,Sunny
TXN-10582,2026-04-26,16:37,Puncak Alam,Milk-based,Caramel Macchiato,2,13.0,26.0,Cash,Sunny
TXN-10597,2026-04-26,16:46,Puncak Alam,Milk-based,Caramel Macchiato,1,13.0,13.0,QR,Sunny
TXN-10568,2026-04-26,16:50,Putrajaya,Milk-based,Cappuccino,2,11.0,22.0,QR,Sunny
TXN-10532,2026-04-26,16:54,Putrajaya,Milk-based,Latte,1,11.0,11.0,QR,Sunny
TXN-10561,2026-04-26,16:56,Putrajaya,Milk-based,Cappuccino,1,11.0,11.0,Cash,Sunny
TXN-10579,2026-04-26,17:04,Puncak Alam,Milk-based,Cappuccino,1,11.0,11.0,QR,Sunny
TXN-10546,2026-04-26,17:05,Putrajaya,Espresso-based,Espresso,1,7.0,7.0,Cash,Sunny
TXN-10584,2026-04-26,17:12,Puncak Alam,Milk-based,Caramel Macchiato,2,13.0,26.0,QR,Sunny
TXN-10599,2026-04-26,17:20,Puncak Alam,Milk-based,Caramel Macchiato,2,13.0,26.0,QR,Sunny
TXN-10517,2026-04-26,17:37,Putrajaya,Milk-based,Latte,1,11.0,11.0,Cash,Sunny
TXN-10580,2026-04-26,17:56,Puncak Alam,Milk-based,Cappuccino,1,11.0,11.0,Cash,Sunny
TXN-10526,2026-04-26,18:03,Putrajaya,Milk-based,Latte,2,11.0,22.0,QR,Sunny
TXN-10557,2026-04-26,18:10,Putrajaya,Ice Blended,Ice Blended Chocolate Chip,2,14.0,28.0,QR,Sunny
TXN-10534,2026-04-26,18:24,Putrajaya,Ice Blended,Ice Blended Chocolate Chip,1,14.0,14.0,QR,Sunny
TXN-10545,2026-04-26,18:44,Putrajaya,Milk-based,Caramel Macchiato,4,13.0,52.0,QR,Sunny
TXN-10520,2026-04-26,18:50,Putrajaya,Milk-based,Caramel Macchiato,1,13.0,13.0,Cash,Sunny
TXN-10530,2026-04-26,19:05,Putrajaya,Ice Blended,Ice Blended Chocolate Chip,1,14.0,14.0,QR,Sunny
TXN-10548,2026-04-26,19:08,Putrajaya,Milk-based,Cappuccino,2,11.0,22.0,QR,Sunny
TXN-10525,2026-04-26,19:11,Putrajaya,Espresso-based,Espresso,1,7.0,7.0,Cash,Sunny
TXN-10533,2026-04-26,19:11,Putrajaya,Milk-based,Cappuccino,1,11.0,11.0,QR,Sunny
TXN-10539,2026-04-26,19:12,Putrajaya,Espresso-based,Americano,1,9.0,9.0,QR,Sunny
TXN-10543,2026-04-26,19:18,Putrajaya,Milk-based,Cappuccino,1,11.0,11.0,QR,Sunny
TXN-10523,2026-04-26,19:26,Putrajaya,Ice Blended,Ice Blended Chocolate Chip,1,14.0,14.0,Cash,Sunny
TXN-10588,2026-04-26,19:29,Puncak Alam,Milk-based,Caramel Macchiato,1,13.0,13.0,QR,Sunny
TXN-10512,2026-04-26,19:45,Putrajaya,Milk-based,Caramel Macchiato,1,13.0,13.0,Cash,Sunny
TXN-10589,2026-04-26,20:05,Puncak Alam,Milk-based,Latte,2,11.0,22.0,QR,Sunny
TXN-10596,2026-04-26,20:28,Puncak Alam,Ice Blended,Ice Blended Chocolate Chip,1,14.0,14.0,Cash,Sunny
TXN-10529,2026-04-26,20:42,Putrajaya,Espresso-based,Americano,2,9.0,18.0,QR,Sunny
TXN-10587,2026-04-26,20:50,Puncak Alam,Ice Blended,Ice Blended Chocolate Chip,2,14.0,28.0,Cash,Sunny
TXN-10576,2026-04-26,21:12,Putrajaya,Milk-based,Caramel Macchiato,1,13.0,13.0,QR,Sunny
TXN-10575,2026-04-26,21:19,Putrajaya,Milk-based,Caramel Macchiato,1,13.0,13.0,QR,Sunny
TXN-10549,2026-04-26,21:21,Putrajaya,Milk-based,Cappuccino,1,11.0,11.0,QR,Sunny
TXN-10556,2026-04-26,21:23,Putrajaya,Milk-based,Cappuccino,4,11.0,44.0,QR,Sunny
TXN-10537,2026-04-26,21:26,Putrajaya,Ice Blended,Ice Blended Chocolate Chip,1,14.0,14.0,Cash,Sunny
TXN-10573,2026-04-26,21:27,Putrajaya,Milk-based,Caramel Macchiato,1,13.0,13.0,QR,Sunny
TXN-10518,2026-04-26,21:29,Putrajaya,Espresso-based,Americano,1,9.0,9.0,QR,Sunny
TXN-10516,2026-04-26,21:36,Putrajaya,Milk-based,Caramel Macchiato,1,13.0,13.0,QR,Sunny
TXN-10519,2026-04-26,21:45,Putrajaya,Milk-based,Cappuccino,1,11.0,11.0,QR,Sunny
TXN-10544,2026-04-26,21:52,Putrajaya,Milk-based,Latte,2,11.0,22.0,QR,Sunny
TXN-10574,2026-04-26,21:52,Putrajaya,Espresso-based,Americano,1,9.0,9.0,Cash,Sunny
TXN-10636,2026-04-27,08:00,Putrajaya,Espresso-based,Espresso,1,7.0,7.0,QR,Sunny
TXN-10664,2026-04-27,08:03,Puncak Alam,Milk-based,Mocha,1,12.0,12.0,QR,Sunny
TXN-10685,2026-04-27,08:08,Puncak Alam,Espresso-based,Americano,1,9.0,9.0,QR,Sunny
TXN-10689,2026-04-27,08:23,Puncak Alam,Espresso-based,Espresso,1,7.0,7.0,QR,Sunny
TXN-10614,2026-04-27,08:28,Putrajaya,Espresso-based,Americano,2,9.0,18.0,QR,Sunny
TXN-10637,2026-04-27,08:28,Putrajaya,Milk-based,Cappuccino,1,11.0,11.0,QR,Sunny
TXN-10633,2026-04-27,08:42,Putrajaya,Milk-based,Caramel Macchiato,3,13.0,39.0,Cash,Sunny
TXN-10679,2026-04-27,08:44,Puncak Alam,Espresso-based,Espresso,2,7.0,14.0,QR,Sunny
TXN-10646,2026-04-27,08:56,Putrajaya,Espresso-based,Americano,4,9.0,36.0,QR,Sunny
TXN-10704,2026-04-27,09:06,Puncak Alam,Milk-based,Mocha,3,12.0,36.0,Cash,Sunny
TXN-10620,2026-04-27,09:07,Putrajaya,Espresso-based,Americano,1,9.0,9.0,Cash,Sunny
TXN-10635,2026-04-27,09:31,Putrajaya,Milk-based,Cappuccino,2,11.0,22.0,QR,Sunny
TXN-10669,2026-04-27,09:41,Puncak Alam,Milk-based,Mocha,2,12.0,24.0,QR,Sunny
TXN-10628,2026-04-27,09:53,Putrajaya,Milk-based,Caramel Macchiato,2,13.0,26.0,QR,Sunny
TXN-10656,2026-04-27,09:53,Puncak Alam,Milk-based,Mocha,2,12.0,24.0,Cash,Sunny
TXN-10686,2026-04-27,10:06,Puncak Alam,Milk-based,Caramel Macchiato,1,13.0,13.0,QR,Sunny
TXN-10618,2026-04-27,10:09,Putrajaya,Milk-based,Cappuccino,1,11.0,11.0,Cash,Sunny
TXN-10715,2026-04-27,10:19,Puncak Alam,Ice Blended,Ice Blended Chocolate Chip,1,14.0,14.0,QR,Sunny
TXN-10616,2026-04-27,10:23,Putrajaya,Espresso-based,Americano,1,9.0,9.0,QR,Sunny
TXN-10698,2026-04-27,10:45,Puncak Alam,Espresso-based,Americano,1,9.0,9.0,QR,Sunny
TXN-10644,2026-04-27,11:03,Putrajaya,Milk-based,Caramel Macchiato,1,13.0,13.0,QR,Sunny
TXN-10705,2026-04-27,11:06,Puncak Alam,Milk-based,Latte,1,11.0,11.0,QR,Sunny
TXN-10708,2026-04-27,11:11,Puncak Alam,Milk-based,Cappuccino,1,11.0,11.0,Cash,Sunny
TXN-10670,2026-04-27,11:13,Puncak Alam,Espresso-based,Espresso,1,7.0,7.0,Cash,Sunny
TXN-10714,2026-04-27,11:17,Puncak Alam,Espresso-based,Americano,1,9.0,9.0,QR,Sunny
TXN-10645,2026-04-27,11:25,Putrajaya,Espresso-based,Espresso,1,7.0,7.0,QR,Sunny
TXN-10711,2026-04-27,11:28,Puncak Alam,Espresso-based,Espresso,1,7.0,7.0,Cash,Sunny
TXN-10682,2026-04-27,11:36,Puncak Alam,Espresso-based,Espresso,1,7.0,7.0,QR,Sunny
TXN-10684,2026-04-27,11:38,Puncak Alam,Espresso-based,Americano,2,9.0,18.0,Cash,Sunny
TXN-10692,2026-04-27,11:45,Puncak Alam,Milk-based,Latte,1,11.0,11.0,QR,Sunny
TXN-10681,2026-04-27,12:03,Puncak Alam,Milk-based,Latte,2,11.0,22.0,Cash,Sunny
TXN-10688,2026-04-27,12:07,Puncak Alam,Milk-based,Caramel Macchiato,3,13.0,39.0,Cash,Sunny
TXN-10702,2026-04-27,12:18,Puncak Alam,Milk-based,Mocha,1,12.0,12.0,Cash,Sunny
TXN-10617,2026-04-27,12:20,Putrajaya,Milk-based,Caramel Macchiato,1,13.0,13.0,QR,Sunny
TXN-10627,2026-04-27,12:28,Putrajaya,Milk-based,Mocha,1,12.0,12.0,QR,Sunny
TXN-10680,2026-04-27,12:31,Puncak Alam,Milk-based,Mocha,2,12.0,24.0,QR,Sunny
TXN-10643,2026-04-27,12:36,Putrajaya,Milk-based,Mocha,1,12.0,12.0,Cash,Sunny
TXN-10657,2026-04-27,12:44,Puncak Alam,Milk-based,Mocha,1,12.0,12.0,QR,Sunny
TXN-10638,2026-04-27,12:56,Putrajaya,Milk-based,Mocha,1,12.0,12.0,QR,Sunny
TXN-10650,2026-04-27,13:05,Putrajaya,Milk-based,Caramel Macchiato,3,13.0,39.0,QR,Sunny
TXN-10683,2026-04-27,13:09,Puncak Alam,Milk-based,Cappuccino,2,11.0,22.0,QR,Sunny
TXN-10624,2026-04-27,13:10,Putrajaya,Espresso-based,Espresso,1,7.0,7.0,Cash,Sunny
TXN-10671,2026-04-27,13:11,Puncak Alam,Milk-based,Caramel Macchiato,1,13.0,13.0,QR,Sunny
TXN-10652,2026-04-27,13:17,Putrajaya,Milk-based,Caramel Macchiato,1,13.0,13.0,QR,Sunny
TXN-10629,2026-04-27,13:33,Putrajaya,Milk-based,Mocha,1,12.0,12.0,Cash,Sunny
TXN-10674,2026-04-27,13:51,Puncak Alam,Espresso-based,Espresso,1,7.0,7.0,QR,Sunny
TXN-10699,2026-04-27,13:55,Puncak Alam,Milk-based,Mocha,1,12.0,12.0,QR,Sunny
TXN-10667,2026-04-27,13:59,Puncak Alam,Espresso-based,Espresso,1,7.0,7.0,Cash,Sunny
TXN-10626,2026-04-27,14:02,Putrajaya,Milk-based,Cappuccino,1,11.0,11.0,QR,Sunny
TXN-10647,2026-04-27,14:09,Putrajaya,Milk-based,Caramel Macchiato,1,13.0,13.0,QR,Sunny
TXN-10676,2026-04-27,14:14,Puncak Alam,Milk-based,Cappuccino,1,11.0,11.0,QR,Sunny
TXN-10625,2026-04-27,14:17,Putrajaya,Ice Blended,Ice Blended Chocolate Chip,1,14.0,14.0,QR,Sunny
TXN-10612,2026-04-27,14:20,Putrajaya,Milk-based,Caramel Macchiato,1,13.0,13.0,Cash,Sunny
TXN-10610,2026-04-27,14:24,Putrajaya,Espresso-based,Espresso,1,7.0,7.0,QR,Sunny
TXN-10691,2026-04-27,14:33,Puncak Alam,Milk-based,Cappuccino,1,11.0,11.0,QR,Sunny
TXN-10695,2026-04-27,14:33,Puncak Alam,Milk-based,Latte,1,11.0,11.0,QR,Sunny
TXN-10662,2026-04-27,14:48,Puncak Alam,Milk-based,Caramel Macchiato,1,13.0,13.0,Cash,Sunny
TXN-10696,2026-04-27,14:57,Puncak Alam,Milk-based,Mocha,2,12.0,24.0,QR,Sunny
TXN-10609,2026-04-27,15:07,Putrajaya,Espresso-based,Americano,1,9.0,9.0,QR,Sunny
TXN-10666,2026-04-27,15:15,Puncak Alam,Milk-based,Latte,1,11.0,11.0,QR,Sunny
TXN-10658,2026-04-27,15:20,Puncak Alam,Milk-based,Mocha,2,12.0,24.0,QR,Sunny
TXN-10613,2026-04-27,15:37,Putrajaya,Milk-based,Caramel Macchiato,1,13.0,13.0,QR,Sunny
TXN-10630,2026-04-27,15:43,Putrajaya,Milk-based,Mocha,1,12.0,12.0,Cash,Sunny
TXN-10706,2026-04-27,15:47,Puncak Alam,Ice Blended,Ice Blended Chocolate Chip,1,14.0,14.0,QR,Sunny
TXN-10639,2026-04-27,16:03,Putrajaya,Ice Blended,Ice Blended Chocolate Chip,1,14.0,14.0,QR,Sunny
TXN-10718,2026-04-27,16:11,Puncak Alam,Milk-based,Latte,2,11.0,22.0,QR,Sunny
TXN-10651,2026-04-27,16:44,Putrajaya,Espresso-based,Espresso,1,7.0,7.0,Cash,Sunny
TXN-10694,2026-04-27,16:47,Puncak Alam,Milk-based,Cappuccino,1,11.0,11.0,Cash,Sunny
TXN-10649,2026-04-27,16:53,Putrajaya,Ice Blended,Ice Blended Chocolate Chip,1,14.0,14.0,QR,Sunny
TXN-10619,2026-04-27,17:18,Putrajaya,Espresso-based,Americano,1,9.0,9.0,QR,Sunny
TXN-10648,2026-04-27,17:21,Putrajaya,Milk-based,Mocha,1,12.0,12.0,QR,Sunny
TXN-10621,2026-04-27,17:32,Putrajaya,Ice Blended,Ice Blended Chocolate Chip,2,14.0,28.0,QR,Sunny
TXN-10655,2026-04-27,17:51,Puncak Alam,Milk-based,Mocha,4,12.0,48.0,Cash,Sunny
TXN-10713,2026-04-27,17:58,Puncak Alam,Milk-based,Mocha,1,12.0,12.0,QR,Sunny
TXN-10690,2026-04-27,18:01,Puncak Alam,Espresso-based,Americano,2,9.0,18.0,QR,Sunny
TXN-10675,2026-04-27,18:07,Puncak Alam,Espresso-based,Espresso,2,7.0,14.0,QR,Sunny
TXN-10672,2026-04-27,18:13,Puncak Alam,Espresso-based,Americano,1,9.0,9.0,Cash,Sunny
TXN-10640,2026-04-27,18:26,Putrajaya,Espresso-based,Espresso,3,7.0,21.0,QR,Sunny
TXN-10707,2026-04-27,18:37,Puncak Alam,Milk-based,Latte,2,11.0,22.0,Cash,Sunny
TXN-10678,2026-04-27,18:44,Puncak Alam,Milk-based,Latte,1,11.0,11.0,QR,Sunny
TXN-10634,2026-04-27,19:05,Putrajaya,Espresso-based,Americano,1,9.0,9.0,Cash,Sunny
TXN-10697,2026-04-27,19:12,Puncak Alam,Milk-based,Cappuccino,2,11.0,22.0,Cash,Sunny
TXN-10623,2026-04-27,19:14,Putrajaya,Espresso-based,Americano,3,9.0,27.0,QR,Sunny
TXN-10653,2026-04-27,19:32,Putrajaya,Milk-based,Latte,1,11.0,11.0,QR,Sunny
TXN-10632,2026-04-27,19:37,Putrajaya,Milk-based,Latte,1,11.0,11.0,QR,Sunny
TXN-10654,2026-04-27,19:37,Putrajaya,Milk-based,Cappuccino,1,11.0,11.0,Cash,Sunny
TXN-10693,2026-04-27,19:39,Puncak Alam,Milk-based,Mocha,1,12.0,12.0,QR,Sunny
TXN-10661,2026-04-27,19:42,Puncak Alam,Milk-based,Latte,1,11.0,11.0,QR,Sunny
TXN-10631,2026-04-27,19:51,Putrajaya,Espresso-based,Espresso,1,7.0,7.0,QR,Sunny
TXN-10642,2026-04-27,19:55,Putrajaya,Milk-based,Caramel Macchiato,1,13.0,13.0,QR,Sunny
TXN-10611,2026-04-27,20:02,Putrajaya,Milk-based,Cappuccino,2,11.0,22.0,QR,Sunny
TXN-10668,2026-04-27,20:09,Puncak Alam,Milk-based,Cappuccino,2,11.0,22.0,Cash,Sunny
TXN-10673,2026-04-27,20:14,Puncak Alam,Milk-based,Caramel Macchiato,1,13.0,13.0,QR,Sunny
TXN-10659,2026-04-27,20:17,Puncak Alam,Espresso-based,Americano,3,9.0,27.0,Cash,Sunny
TXN-10615,2026-04-27,20:19,Putrajaya,Ice Blended,Ice Blended Chocolate Chip,1,14.0,14.0,QR,Sunny
TXN-10719,2026-04-27,20:28,Puncak Alam,Milk-based,Latte,2,11.0,22.0,QR,Sunny
TXN-10660,2026-04-27,20:41,Puncak Alam,Espresso-based,Americano,1,9.0,9.0,QR,Sunny
TXN-10665,2026-04-27,20:41,Puncak Alam,Espresso-based,Americano,1,9.0,9.0,QR,Sunny
TXN-10677,2026-04-27,20:43,Puncak Alam,Ice Blended,Ice Blended Chocolate Chip,1,14.0,14.0,Cash,Sunny
TXN-10687,2026-04-27,20:45,Puncak Alam,Espresso-based,Espresso,1,7.0,7.0,Cash,Sunny
TXN-10701,2026-04-27,20:47,Puncak Alam,Milk-based,Cappuccino,1,11.0,11.0,QR,Sunny
TXN-10641,2026-04-27,21:12,Putrajaya,Milk-based,Latte,3,11.0,33.0,Cash,Sunny
TXN-10663,2026-04-27,21:12,Puncak Alam,Espresso-based,Americano,3,9.0,27.0,Cash,Sunny
TXN-10700,2026-04-27,21:13,Puncak Alam,Milk-based,Mocha,2,12.0,24.0,Cash,Sunny
TXN-10712,2026-04-27,21:14,Puncak Alam,Ice Blended,Ice Blended Chocolate Chip,1,14.0,14.0,QR,Sunny
TXN-10703,2026-04-27,21:22,Puncak Alam,Milk-based,Latte,1,11.0,11.0,QR,Sunny
TXN-10709,2026-04-27,21:22,Puncak Alam,Milk-based,Latte,1,11.0,11.0,QR,Sunny
TXN-10710,2026-04-27,21:36,Puncak Alam,Espresso-based,Americano,3,9.0,27.0,QR,Sunny
TXN-10622,2026-04-27,21:44,Putrajaya,Milk-based,Mocha,1,12.0,12.0,Cash,Sunny
TXN-10716,2026-04-27,21:48,Puncak Alam,Milk-based,Cappuccino,2,11.0,22.0,QR,Sunny
TXN-10717,2026-04-27,21:53,Puncak Alam,Ice Blended,Ice Blended Chocolate Chip,1,14.0,14.0,QR,Sunny
TXN-10776,2026-04-28,08:19,Puncak Alam,Espresso-based,Americano,1,9.0,9.0,QR,Sunny
TXN-10771,2026-04-28,08:34,Puncak Alam,Espresso-based,Americano,2,9.0,18.0,Cash,Sunny
TXN-10765,2026-04-28,08:38,Puncak Alam,Milk-based,Cappuccino,1,11.0,11.0,Cash,Sunny
TXN-10727,2026-04-28,08:45,Putrajaya,Espresso-based,Americano,1,9.0,9.0,QR,Sunny
TXN-10774,2026-04-28,09:40,Puncak Alam,Ice Blended,Ice Blended Chocolate Chip,1,14.0,14.0,QR,Sunny
TXN-10796,2026-04-28,09:45,Puncak Alam,Ice Blended,Ice Blended Chocolate Chip,3,14.0,42.0,QR,Sunny
TXN-10755,2026-04-28,09:50,Putrajaya,Ice Blended,Ice Blended Chocolate Chip,2,14.0,28.0,QR,Sunny
TXN-10750,2026-04-28,09:53,Putrajaya,Milk-based,Caramel Macchiato,2,13.0,26.0,Cash,Sunny
TXN-10772,2026-04-28,09:56,Puncak Alam,Espresso-based,Americano,2,9.0,18.0,QR,Sunny
TXN-10728,2026-04-28,09:58,Putrajaya,Milk-based,Latte,1,11.0,11.0,QR,Sunny
TXN-10783,2026-04-28,10:09,Puncak Alam,Milk-based,Latte,1,11.0,11.0,QR,Sunny
TXN-10731,2026-04-28,10:21,Putrajaya,Espresso-based,Espresso,1,7.0,7.0,QR,Sunny
TXN-10780,2026-04-28,10:31,Puncak Alam,Espresso-based,Espresso,1,7.0,7.0,Cash,Sunny
TXN-10747,2026-04-28,10:47,Putrajaya,Ice Blended,Ice Blended Chocolate Chip,1,14.0,14.0,QR,Sunny
TXN-10768,2026-04-28,11:12,Puncak Alam,Milk-based,Caramel Macchiato,1,13.0,13.0,QR,Sunny
TXN-10730,2026-04-28,11:18,Putrajaya,Milk-based,Caramel Macchiato,4,13.0,52.0,QR,Sunny
TXN-10724,2026-04-28,11:20,Putrajaya,Milk-based,Caramel Macchiato,1,13.0,13.0,QR,Sunny
TXN-10779,2026-04-28,11:25,Puncak Alam,Espresso-based,Espresso,2,7.0,14.0,QR,Sunny
TXN-10753,2026-04-28,11:28,Putrajaya,Ice Blended,Ice Blended Chocolate Chip,1,14.0,14.0,Cash,Sunny
TXN-10786,2026-04-28,11:31,Puncak Alam,Milk-based,Latte,2,11.0,22.0,QR,Sunny
TXN-10756,2026-04-28,11:34,Putrajaya,Milk-based,Latte,1,11.0,11.0,Cash,Sunny
TXN-10777,2026-04-28,11:38,Puncak Alam,Milk-based,Cappuccino,1,11.0,11.0,QR,Sunny
TXN-10739,2026-04-28,11:48,Putrajaya,Milk-based,Mocha,3,12.0,36.0,QR,Sunny
TXN-10795,2026-04-28,11:53,Puncak Alam,Espresso-based,Americano,1,9.0,9.0,Cash,Sunny
TXN-10725,2026-04-28,12:02,Putrajaya,Milk-based,Cappuccino,1,11.0,11.0,QR,Sunny
TXN-10793,2026-04-28,12:18,Puncak Alam,Milk-based,Latte,1,11.0,11.0,QR,Sunny
TXN-10759,2026-04-28,12:38,Puncak Alam,Milk-based,Mocha,1,12.0,12.0,QR,Sunny
TXN-10751,2026-04-28,12:51,Putrajaya,Milk-based,Latte,4,11.0,44.0,QR,Sunny
TXN-10732,2026-04-28,13:02,Putrajaya,Milk-based,Latte,3,11.0,33.0,Cash,Sunny
TXN-10785,2026-04-28,13:15,Puncak Alam,Milk-based,Mocha,1,12.0,12.0,Cash,Sunny
TXN-10770,2026-04-28,13:24,Puncak Alam,Milk-based,Mocha,1,12.0,12.0,QR,Sunny
TXN-10729,2026-04-28,13:29,Putrajaya,Milk-based,Mocha,1,12.0,12.0,Cash,Sunny
TXN-10720,2026-04-28,13:58,Putrajaya,Milk-based,Cappuccino,3,11.0,33.0,QR,Sunny
TXN-10763,2026-04-28,14:25,Puncak Alam,Ice Blended,Ice Blended Chocolate Chip,1,14.0,14.0,QR,Sunny
TXN-10781,2026-04-28,14:25,Puncak Alam,Milk-based,Cappuccino,1,11.0,11.0,QR,Sunny
TXN-10782,2026-04-28,14:42,Puncak Alam,Milk-based,Mocha,1,12.0,12.0,QR,Sunny
TXN-10766,2026-04-28,15:06,Puncak Alam,Milk-based,Mocha,3,12.0,36.0,Cash,Sunny
TXN-10737,2026-04-28,15:31,Putrajaya,Espresso-based,Espresso,3,7.0,21.0,Cash,Sunny
TXN-10758,2026-04-28,15:58,Puncak Alam,Espresso-based,Espresso,2,7.0,14.0,Cash,Sunny
TXN-10734,2026-04-28,16:03,Putrajaya,Espresso-based,Americano,1,9.0,9.0,QR,Sunny
TXN-10733,2026-04-28,16:44,Putrajaya,Milk-based,Latte,1,11.0,11.0,QR,Sunny
TXN-10790,2026-04-28,16:46,Puncak Alam,Ice Blended,Ice Blended Chocolate Chip,1,14.0,14.0,Cash,Sunny
TXN-10723,2026-04-28,17:12,Putrajaya,Milk-based,Mocha,2,12.0,24.0,QR,Sunny
TXN-10754,2026-04-28,17:20,Putrajaya,Milk-based,Mocha,1,12.0,12.0,Cash,Sunny
TXN-10735,2026-04-28,17:45,Putrajaya,Milk-based,Latte,2,11.0,22.0,QR,Sunny
TXN-10767,2026-04-28,17:45,Puncak Alam,Milk-based,Cappuccino,2,11.0,22.0,QR,Sunny
TXN-10726,2026-04-28,17:47,Putrajaya,Milk-based,Mocha,4,12.0,48.0,QR,Sunny
TXN-10788,2026-04-28,17:49,Puncak Alam,Ice Blended,Ice Blended Chocolate Chip,1,14.0,14.0,QR,Sunny
TXN-10764,2026-04-28,18:01,Puncak Alam,Milk-based,Caramel Macchiato,1,13.0,13.0,QR,Sunny
TXN-10736,2026-04-28,18:12,Putrajaya,Milk-based,Caramel Macchiato,1,13.0,13.0,QR,Sunny
TXN-10752,2026-04-28,18:13,Putrajaya,Milk-based,Cappuccino,1,11.0,11.0,QR,Sunny
TXN-10791,2026-04-28,18:18,Puncak Alam,Milk-based,Cappuccino,2,11.0,22.0,QR,Sunny
TXN-10789,2026-04-28,18:19,Puncak Alam,Milk-based,Mocha,2,12.0,24.0,QR,Sunny
TXN-10749,2026-04-28,18:22,Putrajaya,Ice Blended,Ice Blended Chocolate Chip,1,14.0,14.0,QR,Sunny
TXN-10773,2026-04-28,18:25,Puncak Alam,Milk-based,Latte,4,11.0,44.0,QR,Sunny
TXN-10721,2026-04-28,18:37,Putrajaya,Milk-based,Mocha,1,12.0,12.0,Cash,Sunny
TXN-10740,2026-04-28,18:39,Putrajaya,Ice Blended,Ice Blended Chocolate Chip,1,14.0,14.0,QR,Sunny
TXN-10748,2026-04-28,19:05,Putrajaya,Milk-based,Latte,1,11.0,11.0,QR,Sunny
TXN-10778,2026-04-28,19:13,Puncak Alam,Espresso-based,Espresso,1,7.0,7.0,QR,Sunny
TXN-10757,2026-04-28,19:22,Puncak Alam,Ice Blended,Ice Blended Chocolate Chip,1,14.0,14.0,QR,Sunny
TXN-10769,2026-04-28,19:35,Puncak Alam,Milk-based,Latte,1,11.0,11.0,QR,Sunny
TXN-10792,2026-04-28,19:41,Puncak Alam,Milk-based,Mocha,1,12.0,12.0,QR,Sunny
TXN-10784,2026-04-28,19:43,Puncak Alam,Milk-based,Latte,1,11.0,11.0,QR,Sunny
TXN-10741,2026-04-28,19:45,Putrajaya,Milk-based,Latte,1,11.0,11.0,Cash,Sunny
TXN-10762,2026-04-28,20:04,Puncak Alam,Ice Blended,Ice Blended Chocolate Chip,1,14.0,14.0,QR,Sunny
TXN-10722,2026-04-28,20:09,Putrajaya,Milk-based,Cappuccino,1,11.0,11.0,QR,Sunny
TXN-10746,2026-04-28,20:15,Putrajaya,Espresso-based,Espresso,3,7.0,21.0,QR,Sunny
TXN-10760,2026-04-28,20:20,Puncak Alam,Espresso-based,Americano,2,9.0,18.0,QR,Sunny
TXN-10761,2026-04-28,20:23,Puncak Alam,Milk-based,Mocha,1,12.0,12.0,QR,Sunny
TXN-10787,2026-04-28,20:33,Puncak Alam,Milk-based,Caramel Macchiato,2,13.0,26.0,Cash,Sunny
TXN-10745,2026-04-28,20:38,Putrajaya,Espresso-based,Americano,2,9.0,18.0,QR,Sunny
TXN-10775,2026-04-28,21:16,Puncak Alam,Milk-based,Latte,1,11.0,11.0,QR,Sunny
TXN-10743,2026-04-28,21:34,Putrajaya,Espresso-based,Americano,1,9.0,9.0,Cash,Sunny
TXN-10742,2026-04-28,21:45,Putrajaya,Ice Blended,Ice Blended Chocolate Chip,1,14.0,14.0,QR,Sunny
TXN-10738,2026-04-28,21:50,Putrajaya,Milk-based,Latte,2,11.0,22.0,Cash,Sunny
TXN-10744,2026-04-28,21:51,Putrajaya,Milk-based,Mocha,1,12.0,12.0,Cash,Sunny
TXN-10794,2026-04-28,21:51,Puncak Alam,Milk-based,Caramel Macchiato,1,13.0,13.0,Cash,Sunny
TXN-10864,2026-04-29,08:05,Puncak Alam,Espresso-based,Americano,1,9.0,9.0,QR,Sunny
TXN-10830,2026-04-29,08:14,Putrajaya,Espresso-based,Espresso,2,7.0,14.0,Cash,Sunny
TXN-10828,2026-04-29,08:30,Putrajaya,Milk-based,Latte,2,11.0,22.0,QR,Sunny
TXN-10800,2026-04-29,08:43,Putrajaya,Ice Blended,Ice Blended Chocolate Chip,1,14.0,14.0,Cash,Sunny
TXN-10883,2026-04-29,08:45,Puncak Alam,Espresso-based,Espresso,1,7.0,7.0,QR,Sunny
TXN-10801,2026-04-29,08:49,Putrajaya,Milk-based,Latte,2,11.0,22.0,Cash,Sunny
TXN-10838,2026-04-29,08:57,Putrajaya,Milk-based,Cappuccino,1,11.0,11.0,QR,Sunny
TXN-10848,2026-04-29,09:09,Putrajaya,Milk-based,Mocha,2,12.0,24.0,Cash,Sunny
TXN-10891,2026-04-29,09:14,Puncak Alam,Milk-based,Mocha,1,12.0,12.0,QR,Sunny
TXN-10897,2026-04-29,09:16,Puncak Alam,Espresso-based,Americano,1,9.0,9.0,Cash,Sunny
TXN-10855,2026-04-29,09:25,Puncak Alam,Ice Blended,Ice Blended Chocolate Chip,1,14.0,14.0,QR,Sunny
TXN-10911,2026-04-29,09:40,Puncak Alam,Espresso-based,Espresso,1,7.0,7.0,QR,Sunny
TXN-10857,2026-04-29,09:41,Puncak Alam,Milk-based,Mocha,2,12.0,24.0,QR,Sunny
TXN-10818,2026-04-29,09:43,Putrajaya,Milk-based,Mocha,4,12.0,48.0,QR,Sunny
TXN-10860,2026-04-29,09:46,Puncak Alam,Ice Blended,Ice Blended Chocolate Chip,1,14.0,14.0,QR,Sunny
TXN-10886,2026-04-29,09:46,Puncak Alam,Milk-based,Cappuccino,2,11.0,22.0,Cash,Sunny
TXN-10858,2026-04-29,09:53,Puncak Alam,Espresso-based,Americano,1,9.0,9.0,Cash,Sunny
TXN-10869,2026-04-29,09:56,Puncak Alam,Ice Blended,Ice Blended Chocolate Chip,3,14.0,42.0,QR,Sunny
TXN-10873,2026-04-29,10:01,Puncak Alam,Milk-based,Cappuccino,1,11.0,11.0,QR,Sunny
TXN-10870,2026-04-29,10:04,Puncak Alam,Milk-based,Caramel Macchiato,2,13.0,26.0,QR,Sunny
TXN-10805,2026-04-29,10:05,Putrajaya,Ice Blended,Ice Blended Chocolate Chip,1,14.0,14.0,Cash,Sunny
TXN-10861,2026-04-29,10:13,Puncak Alam,Ice Blended,Ice Blended Chocolate Chip,1,14.0,14.0,QR,Sunny
TXN-10816,2026-04-29,10:14,Putrajaya,Milk-based,Caramel Macchiato,1,13.0,13.0,Cash,Sunny
TXN-10827,2026-04-29,10:15,Putrajaya,Milk-based,Cappuccino,3,11.0,33.0,Cash,Sunny
TXN-10908,2026-04-29,10:20,Puncak Alam,Espresso-based,Espresso,1,7.0,7.0,QR,Sunny
TXN-10852,2026-04-29,10:33,Puncak Alam,Espresso-based,Espresso,1,7.0,7.0,QR,Sunny
TXN-10898,2026-04-29,10:54,Puncak Alam,Milk-based,Cappuccino,2,11.0,22.0,QR,Sunny
TXN-10802,2026-04-29,10:55,Putrajaya,Milk-based,Mocha,1,12.0,12.0,QR,Sunny
TXN-10913,2026-04-29,10:56,Puncak Alam,Milk-based,Latte,2,11.0,22.0,Cash,Sunny
TXN-10889,2026-04-29,11:23,Puncak Alam,Ice Blended,Ice Blended Chocolate Chip,1,14.0,14.0,QR,Sunny
TXN-10819,2026-04-29,11:25,Putrajaya,Espresso-based,Americano,4,9.0,36.0,QR,Sunny
TXN-10876,2026-04-29,11:30,Puncak Alam,Milk-based,Caramel Macchiato,1,13.0,13.0,QR,Sunny
TXN-10868,2026-04-29,11:31,Puncak Alam,Milk-based,Cappuccino,1,11.0,11.0,Cash,Sunny
TXN-10879,2026-04-29,11:37,Puncak Alam,Milk-based,Latte,1,11.0,11.0,QR,Sunny
TXN-10809,2026-04-29,11:58,Putrajaya,Espresso-based,Espresso,3,7.0,21.0,QR,Sunny
TXN-10831,2026-04-29,12:16,Putrajaya,Milk-based,Cappuccino,1,11.0,11.0,Cash,Sunny
TXN-10885,2026-04-29,12:42,Puncak Alam,Ice Blended,Ice Blended Chocolate Chip,1,14.0,14.0,Cash,Sunny
TXN-10846,2026-04-29,12:43,Putrajaya,Espresso-based,Espresso,3,7.0,21.0,QR,Sunny
TXN-10915,2026-04-29,12:56,Puncak Alam,Milk-based,Mocha,1,12.0,12.0,QR,Sunny
TXN-10894,2026-04-29,13:02,Puncak Alam,Milk-based,Caramel Macchiato,1,13.0,13.0,QR,Sunny
TXN-10813,2026-04-29,13:03,Putrajaya,Espresso-based,Espresso,1,7.0,7.0,Cash,Sunny
TXN-10910,2026-04-29,13:14,Puncak Alam,Espresso-based,Americano,2,9.0,18.0,QR,Sunny
TXN-10904,2026-04-29,13:27,Puncak Alam,Ice Blended,Ice Blended Chocolate Chip,2,14.0,28.0,QR,Sunny
TXN-10874,2026-04-29,13:56,Puncak Alam,Milk-based,Latte,1,11.0,11.0,Cash,Sunny
TXN-10811,2026-04-29,13:58,Putrajaya,Ice Blended,Ice Blended Chocolate Chip,1,14.0,14.0,Cash,Sunny
TXN-10824,2026-04-29,14:05,Putrajaya,Milk-based,Latte,2,11.0,22.0,QR,Sunny
TXN-10914,2026-04-29,14:05,Puncak Alam,Ice Blended,Ice Blended Chocolate Chip,2,14.0,28.0,QR,Sunny
TXN-10906,2026-04-29,14:24,Puncak Alam,Espresso-based,Americano,3,9.0,27.0,QR,Sunny
TXN-10822,2026-04-29,14:28,Putrajaya,Milk-based,Latte,1,11.0,11.0,QR,Sunny
TXN-10825,2026-04-29,14:34,Putrajaya,Espresso-based,Espresso,1,7.0,7.0,QR,Sunny
TXN-10871,2026-04-29,14:37,Puncak Alam,Milk-based,Cappuccino,1,11.0,11.0,Cash,Sunny
TXN-10821,2026-04-29,14:39,Putrajaya,Espresso-based,Espresso,1,7.0,7.0,Cash,Sunny
TXN-10901,2026-04-29,14:50,Puncak Alam,Espresso-based,Espresso,2,7.0,14.0,QR,Sunny
TXN-10837,2026-04-29,14:54,Putrajaya,Milk-based,Cappuccino,1,11.0,11.0,QR,Sunny
TXN-10833,2026-04-29,15:14,Putrajaya,Milk-based,Caramel Macchiato,2,13.0,26.0,QR,Sunny
TXN-10841,2026-04-29,15:15,Putrajaya,Milk-based,Cappuccino,1,11.0,11.0,QR,Sunny
TXN-10817,2026-04-29,15:20,Putrajaya,Espresso-based,Americano,1,9.0,9.0,QR,Sunny
TXN-10797,2026-04-29,15:25,Putrajaya,Milk-based,Cappuccino,1,11.0,11.0,QR,Sunny
TXN-10823,2026-04-29,15:29,Putrajaya,Espresso-based,Espresso,2,7.0,14.0,Cash,Sunny
TXN-10807,2026-04-29,15:39,Putrajaya,Espresso-based,Espresso,2,7.0,14.0,QR,Sunny
TXN-10866,2026-04-29,15:39,Puncak Alam,Milk-based,Caramel Macchiato,2,13.0,26.0,Cash,Sunny
TXN-10799,2026-04-29,15:44,Putrajaya,Milk-based,Mocha,1,12.0,12.0,QR,Sunny
TXN-10888,2026-04-29,15:46,Puncak Alam,Milk-based,Latte,1,11.0,11.0,QR,Sunny
TXN-10877,2026-04-29,16:05,Puncak Alam,Milk-based,Caramel Macchiato,1,13.0,13.0,QR,Sunny
TXN-10849,2026-04-29,16:13,Putrajaya,Milk-based,Mocha,1,12.0,12.0,QR,Sunny
TXN-10895,2026-04-29,16:17,Puncak Alam,Espresso-based,Espresso,1,7.0,7.0,QR,Sunny
TXN-10834,2026-04-29,16:21,Putrajaya,Espresso-based,Americano,3,9.0,27.0,QR,Sunny
TXN-10875,2026-04-29,16:27,Puncak Alam,Milk-based,Caramel Macchiato,1,13.0,13.0,Cash,Sunny
TXN-10844,2026-04-29,16:34,Putrajaya,Milk-based,Cappuccino,3,11.0,33.0,QR,Sunny
TXN-10832,2026-04-29,16:37,Putrajaya,Milk-based,Latte,1,11.0,11.0,QR,Sunny
TXN-10862,2026-04-29,16:48,Puncak Alam,Milk-based,Latte,1,11.0,11.0,QR,Sunny
TXN-10890,2026-04-29,16:49,Puncak Alam,Milk-based,Cappuccino,1,11.0,11.0,QR,Sunny
TXN-10905,2026-04-29,17:12,Puncak Alam,Milk-based,Cappuccino,2,11.0,22.0,QR,Sunny
TXN-10887,2026-04-29,17:14,Puncak Alam,Ice Blended,Ice Blended Chocolate Chip,1,14.0,14.0,QR,Sunny
TXN-10798,2026-04-29,17:41,Putrajaya,Milk-based,Latte,3,11.0,33.0,QR,Sunny
TXN-10851,2026-04-29,17:41,Puncak Alam,Milk-based,Mocha,1,12.0,12.0,QR,Sunny
TXN-10854,2026-04-29,17:46,Puncak Alam,Milk-based,Caramel Macchiato,1,13.0,13.0,QR,Sunny
TXN-10878,2026-04-29,18:07,Puncak Alam,Milk-based,Mocha,1,12.0,12.0,QR,Sunny
TXN-10896,2026-04-29,18:07,Puncak Alam,Milk-based,Caramel Macchiato,3,13.0,39.0,Cash,Sunny
TXN-10808,2026-04-29,18:08,Putrajaya,Milk-based,Cappuccino,2,11.0,22.0,QR,Sunny
TXN-10812,2026-04-29,18:08,Putrajaya,Milk-based,Mocha,1,12.0,12.0,Cash,Sunny
TXN-10884,2026-04-29,18:08,Puncak Alam,Milk-based,Caramel Macchiato,1,13.0,13.0,QR,Sunny
TXN-10836,2026-04-29,18:21,Putrajaya,Milk-based,Cappuccino,1,11.0,11.0,QR,Sunny
TXN-10902,2026-04-29,18:22,Puncak Alam,Milk-based,Latte,1,11.0,11.0,Cash,Sunny
TXN-10909,2026-04-29,18:27,Puncak Alam,Milk-based,Caramel Macchiato,2,13.0,26.0,QR,Sunny
TXN-10882,2026-04-29,18:29,Puncak Alam,Espresso-based,Americano,1,9.0,9.0,QR,Sunny
TXN-10899,2026-04-29,18:36,Puncak Alam,Ice Blended,Ice Blended Chocolate Chip,1,14.0,14.0,QR,Sunny
TXN-10892,2026-04-29,18:37,Puncak Alam,Espresso-based,Espresso,2,7.0,14.0,QR,Sunny
TXN-10867,2026-04-29,18:45,Puncak Alam,Espresso-based,Americano,1,9.0,9.0,QR,Sunny
TXN-10803,2026-04-29,18:46,Putrajaya,Milk-based,Cappuccino,1,11.0,11.0,QR,Sunny
TXN-10880,2026-04-29,18:54,Puncak Alam,Espresso-based,Espresso,2,7.0,14.0,QR,Sunny
TXN-10806,2026-04-29,18:56,Putrajaya,Espresso-based,Americano,2,9.0,18.0,Cash,Sunny
TXN-10826,2026-04-29,18:57,Putrajaya,Milk-based,Latte,1,11.0,11.0,Cash,Sunny
TXN-10900,2026-04-29,18:58,Puncak Alam,Espresso-based,Espresso,2,7.0,14.0,QR,Sunny
TXN-10893,2026-04-29,19:04,Puncak Alam,Ice Blended,Ice Blended Chocolate Chip,1,14.0,14.0,QR,Sunny
TXN-10814,2026-04-29,19:26,Putrajaya,Espresso-based,Americano,2,9.0,18.0,QR,Sunny
TXN-10842,2026-04-29,19:28,Putrajaya,Milk-based,Latte,1,11.0,11.0,QR,Sunny
TXN-10810,2026-04-29,19:43,Putrajaya,Ice Blended,Ice Blended Chocolate Chip,1,14.0,14.0,QR,Sunny
TXN-10839,2026-04-29,19:43,Putrajaya,Espresso-based,Americano,1,9.0,9.0,QR,Sunny
TXN-10845,2026-04-29,19:43,Putrajaya,Ice Blended,Ice Blended Chocolate Chip,1,14.0,14.0,QR,Sunny
TXN-10859,2026-04-29,19:51,Puncak Alam,Espresso-based,Americano,1,9.0,9.0,QR,Sunny
TXN-10820,2026-04-29,19:59,Putrajaya,Espresso-based,Americano,1,9.0,9.0,Cash,Sunny
TXN-10815,2026-04-29,20:09,Putrajaya,Espresso-based,Americano,1,9.0,9.0,QR,Sunny
TXN-10840,2026-04-29,20:10,Putrajaya,Milk-based,Latte,1,11.0,11.0,QR,Sunny
TXN-10865,2026-04-29,20:11,Puncak Alam,Espresso-based,Americano,1,9.0,9.0,QR,Sunny
TXN-10856,2026-04-29,20:18,Puncak Alam,Milk-based,Mocha,1,12.0,12.0,QR,Sunny
TXN-10829,2026-04-29,20:23,Putrajaya,Milk-based,Cappuccino,2,11.0,22.0,QR,Sunny
TXN-10835,2026-04-29,20:45,Putrajaya,Ice Blended,Ice Blended Chocolate Chip,1,14.0,14.0,Cash,Sunny
TXN-10863,2026-04-29,20:48,Puncak Alam,Ice Blended,Ice Blended Chocolate Chip,1,14.0,14.0,QR,Sunny
TXN-10850,2026-04-29,20:50,Puncak Alam,Milk-based,Cappuccino,2,11.0,22.0,Cash,Sunny
TXN-10872,2026-04-29,20:58,Puncak Alam,Milk-based,Cappuccino,1,11.0,11.0,QR,Sunny
TXN-10903,2026-04-29,20:58,Puncak Alam,Milk-based,Cappuccino,1,11.0,11.0,Cash,Sunny
TXN-10881,2026-04-29,21:03,Puncak Alam,Milk-based,Cappuccino,2,11.0,22.0,QR,Sunny
TXN-10847,2026-04-29,21:07,Putrajaya,Ice Blended,Ice Blended Chocolate Chip,1,14.0,14.0,QR,Sunny
TXN-10843,2026-04-29,21:21,Putrajaya,Milk-based,Cappuccino,1,11.0,11.0,Cash,Sunny
TXN-10912,2026-04-29,21:24,Puncak Alam,Milk-based,Caramel Macchiato,2,13.0,26.0,QR,Sunny
TXN-10907,2026-04-29,21:30,Puncak Alam,Espresso-based,Americano,1,9.0,9.0,Cash,Sunny
TXN-10804,2026-04-29,21:32,Putrajaya,Milk-based,Caramel Macchiato,2,13.0,26.0,Cash,Sunny
TXN-10853,2026-04-29,21:54,Puncak Alam,Espresso-based,Americano,1,9.0,9.0,Cash,Sunny
TXN-11013,2026-04-30,08:02,Puncak Alam,Espresso-based,Americano,4,9.0,36.0,QR,Sunny
TXN-10939,2026-04-30,08:06,Putrajaya,Espresso-based,Americano,1,9.0,9.0,QR,Raining
TXN-11008,2026-04-30,08:09,Puncak Alam,Espresso-based,Americano,2,9.0,18.0,QR,Sunny
TXN-11043,2026-04-30,08:12,Puncak Alam,Espresso-based,Americano,1,9.0,9.0,QR,Sunny
TXN-10929,2026-04-30,08:18,Putrajaya,Espresso-based,Americano,2,9.0,18.0,QR,Raining
TXN-11014,2026-04-30,08:19,Puncak Alam,Espresso-based,Espresso,1,7.0,7.0,QR,Sunny
TXN-10989,2026-04-30,08:23,Puncak Alam,Espresso-based,Espresso,1,7.0,7.0,QR,Sunny
TXN-10940,2026-04-30,08:44,Putrajaya,Milk-based,Mocha,1,12.0,12.0,QR,Raining
TXN-10932,2026-04-30,08:45,Putrajaya,Espresso-based,Espresso,1,7.0,7.0,Cash,Raining
TXN-10979,2026-04-30,08:45,Putrajaya,Milk-based,Latte,1,11.0,11.0,Cash,Raining
TXN-10975,2026-04-30,08:46,Putrajaya,Espresso-based,Americano,1,9.0,9.0,QR,Raining
TXN-10935,2026-04-30,08:48,Putrajaya,Espresso-based,Americano,1,9.0,9.0,QR,Raining
TXN-10941,2026-04-30,08:56,Putrajaya,Espresso-based,Espresso,1,7.0,7.0,QR,Raining
TXN-11007,2026-04-30,09:03,Puncak Alam,Milk-based,Mocha,1,12.0,12.0,QR,Sunny
TXN-10920,2026-04-30,09:17,Putrajaya,Espresso-based,Americano,1,9.0,9.0,QR,Raining
TXN-10926,2026-04-30,09:21,Putrajaya,Milk-based,Cappuccino,1,11.0,11.0,QR,Raining
TXN-11002,2026-04-30,09:25,Puncak Alam,Milk-based,Cappuccino,2,11.0,22.0,QR,Sunny
TXN-10950,2026-04-30,09:29,Putrajaya,Milk-based,Latte,1,11.0,11.0,QR,Raining
TXN-11009,2026-04-30,09:31,Puncak Alam,Espresso-based,Espresso,1,7.0,7.0,Cash,Sunny
TXN-10933,2026-04-30,09:34,Putrajaya,Espresso-based,Espresso,1,7.0,7.0,QR,Raining
TXN-10944,2026-04-30,09:53,Putrajaya,Milk-based,Cappuccino,1,11.0,11.0,Cash,Raining
TXN-11035,2026-04-30,09:57,Puncak Alam,Milk-based,Cappuccino,1,11.0,11.0,Cash,Sunny
TXN-11022,2026-04-30,10:33,Puncak Alam,Milk-based,Latte,1,11.0,11.0,QR,Sunny
TXN-11027,2026-04-30,10:35,Puncak Alam,Milk-based,Mocha,1,12.0,12.0,QR,Sunny
TXN-10956,2026-04-30,10:59,Putrajaya,Ice Blended,Ice Blended Chocolate Chip,3,14.0,42.0,QR,Raining
TXN-10921,2026-04-30,11:12,Putrajaya,Milk-based,Latte,1,11.0,11.0,Cash,Raining
TXN-11032,2026-04-30,11:12,Puncak Alam,Espresso-based,Espresso,3,7.0,21.0,QR,Sunny
TXN-11038,2026-04-30,11:21,Puncak Alam,Ice Blended,Ice Blended Chocolate Chip,1,14.0,14.0,Cash,Sunny
TXN-10991,2026-04-30,11:30,Puncak Alam,Espresso-based,Espresso,1,7.0,7.0,Cash,Sunny
TXN-11036,2026-04-30,11:36,Puncak Alam,Milk-based,Caramel Macchiato,1,13.0,13.0,QR,Sunny
TXN-11018,2026-04-30,11:40,Puncak Alam,Espresso-based,Americano,1,9.0,9.0,Cash,Sunny
TXN-10995,2026-04-30,11:43,Puncak Alam,Milk-based,Cappuccino,3,11.0,33.0,QR,Sunny
TXN-10972,2026-04-30,11:46,Putrajaya,Espresso-based,Americano,1,9.0,9.0,Cash,Raining
TXN-10968,2026-04-30,11:55,Putrajaya,Ice Blended,Ice Blended Chocolate Chip,3,14.0,42.0,QR,Raining
TXN-11003,2026-04-30,11:58,Puncak Alam,Milk-based,Mocha,1,12.0,12.0,QR,Sunny
TXN-10927,2026-04-30,11:59,Putrajaya,Espresso-based,Espresso,1,7.0,7.0,QR,Raining
TXN-11016,2026-04-30,12:30,Puncak Alam,Milk-based,Cappuccino,2,11.0,22.0,QR,Sunny
TXN-10973,2026-04-30,12:34,Putrajaya,Milk-based,Latte,1,11.0,11.0,QR,Raining
TXN-10960,2026-04-30,12:44,Putrajaya,Milk-based,Latte,1,11.0,11.0,QR,Raining
TXN-10959,2026-04-30,12:45,Putrajaya,Milk-based,Latte,1,11.0,11.0,QR,Raining
TXN-10931,2026-04-30,12:49,Putrajaya,Milk-based,Latte,1,11.0,11.0,Cash,Raining
TXN-10996,2026-04-30,12:59,Puncak Alam,Milk-based,Cappuccino,1,11.0,11.0,QR,Sunny
TXN-10948,2026-04-30,13:01,Putrajaya,Espresso-based,Espresso,2,7.0,14.0,QR,Raining
TXN-10974,2026-04-30,13:10,Putrajaya,Milk-based,Mocha,1,12.0,12.0,Cash,Raining
TXN-10943,2026-04-30,13:20,Putrajaya,Milk-based,Mocha,2,12.0,24.0,Cash,Raining
TXN-11042,2026-04-30,13:22,Puncak Alam,Espresso-based,Espresso,2,7.0,14.0,QR,Sunny
TXN-10955,2026-04-30,13:24,Putrajaya,Espresso-based,Americano,4,9.0,36.0,QR,Raining
TXN-10947,2026-04-30,13:44,Putrajaya,Ice Blended,Ice Blended Chocolate Chip,1,14.0,14.0,Cash,Raining
TXN-11010,2026-04-30,13:44,Puncak Alam,Milk-based,Latte,2,11.0,22.0,QR,Sunny
TXN-11025,2026-04-30,13:56,Puncak Alam,Espresso-based,Espresso,1,7.0,7.0,QR,Sunny
TXN-11017,2026-04-30,14:00,Puncak Alam,Espresso-based,Americano,1,9.0,9.0,QR,Sunny
TXN-11029,2026-04-30,14:04,Puncak Alam,Espresso-based,Espresso,2,7.0,14.0,QR,Sunny
TXN-10987,2026-04-30,14:08,Puncak Alam,Ice Blended,Ice Blended Chocolate Chip,2,14.0,28.0,Cash,Sunny
TXN-10918,2026-04-30,14:16,Putrajaya,Milk-based,Mocha,3,12.0,36.0,Cash,Raining
TXN-10952,2026-04-30,14:32,Putrajaya,Milk-based,Cappuccino,1,11.0,11.0,Cash,Raining
TXN-10998,2026-04-30,14:42,Puncak Alam,Espresso-based,Espresso,1,7.0,7.0,QR,Sunny
TXN-11000,2026-04-30,14:45,Puncak Alam,Milk-based,Latte,1,11.0,11.0,Cash,Sunny
TXN-10961,2026-04-30,14:47,Putrajaya,Ice Blended,Ice Blended Chocolate Chip,1,14.0,14.0,QR,Raining
TXN-10983,2026-04-30,14:53,Puncak Alam,Milk-based,Mocha,1,12.0,12.0,QR,Sunny
TXN-11033,2026-04-30,14:54,Puncak Alam,Milk-based,Caramel Macchiato,1,13.0,13.0,Cash,Sunny
TXN-11030,2026-04-30,15:12,Puncak Alam,Espresso-based,Espresso,2,7.0,14.0,Cash,Sunny
TXN-10934,2026-04-30,15:34,Putrajaya,Milk-based,Mocha,3,12.0,36.0,QR,Raining
TXN-10951,2026-04-30,15:37,Putrajaya,Ice Blended,Ice Blended Chocolate Chip,1,14.0,14.0,QR,Raining
TXN-11026,2026-04-30,15:40,Puncak Alam,Milk-based,Cappuccino,2,11.0,22.0,Cash,Sunny
TXN-10958,2026-04-30,15:46,Putrajaya,Espresso-based,Americano,1,9.0,9.0,QR,Raining
TXN-11005,2026-04-30,15:48,Puncak Alam,Espresso-based,Espresso,2,7.0,14.0,Cash,Sunny
TXN-11006,2026-04-30,15:48,Puncak Alam,Espresso-based,Espresso,1,7.0,7.0,QR,Sunny
TXN-10986,2026-04-30,15:49,Puncak Alam,Ice Blended,Ice Blended Chocolate Chip,1,14.0,14.0,Cash,Sunny
TXN-10945,2026-04-30,15:52,Putrajaya,Milk-based,Mocha,2,12.0,24.0,Cash,Raining
TXN-11037,2026-04-30,16:06,Puncak Alam,Milk-based,Cappuccino,1,11.0,11.0,QR,Sunny
TXN-10984,2026-04-30,16:21,Puncak Alam,Milk-based,Mocha,1,12.0,12.0,QR,Sunny
TXN-11034,2026-04-30,16:21,Puncak Alam,Milk-based,Cappuccino,3,11.0,33.0,QR,Sunny
TXN-10994,2026-04-30,16:22,Puncak Alam,Ice Blended,Ice Blended Chocolate Chip,2,14.0,28.0,QR,Sunny
TXN-10977,2026-04-30,16:32,Putrajaya,Milk-based,Latte,1,11.0,11.0,Cash,Raining
TXN-10936,2026-04-30,16:48,Putrajaya,Ice Blended,Ice Blended Chocolate Chip,1,14.0,14.0,QR,Raining
TXN-10963,2026-04-30,16:48,Putrajaya,Ice Blended,Ice Blended Chocolate Chip,1,14.0,14.0,QR,Raining
TXN-10930,2026-04-30,17:06,Putrajaya,Espresso-based,Espresso,1,7.0,7.0,QR,Raining
TXN-11028,2026-04-30,17:06,Puncak Alam,Milk-based,Latte,1,11.0,11.0,QR,Sunny
TXN-10999,2026-04-30,17:08,Puncak Alam,Milk-based,Latte,1,11.0,11.0,QR,Sunny
TXN-11031,2026-04-30,17:13,Puncak Alam,Ice Blended,Ice Blended Chocolate Chip,1,14.0,14.0,Cash,Sunny
TXN-10990,2026-04-30,17:19,Puncak Alam,Espresso-based,Americano,1,9.0,9.0,QR,Sunny
TXN-11019,2026-04-30,17:20,Puncak Alam,Milk-based,Caramel Macchiato,1,13.0,13.0,QR,Sunny
TXN-10970,2026-04-30,17:25,Putrajaya,Milk-based,Latte,2,11.0,22.0,Cash,Raining
TXN-11041,2026-04-30,17:31,Puncak Alam,Milk-based,Cappuccino,1,11.0,11.0,Cash,Sunny
TXN-11011,2026-04-30,17:39,Puncak Alam,Milk-based,Mocha,1,12.0,12.0,QR,Sunny
TXN-11023,2026-04-30,17:45,Puncak Alam,Milk-based,Mocha,1,12.0,12.0,QR,Sunny
TXN-10993,2026-04-30,17:47,Puncak Alam,Espresso-based,Espresso,3,7.0,21.0,QR,Sunny
TXN-10980,2026-04-30,17:56,Putrajaya,Milk-based,Mocha,1,12.0,12.0,QR,Raining
TXN-11020,2026-04-30,17:58,Puncak Alam,Espresso-based,Americano,1,9.0,9.0,QR,Sunny
TXN-10971,2026-04-30,18:00,Putrajaya,Espresso-based,Americano,2,9.0,18.0,Cash,Raining
TXN-10938,2026-04-30,18:04,Putrajaya,Espresso-based,Espresso,2,7.0,14.0,Cash,Raining
TXN-10988,2026-04-30,18:13,Puncak Alam,Milk-based,Latte,1,11.0,11.0,QR,Sunny
TXN-10919,2026-04-30,18:15,Putrajaya,Milk-based,Caramel Macchiato,2,13.0,26.0,Cash,Raining
TXN-10953,2026-04-30,18:27,Putrajaya,Espresso-based,Americano,1,9.0,9.0,Cash,Raining
TXN-11024,2026-04-30,18:28,Puncak Alam,Milk-based,Cappuccino,1,11.0,11.0,Cash,Sunny
TXN-10967,2026-04-30,18:33,Putrajaya,Milk-based,Caramel Macchiato,1,13.0,13.0,QR,Raining
TXN-10928,2026-04-30,18:34,Putrajaya,Milk-based,Caramel Macchiato,1,13.0,13.0,QR,Raining
TXN-10966,2026-04-30,18:35,Putrajaya,Milk-based,Caramel Macchiato,1,13.0,13.0,Cash,Raining
TXN-11021,2026-04-30,18:35,Puncak Alam,Milk-based,Mocha,1,12.0,12.0,QR,Sunny
TXN-10916,2026-04-30,18:36,Putrajaya,Milk-based,Latte,3,11.0,33.0,QR,Raining
TXN-11040,2026-04-30,18:39,Puncak Alam,Espresso-based,Americano,1,9.0,9.0,Cash,Sunny
TXN-11001,2026-04-30,18:51,Puncak Alam,Milk-based,Cappuccino,1,11.0,11.0,Cash,Sunny
TXN-10922,2026-04-30,18:55,Putrajaya,Milk-based,Latte,1,11.0,11.0,QR,Raining
TXN-10954,2026-04-30,19:06,Putrajaya,Milk-based,Latte,3,11.0,33.0,QR,Raining
TXN-10965,2026-04-30,19:06,Putrajaya,Milk-based,Cappuccino,1,11.0,11.0,QR,Raining
TXN-10978,2026-04-30,19:31,Putrajaya,Milk-based,Mocha,2,12.0,24.0,QR,Raining
TXN-10957,2026-04-30,19:32,Putrajaya,Milk-based,Mocha,1,12.0,12.0,QR,Raining
TXN-10981,2026-04-30,19:41,Putrajaya,Milk-based,Latte,1,11.0,11.0,Cash,Raining
TXN-10985,2026-04-30,20:12,Puncak Alam,Milk-based,Caramel Macchiato,1,13.0,13.0,Cash,Sunny
TXN-10946,2026-04-30,20:15,Putrajaya,Milk-based,Cappuccino,2,11.0,22.0,QR,Raining
TXN-11012,2026-04-30,20:16,Puncak Alam,Milk-based,Caramel Macchiato,1,13.0,13.0,QR,Sunny
TXN-10937,2026-04-30,20:17,Putrajaya,Espresso-based,Americano,1,9.0,9.0,QR,Raining
TXN-10976,2026-04-30,20:17,Putrajaya,Milk-based,Caramel Macchiato,2,13.0,26.0,Cash,Raining
TXN-10917,2026-04-30,20:22,Putrajaya,Espresso-based,Americano,1,9.0,9.0,QR,Raining
TXN-10997,2026-04-30,20:37,Puncak Alam,Milk-based,Mocha,1,12.0,12.0,QR,Sunny
TXN-10982,2026-04-30,20:38,Putrajaya,Espresso-based,Espresso,2,7.0,14.0,QR,Raining
TXN-10942,2026-04-30,20:57,Putrajaya,Milk-based,Caramel Macchiato,1,13.0,13.0,QR,Raining
TXN-10992,2026-04-30,20:57,Puncak Alam,Milk-based,Latte,2,11.0,22.0,QR,Sunny
TXN-10923,2026-04-30,20:59,Putrajaya,Milk-based,Latte,1,11.0,11.0,QR,Raining
TXN-10964,2026-04-30,21:00,Putrajaya,Espresso-based,Espresso,1,7.0,7.0,Cash,Raining
TXN-10949,2026-04-30,21:06,Putrajaya,Ice Blended,Ice Blended Chocolate Chip,1,14.0,14.0,QR,Raining
TXN-11039,2026-04-30,21:26,Puncak Alam,Espresso-based,Espresso,1,7.0,7.0,QR,Sunny
TXN-10924,2026-04-30,21:36,Putrajaya,Milk-based,Latte,2,11.0,22.0,QR,Raining
TXN-11004,2026-04-30,21:40,Puncak Alam,Espresso-based,Americano,3,9.0,27.0,QR,Sunny
TXN-11015,2026-04-30,21:42,Puncak Alam,Espresso-based,Espresso,3,7.0,21.0,Cash,Sunny
TXN-10925,2026-04-30,21:43,Putrajaya,Milk-based,Cappuccino,1,11.0,11.0,QR,Raining
TXN-10962,2026-04-30,21:47,Putrajaya,Ice Blended,Ice Blended Chocolate Chip,1,14.0,14.0,QR,Raining
TXN-10969,2026-04-30,21:54,Putrajaya,Milk-based,Caramel Macchiato,2,13.0,26.0,QR,Raining
TXN-11112,2026-05-01,08:03,Putrajaya,Milk-based,Mocha,1,12.0,12.0,QR,Cloudy
TXN-11127,2026-05-01,08:19,Puncak Alam,Espresso-based,Espresso,3,7.0,21.0,QR,Cloudy
TXN-11126,2026-05-01,08:43,Puncak Alam,Milk-based,Latte,1,11.0,11.0,QR,Cloudy
TXN-11120,2026-05-01,08:50,Puncak Alam,Espresso-based,Americano,1,9.0,9.0,QR,Cloudy
TXN-11053,2026-05-01,09:27,Putrajaya,Milk-based,Latte,2,11.0,22.0,QR,Cloudy
TXN-11078,2026-05-01,09:29,Putrajaya,Espresso-based,Americano,1,9.0,9.0,Cash,Cloudy
TXN-11055,2026-05-01,09:49,Putrajaya,Milk-based,Latte,1,11.0,11.0,Cash,Cloudy
TXN-11136,2026-05-01,09:53,Puncak Alam,Ice Blended,Ice Blended Chocolate Chip,1,14.0,14.0,Cash,Cloudy
TXN-11093,2026-05-01,09:59,Putrajaya,Espresso-based,Americano,1,9.0,9.0,Cash,Cloudy
TXN-11143,2026-05-01,10:08,Puncak Alam,Milk-based,Caramel Macchiato,1,13.0,13.0,Cash,Cloudy
TXN-11111,2026-05-01,10:26,Putrajaya,Milk-based,Caramel Macchiato,1,13.0,13.0,QR,Cloudy
TXN-11092,2026-05-01,10:29,Putrajaya,Milk-based,Caramel Macchiato,1,13.0,13.0,QR,Cloudy
TXN-11129,2026-05-01,10:30,Puncak Alam,Milk-based,Mocha,3,12.0,36.0,Cash,Cloudy
TXN-11133,2026-05-01,10:48,Puncak Alam,Milk-based,Latte,1,11.0,11.0,QR,Cloudy
TXN-11108,2026-05-01,11:04,Putrajaya,Milk-based,Cappuccino,1,11.0,11.0,QR,Cloudy
TXN-11123,2026-05-01,11:06,Puncak Alam,Milk-based,Latte,1,11.0,11.0,QR,Cloudy
TXN-11119,2026-05-01,11:07,Puncak Alam,Milk-based,Mocha,1,12.0,12.0,QR,Cloudy
TXN-11086,2026-05-01,11:08,Putrajaya,Espresso-based,Espresso,1,7.0,7.0,QR,Cloudy
TXN-11044,2026-05-01,11:09,Putrajaya,Milk-based,Caramel Macchiato,1,13.0,13.0,QR,Cloudy
TXN-11059,2026-05-01,11:12,Putrajaya,Espresso-based,Americano,2,9.0,18.0,QR,Cloudy
TXN-11058,2026-05-01,11:16,Putrajaya,Milk-based,Caramel Macchiato,1,13.0,13.0,Cash,Cloudy
TXN-11054,2026-05-01,11:22,Putrajaya,Espresso-based,Espresso,4,7.0,28.0,Cash,Cloudy
TXN-11062,2026-05-01,11:48,Putrajaya,Espresso-based,Espresso,2,7.0,14.0,QR,Cloudy
TXN-11080,2026-05-01,11:48,Putrajaya,Milk-based,Latte,3,11.0,33.0,QR,Cloudy
TXN-11063,2026-05-01,11:55,Putrajaya,Espresso-based,Americano,1,9.0,9.0,Cash,Cloudy
TXN-11097,2026-05-01,12:21,Putrajaya,Espresso-based,Americano,1,9.0,9.0,QR,Cloudy
TXN-11088,2026-05-01,12:24,Putrajaya,Milk-based,Cappuccino,1,11.0,11.0,QR,Cloudy
TXN-11047,2026-05-01,12:30,Putrajaya,Espresso-based,Espresso,1,7.0,7.0,QR,Cloudy
TXN-11051,2026-05-01,12:37,Putrajaya,Milk-based,Cappuccino,1,11.0,11.0,QR,Cloudy
TXN-11065,2026-05-01,12:56,Putrajaya,Milk-based,Cappuccino,2,11.0,22.0,Cash,Cloudy
TXN-11134,2026-05-01,13:04,Puncak Alam,Espresso-based,Americano,3,9.0,27.0,Cash,Cloudy
TXN-11153,2026-05-01,13:13,Puncak Alam,Ice Blended,Ice Blended Chocolate Chip,3,14.0,42.0,QR,Cloudy
TXN-11149,2026-05-01,13:15,Puncak Alam,Milk-based,Cappuccino,1,11.0,11.0,QR,Cloudy
TXN-11090,2026-05-01,13:24,Putrajaya,Milk-based,Latte,1,11.0,11.0,QR,Cloudy
TXN-11085,2026-05-01,13:42,Putrajaya,Espresso-based,Espresso,1,7.0,7.0,QR,Cloudy
TXN-11094,2026-05-01,13:47,Putrajaya,Milk-based,Mocha,1,12.0,12.0,QR,Cloudy
TXN-11045,2026-05-01,13:49,Putrajaya,Milk-based,Latte,2,11.0,22.0,Cash,Cloudy
TXN-11110,2026-05-01,13:56,Putrajaya,Milk-based,Mocha,1,12.0,12.0,QR,Cloudy
TXN-11050,2026-05-01,13:58,Putrajaya,Ice Blended,Ice Blended Chocolate Chip,1,14.0,14.0,Cash,Cloudy
TXN-11105,2026-05-01,14:01,Putrajaya,Espresso-based,Americano,1,9.0,9.0,QR,Cloudy
TXN-11103,2026-05-01,14:05,Putrajaya,Milk-based,Caramel Macchiato,2,13.0,26.0,QR,Cloudy
TXN-11124,2026-05-01,14:05,Puncak Alam,Milk-based,Cappuccino,4,11.0,44.0,Cash,Cloudy
TXN-11131,2026-05-01,14:06,Puncak Alam,Milk-based,Caramel Macchiato,2,13.0,26.0,QR,Cloudy
TXN-11075,2026-05-01,14:19,Putrajaya,Milk-based,Mocha,2,12.0,24.0,QR,Cloudy
TXN-11083,2026-05-01,14:51,Putrajaya,Ice Blended,Ice Blended Chocolate Chip,1,14.0,14.0,Cash,Cloudy
TXN-11091,2026-05-01,15:02,Putrajaya,Espresso-based,Americano,1,9.0,9.0,QR,Cloudy
TXN-11122,2026-05-01,15:06,Puncak Alam,Milk-based,Latte,1,11.0,11.0,QR,Cloudy
TXN-11107,2026-05-01,15:23,Putrajaya,Milk-based,Cappuccino,1,11.0,11.0,Cash,Cloudy
TXN-11056,2026-05-01,15:27,Putrajaya,Milk-based,Mocha,1,12.0,12.0,Cash,Cloudy
TXN-11046,2026-05-01,15:32,Putrajaya,Milk-based,Caramel Macchiato,1,13.0,13.0,QR,Cloudy
TXN-11074,2026-05-01,15:32,Putrajaya,Espresso-based,Espresso,2,7.0,14.0,QR,Cloudy
TXN-11113,2026-05-01,15:37,Putrajaya,Milk-based,Caramel Macchiato,2,13.0,26.0,QR,Cloudy
TXN-11137,2026-05-01,15:40,Puncak Alam,Espresso-based,Americano,1,9.0,9.0,Cash,Cloudy
TXN-11130,2026-05-01,15:49,Puncak Alam,Espresso-based,Espresso,1,7.0,7.0,Cash,Cloudy
TXN-11099,2026-05-01,15:50,Putrajaya,Espresso-based,Americano,4,9.0,36.0,QR,Cloudy
TXN-11068,2026-05-01,16:03,Putrajaya,Milk-based,Mocha,1,12.0,12.0,QR,Cloudy
TXN-11116,2026-05-01,16:08,Puncak Alam,Milk-based,Caramel Macchiato,1,13.0,13.0,QR,Cloudy
TXN-11067,2026-05-01,16:10,Putrajaya,Ice Blended,Ice Blended Chocolate Chip,1,14.0,14.0,QR,Cloudy
TXN-11061,2026-05-01,16:16,Putrajaya,Espresso-based,Espresso,3,7.0,21.0,QR,Cloudy
TXN-11118,2026-05-01,16:19,Puncak Alam,Espresso-based,Americano,2,9.0,18.0,Cash,Cloudy
TXN-11076,2026-05-01,16:21,Putrajaya,Milk-based,Mocha,1,12.0,12.0,QR,Cloudy
TXN-11066,2026-05-01,16:22,Putrajaya,Espresso-based,Americano,1,9.0,9.0,QR,Cloudy
TXN-11071,2026-05-01,16:38,Putrajaya,Ice Blended,Ice Blended Chocolate Chip,4,14.0,56.0,QR,Cloudy
TXN-11141,2026-05-01,16:40,Puncak Alam,Milk-based,Mocha,1,12.0,12.0,Cash,Cloudy
TXN-11145,2026-05-01,16:44,Puncak Alam,Espresso-based,Espresso,1,7.0,7.0,Cash,Cloudy
TXN-11142,2026-05-01,16:46,Puncak Alam,Milk-based,Latte,1,11.0,11.0,Cash,Cloudy
TXN-11114,2026-05-01,17:08,Putrajaya,Milk-based,Mocha,1,12.0,12.0,QR,Cloudy
TXN-11070,2026-05-01,17:12,Putrajaya,Espresso-based,Espresso,2,7.0,14.0,QR,Cloudy
TXN-11098,2026-05-01,17:14,Putrajaya,Espresso-based,Espresso,1,7.0,7.0,QR,Cloudy
TXN-11128,2026-05-01,17:19,Puncak Alam,Milk-based,Mocha,1,12.0,12.0,QR,Cloudy
TXN-11144,2026-05-01,17:19,Puncak Alam,Milk-based,Mocha,1,12.0,12.0,Cash,Cloudy
TXN-11096,2026-05-01,17:20,Putrajaya,Espresso-based,Espresso,2,7.0,14.0,QR,Cloudy
TXN-11057,2026-05-01,17:30,Putrajaya,Espresso-based,Espresso,1,7.0,7.0,QR,Cloudy
TXN-11106,2026-05-01,17:35,Putrajaya,Milk-based,Latte,2,11.0,22.0,Cash,Cloudy
TXN-11138,2026-05-01,17:37,Puncak Alam,Espresso-based,Espresso,1,7.0,7.0,QR,Cloudy
TXN-11117,2026-05-01,17:42,Puncak Alam,Espresso-based,Espresso,1,7.0,7.0,Cash,Cloudy
TXN-11064,2026-05-01,17:54,Putrajaya,Milk-based,Latte,1,11.0,11.0,Cash,Cloudy
TXN-11100,2026-05-01,17:54,Putrajaya,Milk-based,Mocha,1,12.0,12.0,Cash,Cloudy
TXN-11052,2026-05-01,17:59,Putrajaya,Milk-based,Caramel Macchiato,1,13.0,13.0,Cash,Cloudy
TXN-11125,2026-05-01,18:03,Puncak Alam,Espresso-based,Espresso,1,7.0,7.0,QR,Cloudy
TXN-11139,2026-05-01,18:31,Puncak Alam,Ice Blended,Ice Blended Chocolate Chip,1,14.0,14.0,Cash,Cloudy
TXN-11089,2026-05-01,18:33,Putrajaya,Milk-based,Caramel Macchiato,1,13.0,13.0,QR,Cloudy
TXN-11109,2026-05-01,18:44,Putrajaya,Milk-based,Latte,1,11.0,11.0,Cash,Cloudy
TXN-11072,2026-05-01,19:19,Putrajaya,Milk-based,Cappuccino,2,11.0,22.0,QR,Cloudy
TXN-11073,2026-05-01,19:21,Putrajaya,Milk-based,Mocha,1,12.0,12.0,QR,Cloudy
TXN-11152,2026-05-01,19:33,Puncak Alam,Milk-based,Latte,2,11.0,22.0,Cash,Cloudy
TXN-11146,2026-05-01,19:42,Puncak Alam,Espresso-based,Americano,2,9.0,18.0,Cash,Cloudy
TXN-11082,2026-05-01,19:45,Putrajaya,Milk-based,Latte,1,11.0,11.0,Cash,Cloudy
TXN-11121,2026-05-01,19:54,Puncak Alam,Espresso-based,Espresso,1,7.0,7.0,QR,Cloudy
TXN-11069,2026-05-01,19:55,Putrajaya,Milk-based,Cappuccino,2,11.0,22.0,Cash,Cloudy
TXN-11154,2026-05-01,20:16,Puncak Alam,Milk-based,Cappuccino,1,11.0,11.0,QR,Cloudy
TXN-11060,2026-05-01,20:18,Putrajaya,Ice Blended,Ice Blended Chocolate Chip,3,14.0,42.0,Cash,Cloudy
TXN-11104,2026-05-01,20:21,Putrajaya,Milk-based,Cappuccino,2,11.0,22.0,Cash,Cloudy
TXN-11095,2026-05-01,20:33,Putrajaya,Milk-based,Caramel Macchiato,4,13.0,52.0,QR,Cloudy
TXN-11049,2026-05-01,20:34,Putrajaya,Ice Blended,Ice Blended Chocolate Chip,1,14.0,14.0,QR,Cloudy
TXN-11150,2026-05-01,20:36,Puncak Alam,Espresso-based,Americano,2,9.0,18.0,Cash,Cloudy
TXN-11151,2026-05-01,20:43,Puncak Alam,Espresso-based,Espresso,2,7.0,14.0,QR,Cloudy
TXN-11084,2026-05-01,20:48,Putrajaya,Milk-based,Latte,1,11.0,11.0,QR,Cloudy
TXN-11101,2026-05-01,20:54,Putrajaya,Espresso-based,Espresso,1,7.0,7.0,QR,Cloudy
TXN-11135,2026-05-01,21:01,Puncak Alam,Milk-based,Latte,1,11.0,11.0,QR,Cloudy
TXN-11147,2026-05-01,21:11,Puncak Alam,Espresso-based,Espresso,2,7.0,14.0,Cash,Cloudy
TXN-11132,2026-05-01,21:18,Puncak Alam,Ice Blended,Ice Blended Chocolate Chip,2,14.0,28.0,QR,Cloudy
TXN-11102,2026-05-01,21:22,Putrajaya,Ice Blended,Ice Blended Chocolate Chip,1,14.0,14.0,QR,Cloudy
TXN-11148,2026-05-01,21:27,Puncak Alam,Milk-based,Latte,1,11.0,11.0,Cash,Cloudy
TXN-11048,2026-05-01,21:40,Putrajaya,Espresso-based,Americano,1,9.0,9.0,QR,Cloudy
TXN-11081,2026-05-01,21:41,Putrajaya,Espresso-based,Espresso,1,7.0,7.0,Cash,Cloudy
TXN-11079,2026-05-01,21:42,Putrajaya,Milk-based,Latte,1,11.0,11.0,Cash,Cloudy
TXN-11087,2026-05-01,21:47,Putrajaya,Espresso-based,Americano,2,9.0,18.0,Cash,Cloudy
TXN-11140,2026-05-01,21:49,Puncak Alam,Espresso-based,Americano,1,9.0,9.0,QR,Cloudy
TXN-11077,2026-05-01,21:52,Putrajaya,Espresso-based,Espresso,1,7.0,7.0,Cash,Cloudy
TXN-11115,2026-05-01,21:58,Puncak Alam,Milk-based,Caramel Macchiato,1,13.0,13.0,QR,Cloudy
